clean_id,Id,Floor,height,source_count,source_uids,height_insar_m,height_statistic,height_source_column,height_iqr_median_m,building_height_p05_m,building_height_p25_m,building_height_p50_m,building_height_p75_m,building_height_p85_m,building_height_p90_m,building_height_p95_m,building_height_max_m,building_height_grubbs_top_m,grubbs_top_removed_count,grubbs_top_remaining_count,grubbs_top_last_p,grubbs_top_reliable,max_height_reliable,max_height_reject_outlier,max_height_grubbs_p,max_height_grubbs_g,max_height_grubbs_gcrit,dem_error_median_m,roof_elevation_median_m,roof_elevation_p75_m,roof_elevation_p85_m,roof_elevation_p90_m,roof_elevation_p95_m,reference_elevation_median_m,pixel_count_used,point_count,island_count,max_island_uid_count,median_coherence,median_amplitude_dispersion,lgr_rmse_rad,valid_pairs_median,bperp_span_median,source_touying_fids,source_islands,prior_gap_m,has_insar_height,height_prior_m,review_multi_clean_id_island,review_negative_height,review_extreme_height,review_unreliable_max_height,review_large_prior_gap,qc_review,height_source
1,0,8,24,1,1,,,,,,,,,,,,,,,,,,,,,,,,,,,,,,,,,,,,,,,,,,False,,False,False,False,False,False,False,no_strict_insar_solution
2,0,8,24,1,2,,,,,,,,,,,,,,,,,,,,,,,,,,,,,,,,,,,,,,,,,,False,,False,False,False,False,False,False,no_strict_insar_solution
3,0,8,24,1,3,,,,,,,,,,,,,,,,,,,,,,,,,,,,,,,,,,,,,,,,,,False,,False,False,False,False,False,False,no_strict_insar_solution
4,0,4,12,1,4,,,,,,,,,,,,,,,,,,,,,,,,,,,,,,,,,,,,,,,,,,False,,False,False,False,False,False,False,no_strict_insar_solution
5,0,5,15,2,5;6,,,,,,,,,,,,,,,,,,,,,,,,,,,,,,,,,,,,,,,,,,False,,False,False,False,False,False,False,no_strict_insar_solution
6,0,8,24,2,7;8,,,,,,,,,,,,,,,,,,,,,,,,,,,,,,,,,,,,,,,,,,False,,False,False,False,False,False,False,no_strict_insar_solution
7,0,8,24,2,9;10,,,,,,,,,,,,,,,,,,,,,,,,,,,,,,,,,,,,,,,,,,False,,False,False,False,False,False,False,no_strict_insar_solution
8,0,2,6,2,11;12,,,,,,,,,,,,,,,,,,,,,,,,,,,,,,,,,,,,,,,,,,False,,False,False,False,False,False,False,no_strict_insar_solution
9,0,8,24,2,13;14,,,,,,,,,,,,,,,,,,,,,,,,,,,,,,,,,,,,,,,,,,False,,False,False,False,False,False,False,no_strict_insar_solution
10,0,8,24,1,15,,,,,,,,,,,,,,,,,,,,,,,,,,,,,,,,,,,,,,,,,,False,,False,False,False,False,False,False,no_strict_insar_solution
11,0,8,24,1,16,,,,,,,,,,,,,,,,,,,,,,,,,,,,,,,,,,,,,,,,,,False,,False,False,False,False,False,False,no_strict_insar_solution
12,0,8,24,1,17,,,,,,,,,,,,,,,,,,,,,,,,,,,,,,,,,,,,,,,,,,False,,False,False,False,False,False,False,no_strict_insar_solution
13,0,5,15,1,18,,,,,,,,,,,,,,,,,,,,,,,,,,,,,,,,,,,,,,,,,,False,,False,False,False,False,False,False,no_strict_insar_solution
14,0,4,12,1,19,,,,,,,,,,,,,,,,,,,,,,,,,,,,,,,,,,,,,,,,,,False,,False,False,False,False,False,False,no_strict_insar_solution
15,0,8,24,1,20,,,,,,,,,,,,,,,,,,,,,,,,,,,,,,,,,,,,,,,,,,False,,False,False,False,False,False,False,no_strict_insar_solution
16,0,5,15,1,21,,,,,,,,,,,,,,,,,,,,,,,,,,,,,,,,,,,,,,,,,,False,,False,False,False,False,False,False,no_strict_insar_solution
17,0,5,15,1,22,,,,,,,,,,,,,,,,,,,,,,,,,,,,,,,,,,,,,,,,,,False,,False,False,False,False,False,False,no_strict_insar_solution
18,0,2,6,1,23,,,,,,,,,,,,,,,,,,,,,,,,,,,,,,,,,,,,,,,,,,False,,False,False,False,False,False,False,no_strict_insar_solution
19,0,7,21,1,24,,,,,,,,,,,,,,,,,,,,,,,,,,,,,,,,,,,,,,,,,,False,,False,False,False,False,False,False,no_strict_insar_solution
20,0,8,24,1,25,,,,,,,,,,,,,,,,,,,,,,,,,,,,,,,,,,,,,,,,,,False,,False,False,False,False,False,False,no_strict_insar_solution
21,0,2,6,1,26,,,,,,,,,,,,,,,,,,,,,,,,,,,,,,,,,,,,,,,,,,False,,False,False,False,False,False,False,no_strict_insar_solution
22,0,7,21,1,27,,,,,,,,,,,,,,,,,,,,,,,,,,,,,,,,,,,,,,,,,,False,,False,False,False,False,False,False,no_strict_insar_solution
23,0,7,21,1,28,,,,,,,,,,,,,,,,,,,,,,,,,,,,,,,,,,,,,,,,,,False,,False,False,False,False,False,False,no_strict_insar_solution
24,0,2,6,1,29,,,,,,,,,,,,,,,,,,,,,,,,,,,,,,,,,,,,,,,,,,False,,False,False,False,False,False,False,no_strict_insar_solution
25,0,8,24,2,30;31,,,,,,,,,,,,,,,,,,,,,,,,,,,,,,,,,,,,,,,,,,False,,False,False,False,False,False,False,no_strict_insar_solution
26,0,7,21,2,32;33,,,,,,,,,,,,,,,,,,,,,,,,,,,,,,,,,,,,,,,,,,False,,False,False,False,False,False,False,no_strict_insar_solution
27,0,8,24,2,34;35,,,,,,,,,,,,,,,,,,,,,,,,,,,,,,,,,,,,,,,,,,False,,False,False,False,False,False,False,no_strict_insar_solution
28,0,8,24,2,36;37,,,,,,,,,,,,,,,,,,,,,,,,,,,,,,,,,,,,,,,,,,False,,False,False,False,False,False,False,no_strict_insar_solution
29,0,8,24,2,38;39,,,,,,,,,,,,,,,,,,,,,,,,,,,,,,,,,,,,,,,,,,False,,False,False,False,False,False,False,no_strict_insar_solution
30,0,7,21,1,40,,,,,,,,,,,,,,,,,,,,,,,,,,,,,,,,,,,,,,,,,,False,,False,False,False,False,False,False,no_strict_insar_solution
31,0,7,21,1,41,,,,,,,,,,,,,,,,,,,,,,,,,,,,,,,,,,,,,,,,,,False,,False,False,False,False,False,False,no_strict_insar_solution
32,0,2,6,1,42,,,,,,,,,,,,,,,,,,,,,,,,,,,,,,,,,,,,,,,,,,False,,False,False,False,False,False,False,no_strict_insar_solution
33,0,7,21,1,43,,,,,,,,,,,,,,,,,,,,,,,,,,,,,,,,,,,,,,,,,,False,,False,False,False,False,False,False,no_strict_insar_solution
34,0,7,21,1,44,,,,,,,,,,,,,,,,,,,,,,,,,,,,,,,,,,,,,,,,,,False,,False,False,False,False,False,False,no_strict_insar_solution
35,0,2,6,1,45,,,,,,,,,,,,,,,,,,,,,,,,,,,,,,,,,,,,,,,,,,False,,False,False,False,False,False,False,no_strict_insar_solution
36,0,7,21,1,46,,,,,,,,,,,,,,,,,,,,,,,,,,,,,,,,,,,,,,,,,,False,,False,False,False,False,False,False,no_strict_insar_solution
37,0,7,21,1,47,,,,,,,,,,,,,,,,,,,,,,,,,,,,,,,,,,,,,,,,,,False,,False,False,False,False,False,False,no_strict_insar_solution
38,0,7,21,1,48,,,,,,,,,,,,,,,,,,,,,,,,,,,,,,,,,,,,,,,,,,False,,False,False,False,False,False,False,no_strict_insar_solution
39,0,7,21,1,49,,,,,,,,,,,,,,,,,,,,,,,,,,,,,,,,,,,,,,,,,,False,,False,False,False,False,False,False,no_strict_insar_solution
40,0,7,21,1,50,,,,,,,,,,,,,,,,,,,,,,,,,,,,,,,,,,,,,,,,,,False,,False,False,False,False,False,False,no_strict_insar_solution
41,0,2,6,1,51,,,,,,,,,,,,,,,,,,,,,,,,,,,,,,,,,,,,,,,,,,False,,False,False,False,False,False,False,no_strict_insar_solution
42,0,7,21,1,52,,,,,,,,,,,,,,,,,,,,,,,,,,,,,,,,,,,,,,,,,,False,,False,False,False,False,False,False,no_strict_insar_solution
43,0,7,21,1,53,,,,,,,,,,,,,,,,,,,,,,,,,,,,,,,,,,,,,,,,,,False,,False,False,False,False,False,False,no_strict_insar_solution
44,0,7,21,1,54,,,,,,,,,,,,,,,,,,,,,,,,,,,,,,,,,,,,,,,,,,False,,False,False,False,False,False,False,no_strict_insar_solution
45,0,17,51,2,55;138,,,,,,,,,,,,,,,,,,,,,,,,,,,,,,,,,,,,,,,,,,False,,False,False,False,False,False,False,no_strict_insar_solution
46,0,4,12,1,56,,,,,,,,,,,,,,,,,,,,,,,,,,,,,,,,,,,,,,,,,,False,,False,False,False,False,False,False,no_strict_insar_solution
47,0,19,57,1,57,,,,,,,,,,,,,,,,,,,,,,,,,,,,,,,,,,,,,,,,,,False,,False,False,False,False,False,False,no_strict_insar_solution
48,0,2,6,1,58,,,,,,,,,,,,,,,,,,,,,,,,,,,,,,,,,,,,,,,,,,False,,False,False,False,False,False,False,no_strict_insar_solution
49,0,8,24,1,59,,,,,,,,,,,,,,,,,,,,,,,,,,,,,,,,,,,,,,,,,,False,,False,False,False,False,False,False,no_strict_insar_solution
50,0,8,24,1,60,,,,,,,,,,,,,,,,,,,,,,,,,,,,,,,,,,,,,,,,,,False,,False,False,False,False,False,False,no_strict_insar_solution
51,0,8,24,1,61,,,,,,,,,,,,,,,,,,,,,,,,,,,,,,,,,,,,,,,,,,False,,False,False,False,False,False,False,no_strict_insar_solution
52,0,7,21,1,62,,,,,,,,,,,,,,,,,,,,,,,,,,,,,,,,,,,,,,,,,,False,,False,False,False,False,False,False,no_strict_insar_solution
53,0,7,21,2,63;64,,,,,,,,,,,,,,,,,,,,,,,,,,,,,,,,,,,,,,,,,,False,,False,False,False,False,False,False,no_strict_insar_solution
54,0,8,24,1,65,,,,,,,,,,,,,,,,,,,,,,,,,,,,,,,,,,,,,,,,,,False,,False,False,False,False,False,False,no_strict_insar_solution
55,0,8,24,1,66,,,,,,,,,,,,,,,,,,,,,,,,,,,,,,,,,,,,,,,,,,False,,False,False,False,False,False,False,no_strict_insar_solution
56,0,4,12,2,67;78,,,,,,,,,,,,,,,,,,,,,,,,,,,,,,,,,,,,,,,,,,False,,False,False,False,False,False,False,no_strict_insar_solution
57,0,2,6,1,68,,,,,,,,,,,,,,,,,,,,,,,,,,,,,,,,,,,,,,,,,,False,,False,False,False,False,False,False,no_strict_insar_solution
58,0,8,24,1,69,,,,,,,,,,,,,,,,,,,,,,,,,,,,,,,,,,,,,,,,,,False,,False,False,False,False,False,False,no_strict_insar_solution
59,0,8,24,1,70,,,,,,,,,,,,,,,,,,,,,,,,,,,,,,,,,,,,,,,,,,False,,False,False,False,False,False,False,no_strict_insar_solution
60,0,8,24,1,71,,,,,,,,,,,,,,,,,,,,,,,,,,,,,,,,,,,,,,,,,,False,,False,False,False,False,False,False,no_strict_insar_solution
61,0,8,24,1,72,,,,,,,,,,,,,,,,,,,,,,,,,,,,,,,,,,,,,,,,,,False,,False,False,False,False,False,False,no_strict_insar_solution
62,0,8,24,1,73,,,,,,,,,,,,,,,,,,,,,,,,,,,,,,,,,,,,,,,,,,False,,False,False,False,False,False,False,no_strict_insar_solution
63,0,2,6,1,74,,,,,,,,,,,,,,,,,,,,,,,,,,,,,,,,,,,,,,,,,,False,,False,False,False,False,False,False,no_strict_insar_solution
64,0,6,18,1,75,,,,,,,,,,,,,,,,,,,,,,,,,,,,,,,,,,,,,,,,,,False,,False,False,False,False,False,False,no_strict_insar_solution
65,0,6,18,1,76,,,,,,,,,,,,,,,,,,,,,,,,,,,,,,,,,,,,,,,,,,False,,False,False,False,False,False,False,no_strict_insar_solution
66,0,6,18,1,77,8.033676147460938,grubbs_top,building_height_grubbs_top_m,0.0664601325988769,-4.0753597021102905,-1.4043197631835938,0.1696810722351074,3.0696771144866943,6.3926849365234375,7.025489807128906,11.030442237854004,23.964311599731445,8.033676147460938,2.0,29.0,0.5426764305829948,True,False,True,0.0002426846662386,3.732905864715576,2.7595228667619,-0.6561837792396545,4.169681072235107,7.069677114486694,10.392684936523438,11.025489807128906,15.030442237854004,5.729302883148193,31.0,1.0,1.0,1.0,0.8784046173095703,0.3229742646217346,0.7149151563644409,14.0,360.5517883300781,66,5,,True,,False,False,False,True,False,True,insar_roof_only_strict
67,0,8,24,1,79,,,,,,,,,,,,,,,,,,,,,,,,,,,,,,,,,,,,,,,,,,False,,False,False,False,False,False,False,no_strict_insar_solution
68,0,8,24,1,80,,,,,,,,,,,,,,,,,,,,,,,,,,,,,,,,,,,,,,,,,,False,,False,False,False,False,False,False,no_strict_insar_solution
69,0,8,24,1,81,,,,,,,,,,,,,,,,,,,,,,,,,,,,,,,,,,,,,,,,,,False,,False,False,False,False,False,False,no_strict_insar_solution
70,0,8,24,1,82,,,,,,,,,,,,,,,,,,,,,,,,,,,,,,,,,,,,,,,,,,False,,False,False,False,False,False,False,no_strict_insar_solution
71,0,6,18,2,83;84,,,,,,,,,,,,,,,,,,,,,,,,,,,,,,,,,,,,,,,,,,False,,False,False,False,False,False,False,no_strict_insar_solution
72,0,5,15,1,85,,,,,,,,,,,,,,,,,,,,,,,,,,,,,,,,,,,,,,,,,,False,,False,False,False,False,False,False,no_strict_insar_solution
73,0,8,24,1,86,,,,,,,,,,,,,,,,,,,,,,,,,,,,,,,,,,,,,,,,,,False,,False,False,False,False,False,False,no_strict_insar_solution
74,0,6,18,2,87;98,,,,,,,,,,,,,,,,,,,,,,,,,,,,,,,,,,,,,,,,,,False,,False,False,False,False,False,False,no_strict_insar_solution
75,0,19,57,3,88;90;542,,,,,,,,,,,,,,,,,,,,,,,,,,,,,,,,,,,,,,,,,,False,,False,False,False,False,False,False,no_strict_insar_solution
76,0,2,6,1,89,,,,,,,,,,,,,,,,,,,,,,,,,,,,,,,,,,,,,,,,,,False,,False,False,False,False,False,False,no_strict_insar_solution
77,0,2,6,1,91,,,,,,,,,,,,,,,,,,,,,,,,,,,,,,,,,,,,,,,,,,False,,False,False,False,False,False,False,no_strict_insar_solution
78,0,2,6,1,92,,,,,,,,,,,,,,,,,,,,,,,,,,,,,,,,,,,,,,,,,,False,,False,False,False,False,False,False,no_strict_insar_solution
79,0,2,6,1,93,,,,,,,,,,,,,,,,,,,,,,,,,,,,,,,,,,,,,,,,,,False,,False,False,False,False,False,False,no_strict_insar_solution
80,0,2,6,1,94,,,,,,,,,,,,,,,,,,,,,,,,,,,,,,,,,,,,,,,,,,False,,False,False,False,False,False,False,no_strict_insar_solution
81,0,2,6,1,95,,,,,,,,,,,,,,,,,,,,,,,,,,,,,,,,,,,,,,,,,,False,,False,False,False,False,False,False,no_strict_insar_solution
82,0,6,18,1,96,41.191192626953125,grubbs_top,building_height_grubbs_top_m,5.386545181274414,-2.358355402946472,1.183927297592163,5.386545181274414,17.931370735168457,30.62003135681152,35.89342346191406,37.503287124633786,41.191192626953125,41.191192626953125,0.0,59.0,0.6702058133075706,True,True,False,0.6702056162759761,2.236852169036865,3.0205330048255705,2.1740591526031494,9.386545181274414,21.931370735168457,34.62003135681152,39.89342346191406,41.503287124633786,7.561243057250977,59.0,1.0,1.0,1.0,0.8669837117195129,0.3483806252479553,0.5935643911361694,16.0,408.5389099121094,82,8,,True,,False,False,False,False,False,False,insar_roof_only_strict
83,0,8,24,1,97,,,,,,,,,,,,,,,,,,,,,,,,,,,,,,,,,,,,,,,,,,False,,False,False,False,False,False,False,no_strict_insar_solution
84,0,8,24,1,99,,,,,,,,,,,,,,,,,,,,,,,,,,,,,,,,,,,,,,,,,,False,,False,False,False,False,False,False,no_strict_insar_solution
85,0,5,15,1,100,,,,,,,,,,,,,,,,,,,,,,,,,,,,,,,,,,,,,,,,,,False,,False,False,False,False,False,False,no_strict_insar_solution
86,0,7,21,2,101;113,30.662006378173828,grubbs_top,building_height_grubbs_top_m,4.228458404541016,-12.496884536743163,-3.404215693473816,4.228458404541016,18.602764129638672,26.54584102630615,28.00848960876465,29.60055656433105,30.662006378173828,30.662006378173828,0.0,27.0,1.0,True,True,False,1.0,1.625434637069702,2.698070722047008,-1.2158397436141968,8.228458404541016,22.602764129638672,30.54584102630615,32.00848960876465,33.60055656433105,12.758734703063965,27.0,1.0,1.0,1.0,0.8345105648040771,0.335440993309021,0.9063165187835692,13.0,322.551513671875,86,10,,True,,False,False,False,False,False,False,insar_roof_only_strict
87,0,8,24,1,102,5.777645111083984,grubbs_top,building_height_grubbs_top_m,-2.154822826385498,-6.335391426086426,-5.224372625350952,-2.154822826385498,-0.3340761661529541,0.5587284088134763,0.8554082870483407,1.3648950576782224,5.777645111083984,5.777645111083984,0.0,27.0,0.0647870896682082,True,True,False,0.0647870669961589,2.6336488723754883,2.698070722047008,-2.154822826385498,1.845177173614502,3.665923833847046,4.558728408813476,4.85540828704834,5.364895057678222,4.0,27.0,1.0,1.0,1.0,0.8435614109039307,0.3402764201164245,0.5863875150680542,16.0,360.5517883300781,87,11,,True,,False,False,False,False,False,False,insar_roof_only_strict
88,0,5,15,1,103,,,,,,,,,,,,,,,,,,,,,,,,,,,,,,,,,,,,,,,,,,False,,False,False,False,False,False,False,no_strict_insar_solution
89,0,8,24,1,104,,,,,,,,,,,,,,,,,,,,,,,,,,,,,,,,,,,,,,,,,,False,,False,False,False,False,False,False,no_strict_insar_solution
90,0,8,24,1,105,,,,,,,,,,,,,,,,,,,,,,,,,,,,,,,,,,,,,,,,,,False,,False,False,False,False,False,False,no_strict_insar_solution
91,0,8,24,1,106,,,,,,,,,,,,,,,,,,,,,,,,,,,,,,,,,,,,,,,,,,False,,False,False,False,False,False,False,no_strict_insar_solution
92,0,8,24,2,107;240,,,,,,,,,,,,,,,,,,,,,,,,,,,,,,,,,,,,,,,,,,False,,False,False,False,False,False,False,no_strict_insar_solution
93,0,6,18,1,108,,,,,,,,,,,,,,,,,,,,,,,,,,,,,,,,,,,,,,,,,,False,,False,False,False,False,False,False,no_strict_insar_solution
94,0,6,18,1,109,,,,,,,,,,,,,,,,,,,,,,,,,,,,,,,,,,,,,,,,,,False,,False,False,False,False,False,False,no_strict_insar_solution
95,0,8,24,1,110,36.77297592163086,grubbs_top,building_height_grubbs_top_m,-0.7195552587509155,-7.019262313842773,-3.985044479370117,-0.6311678886413574,12.156013488769531,24.13810157775879,25.000961303710938,27.658981323242188,36.77297592163086,36.77297592163086,0.0,61.0,0.3514393552087546,True,True,False,0.3514394059790888,2.469759941101074,3.033067427935249,-1.683230757713318,3.3688321113586426,16.15601348876953,28.13810157775879,29.000961303710938,31.658981323242188,4.67617654800415,61.0,1.0,1.0,1.0,0.8499054312705994,0.3161965608596802,0.8210678696632385,15.0,330.54400634765625,95,19,,True,,False,False,False,False,False,False,insar_roof_only_strict
96,0,8,24,1,111,,,,,,,,,,,,,,,,,,,,,,,,,,,,,,,,,,,,,,,,,,False,,False,False,False,False,False,False,no_strict_insar_solution
97,0,4,12,1,112,,,,,,,,,,,,,,,,,,,,,,,,,,,,,,,,,,,,,,,,,,False,,False,False,False,False,False,False,no_strict_insar_solution
98,0,8,24,1,114,34.02257537841797,grubbs_top,building_height_grubbs_top_m,23.02848625183105,-7.556734180450439,-2.355913043022156,23.02848625183105,24.600350379943848,25.000775718688963,25.16523971557617,25.36096782684326,34.02257537841797,34.02257537841797,0.0,27.0,1.0,True,True,False,1.0,1.384636640548706,2.698070722047008,-0.2940695583820343,27.02848625183105,28.600350379943848,29.000775718688963,29.16523971557617,29.36096782684326,28.0,27.0,1.0,1.0,1.0,0.8472940921783447,0.331313282251358,1.0757615566253662,18.0,328.0932006835937,98,22,,True,,False,False,False,False,False,False,insar_roof_only_strict
99,0,8,24,2,115;116,32.362545013427734,grubbs_top,building_height_grubbs_top_m,23.63204765319824,15.594626617431642,21.128725051879883,23.602680206298828,24.687435150146484,25.63334274291992,26.2100528717041,27.762119674682616,32.362545013427734,32.362545013427734,0.0,37.0,1.0,True,True,False,1.0,1.5895713567733765,2.835201602923409,-0.33858522772789,27.602680206298828,28.687435150146484,29.63334274291992,30.2100528717041,31.762119674682616,28.0,37.0,1.0,1.0,1.0,0.8386272192001343,0.3284939527511596,0.977407157421112,17.0,496.6940002441406,99,23,,True,,False,False,False,False,False,False,insar_roof_only_strict
100,0,8,24,1,117,38.20230865478516,grubbs_top,building_height_grubbs_top_m,4.719103813171387,-4.4901885986328125,-0.2613271474838257,4.719103813171387,24.96617603302002,25.69353199005127,25.94446182250977,26.17227458953857,38.20230865478516,38.20230865478516,0.0,151.0,1.0,True,True,False,1.0,2.262381792068481,3.3450171250475838,0.9039096832275392,8.719103813171387,28.96617603302002,29.69353199005127,29.94446182250977,30.17227458953857,4.0,151.0,1.0,1.0,1.0,0.8498742580413818,0.3274497389793396,0.548477292060852,18.0,561.0567016601562,100,24,,True,,False,False,False,False,False,False,insar_roof_only_strict
101,0,2,6,2,118;548,,,,,,,,,,,,,,,,,,,,,,,,,,,,,,,,,,,,,,,,,,False,,False,False,False,False,False,False,no_strict_insar_solution
102,0,8,24,1,119,,,,,,,,,,,,,,,,,,,,,,,,,,,,,,,,,,,,,,,,,,False,,False,False,False,False,False,False,no_strict_insar_solution
103,0,8,24,3,120;121;124,,,,,,,,,,,,,,,,,,,,,,,,,,,,,,,,,,,,,,,,,,False,,False,False,False,False,False,False,no_strict_insar_solution
104,0,8,24,2,122;123,,,,,,,,,,,,,,,,,,,,,,,,,,,,,,,,,,,,,,,,,,False,,False,False,False,False,False,False,no_strict_insar_solution
105,0,5,15,1,125,,,,,,,,,,,,,,,,,,,,,,,,,,,,,,,,,,,,,,,,,,False,,False,False,False,False,False,False,no_strict_insar_solution
106,0,8,24,1,126,,,,,,,,,,,,,,,,,,,,,,,,,,,,,,,,,,,,,,,,,,False,,False,False,False,False,False,False,no_strict_insar_solution
107,0,6,18,1,127,,,,,,,,,,,,,,,,,,,,,,,,,,,,,,,,,,,,,,,,,,False,,False,False,False,False,False,False,no_strict_insar_solution
108,0,7,21,2,128;130,,,,,,,,,,,,,,,,,,,,,,,,,,,,,,,,,,,,,,,,,,False,,False,False,False,False,False,False,no_strict_insar_solution
109,0,8,24,2,129;131,,,,,,,,,,,,,,,,,,,,,,,,,,,,,,,,,,,,,,,,,,False,,False,False,False,False,False,False,no_strict_insar_solution
110,0,7,21,1,132,,,,,,,,,,,,,,,,,,,,,,,,,,,,,,,,,,,,,,,,,,False,,False,False,False,False,False,False,no_strict_insar_solution
111,0,7,21,1,133,,,,,,,,,,,,,,,,,,,,,,,,,,,,,,,,,,,,,,,,,,False,,False,False,False,False,False,False,no_strict_insar_solution
112,0,7,21,1,134,,,,,,,,,,,,,,,,,,,,,,,,,,,,,,,,,,,,,,,,,,False,,False,False,False,False,False,False,no_strict_insar_solution
113,0,7,21,1,135,,,,,,,,,,,,,,,,,,,,,,,,,,,,,,,,,,,,,,,,,,False,,False,False,False,False,False,False,no_strict_insar_solution
114,0,7,21,1,136,,,,,,,,,,,,,,,,,,,,,,,,,,,,,,,,,,,,,,,,,,False,,False,False,False,False,False,False,no_strict_insar_solution
115,0,7,21,1,137,,,,,,,,,,,,,,,,,,,,,,,,,,,,,,,,,,,,,,,,,,False,,False,False,False,False,False,False,no_strict_insar_solution
116,0,7,21,1,139,,,,,,,,,,,,,,,,,,,,,,,,,,,,,,,,,,,,,,,,,,False,,False,False,False,False,False,False,no_strict_insar_solution
117,0,8,24,1,140,,,,,,,,,,,,,,,,,,,,,,,,,,,,,,,,,,,,,,,,,,False,,False,False,False,False,False,False,no_strict_insar_solution
118,0,7,21,1,141,5.786811828613281,grubbs_top,building_height_grubbs_top_m,1.887023687362671,0.1470103740692138,0.8436586856842041,1.8897008895874023,2.721709728240967,3.938991975784301,4.270963287353516,4.500581359863281,5.786811828613281,5.786811828613281,0.0,27.0,0.1289567448865107,True,True,False,0.1289567616273754,2.4494497776031494,2.698070722047008,1.8897008895874023,5.889700889587402,6.721709728240967,7.938991975784301,8.270963287353517,8.500581359863281,4.0,27.0,1.0,1.0,1.0,0.8330973386764526,0.3369075357913971,0.4332442283630371,14.0,330.54400634765625,118,42,,True,,False,False,False,False,False,False,insar_roof_only_strict
119,0,6,18,1,142,14.939090728759766,grubbs_top,building_height_grubbs_top_m,5.967500686645508,1.3070255279541017,2.6677732467651367,5.967500686645508,9.61853551864624,12.380185508728028,12.52944679260254,13.5371826171875,14.939090728759766,14.939090728759766,0.0,20.0,0.5401664163431308,True,True,False,0.540166429836133,1.856661438941956,2.556581334492762,4.874146223068237,9.967500686645508,13.61853551864624,16.380185508728026,16.529446792602542,17.5371826171875,4.0,20.0,1.0,1.0,1.0,0.8345931768417358,0.3421678841114044,0.481532871723175,15.0,305.41876220703125,119,43,,True,,False,False,False,False,False,False,insar_roof_only_strict
120,0,7,21,1,143,22.73303985595703,grubbs_top,building_height_grubbs_top_m,21.632192611694336,16.955773639678956,19.323692321777344,21.51871681213379,22.50113248825073,22.57023181915283,22.6776985168457,22.68363256454468,22.73303985595703,22.73303985595703,0.0,20.0,1.0,True,True,False,1.0,0.8091955184936523,2.556581334492762,0.518717035651207,25.51871681213379,26.50113248825073,26.57023181915283,26.6776985168457,26.68363256454468,25.0,20.0,1.0,1.0,1.0,0.8324518203735352,0.350472092628479,0.436888039112091,15.0,368.5443115234375,120,44,,True,,False,False,False,False,False,False,insar_roof_only_strict
121,0,6,18,1,144,,,,,,,,,,,,,,,,,,,,,,,,,,,,,,,,,,,,,,,,,,False,,False,False,False,False,False,False,no_strict_insar_solution
122,0,8,24,4,145;146;148;147,,,,,,,,,,,,,,,,,,,,,,,,,,,,,,,,,,,,,,,,,,False,,False,False,False,False,False,False,no_strict_insar_solution
123,0,7,21,2,149;150,,,,,,,,,,,,,,,,,,,,,,,,,,,,,,,,,,,,,,,,,,False,,False,False,False,False,False,False,no_strict_insar_solution
124,0,7,21,2,151;152,,,,,,,,,,,,,,,,,,,,,,,,,,,,,,,,,,,,,,,,,,False,,False,False,False,False,False,False,no_strict_insar_solution
125,0,7,21,2,153;154,,,,,,,,,,,,,,,,,,,,,,,,,,,,,,,,,,,,,,,,,,False,,False,False,False,False,False,False,no_strict_insar_solution
126,0,1,3,1,155,,,,,,,,,,,,,,,,,,,,,,,,,,,,,,,,,,,,,,,,,,False,,False,False,False,False,False,False,no_strict_insar_solution
127,0,7,21,1,156,23.894887924194336,grubbs_top,building_height_grubbs_top_m,-3.4487786293029785,-13.554471588134763,-6.38008189201355,-3.4487786293029785,8.56424617767334,19.39465618133545,20.332986068725585,20.834981536865232,23.894887924194336,23.894887924194336,0.0,35.0,0.7179676507616822,True,True,False,0.7179676775182425,1.9951305389404297,2.811781880168149,-3.987813234329224,0.5512213706970215,12.56424617767334,23.39465618133545,24.332986068725585,24.834981536865232,4.0,35.0,1.0,1.0,1.0,0.846396267414093,0.3405531644821167,1.0289180278778076,17.0,496.6940002441406,127,51,,True,,False,False,False,False,False,False,insar_roof_only_strict
128,0,7,21,1,157,,,,,,,,,,,,,,,,,,,,,,,,,,,,,,,,,,,,,,,,,,False,,False,False,False,False,False,False,no_strict_insar_solution
129,0,7,21,1,158,24.452709197998047,grubbs_top,building_height_grubbs_top_m,-2.4594650268554688,-7.376620793342591,-4.725535035133362,-2.459464907646179,18.72153854370117,22.549163627624512,23.7291561126709,24.094636726379395,24.452709197998047,24.452709197998047,0.0,28.0,1.0,True,True,False,1.0,1.6140018701553345,2.714458787361858,-2.7601927518844604,1.5405350923538208,22.72153854370117,26.549163627624512,27.7291561126709,28.094636726379395,4.0,28.0,1.0,1.0,1.0,0.8252793550491333,0.3511292934417724,0.5983511805534363,14.0,435.38128662109375,129,53,,True,,False,False,False,False,False,False,insar_roof_only_strict
130,0,7,21,1,159,,,,,,,,,,,,,,,,,,,,,,,,,,,,,,,,,,,,,,,,,,False,,False,False,False,False,False,False,no_strict_insar_solution
131,0,7,21,1,160,,,,,,,,,,,,,,,,,,,,,,,,,,,,,,,,,,,,,,,,,,False,,False,False,False,False,False,False,no_strict_insar_solution
132,0,7,21,1,161,,,,,,,,,,,,,,,,,,,,,,,,,,,,,,,,,,,,,,,,,,False,,False,False,False,False,False,False,no_strict_insar_solution
133,0,5,15,1,162,,,,,,,,,,,,,,,,,,,,,,,,,,,,,,,,,,,,,,,,,,False,,False,False,False,False,False,False,no_strict_insar_solution
134,0,7,21,1,163,29.99154663085937,grubbs_top,building_height_grubbs_top_m,1.7909653186798096,-2.7683658719062803,-0.1098300218582153,2.4974725246429443,5.000338077545166,9.711363601684551,23.470731163024904,27.338599205017083,29.99154663085937,29.99154663085937,0.0,40.0,0.1030551435706073,True,True,False,0.1030551189661954,2.675700426101685,2.8675424870552675,2.1967024207115173,6.497472524642944,9.000338077545166,13.711363601684551,27.470731163024904,31.338599205017083,4.0,40.0,1.0,1.0,1.0,0.8146377205848694,0.3351184427738189,0.8275262117385864,14.5,477.1289978027344,134,58,,True,,False,False,False,False,False,False,insar_roof_only_strict
135,0,7,21,1,164,34.03376770019531,grubbs_top,building_height_grubbs_top_m,-2.4039697647094727,-5.909831571578979,-4.165948867797852,-1.5694186687469482,4.701294898986816,22.43513755798335,26.66992416381836,27.03221263885498,34.03376770019531,34.03376770019531,0.0,43.0,0.2016267855736855,True,True,False,0.2016268750078448,2.509155511856079,2.8970234886239705,-2.028281688690185,2.430581331253052,8.701294898986816,26.43513755798335,30.66992416381836,31.03221263885498,4.0,43.0,1.0,1.0,1.0,0.8279696702957153,0.3386772274971008,0.8851372003555298,17.0,424.91448974609375,135,59,,True,,False,False,False,False,False,False,insar_roof_only_strict
136,0,7,21,1,165,,,,,,,,,,,,,,,,,,,,,,,,,,,,,,,,,,,,,,,,,,False,,False,False,False,False,False,False,no_strict_insar_solution
137,0,6,18,1,166,,,,,,,,,,,,,,,,,,,,,,,,,,,,,,,,,,,,,,,,,,False,,False,False,False,False,False,False,no_strict_insar_solution
138,0,7,21,1,167,,,,,,,,,,,,,,,,,,,,,,,,,,,,,,,,,,,,,,,,,,False,,False,False,False,False,False,False,no_strict_insar_solution
139,0,7,21,1,168,33.323177337646484,grubbs_top,building_height_grubbs_top_m,2.435540676116944,-1.84816026687622,-0.2079712152481079,2.435540676116944,13.53130292892456,28.88068733215332,30.59193420410157,31.904087066650398,33.323177337646484,33.323177337646484,0.0,39.0,0.9355039023994148,True,True,False,0.9355036017100654,1.9394028186798096,2.857104681649204,2.390958547592163,6.435540676116943,17.53130292892456,32.88068733215332,34.59193420410156,35.90408706665039,4.0,39.0,1.0,1.0,1.0,0.8245226144790649,0.3503049910068512,0.6963796019554138,15.0,315.8710021972656,139,63,,True,,False,False,False,False,False,False,insar_roof_only_strict
140,0,7,21,1,169,,,,,,,,,,,,,,,,,,,,,,,,,,,,,,,,,,,,,,,,,,False,,False,False,False,False,False,False,no_strict_insar_solution
141,0,7,21,2,170;171,,,,,,,,,,,,,,,,,,,,,,,,,,,,,,,,,,,,,,,,,,False,,False,False,False,False,False,False,no_strict_insar_solution
142,0,5,15,1,172,,,,,,,,,,,,,,,,,,,,,,,,,,,,,,,,,,,,,,,,,,False,,False,False,False,False,False,False,no_strict_insar_solution
143,0,7,21,2,173;174,,,,,,,,,,,,,,,,,,,,,,,,,,,,,,,,,,,,,,,,,,False,,False,False,False,False,False,False,no_strict_insar_solution
144,0,7,21,2,175;176,,,,,,,,,,,,,,,,,,,,,,,,,,,,,,,,,,,,,,,,,,False,,False,False,False,False,False,False,no_strict_insar_solution
145,0,7,21,2,177;178,29.098114013671875,grubbs_top,building_height_grubbs_top_m,-2.5281777381896973,-12.153004455566409,-8.006137609481812,-2.5281777381896973,23.893973350524902,24.82565460205078,25.15055923461914,26.957153511047363,29.098114013671875,29.098114013671875,0.0,27.0,1.0,True,True,False,1.0,1.3431271314620972,2.698070722047008,-3.812987804412842,1.4718222618103027,27.893973350524902,28.82565460205078,29.15055923461914,30.957153511047363,6.552840709686279,27.0,1.0,1.0,1.0,0.8167743682861328,0.3500918745994568,0.7625267505645752,14.0,337.6647033691406,145,69,,True,,False,False,False,False,False,False,insar_roof_only_strict
146,0,7,21,2,179;190,34.72279357910156,grubbs_top,building_height_grubbs_top_m,2.485015392303467,-6.517209529876709,-2.133789539337158,2.485015392303467,23.190460205078125,25.774311065673828,29.876415252685547,33.22633743286133,34.72279357910156,34.72279357910156,0.0,51.0,1.0,True,True,False,1.0,1.855698585510254,2.9646987403255145,-0.9197547435760498,6.485015392303467,27.190460205078125,29.774311065673828,33.87641525268555,37.22633743286133,7.121058940887451,51.0,1.0,1.0,1.0,0.842529833316803,0.3385074138641357,1.0286864042282104,16.0,360.5517883300781,146,70,,True,,False,False,False,False,False,False,insar_roof_only_strict
147,0,7,21,1,180,,,,,,,,,,,,,,,,,,,,,,,,,,,,,,,,,,,,,,,,,,False,,False,False,False,False,False,False,no_strict_insar_solution
148,0,7,21,1,181,2.441965103149414,grubbs_top,building_height_grubbs_top_m,-3.102804660797119,-6.214376783370971,-4.223106026649475,-2.733734369277954,-1.7724701762199402,0.4043104529380806,1.3680224895477282,4.234256410598747,32.12490463256836,2.441965103149414,3.0,39.0,0.1341599206994435,True,False,True,3.4505731605349865e-13,5.567230701446533,2.88748519288549,-3.1028047800064087,1.266265630722046,2.22752982378006,4.4043104529380805,5.368022489547728,8.234256410598746,4.0,42.0,1.0,1.0,1.0,0.8279391527175903,0.3471421599388122,0.5599327683448792,16.0,346.7593078613281,148,71,,True,,False,False,False,True,False,True,insar_roof_only_strict
149,0,7,21,1,182,,,,,,,,,,,,,,,,,,,,,,,,,,,,,,,,,,,,,,,,,,False,,False,False,False,False,False,False,no_strict_insar_solution
150,0,8,24,1,183,,,,,,,,,,,,,,,,,,,,,,,,,,,,,,,,,,,,,,,,,,False,,False,False,False,False,False,False,no_strict_insar_solution
151,0,7,21,1,184,,,,,,,,,,,,,,,,,,,,,,,,,,,,,,,,,,,,,,,,,,False,,False,False,False,False,False,False,no_strict_insar_solution
152,0,7,21,1,185,,,,,,,,,,,,,,,,,,,,,,,,,,,,,,,,,,,,,,,,,,False,,False,False,False,False,False,False,no_strict_insar_solution
153,0,8,24,1,186,,,,,,,,,,,,,,,,,,,,,,,,,,,,,,,,,,,,,,,,,,False,,False,False,False,False,False,False,no_strict_insar_solution
154,0,9,27,1,187,,,,,,,,,,,,,,,,,,,,,,,,,,,,,,,,,,,,,,,,,,False,,False,False,False,False,False,False,no_strict_insar_solution
155,0,4,12,1,188,,,,,,,,,,,,,,,,,,,,,,,,,,,,,,,,,,,,,,,,,,False,,False,False,False,False,False,False,no_strict_insar_solution
156,0,8,24,1,189,,,,,,,,,,,,,,,,,,,,,,,,,,,,,,,,,,,,,,,,,,False,,False,False,False,False,False,False,no_strict_insar_solution
157,0,7,21,4,191;194;192;193,26.758798599243164,grubbs_top,building_height_grubbs_top_m,-3.323032855987549,-10.561567211151123,-6.118034720420837,-2.6079063415527344,4.072726011276245,11.311192131042477,20.258954429626478,24.05146884918212,26.758798599243164,26.758798599243164,0.0,64.0,0.3254716810605416,True,True,False,0.3254715434085113,2.512824058532715,3.050967777749636,-4.210720062255859,1.3920936584472656,8.072726011276245,15.311192131042477,24.258954429626478,28.05146884918212,4.452281951904297,64.0,1.0,1.0,1.0,0.8348827362060547,0.3425748348236084,0.97637540102005,15.0,330.54400634765625,157,75,,True,,False,False,False,False,False,False,insar_roof_only_strict
158,0,7,21,2,195;196,27.66895294189453,grubbs_top,building_height_grubbs_top_m,5.693765640258789,-12.576012134552002,-8.632744312286377,5.693765640258789,22.355399131774902,24.65618133544922,24.79666519165039,26.60116481781006,27.66895294189453,27.66895294189453,0.0,31.0,1.0,True,True,False,1.0,1.336108684539795,2.7595228667619,-2.5137884616851807,9.693765640258787,26.355399131774902,28.65618133544922,28.79666519165039,30.60116481781006,14.322887420654297,31.0,1.0,1.0,1.0,0.8283094167709351,0.3546414971351623,0.6219935417175293,13.0,285.9814147949219,158,76,,True,,False,False,False,False,False,False,insar_roof_only_strict
159,0,7,21,2,197;198,,,,,,,,,,,,,,,,,,,,,,,,,,,,,,,,,,,,,,,,,,False,,False,False,False,False,False,False,no_strict_insar_solution
160,0,7,21,2,199;210,,,,,,,,,,,,,,,,,,,,,,,,,,,,,,,,,,,,,,,,,,False,,False,False,False,False,False,False,no_strict_insar_solution
161,0,7,21,1,200,30.350330352783203,grubbs_top,building_height_grubbs_top_m,1.7796201705932615,-2.050198030471801,0.5027979612350464,2.5944557189941406,6.6109466552734375,11.000872611999498,17.657848167419434,26.354833984374988,36.45638275146485,30.350330352783203,1.0,101.0,0.0572245097259054,True,False,True,0.0081218206128923,3.654043912887573,3.216253216079576,1.8240147829055784,6.594455718994141,10.610946655273438,15.000872611999498,21.657848167419434,30.354833984374988,4.0,102.0,1.0,1.0,1.0,0.8403110504150391,0.3446558117866516,0.9583077430725098,18.0,461.5030517578125,161,79,,True,,False,False,False,True,False,True,insar_roof_only_strict
162,0,2,6,2,201;204,,,,,,,,,,,,,,,,,,,,,,,,,,,,,,,,,,,,,,,,,,False,,False,False,False,False,False,False,no_strict_insar_solution
163,0,7,21,1,202,40.40001678466797,grubbs_top,building_height_grubbs_top_m,13.04141616821289,-1.1356253623962402,3.612997055053711,13.04141616821289,37.55928802490234,38.05116271972656,38.47431564331055,39.843841552734375,40.40001678466797,40.40001678466797,0.0,41.0,1.0,True,True,False,1.0,1.2253259420394895,2.8776635330787745,6.024053573608398,17.04141616821289,41.55928802490234,42.05116271972656,42.47431564331055,43.843841552734375,11.75048828125,41.0,1.0,1.0,1.0,0.8339456915855408,0.3485260605812073,0.867181122303009,16.0,337.6647033691406,163,81,,True,,False,False,False,False,False,False,insar_roof_only_strict
164,0,7,21,1,203,5.0292816162109375,grubbs_top,building_height_grubbs_top_m,2.193256378173828,-0.0863643288612365,1.6504706144332886,2.313442707061768,3.2959249019622803,4.747831106185913,10.332157135009766,27.53715229034424,32.420562744140625,5.0292816162109375,5.0,31.0,0.2210979358622131,True,False,True,0.0037999786244395,3.38168740272522,2.8236933338418355,2.2027838230133057,6.313442707061768,7.29592490196228,8.747831106185913,14.332157135009766,31.53715229034424,4.0,36.0,1.0,1.0,1.0,0.8290574550628662,0.3543709218502044,0.5695250034332275,14.0,322.7168884277344,164,82,,True,,False,False,False,True,False,True,insar_roof_only_strict
165,0,7,21,1,205,,,,,,,,,,,,,,,,,,,,,,,,,,,,,,,,,,,,,,,,,,False,,False,False,False,False,False,False,no_strict_insar_solution
166,0,4,12,1,206,,,,,,,,,,,,,,,,,,,,,,,,,,,,,,,,,,,,,,,,,,False,,False,False,False,False,False,False,no_strict_insar_solution
167,0,6,18,1,207,5.44389533996582,grubbs_top,building_height_grubbs_top_m,1.4945340156555176,-2.648636221885681,-0.1026731729507446,1.533069133758545,2.9471757411956787,3.589055395126343,3.682377338409424,7.961641883850074,14.064695358276367,5.44389533996582,2.0,33.0,0.7715449814929007,True,False,True,0.0061368569136399,3.2759463787078857,2.811781880168149,1.2358652353286743,5.533069133758545,6.947175741195679,7.589055395126342,7.682377338409424,11.961641883850074,4.0,35.0,1.0,1.0,1.0,0.8409147262573242,0.3609219193458557,0.600333034992218,20.0,504.6864929199219,167,85,,True,,False,False,False,True,False,True,insar_roof_only_strict
168,0,7,21,1,208,,,,,,,,,,,,,,,,,,,,,,,,,,,,,,,,,,,,,,,,,,False,,False,False,False,False,False,False,no_strict_insar_solution
169,0,7,21,1,209,,,,,,,,,,,,,,,,,,,,,,,,,,,,,,,,,,,,,,,,,,False,,False,False,False,False,False,False,no_strict_insar_solution
170,0,7,21,2,211;212,46.38438034057617,grubbs_top,building_height_grubbs_top_m,9.485261917114258,-1.787717604637146,2.6243350505828857,9.4852614402771,35.40154266357422,37.8720624923706,38.7201171875,40.684441757202144,46.38438034057617,46.38438034057617,0.0,124.0,1.0,True,True,False,1.0,1.8525304794311523,3.2814206187595496,7.496853828430176,13.4852614402771,39.40154266357422,41.8720624923706,42.7201171875,44.684441757202144,4.661643028259277,124.0,1.0,1.0,1.0,0.8814471960067749,0.3142954707145691,0.8104296922683716,16.5,370.39849853515625,170,90,,True,,False,False,False,False,False,False,insar_roof_only_strict
171,0,18,54,1,213,,,,,,,,,,,,,,,,,,,,,,,,,,,,,,,,,,,,,,,,,,False,,False,False,False,False,False,False,no_strict_insar_solution
172,0,18,54,1,214,,,,,,,,,,,,,,,,,,,,,,,,,,,,,,,,,,,,,,,,,,False,,False,False,False,False,False,False,no_strict_insar_solution
173,0,6,18,2,215;330,,,,,,,,,,,,,,,,,,,,,,,,,,,,,,,,,,,,,,,,,,False,,False,False,False,False,False,False,no_strict_insar_solution
174,0,8,24,1,216,,,,,,,,,,,,,,,,,,,,,,,,,,,,,,,,,,,,,,,,,,False,,False,False,False,False,False,False,no_strict_insar_solution
175,0,6,18,1,217,,,,,,,,,,,,,,,,,,,,,,,,,,,,,,,,,,,,,,,,,,False,,False,False,False,False,False,False,no_strict_insar_solution
176,0,8,24,1,218,,,,,,,,,,,,,,,,,,,,,,,,,,,,,,,,,,,,,,,,,,False,,False,False,False,False,False,False,no_strict_insar_solution
177,0,7,21,1,219,,,,,,,,,,,,,,,,,,,,,,,,,,,,,,,,,,,,,,,,,,False,,False,False,False,False,False,False,no_strict_insar_solution
178,0,5,15,1,220,,,,,,,,,,,,,,,,,,,,,,,,,,,,,,,,,,,,,,,,,,False,,False,False,False,False,False,False,no_strict_insar_solution
179,0,17,51,1,221,,,,,,,,,,,,,,,,,,,,,,,,,,,,,,,,,,,,,,,,,,False,,False,False,False,False,False,False,no_strict_insar_solution
180,0,17,51,1,222,,,,,,,,,,,,,,,,,,,,,,,,,,,,,,,,,,,,,,,,,,False,,False,False,False,False,False,False,no_strict_insar_solution
181,0,8,24,2,223;224,19.15264892578125,grubbs_top,building_height_grubbs_top_m,3.9080514907836914,1.4411076784133912,2.775244355201721,3.992246150970459,11.539678573608398,13.554705905914306,14.746804046630862,18.938676071166988,28.309795379638672,19.15264892578125,1.0,21.0,0.1104917806617598,True,False,True,0.0074330121489567,2.991936206817627,2.602783742942279,3.9552289247512817,7.992246150970459,15.539678573608398,17.554705905914307,18.746804046630864,22.938676071166988,4.0,22.0,1.0,1.0,1.0,0.8456321358680725,0.344163179397583,0.9891659021377563,13.0,473.4456176757813,181,100,,True,,False,False,False,True,False,True,insar_roof_only_strict
182,0,5,15,1,225,,,,,,,,,,,,,,,,,,,,,,,,,,,,,,,,,,,,,,,,,,False,,False,False,False,False,False,False,no_strict_insar_solution
183,0,8,24,2,226;227,17.39081382751465,grubbs_top,building_height_grubbs_top_m,4.048130989074707,-4.0469934940338135,-0.8531368374824524,4.048130750656128,10.929653882980348,13.024614334106444,14.299551010131836,15.266294956207275,17.39081382751465,17.39081382751465,0.0,46.0,1.0,True,True,False,1.0,1.8395589590072632,2.924080860089991,3.538669466972351,8.048130750656128,14.929653882980348,17.024614334106445,18.29955101013184,19.266294956207275,4.0,46.0,1.0,1.0,1.0,0.8453547954559326,0.3404081463813782,0.8262355327606201,14.0,544.6810913085938,183,102,,True,,False,False,False,False,False,False,insar_roof_only_strict
184,0,7,21,1,228,39.488677978515625,grubbs_top,building_height_grubbs_top_m,14.71850299835205,-6.158596038818359,-1.573744714260101,14.71850299835205,21.726642608642575,24.562394905090333,26.810487747192383,29.88233051300049,39.488677978515625,39.488677978515625,0.0,82.0,1.0,True,True,False,1.0,2.069373607635498,3.140684258757389,-0.4660905748605728,18.71850299835205,25.726642608642575,28.562394905090333,30.810487747192383,33.88233051300049,19.0,82.0,1.0,1.0,1.0,0.8364003896713257,0.3512259721755981,0.8701952695846558,14.5,424.91448974609375,184,103,,True,,False,False,False,False,False,False,insar_roof_only_strict
185,0,5,15,1,229,24.463836669921875,grubbs_top,building_height_grubbs_top_m,13.977925300598145,-10.481886434555054,-4.410920262336731,13.977925300598145,16.540225982666016,18.075867557525637,18.91270427703857,19.87350044250488,24.463836669921875,24.463836669921875,0.0,80.0,1.0,True,True,False,1.0,1.5154560804367063,3.1319390484640484,-1.0220756232738497,17.977925300598145,20.540225982666016,22.075867557525637,22.91270427703857,23.87350044250488,19.0,80.0,1.0,1.0,1.0,0.8477663397789001,0.3575760424137115,0.8657859563827515,16.0,446.2493896484375,185,104,,True,,False,False,False,False,False,False,insar_roof_only_strict
186,0,9,27,2,230;649,57.88224792480469,grubbs_top,building_height_grubbs_top_m,16.015792846679688,-3.72152042388916,2.747141599655152,16.015792846679688,34.4209041595459,39.10580253601074,41.62231140136719,43.82154579162598,57.88224792480469,57.88224792480469,0.0,95.0,1.0,True,True,False,1.0,2.2336275577545166,3.191968488351816,3.28913688659668,20.015792846679688,38.4209041595459,43.10580253601074,45.62231140136719,47.82154579162598,14.630420684814451,95.0,1.0,1.0,1.0,0.8493132591247559,0.3394165337085724,0.7744540572166443,16.0,390.2268981933594,186,105,,True,,False,False,False,False,False,False,insar_roof_only_strict
187,0,8,24,2,231;232,28.19314956665039,grubbs_top,building_height_grubbs_top_m,0.4166297912597656,-2.724200129508972,-0.2203527092933654,1.2540595531463623,7.1696648597717285,15.544209003448486,18.02225685119629,23.14245080947876,28.19314956665039,28.19314956665039,0.0,26.0,0.0682088898494868,True,True,False,0.0682088510314968,2.603734254837036,2.6808994518100517,0.0476793050765991,5.254059553146362,11.169664859771729,19.544209003448486,22.02225685119629,27.14245080947876,4.938362121582031,26.0,1.0,1.0,1.0,0.842515766620636,0.3608985245227813,1.082090139389038,15.5,504.6864929199219,187,106,,True,,False,False,False,False,False,False,insar_roof_only_strict
188,0,6,18,2,233;664,22.432397842407227,grubbs_top,building_height_grubbs_top_m,18.906709671020508,-8.714178037643432,4.764110445976257,18.906709671020508,19.698169231414795,19.958474540710448,21.375297355651853,22.210433769226075,22.432397842407227,22.432397842407227,0.0,24.0,1.0,True,True,False,1.0,0.8867180347442627,2.643909924455784,0.9655261039733888,22.906709671020508,23.698169231414795,23.958474540710448,25.375297355651853,26.210433769226075,22.0,24.0,1.0,1.0,1.0,0.8250875473022461,0.3543151915073395,0.6917428970336914,17.0,504.6864929199219,188,107,,True,,False,False,False,False,False,False,insar_roof_only_strict
189,0,7,21,1,234,32.279624938964844,grubbs_top,building_height_grubbs_top_m,2.1299493312835693,-5.980591511726379,-1.706411361694336,2.1299493312835693,13.35715913772583,21.614208698272705,23.892950248718265,27.13576717376709,32.279624938964844,32.279624938964844,0.0,94.0,0.7805136672306654,True,True,False,0.7805135981369862,2.364760398864746,3.18832706661857,0.2092435956001281,6.129949331283569,17.35715913772583,25.614208698272705,27.892950248718265,31.13576717376709,5.803679943084717,94.0,1.0,1.0,1.0,0.8520525693893433,0.3391923606395721,0.6727347373962402,16.0,460.1239013671875,189,108,,True,,False,False,False,False,False,False,insar_roof_only_strict
190,0,4,12,2,235;670,15.195280075073242,grubbs_top,building_height_grubbs_top_m,-3.4390244483947754,-11.27004165649414,-6.585188746452332,-2.92972469329834,-0.474240779876709,0.3153690576553344,2.115122127532977,13.758394145965571,15.195280075073242,15.195280075073242,0.0,30.0,0.0894784153080763,True,True,False,0.08947845593264,2.595238208770752,2.7451317244535867,-2.92972469329834,1.0702753067016602,3.525759220123291,4.315369057655334,6.115122127532977,17.75839414596557,4.0,30.0,1.0,1.0,1.0,0.8576576113700867,0.3460180163383484,0.5380544662475586,15.0,493.4429016113281,190,109,,True,,False,False,False,False,False,False,insar_roof_only_strict
191,0,6,18,1,236,11.949684143066406,grubbs_top,building_height_grubbs_top_m,4.046216011047363,-0.9394430637359618,2.8280627727508545,4.284266948699951,5.800262451171875,6.3942348003387455,9.82773571014404,11.833705711364743,21.730056762695312,11.949684143066406,1.0,23.0,0.1517626165671624,True,False,True,0.0004351807627616,3.472417116165161,2.643909924455784,2.323352098464966,8.284266948699951,9.800262451171877,10.394234800338744,13.82773571014404,15.833705711364743,5.999353408813477,24.0,1.0,1.0,1.0,0.8471781015396118,0.3514529466629028,1.0189353227615356,18.0,644.039306640625,191,110,,True,,False,False,False,True,False,True,insar_roof_only_strict
192,0,4,12,1,237,,,,,,,,,,,,,,,,,,,,,,,,,,,,,,,,,,,,,,,,,,False,,False,False,False,False,False,False,no_strict_insar_solution
193,0,5,15,1,238,16.46895408630371,grubbs_top,building_height_grubbs_top_m,-1.5774290561676023,-4.4582600593566895,-2.481314778327942,-0.5704481601715088,2.8127588033676147,6.0341880321502686,10.565369129180908,12.514013290405272,16.46895408630371,16.46895408630371,0.0,56.0,0.0803979946254553,True,True,False,0.080397993798928,2.875142812728882,3.000734911495996,-1.5774290561676023,3.429551839828491,6.812758803367615,10.034188032150269,14.565369129180908,16.514013290405273,4.0,56.0,1.0,1.0,1.0,0.8403502106666565,0.3388203382492065,0.6900943517684937,17.0,552.0816040039062,193,112,,True,,False,False,False,False,False,False,insar_roof_only_strict
194,0,7,21,2,239;261,35.8125114440918,grubbs_top,building_height_grubbs_top_m,2.908092975616455,-2.087089312076569,0.2095621824264526,2.908092975616455,17.337160110473633,21.826808834075926,24.03754234313965,26.947707462310785,35.8125114440918,35.8125114440918,0.0,114.0,0.3076460466866717,True,True,False,0.307646252901389,2.7408955097198486,3.25363501298724,1.387200117111206,6.908092975616455,21.337160110473636,25.826808834075926,28.03754234313965,30.947707462310785,4.241861343383789,114.0,1.0,1.0,1.0,0.866446852684021,0.2824994921684265,0.741950273513794,16.0,592.9227905273438,194,113,,True,,False,False,False,False,False,False,insar_roof_only_strict
195,0,8,24,1,241,34.1557731628418,grubbs_top,building_height_grubbs_top_m,-3.2445061206817627,-12.402785301208496,-7.514547348022461,-1.8684535026550293,4.023576259613037,7.608617067337036,18.000073432922363,23.567713737487797,34.1557731628418,34.1557731628418,0.0,86.0,0.077070192541341,True,True,False,0.077070223880606,3.042832612991333,3.1574370172856185,-2.333891987800598,2.1315464973449707,8.023576259613037,11.608617067337036,22.000073432922363,27.567713737487797,4.0,86.0,1.0,1.0,1.0,0.957055687904358,0.1283713579177856,0.8881651163101196,37.0,712.62939453125,195,114,,True,,False,False,False,False,False,False,insar_roof_only_strict
196,0,5,15,1,242,,,,,,,,,,,,,,,,,,,,,,,,,,,,,,,,,,,,,,,,,,False,,False,False,False,False,False,False,no_strict_insar_solution
197,0,6,18,1,243,,,,,,,,,,,,,,,,,,,,,,,,,,,,,,,,,,,,,,,,,,False,,False,False,False,False,False,False,no_strict_insar_solution
198,0,1,3,1,244,,,,,,,,,,,,,,,,,,,,,,,,,,,,,,,,,,,,,,,,,,False,,False,False,False,False,False,False,no_strict_insar_solution
199,0,6,18,2,245;248,29.896015167236328,grubbs_top,building_height_grubbs_top_m,7.395486831665039,-2.1169369935989377,1.0265079736709597,7.395486831665039,22.03650712966919,22.48354749679565,22.86871490478516,23.993030929565425,29.896015167236328,29.896015167236328,0.0,52.0,1.0,True,True,False,1.0,1.7843072414398191,2.97224042014624,3.41015899181366,11.39548683166504,26.03650712966919,26.48354749679565,26.86871490478516,27.993030929565425,9.437103271484377,52.0,1.0,1.0,1.0,0.8509371280670166,0.3243187665939331,1.0672149658203125,16.5,613.2711791992188,199,118,,True,,False,False,False,False,False,False,insar_roof_only_strict
200,0,5,15,1,246,,,,,,,,,,,,,,,,,,,,,,,,,,,,,,,,,,,,,,,,,,False,,False,False,False,False,False,False,no_strict_insar_solution
201,0,4,12,2,247;291,,,,,,,,,,,,,,,,,,,,,,,,,,,,,,,,,,,,,,,,,,False,,False,False,False,False,False,False,no_strict_insar_solution
202,0,2,6,1,249,,,,,,,,,,,,,,,,,,,,,,,,,,,,,,,,,,,,,,,,,,False,,False,False,False,False,False,False,no_strict_insar_solution
203,0,8,24,2,250;251,,,,,,,,,,,,,,,,,,,,,,,,,,,,,,,,,,,,,,,,,,False,,False,False,False,False,False,False,no_strict_insar_solution
204,0,8,24,1,252,,,,,,,,,,,,,,,,,,,,,,,,,,,,,,,,,,,,,,,,,,False,,False,False,False,False,False,False,no_strict_insar_solution
205,0,5,15,2,253;254,,,,,,,,,,,,,,,,,,,,,,,,,,,,,,,,,,,,,,,,,,False,,False,False,False,False,False,False,no_strict_insar_solution
206,0,8,24,1,255,2.0382776260375977,grubbs_top,building_height_grubbs_top_m,-0.7378895282745361,-3.562940442562103,-1.8983197808265688,-0.3140128850936889,1.2218842506408691,1.8741530418396,7.20092048645019,10.829372072219844,20.599470138549805,2.0382776260375977,3.0,21.0,1.0,True,False,True,0.0001788501567219,3.579231977462769,2.643909924455784,-0.6220152676105499,3.685987114906311,5.221884250640869,5.8741530418396,11.20092048645019,14.829372072219844,4.0,24.0,1.0,1.0,1.0,0.8303471803665161,0.3425592482089996,0.8802663087844849,15.0,504.6864929199219,206,126,,True,,False,False,False,True,False,True,insar_roof_only_strict
207,0,8,24,2,256;257,,,,,,,,,,,,,,,,,,,,,,,,,,,,,,,,,,,,,,,,,,False,,False,False,False,False,False,False,no_strict_insar_solution
208,0,17,51,1,258,,,,,,,,,,,,,,,,,,,,,,,,,,,,,,,,,,,,,,,,,,False,,False,False,False,False,False,False,no_strict_insar_solution
209,0,8,24,2,259;270,,,,,,,,,,,,,,,,,,,,,,,,,,,,,,,,,,,,,,,,,,False,,False,False,False,False,False,False,no_strict_insar_solution
210,0,4,12,2,260;692,,,,,,,,,,,,,,,,,,,,,,,,,,,,,,,,,,,,,,,,,,False,,False,False,False,False,False,False,no_strict_insar_solution
211,0,6,18,1,262,,,,,,,,,,,,,,,,,,,,,,,,,,,,,,,,,,,,,,,,,,False,,False,False,False,False,False,False,no_strict_insar_solution
212,0,5,15,1,263,,,,,,,,,,,,,,,,,,,,,,,,,,,,,,,,,,,,,,,,,,False,,False,False,False,False,False,False,no_strict_insar_solution
213,0,5,15,2,264;695,,,,,,,,,,,,,,,,,,,,,,,,,,,,,,,,,,,,,,,,,,False,,False,False,False,False,False,False,no_strict_insar_solution
214,0,4,12,1,265,32.908966064453125,grubbs_top,building_height_grubbs_top_m,-1.5909632444381714,-7.861464786529541,-4.370319604873657,-1.4515340328216553,11.890690803527832,13.476806640625002,16.045207595825193,23.87564811706542,37.350372314453125,32.908966064453125,1.0,66.0,0.0657230870826204,True,False,True,0.0382655206123415,3.1362051963806152,3.06788516289407,-1.730392336845398,2.5484659671783447,15.890690803527832,17.476806640625,20.045207595825197,27.87564811706542,4.0,67.0,1.0,1.0,1.0,0.8749194741249084,0.3021666407585144,0.8925284147262573,16.0,504.6864929199219,214,134,,True,,False,False,False,True,False,True,insar_roof_only_strict
215,0,9,27,2,266;269,,,,,,,,,,,,,,,,,,,,,,,,,,,,,,,,,,,,,,,,,,False,,False,False,False,False,False,False,no_strict_insar_solution
216,0,5,15,2,267;268,,,,,,,,,,,,,,,,,,,,,,,,,,,,,,,,,,,,,,,,,,False,,False,False,False,False,False,False,no_strict_insar_solution
217,0,17,51,2,271;272,,,,,,,,,,,,,,,,,,,,,,,,,,,,,,,,,,,,,,,,,,False,,False,False,False,False,False,False,no_strict_insar_solution
218,0,8,24,2,273;274,36.02922821044922,grubbs_top,building_height_grubbs_top_m,1.7061362266540527,-15.126127052307128,-7.254825115203857,1.7061362266540527,10.758512496948242,12.707053756713869,14.765198135375975,22.70071029663085,36.02922821044922,36.02922821044922,0.0,93.0,0.1756447632574463,True,True,False,0.1756447987444783,2.838251829147339,3.184639533738477,-4.637513637542725,5.706136226654053,14.758512496948242,16.70705375671387,18.76519813537597,26.70071029663085,8.147635459899902,93.0,1.0,1.0,1.0,0.8763477206230164,0.3372955322265625,0.685154914855957,29.0,544.6810913085938,218,138,,True,,False,False,False,False,False,False,insar_roof_only_strict
219,0,17,51,1,275,,,,,,,,,,,,,,,,,,,,,,,,,,,,,,,,,,,,,,,,,,False,,False,False,False,False,False,False,no_strict_insar_solution
220,0,8,24,1,276,,,,,,,,,,,,,,,,,,,,,,,,,,,,,,,,,,,,,,,,,,False,,False,False,False,False,False,False,no_strict_insar_solution
221,0,8,24,2,277;278,31.505802154541016,grubbs_top,building_height_grubbs_top_m,26.57077407836914,7.449898529052735,21.51640510559082,26.498208045959476,26.979485034942627,27.18469858169556,27.302694511413574,27.49852809906006,31.505802154541016,31.505802154541016,0.0,32.0,1.0,True,True,False,1.0,0.8458037972450256,2.7733452324854238,-0.4547147303819656,30.498208045959476,30.979485034942627,31.18469858169556,31.302694511413574,31.49852809906006,31.0,32.0,1.0,1.0,1.0,0.8902543783187866,0.3507704138755798,0.5908473134040833,29.5,712.62939453125,221,141,,True,,False,False,False,False,False,False,insar_roof_only_strict
222,0,4,12,1,279,,,,,,,,,,,,,,,,,,,,,,,,,,,,,,,,,,,,,,,,,,False,,False,False,False,False,False,False,no_strict_insar_solution
223,0,6,18,1,280,29.82952117919922,grubbs_top,building_height_grubbs_top_m,13.243196487426758,-8.012212252616882,-1.037337362766266,13.243196487426758,17.521615982055664,19.0717059135437,19.736525344848637,21.78052206039428,29.82952117919922,29.82952117919922,0.0,122.0,1.0,True,True,False,1.0,2.0264697074890137,3.276078195746472,-0.5709455907344818,17.243196487426758,21.521615982055664,23.0717059135437,23.736525344848637,25.78052206039428,16.426008224487305,122.0,1.0,1.0,1.0,0.8738701343536377,0.3379637598991394,0.8181504011154175,26.0,613.2711791992188,223,143,,True,,False,False,False,False,False,False,insar_roof_only_strict
224,0,5,15,2,281;283,,,,,,,,,,,,,,,,,,,,,,,,,,,,,,,,,,,,,,,,,,False,,False,False,False,False,False,False,no_strict_insar_solution
225,0,7,21,1,282,,,,,,,,,,,,,,,,,,,,,,,,,,,,,,,,,,,,,,,,,,False,,False,False,False,False,False,False,no_strict_insar_solution
226,0,7,21,2,284;285,27.713014602661133,grubbs_top,building_height_grubbs_top_m,-2.636781454086304,-13.411271476745606,-5.790239810943604,-2.1518023014068604,6.464230537414551,11.73685646057128,16.44912643432616,22.25436477661131,27.713014602661133,27.713014602661133,0.0,37.0,0.1827036627922793,True,True,False,0.1827036391152021,2.4788835048675537,2.835201602923409,-3.8521149158477774,1.84819769859314,10.46423053741455,15.73685646057128,20.44912643432616,26.25436477661131,5.4469099044799805,37.0,1.0,1.0,1.0,0.8568365573883057,0.3567541539669037,0.9992908835411072,18.0,370.39849853515625,226,146,,True,,False,False,False,False,False,False,insar_roof_only_strict
227,0,6,18,1,286,,,,,,,,,,,,,,,,,,,,,,,,,,,,,,,,,,,,,,,,,,False,,False,False,False,False,False,False,no_strict_insar_solution
228,0,3,9,1,287,,,,,,,,,,,,,,,,,,,,,,,,,,,,,,,,,,,,,,,,,,False,,False,False,False,False,False,False,no_strict_insar_solution
229,0,7,21,1,288,39.81201553344727,grubbs_top,building_height_grubbs_top_m,0.7079439163208008,-6.646117115020751,-2.743343412876129,0.7079439163208008,17.712780952453613,29.75180377960205,31.657820892333984,33.21940670013428,39.81201553344727,39.81201553344727,0.0,138.0,1.0,True,True,False,1.0,2.274775981903076,3.3162076976983395,-1.517570436000824,4.707943916320801,21.712780952453613,33.75180377960205,35.65782089233399,37.21940670013428,5.882387161254883,138.0,1.0,1.0,1.0,0.8480769395828247,0.340221494436264,1.0500402450561523,22.0,497.0182495117188,229,149,,True,,False,False,False,False,False,False,insar_roof_only_strict
230,0,6,18,1,289,,,,,,,,,,,,,,,,,,,,,,,,,,,,,,,,,,,,,,,,,,False,,False,False,False,False,False,False,no_strict_insar_solution
231,0,5,15,1,290,,,,,,,,,,,,,,,,,,,,,,,,,,,,,,,,,,,,,,,,,,False,,False,False,False,False,False,False,no_strict_insar_solution
232,0,9,27,1,292,24.18857192993164,grubbs_top,building_height_grubbs_top_m,4.179487228393555,-2.935539782047272,0.6568616628646851,4.730972766876221,9.477184295654297,12.065537452697754,14.54874038696289,21.1350040435791,30.171485900878903,24.18857192993164,1.0,65.0,0.1326229238021081,True,False,True,0.016584973002709,3.333152532577514,3.062349007088093,2.131169080734253,8.73097276687622,13.477184295654297,16.065537452697754,18.54874038696289,25.1350040435791,7.165495872497559,66.0,1.0,1.0,1.0,0.8517770767211914,0.3355993032455444,0.906808376312256,15.0,368.5443115234375,232,152,,True,,False,False,False,True,False,True,insar_roof_only_strict
233,0,9,27,1,293,,,,,,,,,,,,,,,,,,,,,,,,,,,,,,,,,,,,,,,,,,False,,False,False,False,False,False,False,no_strict_insar_solution
234,0,6,18,2,294;295,,,,,,,,,,,,,,,,,,,,,,,,,,,,,,,,,,,,,,,,,,False,,False,False,False,False,False,False,no_strict_insar_solution
235,0,8,24,1,296,26.65509033203125,grubbs_top,building_height_grubbs_top_m,7.134625911712647,0.2997519969940185,3.0216784477233887,7.232282638549805,10.993000030517578,15.79809951782226,17.024811935424808,22.161292266845702,26.65509033203125,26.65509033203125,0.0,43.0,0.1019448008266349,True,True,False,0.1019448616387378,2.70757269859314,2.8970234886239705,6.326086044311523,11.232282638549805,14.993000030517578,19.79809951782226,21.024811935424808,26.161292266845702,4.0,43.0,1.0,1.0,1.0,0.8200488686561584,0.3539144098758697,0.7383713126182556,15.0,460.1239013671875,235,155,,True,,False,False,False,False,False,False,insar_roof_only_strict
236,0,6,18,1,297,31.61065673828125,grubbs_top,building_height_grubbs_top_m,23.28290557861328,4.715554714202881,19.38344383239746,23.011013984680176,26.33042287826538,29.05360698699951,29.227245330810547,30.17036437988281,31.61065673828125,31.61065673828125,0.0,46.0,1.0,True,True,False,1.0,1.3076739311218262,2.924080860089991,5.204217433929443,27.011013984680176,30.33042287826538,33.05360698699951,33.22724533081055,34.17036437988281,22.0,46.0,1.0,1.0,1.0,0.8447809815406799,0.3445698022842407,0.7723774313926697,25.0,502.8768005371094,236,156,,True,,False,False,False,False,False,False,insar_roof_only_strict
237,0,2,6,1,298,,,,,,,,,,,,,,,,,,,,,,,,,,,,,,,,,,,,,,,,,,False,,False,False,False,False,False,False,no_strict_insar_solution
238,0,5,15,1,299,,,,,,,,,,,,,,,,,,,,,,,,,,,,,,,,,,,,,,,,,,False,,False,False,False,False,False,False,no_strict_insar_solution
239,0,4,12,1,300,,,,,,,,,,,,,,,,,,,,,,,,,,,,,,,,,,,,,,,,,,False,,False,False,False,False,False,False,no_strict_insar_solution
240,0,4,12,1,301,,,,,,,,,,,,,,,,,,,,,,,,,,,,,,,,,,,,,,,,,,False,,False,False,False,False,False,False,no_strict_insar_solution
241,0,4,12,1,302,11.65776538848877,grubbs_top,building_height_grubbs_top_m,3.176621437072754,-0.6073162794113158,2.126982808113098,3.67130184173584,6.810472011566162,7.7236367702484126,8.852319526672364,10.554536771774284,15.780328750610352,11.65776538848877,1.0,29.0,0.2879292193018826,True,False,True,0.0296091954171417,2.8699939250946045,2.7451317244535867,2.491507887840271,7.67130184173584,10.810472011566162,11.723636770248412,12.852319526672364,14.554536771774284,6.041910648345947,30.0,1.0,1.0,1.0,0.8745744824409485,0.287809669971466,0.5875356197357178,23.0,544.6810913085938,241,160,,True,,False,False,False,True,False,True,insar_roof_only_strict
242,0,8,24,1,303,,,,,,,,,,,,,,,,,,,,,,,,,,,,,,,,,,,,,,,,,,False,,False,False,False,False,False,False,no_strict_insar_solution
243,0,7,21,1,304,,,,,,,,,,,,,,,,,,,,,,,,,,,,,,,,,,,,,,,,,,False,,False,False,False,False,False,False,no_strict_insar_solution
244,0,8,24,1,305,,,,,,,,,,,,,,,,,,,,,,,,,,,,,,,,,,,,,,,,,,False,,False,False,False,False,False,False,no_strict_insar_solution
245,0,2,6,1,306,8.677610397338867,grubbs_top,building_height_grubbs_top_m,-1.8729718923568728,-4.588221502304077,-2.673240840435028,-1.826919674873352,1.577174186706543,4.179037570953368,4.949857044219972,7.166408634185787,8.677610397338867,8.677610397338867,0.0,64.0,0.3780794177333817,True,True,False,0.3780792325958941,2.464271545410156,3.050967777749636,-1.8729719519615171,2.173080325126648,5.577174186706543,8.17903757095337,8.949857044219971,11.166408634185789,4.0,64.0,1.0,1.0,1.0,0.8480646014213562,0.3110413551330566,0.6957207918167114,18.0,442.6890258789063,245,164,,True,,False,False,False,False,False,False,insar_roof_only_strict
246,0,2,6,1,307,4.687385559082031,grubbs_top,building_height_grubbs_top_m,2.243563652038574,1.3416195869445802,1.842792272567749,2.26664400100708,3.339077353477478,4.077854585647583,4.205842876434327,4.437118816375732,6.480777740478516,4.687385559082031,1.0,31.0,0.5784471237080818,True,False,True,0.0165669745912424,3.0291173458099365,2.7733452324854238,2.26664400100708,6.26664400100708,7.339077353477478,8.077854585647582,8.205842876434327,8.437118816375731,4.0,32.0,1.0,1.0,1.0,0.9009774923324584,0.3013314604759216,0.3927249908447265,21.0,521.2033081054688,246,165,,True,,False,False,False,True,False,True,insar_roof_only_strict
247,0,5,15,1,308,,,,,,,,,,,,,,,,,,,,,,,,,,,,,,,,,,,,,,,,,,False,,False,False,False,False,False,False,no_strict_insar_solution
248,0,2,6,1,309,,,,,,,,,,,,,,,,,,,,,,,,,,,,,,,,,,,,,,,,,,False,,False,False,False,False,False,False,no_strict_insar_solution
249,0,4,12,2,310;311,23.269086837768555,grubbs_top,building_height_grubbs_top_m,17.335041046142578,6.749516582489014,14.116474151611328,17.321504592895508,19.759696006774902,21.595863151550294,21.84806137084961,22.186295318603516,23.269086837768555,23.269086837768555,0.0,55.0,1.0,True,True,False,1.0,1.3573137521743774,2.993848262930808,5.619407653808594,21.321504592895508,23.759696006774902,25.595863151550294,25.84806137084961,26.186295318603516,16.0,55.0,1.0,1.0,1.0,0.8213451504707336,0.355794608592987,0.8828209042549133,16.0,408.5389099121094,249,168,,True,,False,False,False,False,False,False,insar_roof_only_strict
250,0,6,18,2,312;716,41.69403076171875,grubbs_top,building_height_grubbs_top_m,6.257022857666016,-4.3470837593078615,0.1130056381225586,6.257022857666016,23.088703155517575,27.973069000244134,30.824745178222656,37.5753936767578,41.69403076171875,41.69403076171875,0.0,97.0,1.0,True,True,False,1.0,2.1477417945861816,3.1991172600264206,2.237302303314209,10.257022857666016,27.088703155517575,31.973069000244134,34.824745178222656,41.5753936767578,8.426180839538574,97.0,1.0,1.0,1.0,0.8401138782501221,0.3360759615898132,0.8236263394355774,18.0,368.5443115234375,250,169,,True,,False,False,False,False,False,False,insar_roof_only_strict
251,0,6,18,1,313,,,,,,,,,,,,,,,,,,,,,,,,,,,,,,,,,,,,,,,,,,False,,False,False,False,False,False,False,no_strict_insar_solution
252,0,12,36,2,314;721,31.04672622680664,grubbs_top,building_height_grubbs_top_m,9.48040771484375,-5.749734878540039,0.9391202926635742,9.5283842086792,14.178149223327637,17.418988037109376,24.320997619628905,29.04836044311522,44.608177185058594,31.04672622680664,1.0,46.0,0.4391696797562598,True,False,True,0.0175522343208673,3.1855154037475586,2.932623282239436,0.5648931264877319,13.5283842086792,18.17814922332764,21.418988037109376,28.320997619628905,33.04836044311522,12.86753749847412,47.0,1.0,1.0,1.0,0.8533445000648499,0.3117601871490478,1.0154145956039429,18.0,561.0567016601562,252,171,,True,,False,False,False,True,False,True,insar_roof_only_strict
253,0,5,15,1,315,,,,,,,,,,,,,,,,,,,,,,,,,,,,,,,,,,,,,,,,,,False,,False,False,False,False,False,False,no_strict_insar_solution
254,0,2,6,1,316,,,,,,,,,,,,,,,,,,,,,,,,,,,,,,,,,,,,,,,,,,False,,False,False,False,False,False,False,no_strict_insar_solution
255,0,2,6,1,317,,,,,,,,,,,,,,,,,,,,,,,,,,,,,,,,,,,,,,,,,,False,,False,False,False,False,False,False,no_strict_insar_solution
256,0,10,30,1,318,,,,,,,,,,,,,,,,,,,,,,,,,,,,,,,,,,,,,,,,,,False,,False,False,False,False,False,False,no_strict_insar_solution
257,0,1,3,2,319;943,6.740032196044922,grubbs_top,building_height_grubbs_top_m,2.501417636871338,0.0812554836273198,1.557134032249451,2.4436516761779785,4.555338382720947,4.758304214477539,5.411133670806886,5.811590480804442,6.740032196044922,6.740032196044922,0.0,54.0,1.0,True,True,False,1.0,1.9666993618011477,2.9868080398667765,-0.3891744762659073,6.4436516761779785,8.555338382720947,8.758304214477539,9.411133670806889,9.811590480804442,7.0,54.0,1.0,1.0,1.0,0.8406624794006348,0.3395279049873352,0.6010178923606873,19.0,473.2161865234375,257,176,,True,,False,False,False,False,False,False,insar_roof_only_strict
258,0,6,18,1,320,,,,,,,,,,,,,,,,,,,,,,,,,,,,,,,,,,,,,,,,,,False,,False,False,False,False,False,False,no_strict_insar_solution
259,0,8,24,1,321,,,,,,,,,,,,,,,,,,,,,,,,,,,,,,,,,,,,,,,,,,False,,False,False,False,False,False,False,no_strict_insar_solution
260,0,8,24,1,322,,,,,,,,,,,,,,,,,,,,,,,,,,,,,,,,,,,,,,,,,,False,,False,False,False,False,False,False,no_strict_insar_solution
261,0,8,24,1,323,,,,,,,,,,,,,,,,,,,,,,,,,,,,,,,,,,,,,,,,,,False,,False,False,False,False,False,False,no_strict_insar_solution
262,0,8,24,1,324,,,,,,,,,,,,,,,,,,,,,,,,,,,,,,,,,,,,,,,,,,False,,False,False,False,False,False,False,no_strict_insar_solution
263,0,8,24,1,325,,,,,,,,,,,,,,,,,,,,,,,,,,,,,,,,,,,,,,,,,,False,,False,False,False,False,False,False,no_strict_insar_solution
264,0,8,24,1,326,,,,,,,,,,,,,,,,,,,,,,,,,,,,,,,,,,,,,,,,,,False,,False,False,False,False,False,False,no_strict_insar_solution
265,0,6,18,1,327,,,,,,,,,,,,,,,,,,,,,,,,,,,,,,,,,,,,,,,,,,False,,False,False,False,False,False,False,no_strict_insar_solution
266,0,8,24,1,328,,,,,,,,,,,,,,,,,,,,,,,,,,,,,,,,,,,,,,,,,,False,,False,False,False,False,False,False,no_strict_insar_solution
267,0,8,24,1,329,,,,,,,,,,,,,,,,,,,,,,,,,,,,,,,,,,,,,,,,,,False,,False,False,False,False,False,False,no_strict_insar_solution
268,0,8,24,1,331,,,,,,,,,,,,,,,,,,,,,,,,,,,,,,,,,,,,,,,,,,False,,False,False,False,False,False,False,no_strict_insar_solution
269,0,8,24,1,332,,,,,,,,,,,,,,,,,,,,,,,,,,,,,,,,,,,,,,,,,,False,,False,False,False,False,False,False,no_strict_insar_solution
270,0,7,21,1,333,,,,,,,,,,,,,,,,,,,,,,,,,,,,,,,,,,,,,,,,,,False,,False,False,False,False,False,False,no_strict_insar_solution
271,0,8,24,1,334,,,,,,,,,,,,,,,,,,,,,,,,,,,,,,,,,,,,,,,,,,False,,False,False,False,False,False,False,no_strict_insar_solution
272,0,8,24,1,335,7.861455917358398,grubbs_top,building_height_grubbs_top_m,-1.4775561094284058,-5.350639128684997,-3.4689331650733948,-1.4775561094284058,1.3520575761795044,3.1697959423065183,5.064045143127442,6.334403181076049,7.861455917358398,7.861455917358398,0.0,40.0,0.3569298154949951,True,True,False,0.356930160054123,2.2985308170318604,2.8675424870552675,-1.983896851539612,2.5224438905715942,5.352057576179504,7.169795942306519,9.064045143127442,10.334403181076048,4.0,40.0,1.0,1.0,1.0,0.8378344774246216,0.3462839126586914,0.7851231098175049,16.0,370.39849853515625,272,186,,True,,False,False,False,False,False,False,insar_roof_only_strict
273,0,8,24,1,336,,,,,,,,,,,,,,,,,,,,,,,,,,,,,,,,,,,,,,,,,,False,,False,False,False,False,False,False,no_strict_insar_solution
274,0,6,18,2,337;338,,,,,,,,,,,,,,,,,,,,,,,,,,,,,,,,,,,,,,,,,,False,,False,False,False,False,False,False,no_strict_insar_solution
275,0,8,24,1,339,,,,,,,,,,,,,,,,,,,,,,,,,,,,,,,,,,,,,,,,,,False,,False,False,False,False,False,False,no_strict_insar_solution
276,0,7,21,1,340,,,,,,,,,,,,,,,,,,,,,,,,,,,,,,,,,,,,,,,,,,False,,False,False,False,False,False,False,no_strict_insar_solution
277,0,4,12,1,341,2.4467573165893555,grubbs_top,building_height_grubbs_top_m,-0.7360386848449707,-2.056939387321472,-1.4704027771949768,-0.8981645107269287,0.3207283020019531,0.6829417705535885,0.7305871009826661,1.752923965454101,2.4467573165893555,2.4467573165893555,0.0,22.0,0.356169326398005,True,True,False,0.3561692617085179,2.047344923019409,2.602783742942279,-0.8981643915176392,3.1018354892730717,4.320728302001953,4.6829417705535885,4.730587100982666,5.752923965454101,4.0,22.0,1.0,1.0,1.0,0.8348863124847412,0.3550459444522857,0.4419294595718384,14.0,571.4669189453125,277,188,,True,,False,False,False,False,False,False,insar_roof_only_strict
278,0,7,21,1,342,,,,,,,,,,,,,,,,,,,,,,,,,,,,,,,,,,,,,,,,,,False,,False,False,False,False,False,False,no_strict_insar_solution
279,0,7,21,1,343,,,,,,,,,,,,,,,,,,,,,,,,,,,,,,,,,,,,,,,,,,False,,False,False,False,False,False,False,no_strict_insar_solution
280,0,7,21,1,344,,,,,,,,,,,,,,,,,,,,,,,,,,,,,,,,,,,,,,,,,,False,,False,False,False,False,False,False,no_strict_insar_solution
281,0,7,21,1,345,,,,,,,,,,,,,,,,,,,,,,,,,,,,,,,,,,,,,,,,,,False,,False,False,False,False,False,False,no_strict_insar_solution
282,0,7,21,1,346,,,,,,,,,,,,,,,,,,,,,,,,,,,,,,,,,,,,,,,,,,False,,False,False,False,False,False,False,no_strict_insar_solution
283,0,13,39,2,347;348,,,,,,,,,,,,,,,,,,,,,,,,,,,,,,,,,,,,,,,,,,False,,False,False,False,False,False,False,no_strict_insar_solution
284,0,7,21,1,349,,,,,,,,,,,,,,,,,,,,,,,,,,,,,,,,,,,,,,,,,,False,,False,False,False,False,False,False,no_strict_insar_solution
285,0,7,21,2,350;367,,,,,,,,,,,,,,,,,,,,,,,,,,,,,,,,,,,,,,,,,,False,,False,False,False,False,False,False,no_strict_insar_solution
286,0,8,24,1,351,,,,,,,,,,,,,,,,,,,,,,,,,,,,,,,,,,,,,,,,,,False,,False,False,False,False,False,False,no_strict_insar_solution
287,0,8,24,1,352,,,,,,,,,,,,,,,,,,,,,,,,,,,,,,,,,,,,,,,,,,False,,False,False,False,False,False,False,no_strict_insar_solution
288,0,18,54,1,353,,,,,,,,,,,,,,,,,,,,,,,,,,,,,,,,,,,,,,,,,,False,,False,False,False,False,False,False,no_strict_insar_solution
289,0,4,12,1,354,,,,,,,,,,,,,,,,,,,,,,,,,,,,,,,,,,,,,,,,,,False,,False,False,False,False,False,False,no_strict_insar_solution
290,0,4,12,1,355,,,,,,,,,,,,,,,,,,,,,,,,,,,,,,,,,,,,,,,,,,False,,False,False,False,False,False,False,no_strict_insar_solution
291,0,13,39,1,356,,,,,,,,,,,,,,,,,,,,,,,,,,,,,,,,,,,,,,,,,,False,,False,False,False,False,False,False,no_strict_insar_solution
292,0,15,45,1,357,7.383581161499023,grubbs_top,building_height_grubbs_top_m,0.8810238838195801,-4.114524614810944,-0.6242629885673523,1.256661891937256,4.041438579559326,6.193676376342773,12.445777320861849,18.121306514739985,31.297527313232425,7.383581161499023,11.0,91.0,1.0,True,False,True,0.0012367811456883,4.049659252166748,3.216253216079576,1.2566619515419006,5.256661891937256,8.041438579559326,10.193676376342772,16.445777320861847,22.121306514739985,4.0,102.0,1.0,1.0,1.0,0.8566941618919373,0.2984437644481659,0.8073863983154297,19.0,368.5443115234375,292,203,,True,,False,False,False,True,False,True,insar_roof_only_strict
293,0,4,12,1,358,,,,,,,,,,,,,,,,,,,,,,,,,,,,,,,,,,,,,,,,,,False,,False,False,False,False,False,False,no_strict_insar_solution
294,0,7,21,1,359,,,,,,,,,,,,,,,,,,,,,,,,,,,,,,,,,,,,,,,,,,False,,False,False,False,False,False,False,no_strict_insar_solution
295,0,15,45,1,360,19.61832046508789,grubbs_top,building_height_grubbs_top_m,-3.3519811630249023,-8.362794971466064,-5.43484354019165,-3.351981043815613,7.422824382781982,13.68116807937622,14.768082046508788,18.58345594406128,19.61832046508789,19.61832046508789,0.0,34.0,0.6100864493627896,True,True,False,0.6100864983150629,2.0436465740203857,2.79944030774216,-3.356026291847229,0.6480189561843872,11.422824382781982,17.68116807937622,18.768082046508788,22.58345594406128,4.0,34.0,1.0,1.0,1.0,0.8352081179618835,0.3165571093559265,0.5710006952285767,14.0,285.9814147949219,295,206,,True,,False,False,False,False,False,False,insar_roof_only_strict
296,0,7,21,1,361,,,,,,,,,,,,,,,,,,,,,,,,,,,,,,,,,,,,,,,,,,False,,False,False,False,False,False,False,no_strict_insar_solution
297,0,8,24,1,362,,,,,,,,,,,,,,,,,,,,,,,,,,,,,,,,,,,,,,,,,,False,,False,False,False,False,False,False,no_strict_insar_solution
298,0,5,15,1,363,,,,,,,,,,,,,,,,,,,,,,,,,,,,,,,,,,,,,,,,,,False,,False,False,False,False,False,False,no_strict_insar_solution
299,0,7,21,1,364,,,,,,,,,,,,,,,,,,,,,,,,,,,,,,,,,,,,,,,,,,False,,False,False,False,False,False,False,no_strict_insar_solution
300,0,8,24,1,365,,,,,,,,,,,,,,,,,,,,,,,,,,,,,,,,,,,,,,,,,,False,,False,False,False,False,False,False,no_strict_insar_solution
301,0,7,21,1,366,,,,,,,,,,,,,,,,,,,,,,,,,,,,,,,,,,,,,,,,,,False,,False,False,False,False,False,False,no_strict_insar_solution
302,0,4,12,1,368,,,,,,,,,,,,,,,,,,,,,,,,,,,,,,,,,,,,,,,,,,False,,False,False,False,False,False,False,no_strict_insar_solution
303,0,7,21,1,369,,,,,,,,,,,,,,,,,,,,,,,,,,,,,,,,,,,,,,,,,,False,,False,False,False,False,False,False,no_strict_insar_solution
304,0,7,21,1,370,,,,,,,,,,,,,,,,,,,,,,,,,,,,,,,,,,,,,,,,,,False,,False,False,False,False,False,False,no_strict_insar_solution
305,0,4,12,1,371,,,,,,,,,,,,,,,,,,,,,,,,,,,,,,,,,,,,,,,,,,False,,False,False,False,False,False,False,no_strict_insar_solution
306,0,4,12,1,372,,,,,,,,,,,,,,,,,,,,,,,,,,,,,,,,,,,,,,,,,,False,,False,False,False,False,False,False,no_strict_insar_solution
307,0,7,21,1,373,,,,,,,,,,,,,,,,,,,,,,,,,,,,,,,,,,,,,,,,,,False,,False,False,False,False,False,False,no_strict_insar_solution
308,0,6,18,2,374;375,,,,,,,,,,,,,,,,,,,,,,,,,,,,,,,,,,,,,,,,,,False,,False,False,False,False,False,False,no_strict_insar_solution
309,0,7,21,1,376,,,,,,,,,,,,,,,,,,,,,,,,,,,,,,,,,,,,,,,,,,False,,False,False,False,False,False,False,no_strict_insar_solution
310,0,7,21,1,377,,,,,,,,,,,,,,,,,,,,,,,,,,,,,,,,,,,,,,,,,,False,,False,False,False,False,False,False,no_strict_insar_solution
311,0,4,12,1,378,,,,,,,,,,,,,,,,,,,,,,,,,,,,,,,,,,,,,,,,,,False,,False,False,False,False,False,False,no_strict_insar_solution
312,0,6,18,2,379;382,,,,,,,,,,,,,,,,,,,,,,,,,,,,,,,,,,,,,,,,,,False,,False,False,False,False,False,False,no_strict_insar_solution
313,0,18,54,2,380;381,22.63229179382324,grubbs_top,building_height_grubbs_top_m,-2.367579460144043,-7.767936396598816,-3.8528764247894287,-2.3014296293258667,10.872458934783936,19.658720874786383,26.98501834869384,50.84416198730462,59.41466522216797,22.63229179382324,7.0,55.0,0.0906737774857052,True,False,True,0.0239980533551364,3.222012758255005,3.039150003792808,-2.517043709754944,1.6985703706741333,14.872458934783936,23.658720874786383,30.98501834869384,54.84416198730462,4.0,62.0,1.0,1.0,1.0,0.8714051246643066,0.297886312007904,1.0514010190963743,17.0,537.5789184570312,313,214,,True,,False,False,False,True,False,True,insar_roof_only_strict
314,0,7,21,1,383,,,,,,,,,,,,,,,,,,,,,,,,,,,,,,,,,,,,,,,,,,False,,False,False,False,False,False,False,no_strict_insar_solution
315,0,6,18,1,384,,,,,,,,,,,,,,,,,,,,,,,,,,,,,,,,,,,,,,,,,,False,,False,False,False,False,False,False,no_strict_insar_solution
316,0,7,21,1,385,30.261863708496094,grubbs_top,building_height_grubbs_top_m,8.038618087768555,-6.403836035728454,-0.475944459438324,8.038618087768555,26.094126224517822,27.827276611328124,28.73693962097168,29.144034004211424,30.261863708496094,30.261863708496094,0.0,40.0,1.0,True,True,False,1.0,1.3809648752212524,2.8675424870552675,3.729266285896301,12.038618087768556,30.094126224517822,31.827276611328124,32.73693962097168,33.14403400421143,7.778233051300049,40.0,1.0,1.0,1.0,0.8508726358413696,0.3250646889209747,0.7898456454277039,17.0,361.4788818359375,316,217,,True,,False,False,False,False,False,False,insar_roof_only_strict
317,0,7,21,1,386,,,,,,,,,,,,,,,,,,,,,,,,,,,,,,,,,,,,,,,,,,False,,False,False,False,False,False,False,no_strict_insar_solution
318,0,7,21,1,387,,,,,,,,,,,,,,,,,,,,,,,,,,,,,,,,,,,,,,,,,,False,,False,False,False,False,False,False,no_strict_insar_solution
319,0,7,21,2,388;389,,,,,,,,,,,,,,,,,,,,,,,,,,,,,,,,,,,,,,,,,,False,,False,False,False,False,False,False,no_strict_insar_solution
320,0,7,21,1,390,,,,,,,,,,,,,,,,,,,,,,,,,,,,,,,,,,,,,,,,,,False,,False,False,False,False,False,False,no_strict_insar_solution
321,0,7,21,1,391,,,,,,,,,,,,,,,,,,,,,,,,,,,,,,,,,,,,,,,,,,False,,False,False,False,False,False,False,no_strict_insar_solution
322,0,7,21,1,392,,,,,,,,,,,,,,,,,,,,,,,,,,,,,,,,,,,,,,,,,,False,,False,False,False,False,False,False,no_strict_insar_solution
323,0,7,21,4,393;394;395;396,,,,,,,,,,,,,,,,,,,,,,,,,,,,,,,,,,,,,,,,,,False,,False,False,False,False,False,False,no_strict_insar_solution
324,0,7,21,2,397;398,25.415462493896484,grubbs_top,building_height_grubbs_top_m,-4.864252090454102,-11.784924507141112,-7.014235258102417,-4.386175870895386,2.9941296577453613,12.517276430130003,16.588742256164554,21.312732791900636,25.415462493896484,25.415462493896484,0.0,28.0,0.1795798121976077,True,True,False,0.1795797409210733,2.36870551109314,2.714458787361858,-4.6129584312438965,-0.3861758708953857,6.994129657745361,16.517276430130003,20.588742256164554,25.312732791900636,4.733111381530762,28.0,1.0,1.0,1.0,0.8486443758010864,0.3153495490550995,0.5766361951828003,14.0,330.54400634765625,324,220,,True,,False,False,False,False,False,False,insar_roof_only_strict
325,0,7,21,1,399,,,,,,,,,,,,,,,,,,,,,,,,,,,,,,,,,,,,,,,,,,False,,False,False,False,False,False,False,no_strict_insar_solution
326,0,7,21,2,400;401,,,,,,,,,,,,,,,,,,,,,,,,,,,,,,,,,,,,,,,,,,False,,False,False,False,False,False,False,no_strict_insar_solution
327,0,7,21,1,402,,,,,,,,,,,,,,,,,,,,,,,,,,,,,,,,,,,,,,,,,,False,,False,False,False,False,False,False,no_strict_insar_solution
328,0,7,21,2,403;405,,,,,,,,,,,,,,,,,,,,,,,,,,,,,,,,,,,,,,,,,,False,,False,False,False,False,False,False,no_strict_insar_solution
329,0,7,21,1,404,,,,,,,,,,,,,,,,,,,,,,,,,,,,,,,,,,,,,,,,,,False,,False,False,False,False,False,False,no_strict_insar_solution
330,0,7,21,2,406;407,,,,,,,,,,,,,,,,,,,,,,,,,,,,,,,,,,,,,,,,,,False,,False,False,False,False,False,False,no_strict_insar_solution
331,0,7,21,1,408,,,,,,,,,,,,,,,,,,,,,,,,,,,,,,,,,,,,,,,,,,False,,False,False,False,False,False,False,no_strict_insar_solution
332,0,7,21,2,409;410,,,,,,,,,,,,,,,,,,,,,,,,,,,,,,,,,,,,,,,,,,False,,False,False,False,False,False,False,no_strict_insar_solution
333,0,4,12,1,411,,,,,,,,,,,,,,,,,,,,,,,,,,,,,,,,,,,,,,,,,,False,,False,False,False,False,False,False,no_strict_insar_solution
334,0,7,21,2,412;428,,,,,,,,,,,,,,,,,,,,,,,,,,,,,,,,,,,,,,,,,,False,,False,False,False,False,False,False,no_strict_insar_solution
335,0,7,21,1,413,,,,,,,,,,,,,,,,,,,,,,,,,,,,,,,,,,,,,,,,,,False,,False,False,False,False,False,False,no_strict_insar_solution
336,0,4,12,1,414,,,,,,,,,,,,,,,,,,,,,,,,,,,,,,,,,,,,,,,,,,False,,False,False,False,False,False,False,no_strict_insar_solution
337,0,5,15,1,415,,,,,,,,,,,,,,,,,,,,,,,,,,,,,,,,,,,,,,,,,,False,,False,False,False,False,False,False,no_strict_insar_solution
338,0,16,48,1,416,,,,,,,,,,,,,,,,,,,,,,,,,,,,,,,,,,,,,,,,,,False,,False,False,False,False,False,False,no_strict_insar_solution
339,0,16,48,1,417,,,,,,,,,,,,,,,,,,,,,,,,,,,,,,,,,,,,,,,,,,False,,False,False,False,False,False,False,no_strict_insar_solution
340,0,18,54,1,418,76.10440826416016,grubbs_top,building_height_grubbs_top_m,17.805116653442383,0.5300731658935549,9.778307914733888,17.805116653442383,38.36650466918945,53.055559921264646,56.59360885620118,60.85546188354492,76.10440826416016,76.10440826416016,0.0,79.0,0.3621486100390206,True,True,False,0.3621486182821773,2.557392120361328,3.1274681967528544,9.478044509887695,21.805116653442383,42.36650466918945,57.055559921264646,60.59360885620118,64.85546188354492,10.0,79.0,1.0,1.0,1.0,0.8643578290939331,0.2995412051677704,0.6362685561180115,14.0,360.5517883300781,340,223,,True,,False,False,False,False,False,False,insar_roof_only_strict
341,0,7,21,1,419,,,,,,,,,,,,,,,,,,,,,,,,,,,,,,,,,,,,,,,,,,False,,False,False,False,False,False,False,no_strict_insar_solution
342,0,17,51,1,420,19.026952743530277,grubbs_top,building_height_grubbs_top_m,7.428768157958984,-1.8775853514671328,1.699367642402649,7.428768157958984,11.445542335510254,13.531636714935305,14.548995018005373,15.76052951812744,19.026952743530277,19.026952743530277,0.0,166.0,1.0,True,True,False,1.0,2.038836002349853,3.374884786728155,7.428767919540405,11.428768157958984,15.445542335510254,17.531636714935303,18.54899501800537,19.76052951812744,4.0,166.0,1.0,1.0,1.0,0.8608091473579407,0.3158225119113922,0.6907721757888794,24.0,521.2033081054688,342,225,,True,,False,False,False,False,False,False,insar_roof_only_strict
343,0,7,21,1,421,,,,,,,,,,,,,,,,,,,,,,,,,,,,,,,,,,,,,,,,,,False,,False,False,False,False,False,False,no_strict_insar_solution
344,0,7,21,1,422,4.692181587219238,grubbs_top,building_height_grubbs_top_m,-0.6955361366271973,-3.0225375294685364,-2.1984463930130005,-0.543210506439209,2.1862176656723022,4.092695832252502,6.116849899291992,11.806641340255736,14.19504165649414,4.692181587219238,6.0,50.0,0.5891740181904193,True,False,True,0.03604804345448,3.083590030670166,3.000734911495996,-0.716658353805542,3.456789493560791,6.186217665672302,8.092695832252502,10.116849899291992,15.806641340255736,4.0,56.0,1.0,1.0,1.0,0.8757237195968628,0.3433104157447815,1.0508875846862793,29.5,604.044677734375,344,227,,True,,False,False,False,True,False,True,insar_roof_only_strict
345,0,7,21,1,423,25.850345611572266,grubbs_top,building_height_grubbs_top_m,18.914819717407227,-16.222743606567384,2.1246070861816406,18.914819717407227,20.30365753173828,20.830571365356445,21.277719497680664,24.26405639648437,25.850345611572266,25.850345611572266,0.0,33.0,1.0,True,True,False,1.0,1.032139539718628,2.78663898783401,-2.0851798057556152,22.914819717407227,24.30365753173828,24.830571365356445,25.277719497680664,28.26405639648437,25.0,33.0,1.0,1.0,1.0,0.8706102967262268,0.2541493773460388,0.5399395823478699,20.0,348.6134948730469,345,228,,True,,False,False,False,False,False,False,insar_roof_only_strict
346,0,7,21,1,424,,,,,,,,,,,,,,,,,,,,,,,,,,,,,,,,,,,,,,,,,,False,,False,False,False,False,False,False,no_strict_insar_solution
347,0,7,21,1,425,52.36651611328125,grubbs_top,building_height_grubbs_top_m,3.994678497314453,-7.824966192245483,-2.326200366020202,5.803122520446777,10.979859352111816,26.35247611999512,36.07786178588867,40.35322189331055,52.36651611328125,52.36651611328125,0.0,111.0,0.1971261059185881,True,True,False,0.1971261338806651,2.865910053253174,3.2447382974580803,0.9964054822921752,9.803122520446776,14.979859352111816,30.35247611999512,40.07786178588867,44.35322189331055,6.897123336791992,111.0,1.0,1.0,1.0,0.8603603839874268,0.3579619228839874,0.9985588192939758,18.0,474.7840881347656,347,230,,True,,False,False,False,False,False,False,insar_roof_only_strict
348,0,14,42,1,426,2.341343879699707,grubbs_top,building_height_grubbs_top_m,0.4460670948028564,-3.1492489337921143,-0.5528082847595215,0.249612808227539,0.9361600875854492,1.5084479331970215,1.733997535705567,1.985101890563965,2.341343879699707,2.341343879699707,0.0,77.0,1.0,True,True,False,1.0,1.583843469619751,3.1183205576860584,0.2496130317449569,4.249612808227539,4.936160087585449,5.508447933197021,5.733997535705568,5.985101890563965,4.0,77.0,1.0,1.0,1.0,0.90792578458786,0.3311327993869781,0.4622852206230163,30.0,712.62939453125,348,231,,True,,False,False,False,False,False,False,insar_roof_only_strict
349,0,2,6,1,427,11.641621589660645,grubbs_top,building_height_grubbs_top_m,4.914976119995117,-2.527290940284729,1.2977622747421265,4.914976119995117,7.500909328460693,8.98958420753479,9.278884410858154,9.554331064224243,11.641621589660645,11.641621589660645,0.0,56.0,1.0,True,True,False,1.0,1.7711589336395264,3.000734911495996,1.6463217735290527,8.914976119995117,11.500909328460692,12.98958420753479,13.278884410858154,13.554331064224243,7.542651176452637,56.0,1.0,1.0,1.0,0.8415569067001343,0.3313800394535064,0.8850747346878052,17.0,544.6810913085938,349,232,,True,,False,False,False,False,False,False,insar_roof_only_strict
350,0,11,33,2,429;430,,,,,,,,,,,,,,,,,,,,,,,,,,,,,,,,,,,,,,,,,,False,,False,False,False,False,False,False,no_strict_insar_solution
351,0,3,9,2,431;432,,,,,,,,,,,,,,,,,,,,,,,,,,,,,,,,,,,,,,,,,,False,,False,False,False,False,False,False,no_strict_insar_solution
352,0,4,12,1,433,,,,,,,,,,,,,,,,,,,,,,,,,,,,,,,,,,,,,,,,,,False,,False,False,False,False,False,False,no_strict_insar_solution
353,0,7,21,1,434,,,,,,,,,,,,,,,,,,,,,,,,,,,,,,,,,,,,,,,,,,False,,False,False,False,False,False,False,no_strict_insar_solution
354,0,7,21,1,435,,,,,,,,,,,,,,,,,,,,,,,,,,,,,,,,,,,,,,,,,,False,,False,False,False,False,False,False,no_strict_insar_solution
355,0,7,21,2,436;437,,,,,,,,,,,,,,,,,,,,,,,,,,,,,,,,,,,,,,,,,,False,,False,False,False,False,False,False,no_strict_insar_solution
356,0,8,24,1,438,,,,,,,,,,,,,,,,,,,,,,,,,,,,,,,,,,,,,,,,,,False,,False,False,False,False,False,False,no_strict_insar_solution
357,0,7,21,1,439,,,,,,,,,,,,,,,,,,,,,,,,,,,,,,,,,,,,,,,,,,False,,False,False,False,False,False,False,no_strict_insar_solution
358,0,4,12,1,440,,,,,,,,,,,,,,,,,,,,,,,,,,,,,,,,,,,,,,,,,,False,,False,False,False,False,False,False,no_strict_insar_solution
359,0,6,18,1,441,,,,,,,,,,,,,,,,,,,,,,,,,,,,,,,,,,,,,,,,,,False,,False,False,False,False,False,False,no_strict_insar_solution
360,0,5,15,1,442,,,,,,,,,,,,,,,,,,,,,,,,,,,,,,,,,,,,,,,,,,False,,False,False,False,False,False,False,no_strict_insar_solution
361,0,5,15,1,443,,,,,,,,,,,,,,,,,,,,,,,,,,,,,,,,,,,,,,,,,,False,,False,False,False,False,False,False,no_strict_insar_solution
362,0,7,21,1,444,,,,,,,,,,,,,,,,,,,,,,,,,,,,,,,,,,,,,,,,,,False,,False,False,False,False,False,False,no_strict_insar_solution
363,0,1,3,1,445,,,,,,,,,,,,,,,,,,,,,,,,,,,,,,,,,,,,,,,,,,False,,False,False,False,False,False,False,no_strict_insar_solution
364,0,1,3,1,446,,,,,,,,,,,,,,,,,,,,,,,,,,,,,,,,,,,,,,,,,,False,,False,False,False,False,False,False,no_strict_insar_solution
365,0,4,12,1,447,,,,,,,,,,,,,,,,,,,,,,,,,,,,,,,,,,,,,,,,,,False,,False,False,False,False,False,False,no_strict_insar_solution
366,0,4,12,1,448,,,,,,,,,,,,,,,,,,,,,,,,,,,,,,,,,,,,,,,,,,False,,False,False,False,False,False,False,no_strict_insar_solution
367,0,7,21,1,449,,,,,,,,,,,,,,,,,,,,,,,,,,,,,,,,,,,,,,,,,,False,,False,False,False,False,False,False,no_strict_insar_solution
368,0,7,21,1,450,,,,,,,,,,,,,,,,,,,,,,,,,,,,,,,,,,,,,,,,,,False,,False,False,False,False,False,False,no_strict_insar_solution
369,0,7,21,1,451,,,,,,,,,,,,,,,,,,,,,,,,,,,,,,,,,,,,,,,,,,False,,False,False,False,False,False,False,no_strict_insar_solution
370,0,7,21,1,452,,,,,,,,,,,,,,,,,,,,,,,,,,,,,,,,,,,,,,,,,,False,,False,False,False,False,False,False,no_strict_insar_solution
371,0,7,21,1,453,,,,,,,,,,,,,,,,,,,,,,,,,,,,,,,,,,,,,,,,,,False,,False,False,False,False,False,False,no_strict_insar_solution
372,0,7,21,1,454,,,,,,,,,,,,,,,,,,,,,,,,,,,,,,,,,,,,,,,,,,False,,False,False,False,False,False,False,no_strict_insar_solution
373,0,7,21,1,455,,,,,,,,,,,,,,,,,,,,,,,,,,,,,,,,,,,,,,,,,,False,,False,False,False,False,False,False,no_strict_insar_solution
374,0,7,21,1,456,,,,,,,,,,,,,,,,,,,,,,,,,,,,,,,,,,,,,,,,,,False,,False,False,False,False,False,False,no_strict_insar_solution
375,0,7,21,1,457,,,,,,,,,,,,,,,,,,,,,,,,,,,,,,,,,,,,,,,,,,False,,False,False,False,False,False,False,no_strict_insar_solution
376,0,7,21,1,458,,,,,,,,,,,,,,,,,,,,,,,,,,,,,,,,,,,,,,,,,,False,,False,False,False,False,False,False,no_strict_insar_solution
377,0,7,21,1,459,,,,,,,,,,,,,,,,,,,,,,,,,,,,,,,,,,,,,,,,,,False,,False,False,False,False,False,False,no_strict_insar_solution
378,0,7,21,1,460,,,,,,,,,,,,,,,,,,,,,,,,,,,,,,,,,,,,,,,,,,False,,False,False,False,False,False,False,no_strict_insar_solution
379,0,7,21,1,461,,,,,,,,,,,,,,,,,,,,,,,,,,,,,,,,,,,,,,,,,,False,,False,False,False,False,False,False,no_strict_insar_solution
380,0,7,21,1,462,,,,,,,,,,,,,,,,,,,,,,,,,,,,,,,,,,,,,,,,,,False,,False,False,False,False,False,False,no_strict_insar_solution
381,0,7,21,1,463,,,,,,,,,,,,,,,,,,,,,,,,,,,,,,,,,,,,,,,,,,False,,False,False,False,False,False,False,no_strict_insar_solution
382,0,7,21,1,464,,,,,,,,,,,,,,,,,,,,,,,,,,,,,,,,,,,,,,,,,,False,,False,False,False,False,False,False,no_strict_insar_solution
383,0,7,21,1,465,,,,,,,,,,,,,,,,,,,,,,,,,,,,,,,,,,,,,,,,,,False,,False,False,False,False,False,False,no_strict_insar_solution
384,0,7,21,2,466;467,,,,,,,,,,,,,,,,,,,,,,,,,,,,,,,,,,,,,,,,,,False,,False,False,False,False,False,False,no_strict_insar_solution
385,0,7,21,1,468,,,,,,,,,,,,,,,,,,,,,,,,,,,,,,,,,,,,,,,,,,False,,False,False,False,False,False,False,no_strict_insar_solution
386,0,7,21,2,469;472,,,,,,,,,,,,,,,,,,,,,,,,,,,,,,,,,,,,,,,,,,False,,False,False,False,False,False,False,no_strict_insar_solution
387,0,7,21,2,470;471,,,,,,,,,,,,,,,,,,,,,,,,,,,,,,,,,,,,,,,,,,False,,False,False,False,False,False,False,no_strict_insar_solution
388,0,6,18,2,473;474,,,,,,,,,,,,,,,,,,,,,,,,,,,,,,,,,,,,,,,,,,False,,False,False,False,False,False,False,no_strict_insar_solution
389,0,7,21,1,475,,,,,,,,,,,,,,,,,,,,,,,,,,,,,,,,,,,,,,,,,,False,,False,False,False,False,False,False,no_strict_insar_solution
390,0,7,21,1,476,,,,,,,,,,,,,,,,,,,,,,,,,,,,,,,,,,,,,,,,,,False,,False,False,False,False,False,False,no_strict_insar_solution
391,0,6,18,2,477;478,,,,,,,,,,,,,,,,,,,,,,,,,,,,,,,,,,,,,,,,,,False,,False,False,False,False,False,False,no_strict_insar_solution
392,0,7,21,1,479,,,,,,,,,,,,,,,,,,,,,,,,,,,,,,,,,,,,,,,,,,False,,False,False,False,False,False,False,no_strict_insar_solution
393,0,7,21,2,480;481,,,,,,,,,,,,,,,,,,,,,,,,,,,,,,,,,,,,,,,,,,False,,False,False,False,False,False,False,no_strict_insar_solution
394,0,4,12,1,482,,,,,,,,,,,,,,,,,,,,,,,,,,,,,,,,,,,,,,,,,,False,,False,False,False,False,False,False,no_strict_insar_solution
395,0,8,24,1,483,,,,,,,,,,,,,,,,,,,,,,,,,,,,,,,,,,,,,,,,,,False,,False,False,False,False,False,False,no_strict_insar_solution
396,0,3,9,1,484,,,,,,,,,,,,,,,,,,,,,,,,,,,,,,,,,,,,,,,,,,False,,False,False,False,False,False,False,no_strict_insar_solution
397,0,6,18,1,485,,,,,,,,,,,,,,,,,,,,,,,,,,,,,,,,,,,,,,,,,,False,,False,False,False,False,False,False,no_strict_insar_solution
398,0,16,48,1,486,,,,,,,,,,,,,,,,,,,,,,,,,,,,,,,,,,,,,,,,,,False,,False,False,False,False,False,False,no_strict_insar_solution
399,0,6,18,2,487;583,,,,,,,,,,,,,,,,,,,,,,,,,,,,,,,,,,,,,,,,,,False,,False,False,False,False,False,False,no_strict_insar_solution
400,0,7,21,2,488;585,,,,,,,,,,,,,,,,,,,,,,,,,,,,,,,,,,,,,,,,,,False,,False,False,False,False,False,False,no_strict_insar_solution
401,0,6,18,1,489,,,,,,,,,,,,,,,,,,,,,,,,,,,,,,,,,,,,,,,,,,False,,False,False,False,False,False,False,no_strict_insar_solution
402,0,6,18,1,490,,,,,,,,,,,,,,,,,,,,,,,,,,,,,,,,,,,,,,,,,,False,,False,False,False,False,False,False,no_strict_insar_solution
403,0,7,21,2,491;591,,,,,,,,,,,,,,,,,,,,,,,,,,,,,,,,,,,,,,,,,,False,,False,False,False,False,False,False,no_strict_insar_solution
404,0,7,21,2,492;723,,,,,,,,,,,,,,,,,,,,,,,,,,,,,,,,,,,,,,,,,,False,,False,False,False,False,False,False,no_strict_insar_solution
405,0,7,21,2,493;494,,,,,,,,,,,,,,,,,,,,,,,,,,,,,,,,,,,,,,,,,,False,,False,False,False,False,False,False,no_strict_insar_solution
406,0,7,21,2,495;728,,,,,,,,,,,,,,,,,,,,,,,,,,,,,,,,,,,,,,,,,,False,,False,False,False,False,False,False,no_strict_insar_solution
407,0,7,21,1,496,,,,,,,,,,,,,,,,,,,,,,,,,,,,,,,,,,,,,,,,,,False,,False,False,False,False,False,False,no_strict_insar_solution
408,0,7,21,1,497,,,,,,,,,,,,,,,,,,,,,,,,,,,,,,,,,,,,,,,,,,False,,False,False,False,False,False,False,no_strict_insar_solution
409,0,7,21,2,498;770,,,,,,,,,,,,,,,,,,,,,,,,,,,,,,,,,,,,,,,,,,False,,False,False,False,False,False,False,no_strict_insar_solution
410,0,6,18,1,499,,,,,,,,,,,,,,,,,,,,,,,,,,,,,,,,,,,,,,,,,,False,,False,False,False,False,False,False,no_strict_insar_solution
411,0,7,21,1,500,,,,,,,,,,,,,,,,,,,,,,,,,,,,,,,,,,,,,,,,,,False,,False,False,False,False,False,False,no_strict_insar_solution
412,0,6,18,1,501,,,,,,,,,,,,,,,,,,,,,,,,,,,,,,,,,,,,,,,,,,False,,False,False,False,False,False,False,no_strict_insar_solution
413,0,7,21,2,502;802,,,,,,,,,,,,,,,,,,,,,,,,,,,,,,,,,,,,,,,,,,False,,False,False,False,False,False,False,no_strict_insar_solution
414,0,7,21,2,503;807,,,,,,,,,,,,,,,,,,,,,,,,,,,,,,,,,,,,,,,,,,False,,False,False,False,False,False,False,no_strict_insar_solution
415,0,8,24,1,504,,,,,,,,,,,,,,,,,,,,,,,,,,,,,,,,,,,,,,,,,,False,,False,False,False,False,False,False,no_strict_insar_solution
416,0,8,24,2,505;811,,,,,,,,,,,,,,,,,,,,,,,,,,,,,,,,,,,,,,,,,,False,,False,False,False,False,False,False,no_strict_insar_solution
417,0,8,24,1,506,,,,,,,,,,,,,,,,,,,,,,,,,,,,,,,,,,,,,,,,,,False,,False,False,False,False,False,False,no_strict_insar_solution
418,0,8,24,2,507;833,,,,,,,,,,,,,,,,,,,,,,,,,,,,,,,,,,,,,,,,,,False,,False,False,False,False,False,False,no_strict_insar_solution
419,0,8,24,2,508;834,,,,,,,,,,,,,,,,,,,,,,,,,,,,,,,,,,,,,,,,,,False,,False,False,False,False,False,False,no_strict_insar_solution
420,0,8,24,1,509,,,,,,,,,,,,,,,,,,,,,,,,,,,,,,,,,,,,,,,,,,False,,False,False,False,False,False,False,no_strict_insar_solution
421,0,16,48,2,510;1022,,,,,,,,,,,,,,,,,,,,,,,,,,,,,,,,,,,,,,,,,,False,,False,False,False,False,False,False,no_strict_insar_solution
422,0,5,15,1,511,,,,,,,,,,,,,,,,,,,,,,,,,,,,,,,,,,,,,,,,,,False,,False,False,False,False,False,False,no_strict_insar_solution
423,0,6,18,1,512,,,,,,,,,,,,,,,,,,,,,,,,,,,,,,,,,,,,,,,,,,False,,False,False,False,False,False,False,no_strict_insar_solution
424,0,7,21,1,513,,,,,,,,,,,,,,,,,,,,,,,,,,,,,,,,,,,,,,,,,,False,,False,False,False,False,False,False,no_strict_insar_solution
425,0,2,6,1,514,,,,,,,,,,,,,,,,,,,,,,,,,,,,,,,,,,,,,,,,,,False,,False,False,False,False,False,False,no_strict_insar_solution
426,0,9,27,1,515,,,,,,,,,,,,,,,,,,,,,,,,,,,,,,,,,,,,,,,,,,False,,False,False,False,False,False,False,no_strict_insar_solution
427,0,4,12,1,516,,,,,,,,,,,,,,,,,,,,,,,,,,,,,,,,,,,,,,,,,,False,,False,False,False,False,False,False,no_strict_insar_solution
428,0,7,21,2,517;519,,,,,,,,,,,,,,,,,,,,,,,,,,,,,,,,,,,,,,,,,,False,,False,False,False,False,False,False,no_strict_insar_solution
429,0,6,18,1,518,,,,,,,,,,,,,,,,,,,,,,,,,,,,,,,,,,,,,,,,,,False,,False,False,False,False,False,False,no_strict_insar_solution
430,0,7,21,2,520;533,,,,,,,,,,,,,,,,,,,,,,,,,,,,,,,,,,,,,,,,,,False,,False,False,False,False,False,False,no_strict_insar_solution
431,0,7,21,1,521,,,,,,,,,,,,,,,,,,,,,,,,,,,,,,,,,,,,,,,,,,False,,False,False,False,False,False,False,no_strict_insar_solution
432,0,7,21,1,522,,,,,,,,,,,,,,,,,,,,,,,,,,,,,,,,,,,,,,,,,,False,,False,False,False,False,False,False,no_strict_insar_solution
433,0,7,21,1,523,,,,,,,,,,,,,,,,,,,,,,,,,,,,,,,,,,,,,,,,,,False,,False,False,False,False,False,False,no_strict_insar_solution
434,0,7,21,1,524,,,,,,,,,,,,,,,,,,,,,,,,,,,,,,,,,,,,,,,,,,False,,False,False,False,False,False,False,no_strict_insar_solution
435,0,5,15,1,525,8.28294849395752,grubbs_top,building_height_grubbs_top_m,1.4801828861236572,-1.510354471206665,0.074437141418457,1.578418254852295,3.309058904647827,5.285362911224363,6.553332138061525,7.606765937805175,8.28294849395752,8.28294849395752,0.0,27.0,0.3579843077510649,True,True,False,0.3579843198606193,2.134140491485596,2.698070722047008,1.2012286186218262,5.578418254852295,7.309058904647827,9.285362911224365,10.553332138061524,11.606765937805177,4.0,27.0,1.0,1.0,1.0,0.8661894798278809,0.3016453981399536,0.4001470804214477,18.0,478.9831848144531,435,254,,True,,False,False,False,False,False,False,insar_roof_only_strict
436,0,7,21,1,526,17.07964324951172,grubbs_top,building_height_grubbs_top_m,3.5409369468688965,-5.63682644367218,-0.6397577524185181,3.5409369468688965,7.016308307647705,9.752725410461425,11.264231300354009,15.633015441894528,17.07964324951172,17.07964324951172,0.0,30.0,0.3978611111859464,True,True,False,0.397861061272986,2.142858028411865,2.7451317244535867,0.4335511326789856,7.540936946868896,11.016308307647703,13.752725410461425,15.264231300354009,19.63301544189453,7.583239555358887,30.0,1.0,1.0,1.0,0.8410311937332153,0.3363959193229675,0.7048404812812805,14.0,434.78948974609375,436,255,,True,,False,False,False,False,False,False,insar_roof_only_strict
437,0,4,12,1,527,,,,,,,,,,,,,,,,,,,,,,,,,,,,,,,,,,,,,,,,,,False,,False,False,False,False,False,False,no_strict_insar_solution
438,0,6,18,1,528,,,,,,,,,,,,,,,,,,,,,,,,,,,,,,,,,,,,,,,,,,False,,False,False,False,False,False,False,no_strict_insar_solution
439,0,5,15,1,529,,,,,,,,,,,,,,,,,,,,,,,,,,,,,,,,,,,,,,,,,,False,,False,False,False,False,False,False,no_strict_insar_solution
440,0,7,21,1,530,9.921392440795898,grubbs_top,building_height_grubbs_top_m,0.8824048042297363,-3.352731823921204,-1.51123309135437,0.8824048042297363,3.4384984970092773,4.864497184753418,5.2454376220703125,5.9263224601745605,9.921392440795898,9.921392440795898,0.0,51.0,0.1131064905744411,True,True,False,0.1131065576024445,2.74502182006836,2.9646987403255145,0.5521414875984192,4.882404804229736,7.438498497009277,8.864497184753418,9.245437622070312,9.92632246017456,4.0,51.0,1.0,1.0,1.0,0.8271380662918091,0.3577964901924133,0.6247522830963135,14.0,346.7593078613281,440,259,,True,,False,False,False,False,False,False,insar_roof_only_strict
441,0,7,21,1,531,10.545867919921877,grubbs_top,building_height_grubbs_top_m,0.0268430709838867,-5.801851844787597,-2.4814419746398926,0.1123514175415039,1.7613987922668457,3.11378288269043,4.200218200683593,6.078745985031127,13.846057891845703,10.545867919921877,1.0,127.0,0.1576698131230834,True,False,True,0.0103379757114083,3.675494432449341,3.291809732810739,0.093055173754692,4.112351417541504,5.761398792266846,7.11378288269043,8.200218200683594,10.078745985031128,4.0,128.0,1.0,1.0,1.0,0.8340381383895874,0.3492458164691925,0.6629245281219482,17.5,478.9831848144531,441,260,,True,,False,False,False,True,False,True,insar_roof_only_strict
442,0,7,21,1,532,,,,,,,,,,,,,,,,,,,,,,,,,,,,,,,,,,,,,,,,,,False,,False,False,False,False,False,False,no_strict_insar_solution
443,0,6,18,1,534,,,,,,,,,,,,,,,,,,,,,,,,,,,,,,,,,,,,,,,,,,False,,False,False,False,False,False,False,no_strict_insar_solution
444,0,6,18,1,535,,,,,,,,,,,,,,,,,,,,,,,,,,,,,,,,,,,,,,,,,,False,,False,False,False,False,False,False,no_strict_insar_solution
445,0,6,18,1,536,,,,,,,,,,,,,,,,,,,,,,,,,,,,,,,,,,,,,,,,,,False,,False,False,False,False,False,False,no_strict_insar_solution
446,0,6,18,2,537;538,2.1434226036071777,grubbs_top,building_height_grubbs_top_m,-0.968095064163208,-5.955162048339843,-3.061035633087158,-0.968095064163208,0.1413416862487793,1.106533622741698,1.453857612609864,1.718386650085449,8.552678108215332,2.1434226036071777,1.0,48.0,1.0,True,False,True,0.0055748109256246,3.451362133026123,2.949060370864467,-1.2041295766830444,3.031904935836792,4.141341686248779,5.106533622741698,5.453857612609864,5.718386650085449,4.0,49.0,1.0,1.0,1.0,0.8675959706306458,0.3276524841785431,0.6165544390678406,14.0,370.39849853515625,446,261,,True,,False,False,False,True,False,True,insar_roof_only_strict
447,0,4,12,2,539;541,6.163665771484375,grubbs_top,building_height_grubbs_top_m,-0.0754570960998535,-6.2339684009552006,-3.2370570302009583,0.0158045291900634,1.797974944114685,2.3253633022308344,2.798288536071778,3.6698011398315415,13.321491241455078,6.163665771484375,2.0,88.0,1.0,True,False,True,0.0045067879946958,3.738624334335327,3.1732889449979997,0.015804411843419,4.015804529190064,5.797974944114685,6.325363302230834,6.7982885360717775,7.669801139831541,4.0,90.0,1.0,1.0,1.0,0.8637547492980957,0.3345756828784942,0.6158865690231323,20.5,454.88970947265625,447,262,,True,,False,False,False,True,False,True,insar_roof_only_strict
448,0,6,18,1,540,,,,,,,,,,,,,,,,,,,,,,,,,,,,,,,,,,,,,,,,,,False,,False,False,False,False,False,False,no_strict_insar_solution
449,0,7,21,1,543,,,,,,,,,,,,,,,,,,,,,,,,,,,,,,,,,,,,,,,,,,False,,False,False,False,False,False,False,no_strict_insar_solution
450,0,2,6,1,544,,,,,,,,,,,,,,,,,,,,,,,,,,,,,,,,,,,,,,,,,,False,,False,False,False,False,False,False,no_strict_insar_solution
451,0,13,39,1,545,,,,,,,,,,,,,,,,,,,,,,,,,,,,,,,,,,,,,,,,,,False,,False,False,False,False,False,False,no_strict_insar_solution
452,0,7,21,1,546,,,,,,,,,,,,,,,,,,,,,,,,,,,,,,,,,,,,,,,,,,False,,False,False,False,False,False,False,no_strict_insar_solution
453,0,13,39,1,547,,,,,,,,,,,,,,,,,,,,,,,,,,,,,,,,,,,,,,,,,,False,,False,False,False,False,False,False,no_strict_insar_solution
454,0,5,15,1,549,,,,,,,,,,,,,,,,,,,,,,,,,,,,,,,,,,,,,,,,,,False,,False,False,False,False,False,False,no_strict_insar_solution
455,0,8,24,1,550,,,,,,,,,,,,,,,,,,,,,,,,,,,,,,,,,,,,,,,,,,False,,False,False,False,False,False,False,no_strict_insar_solution
456,0,4,12,1,551,,,,,,,,,,,,,,,,,,,,,,,,,,,,,,,,,,,,,,,,,,False,,False,False,False,False,False,False,no_strict_insar_solution
457,0,6,18,1,552,15.26218032836914,grubbs_top,building_height_grubbs_top_m,-1.2366154193878174,-6.692321109771728,-4.113301038742065,-1.091636300086975,2.487014651298523,6.145730113983152,8.580854225158692,9.4677152633667,15.26218032836914,15.26218032836914,0.0,30.0,0.0644119809309629,True,True,False,0.0644119391561026,2.681439161300659,2.7451317244535867,-2.381583094596863,2.908363699913025,6.487014651298523,10.145730113983152,12.580854225158692,13.4677152633667,5.008021831512451,30.0,1.0,1.0,1.0,0.8429762721061707,0.3570834100246429,0.6044113039970398,19.0,563.6861572265625,457,271,,True,,False,False,False,False,False,False,insar_roof_only_strict
458,0,6,18,2,553;555,,,,,,,,,,,,,,,,,,,,,,,,,,,,,,,,,,,,,,,,,,False,,False,False,False,False,False,False,no_strict_insar_solution
459,0,6,18,1,554,,,,,,,,,,,,,,,,,,,,,,,,,,,,,,,,,,,,,,,,,,False,,False,False,False,False,False,False,no_strict_insar_solution
460,0,6,18,1,556,,,,,,,,,,,,,,,,,,,,,,,,,,,,,,,,,,,,,,,,,,False,,False,False,False,False,False,False,no_strict_insar_solution
461,0,6,18,2,557;558,,,,,,,,,,,,,,,,,,,,,,,,,,,,,,,,,,,,,,,,,,False,,False,False,False,False,False,False,no_strict_insar_solution
462,0,6,18,1,559,,,,,,,,,,,,,,,,,,,,,,,,,,,,,,,,,,,,,,,,,,False,,False,False,False,False,False,False,no_strict_insar_solution
463,0,6,18,1,560,,,,,,,,,,,,,,,,,,,,,,,,,,,,,,,,,,,,,,,,,,False,,False,False,False,False,False,False,no_strict_insar_solution
464,0,6,18,1,561,,,,,,,,,,,,,,,,,,,,,,,,,,,,,,,,,,,,,,,,,,False,,False,False,False,False,False,False,no_strict_insar_solution
465,0,5,15,1,562,26.062877655029297,grubbs_top,building_height_grubbs_top_m,3.576301097869873,-4.20443708896637,-0.0063153505325317,3.627676486968994,8.738714694976807,11.088483142852784,12.616569328308108,16.864913558959955,26.062877655029297,26.062877655029297,0.0,162.0,0.0692134376266371,True,True,False,0.0692134308412948,3.2823948860168457,3.3672346152648784,1.85049831867218,7.627676486968994,12.738714694976808,15.088483142852784,16.616569328308106,20.864913558959955,6.166711807250977,162.0,1.0,1.0,1.0,0.8540425896644592,0.3389248847961426,0.9124802350997924,20.0,476.59381103515625,465,279,,True,,False,False,False,False,False,False,insar_roof_only_strict
466,0,7,21,1,563,26.17616844177246,grubbs_top,building_height_grubbs_top_m,15.25936794281006,-3.949211406707764,1.400015115737915,15.25936794281006,17.926600456237793,18.90926399230957,19.770568466186525,22.72783985137938,26.17616844177246,26.17616844177246,0.0,122.0,1.0,True,True,False,1.0,1.6631447076797483,3.276078195746472,1.2608588933944702,19.25936794281006,21.926600456237797,22.90926399230957,23.770568466186525,26.72783985137938,19.0,122.0,1.0,1.0,1.0,0.8883525729179382,0.3469864726066589,0.8731950521469116,16.0,500.6902465820313,466,280,,True,,False,False,False,False,False,False,insar_roof_only_strict
467,0,7,21,1,564,44.112335205078125,grubbs_top,building_height_grubbs_top_m,8.96279239654541,-3.307572031021118,0.3707301020622253,8.96279239654541,25.402732849121094,29.006782722473133,33.450794982910175,38.528992843627925,44.112335205078125,44.112335205078125,0.0,58.0,0.8201213886018062,True,True,False,0.8201212274449692,2.1565656661987305,3.014071662661994,4.921672105789185,12.96279239654541,29.402732849121094,33.00678272247313,37.450794982910175,42.528992843627925,4.708859443664551,58.0,1.0,1.0,1.0,0.8747923970222473,0.3517703413963318,0.7906882762908936,13.0,424.91448974609375,467,281,,True,,False,False,False,False,False,False,insar_roof_only_strict
468,0,5,15,1,565,,,,,,,,,,,,,,,,,,,,,,,,,,,,,,,,,,,,,,,,,,False,,False,False,False,False,False,False,no_strict_insar_solution
469,0,6,18,1,566,,,,,,,,,,,,,,,,,,,,,,,,,,,,,,,,,,,,,,,,,,False,,False,False,False,False,False,False,no_strict_insar_solution
470,0,7,21,1,567,,,,,,,,,,,,,,,,,,,,,,,,,,,,,,,,,,,,,,,,,,False,,False,False,False,False,False,False,no_strict_insar_solution
471,0,6,18,2,568;569,29.785140991210938,grubbs_top,building_height_grubbs_top_m,0.9845051765441896,-4.899113416671753,-1.5175968408584597,1.5608539581298828,9.083635807037354,24.33333778381348,25.2171688079834,27.33234024047852,29.785140991210938,29.785140991210938,0.0,71.0,0.9683783603480912,True,True,False,0.9683786424582496,2.17687726020813,3.089077269186344,0.6324012279510498,5.560853958129883,13.083635807037354,28.33333778381348,29.2171688079834,31.33234024047852,4.922568321228027,71.0,1.0,1.0,1.0,0.8424229025840759,0.3534906208515167,0.702976405620575,19.0,559.4821166992188,471,285,,True,,False,False,False,False,False,False,insar_roof_only_strict
472,0,6,18,1,570,,,,,,,,,,,,,,,,,,,,,,,,,,,,,,,,,,,,,,,,,,False,,False,False,False,False,False,False,no_strict_insar_solution
473,0,7,21,2,571;627,,,,,,,,,,,,,,,,,,,,,,,,,,,,,,,,,,,,,,,,,,False,,False,False,False,False,False,False,no_strict_insar_solution
474,0,5,15,1,572,,,,,,,,,,,,,,,,,,,,,,,,,,,,,,,,,,,,,,,,,,False,,False,False,False,False,False,False,no_strict_insar_solution
475,0,7,21,1,573,,,,,,,,,,,,,,,,,,,,,,,,,,,,,,,,,,,,,,,,,,False,,False,False,False,False,False,False,no_strict_insar_solution
476,0,6,18,1,574,,,,,,,,,,,,,,,,,,,,,,,,,,,,,,,,,,,,,,,,,,False,,False,False,False,False,False,False,no_strict_insar_solution
477,0,8,24,2,575;576,,,,,,,,,,,,,,,,,,,,,,,,,,,,,,,,,,,,,,,,,,False,,False,False,False,False,False,False,no_strict_insar_solution
478,0,2,6,1,577,,,,,,,,,,,,,,,,,,,,,,,,,,,,,,,,,,,,,,,,,,False,,False,False,False,False,False,False,no_strict_insar_solution
479,0,1,3,1,578,,,,,,,,,,,,,,,,,,,,,,,,,,,,,,,,,,,,,,,,,,False,,False,False,False,False,False,False,no_strict_insar_solution
480,0,3,9,1,579,,,,,,,,,,,,,,,,,,,,,,,,,,,,,,,,,,,,,,,,,,False,,False,False,False,False,False,False,no_strict_insar_solution
481,0,4,12,1,580,,,,,,,,,,,,,,,,,,,,,,,,,,,,,,,,,,,,,,,,,,False,,False,False,False,False,False,False,no_strict_insar_solution
482,0,6,18,1,581,,,,,,,,,,,,,,,,,,,,,,,,,,,,,,,,,,,,,,,,,,False,,False,False,False,False,False,False,no_strict_insar_solution
483,0,4,12,1,582,,,,,,,,,,,,,,,,,,,,,,,,,,,,,,,,,,,,,,,,,,False,,False,False,False,False,False,False,no_strict_insar_solution
484,0,6,18,1,584,,,,,,,,,,,,,,,,,,,,,,,,,,,,,,,,,,,,,,,,,,False,,False,False,False,False,False,False,no_strict_insar_solution
485,0,6,18,1,586,,,,,,,,,,,,,,,,,,,,,,,,,,,,,,,,,,,,,,,,,,False,,False,False,False,False,False,False,no_strict_insar_solution
486,0,6,18,1,587,,,,,,,,,,,,,,,,,,,,,,,,,,,,,,,,,,,,,,,,,,False,,False,False,False,False,False,False,no_strict_insar_solution
487,0,6,18,2,588;589,,,,,,,,,,,,,,,,,,,,,,,,,,,,,,,,,,,,,,,,,,False,,False,False,False,False,False,False,no_strict_insar_solution
488,0,7,21,1,590,,,,,,,,,,,,,,,,,,,,,,,,,,,,,,,,,,,,,,,,,,False,,False,False,False,False,False,False,no_strict_insar_solution
489,0,7,21,2,592;593,,,,,,,,,,,,,,,,,,,,,,,,,,,,,,,,,,,,,,,,,,False,,False,False,False,False,False,False,no_strict_insar_solution
490,0,7,21,2,594;595,,,,,,,,,,,,,,,,,,,,,,,,,,,,,,,,,,,,,,,,,,False,,False,False,False,False,False,False,no_strict_insar_solution
491,0,7,21,1,596,,,,,,,,,,,,,,,,,,,,,,,,,,,,,,,,,,,,,,,,,,False,,False,False,False,False,False,False,no_strict_insar_solution
492,0,7,21,1,597,,,,,,,,,,,,,,,,,,,,,,,,,,,,,,,,,,,,,,,,,,False,,False,False,False,False,False,False,no_strict_insar_solution
493,0,8,24,2,598;599,9.50433349609375,grubbs_top,building_height_grubbs_top_m,0.3716497421264648,-5.713195872306824,-3.1962385177612305,0.416172981262207,3.655168056488037,4.977669858932496,5.885190105438232,7.908270120620727,16.616344451904297,9.50433349609375,1.0,97.0,1.0,True,False,True,0.0097768169097796,3.59831976890564,3.2026266519112423,0.0824734531342983,4.416172981262207,7.655168056488037,8.977669858932495,9.885190105438232,11.908270120620726,4.0,98.0,1.0,1.0,1.0,0.8350635766983032,0.3515460789203644,0.8913631439208984,16.5,410.3930969238281,493,289,,True,,False,False,False,True,False,True,insar_roof_only_strict
494,0,7,21,1,600,,,,,,,,,,,,,,,,,,,,,,,,,,,,,,,,,,,,,,,,,,False,,False,False,False,False,False,False,no_strict_insar_solution
495,0,7,21,1,601,,,,,,,,,,,,,,,,,,,,,,,,,,,,,,,,,,,,,,,,,,False,,False,False,False,False,False,False,no_strict_insar_solution
496,0,7,21,1,602,,,,,,,,,,,,,,,,,,,,,,,,,,,,,,,,,,,,,,,,,,False,,False,False,False,False,False,False,no_strict_insar_solution
497,0,7,21,1,603,,,,,,,,,,,,,,,,,,,,,,,,,,,,,,,,,,,,,,,,,,False,,False,False,False,False,False,False,no_strict_insar_solution
498,0,6,18,1,604,,,,,,,,,,,,,,,,,,,,,,,,,,,,,,,,,,,,,,,,,,False,,False,False,False,False,False,False,no_strict_insar_solution
499,0,7,21,1,605,,,,,,,,,,,,,,,,,,,,,,,,,,,,,,,,,,,,,,,,,,False,,False,False,False,False,False,False,no_strict_insar_solution
500,0,8,24,1,606,,,,,,,,,,,,,,,,,,,,,,,,,,,,,,,,,,,,,,,,,,False,,False,False,False,False,False,False,no_strict_insar_solution
501,0,7,21,1,607,,,,,,,,,,,,,,,,,,,,,,,,,,,,,,,,,,,,,,,,,,False,,False,False,False,False,False,False,no_strict_insar_solution
502,0,6,18,1,608,,,,,,,,,,,,,,,,,,,,,,,,,,,,,,,,,,,,,,,,,,False,,False,False,False,False,False,False,no_strict_insar_solution
503,0,7,21,1,609,,,,,,,,,,,,,,,,,,,,,,,,,,,,,,,,,,,,,,,,,,False,,False,False,False,False,False,False,no_strict_insar_solution
504,0,7,21,1,610,,,,,,,,,,,,,,,,,,,,,,,,,,,,,,,,,,,,,,,,,,False,,False,False,False,False,False,False,no_strict_insar_solution
505,0,9,27,1,611,,,,,,,,,,,,,,,,,,,,,,,,,,,,,,,,,,,,,,,,,,False,,False,False,False,False,False,False,no_strict_insar_solution
506,0,7,21,1,612,,,,,,,,,,,,,,,,,,,,,,,,,,,,,,,,,,,,,,,,,,False,,False,False,False,False,False,False,no_strict_insar_solution
507,0,5,15,1,613,,,,,,,,,,,,,,,,,,,,,,,,,,,,,,,,,,,,,,,,,,False,,False,False,False,False,False,False,no_strict_insar_solution
508,0,7,21,1,614,3.346614360809326,grubbs_top,building_height_grubbs_top_m,-1.7099664211273191,-8.75398449897766,-3.8473230600357056,-1.7643439769744873,-0.8980377316474915,0.0119113445281981,0.447860097885132,1.117069506645202,7.867581367492676,3.346614360809326,1.0,63.0,1.0,True,False,True,0.0246128506228515,3.22794508934021,3.050967777749636,-1.7643439769744873,2.2356560230255127,3.1019622683525085,4.011911344528198,4.447860097885132,5.117069506645202,4.0,64.0,1.0,1.0,1.0,0.8254530429840088,0.3443921208381653,0.531319260597229,17.0,481.2087097167969,508,293,,True,,False,False,False,True,False,True,insar_roof_only_strict
509,0,7,21,1,615,5.019565582275391,grubbs_top,building_height_grubbs_top_m,1.6172723770141602,-1.495427894592285,-0.285597562789917,1.7178893089294434,3.15889310836792,3.5675182342529297,3.8844268798828128,4.70104637145996,11.820086479187012,5.019565582275391,1.0,44.0,1.0,True,False,True,0.0001591421835761,4.031339168548584,2.9153081119056146,1.398710012435913,5.717889308929443,7.15889310836792,7.56751823425293,7.884426879882813,8.70104637145996,4.0,45.0,1.0,1.0,1.0,0.8344981670379639,0.3464893102645874,0.7624085545539856,17.0,544.6810913085938,509,294,,True,,False,False,False,True,False,True,insar_roof_only_strict
510,0,7,21,3,616;618;621,,,,,,,,,,,,,,,,,,,,,,,,,,,,,,,,,,,,,,,,,,False,,False,False,False,False,False,False,no_strict_insar_solution
511,0,4,12,2,617;629,35.52936553955078,grubbs_top,building_height_grubbs_top_m,10.952801704406738,-5.329376983642578,-0.0652742385864257,10.952801704406738,14.193381309509276,15.187345886230467,17.77534790039063,21.525740051269523,35.52936553955078,35.52936553955078,0.0,95.0,0.1070020781681896,True,True,False,0.1070020676685329,2.987404584884644,3.191968488351816,0.9355517625808716,14.952801704406738,18.19338130950928,19.187345886230467,21.77534790039063,25.525740051269523,13.299158096313477,95.0,1.0,1.0,1.0,0.8271856307983398,0.3470552563667297,0.7370042204856873,16.0,496.6940002441406,511,296,,True,,False,False,False,False,False,False,insar_roof_only_strict
512,0,7,21,3,619;742;620,,,,,,,,,,,,,,,,,,,,,,,,,,,,,,,,,,,,,,,,,,False,,False,False,False,False,False,False,no_strict_insar_solution
513,0,6,18,1,622,,,,,,,,,,,,,,,,,,,,,,,,,,,,,,,,,,,,,,,,,,False,,False,False,False,False,False,False,no_strict_insar_solution
514,0,7,21,1,623,38.14150619506836,grubbs_top,building_height_grubbs_top_m,22.85242080688477,-7.090741276741028,1.777613878250122,22.85242080688477,31.530860900878903,33.2924747467041,34.35971260070801,36.28739261627197,38.14150619506836,38.14150619506836,0.0,46.0,1.0,True,True,False,1.0,1.286612033843994,2.924080860089991,8.040576934814453,26.85242080688477,35.530860900878906,37.2924747467041,38.35971260070801,40.28739261627197,21.553089141845703,46.0,1.0,1.0,1.0,0.8510251641273499,0.3208683133125305,0.6789424419403076,14.5,330.54400634765625,514,299,,True,,False,False,False,False,False,False,insar_roof_only_strict
515,0,3,9,2,624;626,,,,,,,,,,,,,,,,,,,,,,,,,,,,,,,,,,,,,,,,,,False,,False,False,False,False,False,False,no_strict_insar_solution
516,0,6,18,2,625;636,,,,,,,,,,,,,,,,,,,,,,,,,,,,,,,,,,,,,,,,,,False,,False,False,False,False,False,False,no_strict_insar_solution
517,0,7,21,1,628,,,,,,,,,,,,,,,,,,,,,,,,,,,,,,,,,,,,,,,,,,False,,False,False,False,False,False,False,no_strict_insar_solution
518,0,7,21,1,630,,,,,,,,,,,,,,,,,,,,,,,,,,,,,,,,,,,,,,,,,,False,,False,False,False,False,False,False,no_strict_insar_solution
519,0,4,12,1,631,,,,,,,,,,,,,,,,,,,,,,,,,,,,,,,,,,,,,,,,,,False,,False,False,False,False,False,False,no_strict_insar_solution
520,0,6,18,2,632;633,,,,,,,,,,,,,,,,,,,,,,,,,,,,,,,,,,,,,,,,,,False,,False,False,False,False,False,False,no_strict_insar_solution
521,0,6,18,2,634;635,,,,,,,,,,,,,,,,,,,,,,,,,,,,,,,,,,,,,,,,,,False,,False,False,False,False,False,False,no_strict_insar_solution
522,0,6,18,2,637;638,,,,,,,,,,,,,,,,,,,,,,,,,,,,,,,,,,,,,,,,,,False,,False,False,False,False,False,False,no_strict_insar_solution
523,0,7,21,1,639,36.4946403503418,grubbs_top,building_height_grubbs_top_m,1.035472393035889,-6.918741273880005,-3.7359138131141663,1.035472393035889,21.074488162994385,28.75453643798828,31.55755958557129,33.78319149017334,36.4946403503418,36.4946403503418,0.0,74.0,1.0,True,True,False,1.0,1.988824963569641,3.1040534582828645,-2.4703317880630493,5.035472393035889,25.074488162994385,32.75453643798828,35.5575595855713,37.78319149017334,8.159794807434082,74.0,1.0,1.0,1.0,0.8325573801994324,0.3490152955055237,0.9620025753974916,16.5,425.8557434082031,523,308,,True,,False,False,False,False,False,False,insar_roof_only_strict
524,0,5,15,1,640,,,,,,,,,,,,,,,,,,,,,,,,,,,,,,,,,,,,,,,,,,False,,False,False,False,False,False,False,no_strict_insar_solution
525,0,3,9,1,641,,,,,,,,,,,,,,,,,,,,,,,,,,,,,,,,,,,,,,,,,,False,,False,False,False,False,False,False,no_strict_insar_solution
526,0,4,12,2,642;645,,,,,,,,,,,,,,,,,,,,,,,,,,,,,,,,,,,,,,,,,,False,,False,False,False,False,False,False,no_strict_insar_solution
527,0,6,18,2,643;646,,,,,,,,,,,,,,,,,,,,,,,,,,,,,,,,,,,,,,,,,,False,,False,False,False,False,False,False,no_strict_insar_solution
528,0,7,21,2,644;647,,,,,,,,,,,,,,,,,,,,,,,,,,,,,,,,,,,,,,,,,,False,,False,False,False,False,False,False,no_strict_insar_solution
529,0,2,6,2,648;650,15.602890014648438,grubbs_top,building_height_grubbs_top_m,7.949775695800781,-1.745161771774292,2.7799935340881348,7.949775695800781,9.646772623062134,10.569874048233032,10.752517700195312,13.14129400253296,15.602890014648438,15.602890014648438,0.0,66.0,1.0,True,True,False,1.0,1.9689338207244875,3.062349007088093,3.722977876663208,11.94977569580078,13.646772623062134,14.569874048233032,14.752517700195312,17.14129400253296,4.06617546081543,66.0,1.0,1.0,1.0,0.8319110870361328,0.361232578754425,0.7999441623687744,16.0,370.5386047363281,529,314,,True,,False,False,False,False,False,False,insar_roof_only_strict
530,0,7,21,1,651,34.988651275634766,grubbs_top,building_height_grubbs_top_m,-1.2569260597229004,-5.659442663192749,-3.154445171356201,-0.5096874237060547,1.031104326248169,9.319266653060904,29.15960159301759,33.64791641235351,34.988651275634766,34.988651275634766,0.0,35.0,0.1227109606787058,True,True,False,0.1227108752244532,2.572493553161621,2.811781880168149,-0.8967412114143372,3.4903125762939453,5.031104326248169,13.319266653060904,33.15960159301759,37.64791641235351,4.0,35.0,1.0,1.0,1.0,0.8337422013282776,0.3390668034553528,0.8634995818138123,14.0,360.5517883300781,530,315,,True,,False,False,False,False,False,False,insar_roof_only_strict
531,0,7,21,1,652,,,,,,,,,,,,,,,,,,,,,,,,,,,,,,,,,,,,,,,,,,False,,False,False,False,False,False,False,no_strict_insar_solution
532,0,2,6,1,653,,,,,,,,,,,,,,,,,,,,,,,,,,,,,,,,,,,,,,,,,,False,,False,False,False,False,False,False,no_strict_insar_solution
533,0,7,21,1,654,,,,,,,,,,,,,,,,,,,,,,,,,,,,,,,,,,,,,,,,,,False,,False,False,False,False,False,False,no_strict_insar_solution
534,0,7,21,1,655,,,,,,,,,,,,,,,,,,,,,,,,,,,,,,,,,,,,,,,,,,False,,False,False,False,False,False,False,no_strict_insar_solution
535,0,7,21,1,656,25.408897399902344,grubbs_top,building_height_grubbs_top_m,0.5987753868103027,-13.004755020141602,-6.607907772064209,0.5987753868103027,19.66145133972168,22.967853546142575,24.44396209716797,24.910945892333984,25.408897399902344,25.408897399902344,0.0,21.0,1.0,True,True,False,1.0,1.4402836561203003,2.580387571716829,-2.7298855781555176,4.598775386810303,23.66145133972168,26.967853546142575,28.44396209716797,28.910945892333984,6.795676231384277,21.0,1.0,1.0,1.0,0.8477254509925842,0.3432706296443939,0.6280748248100281,14.0,460.1239013671875,535,320,,True,,False,False,False,False,False,False,insar_roof_only_strict
536,0,6,18,1,657,,,,,,,,,,,,,,,,,,,,,,,,,,,,,,,,,,,,,,,,,,False,,False,False,False,False,False,False,no_strict_insar_solution
537,0,2,6,1,658,,,,,,,,,,,,,,,,,,,,,,,,,,,,,,,,,,,,,,,,,,False,,False,False,False,False,False,False,no_strict_insar_solution
538,0,7,21,1,659,,,,,,,,,,,,,,,,,,,,,,,,,,,,,,,,,,,,,,,,,,False,,False,False,False,False,False,False,no_strict_insar_solution
539,0,7,21,1,660,,,,,,,,,,,,,,,,,,,,,,,,,,,,,,,,,,,,,,,,,,False,,False,False,False,False,False,False,no_strict_insar_solution
540,0,6,18,1,661,,,,,,,,,,,,,,,,,,,,,,,,,,,,,,,,,,,,,,,,,,False,,False,False,False,False,False,False,no_strict_insar_solution
541,0,9,27,1,662,,,,,,,,,,,,,,,,,,,,,,,,,,,,,,,,,,,,,,,,,,False,,False,False,False,False,False,False,no_strict_insar_solution
542,0,8,24,1,663,7.008750915527344,grubbs_top,building_height_grubbs_top_m,3.67110013961792,-1.0643205046653748,2.249669671058655,3.729600429534912,5.275713443756104,5.586871147155762,5.865525245666504,9.056485176086426,19.142009735107425,7.008750915527344,2.0,34.0,1.0,True,False,True,0.0001980768445344,3.861199140548706,2.8236933338418355,3.7296005487442017,7.729600429534912,9.275713443756104,9.586871147155762,9.865525245666504,13.056485176086426,4.0,36.0,1.0,1.0,1.0,0.8473742008209229,0.3483612239360809,0.6643855571746826,16.0,323.981689453125,542,327,,True,,False,False,False,True,False,True,insar_roof_only_strict
543,0,7,21,1,665,31.22864532470703,grubbs_top,building_height_grubbs_top_m,-1.1053180694580078,-17.261119651794434,-5.502694606781006,-1.1053180694580078,19.85262393951416,22.50972843170166,23.144380187988283,23.930745887756345,31.22864532470703,31.22864532470703,0.0,35.0,0.9710876421481662,True,True,False,0.9710877578489192,1.8770898580551147,2.811781880168149,-3.4705231189727783,2.894681930541992,23.85262393951416,26.50972843170166,27.144380187988283,27.930745887756345,8.144857406616211,35.0,1.0,1.0,1.0,0.8656983375549316,0.3115689754486084,0.5663712620735168,19.0,604.044677734375,543,328,,True,,False,False,False,False,False,False,insar_roof_only_strict
544,0,2,6,1,666,0.5007939338684082,grubbs_top,building_height_grubbs_top_m,-7.904959678649902,-13.31708598136902,-9.201373100280762,-7.379619121551514,-1.9778469800949097,4.3578948974609375,17.338587760925293,22.151928901672363,29.74420166015625,0.5007939338684082,4.0,22.0,0.4446189642212306,True,False,True,0.028070278535921,2.8151628971099854,2.6808994518100517,-7.999199390411377,-3.3796191215515137,2.0221530199050903,8.357894897460938,21.338587760925293,26.151928901672363,4.0,26.0,1.0,1.0,1.0,0.8590295910835266,0.3333825469017029,0.6208754181861877,17.0,285.9814147949219,544,329,,True,,False,False,False,True,False,True,insar_roof_only_strict
545,0,9,27,1,667,,,,,,,,,,,,,,,,,,,,,,,,,,,,,,,,,,,,,,,,,,False,,False,False,False,False,False,False,no_strict_insar_solution
546,0,7,21,1,668,,,,,,,,,,,,,,,,,,,,,,,,,,,,,,,,,,,,,,,,,,False,,False,False,False,False,False,False,no_strict_insar_solution
547,0,12,36,1,669,60.83518981933594,grubbs_top,building_height_grubbs_top_m,13.16246223449707,-3.652123773097992,3.63207471370697,13.16246223449707,30.58611297607422,33.95844764709473,35.74311752319336,38.28278923034667,60.83518981933594,60.83518981933594,0.0,100.0,0.2494584378628372,True,True,False,0.2494586258162456,2.7590465545654297,3.209520302030832,0.8401709198951721,17.16246223449707,34.58611297607422,37.95844764709473,39.74311752319336,42.28278923034667,13.788211822509766,100.0,1.0,1.0,1.0,0.851749062538147,0.2843961119651794,1.0390582084655762,17.0,521.2033081054688,547,332,,True,,False,False,False,False,False,False,insar_roof_only_strict
548,0,9,27,1,671,,,,,,,,,,,,,,,,,,,,,,,,,,,,,,,,,,,,,,,,,,False,,False,False,False,False,False,False,no_strict_insar_solution
549,0,25,75,1,672,14.421598434448242,grubbs_top,building_height_grubbs_top_m,2.2473630905151367,-1.5314193487167358,-0.0811809301376342,2.471780776977539,8.285057067871094,10.145181655883787,11.334019279479987,12.83121109008789,39.470008850097656,14.421598434448242,5.0,158.0,1.0,True,False,True,1.886438179665717e-06,5.334019660949707,3.369167442439182,2.47178053855896,6.471780776977539,12.285057067871094,14.145181655883787,15.334019279479987,16.83121109008789,4.0,163.0,1.0,1.0,1.0,0.9219949841499328,0.2433745563030243,0.5448365211486816,32.0,613.2711791992188,549,334,,True,,False,False,False,True,False,True,insar_roof_only_strict
550,0,10,30,2,673;674,4.754001617431641,grubbs_top,building_height_grubbs_top_m,-0.7969814538955688,-4.855732011795044,-2.3736337423324585,-0.3788220882415771,3.062181234359741,9.34443464279175,17.993311309814448,22.737828254699696,42.04379653930664,4.754001617431641,12.0,55.0,0.8016899001525546,True,False,True,0.000283809755694,4.147669792175293,3.06788516289407,-0.3788220584392547,3.621177911758423,7.062181234359741,13.34443464279175,21.993311309814448,26.737828254699696,4.0,67.0,1.0,1.0,1.0,0.9330658912658693,0.1949025690555572,0.8649978041648865,20.0,330.54400634765625,550,335,,True,,False,False,False,True,False,True,insar_roof_only_strict
551,0,7,21,2,675;676,,,,,,,,,,,,,,,,,,,,,,,,,,,,,,,,,,,,,,,,,,False,,False,False,False,False,False,False,no_strict_insar_solution
552,0,15,45,1,677,,,,,,,,,,,,,,,,,,,,,,,,,,,,,,,,,,,,,,,,,,False,,False,False,False,False,False,False,no_strict_insar_solution
553,0,22,66,1,678,68.81425476074219,grubbs_top,building_height_grubbs_top_m,26.06553649902344,-4.684698915481567,5.572856903076172,26.06553649902344,66.20853424072266,68.0154296875,68.37799987792968,68.42214508056641,68.81425476074219,68.81425476074219,0.0,23.0,1.0,True,True,False,1.0,1.1015135049819946,2.6239161203491976,1.345233917236328,30.06553649902344,70.20853424072266,72.0154296875,72.37799987792968,72.42214508056641,19.093786239624023,23.0,1.0,1.0,1.0,0.849716305732727,0.3156797885894775,1.113817572593689,16.0,323.981689453125,553,338,,True,,False,False,False,False,False,False,insar_roof_only_strict
554,0,4,12,1,679,,,,,,,,,,,,,,,,,,,,,,,,,,,,,,,,,,,,,,,,,,False,,False,False,False,False,False,False,no_strict_insar_solution
555,0,6,18,4,680;705;702;703,5.056921005249023,grubbs_top,building_height_grubbs_top_m,-3.0998048782348637,-9.144784832000733,-4.252407789230347,-2.719633817672729,0.2690181732177734,1.2497467517852774,4.598130607604991,15.0464693069458,21.94264793395996,5.056921005249023,4.0,39.0,0.2418298227569509,True,False,True,0.0054367299682439,3.397844076156616,2.8970234886239705,-2.719633817672729,1.2803661823272705,4.269018173217773,5.249746751785278,8.59813060760499,19.0464693069458,4.0,43.0,1.0,1.0,1.0,0.8540891408920288,0.3396285772323608,1.0278688669204712,22.0,561.0567016601562,555,340,,True,,False,False,False,True,False,True,insar_roof_only_strict
556,0,1,3,2,681;704,,,,,,,,,,,,,,,,,,,,,,,,,,,,,,,,,,,,,,,,,,False,,False,False,False,False,False,False,no_strict_insar_solution
557,0,27,81,1,682,,,,,,,,,,,,,,,,,,,,,,,,,,,,,,,,,,,,,,,,,,False,,False,False,False,False,False,False,no_strict_insar_solution
558,0,9,27,1,683,19.81283569335937,grubbs_top,building_height_grubbs_top_m,-0.7795239686965942,-11.239592266082765,-6.50349748134613,-0.7795239686965942,5.555209159851074,8.3385883808136,9.727985858917236,13.969305944442732,19.81283569335937,19.81283569335937,0.0,42.0,0.1736641461847754,True,True,False,0.1736642364943372,2.544863700866699,2.88748519288549,-0.7795239984989166,3.2204760313034058,9.555209159851074,12.3385883808136,13.727985858917236,17.969305944442734,4.0,42.0,1.0,1.0,1.0,0.8603193759918213,0.326198399066925,1.1221040487289429,16.0,527.0836181640625,558,342,,True,,False,False,False,False,False,False,insar_roof_only_strict
559,0,6,18,1,684,,,,,,,,,,,,,,,,,,,,,,,,,,,,,,,,,,,,,,,,,,False,,False,False,False,False,False,False,no_strict_insar_solution
560,0,34,102,1,685,,,,,,,,,,,,,,,,,,,,,,,,,,,,,,,,,,,,,,,,,,False,,False,False,False,False,False,False,no_strict_insar_solution
561,0,7,21,1,686,,,,,,,,,,,,,,,,,,,,,,,,,,,,,,,,,,,,,,,,,,False,,False,False,False,False,False,False,no_strict_insar_solution
562,0,10,30,1,687,13.688087463378906,grubbs_top,building_height_grubbs_top_m,0.9238014221191406,-5.521176624298096,-3.790735721588135,1.6826095581054688,6.468038558959961,9.042320251464844,11.404920959472657,16.739516448974545,45.602664947509766,13.688087463378906,4.0,69.0,1.0,True,False,True,9.594101766596808e-06,4.716879367828369,3.099143402677311,1.6826093196868896,5.682609558105469,10.46803855895996,13.042320251464844,15.404920959472657,20.739516448974545,4.0,73.0,1.0,1.0,1.0,0.8647266626358032,0.3113139867782593,0.5918774008750916,22.0,504.6864929199219,562,346,,True,,False,False,False,True,False,True,insar_roof_only_strict
563,0,17,51,2,688;690,3.3661046028137207,grubbs_top,building_height_grubbs_top_m,-2.5403473377227783,-6.924172353744507,-4.036756992340088,-2.5475070476531982,-1.13933265209198,-0.2401834487915039,0.182852840423584,0.7079339504241942,3.3661046028137207,3.3661046028137207,0.0,119.0,0.4345416700459269,True,True,False,0.4345415796459375,2.6475071907043457,3.267869514125631,-2.5475070476531982,1.4524929523468018,2.86066734790802,3.759816551208496,4.182852840423584,4.707933950424194,4.0,119.0,1.0,1.0,1.0,0.894874632358551,0.3211467266082763,0.6127610206604004,24.0,604.044677734375,563,347,,True,,False,False,False,False,False,False,insar_roof_only_strict
564,0,6,18,1,689,26.983428955078125,grubbs_top,building_height_grubbs_top_m,2.8914177417755127,-1.809555399417877,0.1322658061981201,2.8914177417755127,13.13935899734497,17.6792501449585,20.068145942687988,22.084846782684323,26.983428955078125,26.983428955078125,0.0,34.0,0.2831783890258541,True,True,False,0.2831782801033164,2.3080532550811768,2.79944030774216,1.9675049185752869,6.891417741775513,17.13935899734497,21.6792501449585,24.068145942687988,26.084846782684323,6.322014808654785,34.0,1.0,1.0,1.0,0.8846710920333862,0.32051882147789,0.5345498323440552,13.0,431.0750122070313,564,348,,True,,False,False,False,False,False,False,insar_roof_only_strict
565,0,9,27,1,691,,,,,,,,,,,,,,,,,,,,,,,,,,,,,,,,,,,,,,,,,,False,,False,False,False,False,False,False,no_strict_insar_solution
566,0,16,48,1,693,18.19743537902832,grubbs_top,building_height_grubbs_top_m,3.0923080444335938,-3.3043216466903687,1.2228364944458008,3.734684228897095,7.273736476898193,9.73529863357544,14.341819763183594,24.99802255630493,29.51280975341797,18.19743537902832,3.0,43.0,0.0586389058195359,True,False,True,0.026110081362942,3.084155321121216,2.924080860089991,1.935467004776001,7.734684228897095,11.273736476898192,13.73529863357544,18.341819763183597,28.99802255630493,4.0,46.0,1.0,1.0,1.0,0.8698915839195251,0.2686967849731445,0.7185433506965637,16.0,421.6170654296875,566,350,,True,,False,False,False,True,False,True,insar_roof_only_strict
567,0,4,12,1,694,26.6002197265625,grubbs_top,building_height_grubbs_top_m,2.023040771484375,-3.370490550994873,-1.070013463497162,2.233973264694214,5.858196258544922,17.240162277221682,18.624640083312983,23.782238197326645,26.6002197265625,26.6002197265625,0.0,42.0,0.186837844828912,True,True,False,0.1868379385591063,2.522927761077881,2.88748519288549,2.2339731454849243,6.233973264694214,9.858196258544922,21.24016227722168,22.624640083312983,27.782238197326645,4.0,42.0,1.0,1.0,1.0,0.8917481303215027,0.1743746101856231,0.5105745196342468,26.5,478.9831848144531,567,351,,True,,False,False,False,False,False,False,insar_roof_only_strict
568,0,15,45,1,696,21.700252532958984,grubbs_top,building_height_grubbs_top_m,-0.7740728855133057,-4.951057767868042,-2.5641345977783203,-0.5321474075317383,5.297669410705566,11.705554580688476,16.335700225830102,20.49574699401855,40.25553894042969,21.700252532958984,3.0,72.0,0.0983701208258382,True,False,True,0.0009079911033132,3.989072561264038,3.1088847965130726,-0.5799477696418762,3.4678525924682617,9.297669410705566,15.705554580688476,20.335700225830102,24.49574699401855,4.0,75.0,1.0,1.0,1.0,0.8619745969772339,0.2860585153102875,0.7095916271209717,22.0,476.59381103515625,568,352,,True,,False,False,False,True,False,True,insar_roof_only_strict
569,0,7,21,2,697;699,12.464519500732422,grubbs_top,building_height_grubbs_top_m,1.2365307807922363,-3.281492042541504,-1.2129058837890625,1.4248621463775637,6.951181888580322,9.020755004882812,10.256834030151367,11.376760005950924,21.433765411376957,12.464519500732422,1.0,39.0,0.8026627786588116,True,False,True,0.0104030796267995,3.231121301651001,2.8675424870552675,0.5537354052066803,5.424862146377564,10.951181888580322,13.020755004882812,14.256834030151367,15.376760005950924,5.188546180725098,40.0,1.0,1.0,1.0,0.8295232057571411,0.3445349633693695,0.9091404676437378,16.0,585.1785278320312,569,353,,True,,False,False,False,True,False,True,insar_roof_only_strict
570,0,17,51,1,698,24.413166046142575,grubbs_top,building_height_grubbs_top_m,6.45328950881958,-3.7695960283279417,1.0556514263153076,6.771861553192139,14.412571907043455,17.22216329574585,19.40763092041016,31.02686100006102,61.034645080566406,24.413166046142575,2.0,26.0,0.3268791719333832,True,False,True,0.0001606404061536,3.7126553058624263,2.714458787361858,-0.2037310749292373,10.77186155319214,18.412571907043457,21.22216329574585,23.40763092041016,35.02686100006102,10.999277114868164,28.0,1.0,1.0,1.0,0.8566708564758301,0.2515562176704407,0.8258345127105713,20.0,493.79400634765625,570,354,,True,,False,False,False,True,False,True,insar_roof_only_strict
571,0,23,69,1,700,59.199745178222656,grubbs_top,building_height_grubbs_top_m,16.89327621459961,-0.9383563995361328,3.964336395263672,16.89327621459961,52.10991287231445,55.207540893554686,55.77524337768555,57.52992935180664,59.199745178222656,59.199745178222656,0.0,73.0,1.0,True,True,False,1.0,1.4416673183441162,3.099143402677311,3.314850330352783,20.89327621459961,56.10991287231445,59.207540893554686,59.77524337768555,61.52992935180664,17.06429100036621,73.0,1.0,1.0,1.0,0.8487623929977417,0.296870470046997,1.018251895904541,17.0,613.2711791992188,571,355,,True,,False,False,False,False,False,False,insar_roof_only_strict
572,0,16,48,1,701,53.49851608276367,grubbs_top,building_height_grubbs_top_m,5.720239639282227,-11.712547111511231,-1.1380212306976318,5.720239639282227,45.658159255981445,49.42178726196289,50.973487091064456,51.99426460266113,53.49851608276367,53.49851608276367,0.0,55.0,1.0,True,True,False,1.0,1.5157593488693235,2.993848262930808,-1.4087932109832764,9.720239639282228,49.658159255981445,53.42178726196289,54.973487091064456,55.99426460266113,16.303735733032227,55.0,1.0,1.0,1.0,0.8479198217391968,0.2547298073768616,1.089435338973999,15.0,521.2033081054688,572,356,,True,,False,False,False,False,False,False,insar_roof_only_strict
573,0,2,6,1,706,,,,,,,,,,,,,,,,,,,,,,,,,,,,,,,,,,,,,,,,,,False,,False,False,False,False,False,False,no_strict_insar_solution
574,0,6,18,1,707,28.68486785888672,grubbs_top,building_height_grubbs_top_m,15.994380950927734,-2.9205538749694826,2.38114070892334,15.994380950927734,22.91502475738525,24.99866981506348,25.41745719909668,26.44313240051269,28.68486785888672,28.68486785888672,0.0,39.0,1.0,True,True,False,1.0,1.4550114870071411,2.857104681649204,4.021596431732178,19.99438095092773,26.91502475738525,28.99866981506348,29.41745719909668,30.44313240051269,15.683692932128906,39.0,1.0,1.0,1.0,0.8522335290908813,0.2791124284267425,1.060372233390808,23.0,544.6810913085938,574,358,,True,,False,False,False,False,False,False,insar_roof_only_strict
575,0,2,6,1,708,22.359176635742188,grubbs_top,building_height_grubbs_top_m,1.9720067977905276,-6.238381576538086,-1.1427361965179443,1.9720067977905276,9.3528254032135,14.104078388214113,15.350366020202635,20.072226333618165,22.359176635742188,22.359176635742188,0.0,154.0,1.0,True,True,False,1.0,2.333150148391724,3.3512577336407565,1.972006916999817,5.972006797790527,13.3528254032135,18.10407838821411,19.350366020202635,24.072226333618165,4.0,154.0,1.0,1.0,1.0,0.8776576519012451,0.3108863830566406,0.8345136642456055,20.0,468.6012878417969,575,359,,True,,False,False,False,False,False,False,insar_roof_only_strict
576,0,8,24,2,709;922,2.647278308868408,grubbs_top,building_height_grubbs_top_m,-1.179701805114746,-4.761183977127075,-2.017943859100342,-0.901052474975586,0.2725746631622314,2.5298181533813477,6.585947513580326,14.19659891128539,16.672475814819336,2.647278308868408,3.0,20.0,0.4347327554893043,True,False,True,0.0118396740283411,2.9313831329345703,2.6239161203491976,-0.9010524153709412,3.098947525024414,4.272574663162232,6.529818153381347,10.585947513580326,18.19659891128539,4.0,23.0,1.0,1.0,1.0,0.8609620928764343,0.3541153073310852,0.6519612669944763,17.0,439.1286926269531,576,360,,True,,False,False,False,True,False,True,insar_roof_only_strict
577,0,8,24,1,710,3.1981773376464844,grubbs_top,building_height_grubbs_top_m,-0.0466270446777343,-1.8302263498306277,-0.6343914270401001,0.0349206924438476,0.8591811656951904,1.6201948642730712,1.9874488830566408,3.1800414085388184,21.600431442260746,3.1981773376464844,1.0,34.0,0.2568612649552819,True,False,True,0.0,5.40566349029541,2.811781880168149,0.0349207818508148,4.034920692443848,4.85918116569519,5.620194864273072,5.987448883056642,7.180041408538818,4.0,35.0,1.0,1.0,1.0,0.8301264047622681,0.3446629643440246,0.8646430373191833,16.0,543.3742065429688,577,361,,True,,False,False,False,True,False,True,insar_roof_only_strict
578,0,5,15,1,711,11.37598991394043,grubbs_top,building_height_grubbs_top_m,8.048823356628418,-0.9687013149261474,2.707402467727661,8.048823356628418,10.507359981536863,10.837403392791748,11.049175262451172,11.143692302703858,11.37598991394043,11.37598991394043,0.0,43.0,1.0,True,True,False,1.0,1.1209943294525146,2.8970234886239705,2.6004788875579834,12.048823356628418,14.507359981536863,14.837403392791748,15.049175262451172,15.143692302703858,10.0,43.0,1.0,1.0,1.0,0.8693252801895142,0.3416716456413269,0.5332592129707336,20.0,537.5789184570312,578,362,,True,,False,False,False,False,False,False,insar_roof_only_strict
579,0,6,18,1,712,26.01900291442871,grubbs_top,building_height_grubbs_top_m,10.700584411621094,1.288179636001587,5.883940696716309,10.700583934783936,17.54423427581787,19.27480707168579,21.001352310180668,24.054326152801508,26.01900291442871,26.01900291442871,0.0,50.0,0.9297725318231698,True,True,False,0.9297719572271546,2.0479302406311035,2.9569748471494868,7.346446514129639,14.700583934783936,21.54423427581787,23.27480707168579,25.001352310180668,28.054326152801508,7.328373908996582,50.0,1.0,1.0,1.0,0.8572470545768738,0.3415723741054535,0.454954445362091,18.5,346.7593078613281,579,363,,True,,False,False,False,False,False,False,insar_roof_only_strict
580,0,2,6,1,713,21.476463317871094,grubbs_top,building_height_grubbs_top_m,13.492446899414062,0.8165172576904304,6.759550094604492,13.492446899414062,16.950166702270508,17.69941864013672,18.5791748046875,20.04470367431641,21.476463317871094,21.476463317871094,0.0,93.0,1.0,True,True,False,1.0,1.5449743270874023,3.184639533738477,8.673600196838379,17.492446899414062,20.950166702270508,21.69941864013672,22.5791748046875,24.04470367431641,9.754266738891602,93.0,1.0,1.0,1.0,0.8593372106552124,0.3313245773315429,0.6884069442749023,20.0,408.5389099121094,580,364,,True,,False,False,False,False,False,False,insar_roof_only_strict
581,0,4,12,1,714,20.184560775756836,grubbs_top,building_height_grubbs_top_m,5.28851580619812,-3.032131791114807,1.7938902378082275,5.3073177337646475,9.152259111404419,11.20363130569458,13.885544967651366,15.835328388214107,38.35762023925781,33.353294372558594,1.0,99.0,0.5261256827492803,True,False,True,0.5119969535429211,2.4496036171913147,2.956115507193644,5.266038417816162,9.307317733764648,13.152259111404419,15.20363130569458,17.885544967651366,19.83532838821411,4.0,100.0,2.0,2.0,1.0,0.8558600842952728,0.2757851481437683,0.678194671869278,17.0,468.6264343261719,581,"365,366",,True,,False,False,False,True,False,True,insar_roof_only_strict
582,0,11,33,1,715,11.167783737182615,grubbs_top,building_height_grubbs_top_m,3.0938713550567627,-2.666911542415619,-0.1168857812881469,3.0938713550567627,5.170395851135254,5.752578020095825,6.854816436767578,9.427122831344604,11.167783737182615,11.167783737182615,0.0,46.0,0.4710724920213194,True,True,False,0.4710724103951624,2.260934352874756,2.924080860089991,3.093871474266052,7.093871355056763,9.170395851135254,9.752578020095823,10.854816436767578,13.427122831344604,4.0,46.0,1.0,1.0,1.0,0.8581405878067017,0.2146096527576446,0.6843587160110474,19.0,613.2711791992188,582,367,,True,,False,False,False,False,False,False,insar_roof_only_strict
583,0,6,18,1,717,,,,,,,,,,,,,,,,,,,,,,,,,,,,,,,,,,,,,,,,,,False,,False,False,False,False,False,False,no_strict_insar_solution
584,0,9,27,1,718,,,,,,,,,,,,,,,,,,,,,,,,,,,,,,,,,,,,,,,,,,False,,False,False,False,False,False,False,no_strict_insar_solution
585,0,2,6,1,719,,,,,,,,,,,,,,,,,,,,,,,,,,,,,,,,,,,,,,,,,,False,,False,False,False,False,False,False,no_strict_insar_solution
586,0,5,15,1,720,,,,,,,,,,,,,,,,,,,,,,,,,,,,,,,,,,,,,,,,,,False,,False,False,False,False,False,False,no_strict_insar_solution
587,0,7,21,1,722,,,,,,,,,,,,,,,,,,,,,,,,,,,,,,,,,,,,,,,,,,False,,False,False,False,False,False,False,no_strict_insar_solution
588,0,7,21,1,724,,,,,,,,,,,,,,,,,,,,,,,,,,,,,,,,,,,,,,,,,,False,,False,False,False,False,False,False,no_strict_insar_solution
589,0,7,21,1,725,,,,,,,,,,,,,,,,,,,,,,,,,,,,,,,,,,,,,,,,,,False,,False,False,False,False,False,False,no_strict_insar_solution
590,0,7,21,2,726;727,,,,,,,,,,,,,,,,,,,,,,,,,,,,,,,,,,,,,,,,,,False,,False,False,False,False,False,False,no_strict_insar_solution
591,0,5,15,1,729,,,,,,,,,,,,,,,,,,,,,,,,,,,,,,,,,,,,,,,,,,False,,False,False,False,False,False,False,no_strict_insar_solution
592,0,7,21,2,730;731,,,,,,,,,,,,,,,,,,,,,,,,,,,,,,,,,,,,,,,,,,False,,False,False,False,False,False,False,no_strict_insar_solution
593,0,8,24,1,732,,,,,,,,,,,,,,,,,,,,,,,,,,,,,,,,,,,,,,,,,,False,,False,False,False,False,False,False,no_strict_insar_solution
594,0,7,21,2,733;737,,,,,,,,,,,,,,,,,,,,,,,,,,,,,,,,,,,,,,,,,,False,,False,False,False,False,False,False,no_strict_insar_solution
595,0,8,24,2,734;736,,,,,,,,,,,,,,,,,,,,,,,,,,,,,,,,,,,,,,,,,,False,,False,False,False,False,False,False,no_strict_insar_solution
596,0,7,21,2,735;738,,,,,,,,,,,,,,,,,,,,,,,,,,,,,,,,,,,,,,,,,,False,,False,False,False,False,False,False,no_strict_insar_solution
597,0,7,21,1,739,,,,,,,,,,,,,,,,,,,,,,,,,,,,,,,,,,,,,,,,,,False,,False,False,False,False,False,False,no_strict_insar_solution
598,0,7,21,1,740,,,,,,,,,,,,,,,,,,,,,,,,,,,,,,,,,,,,,,,,,,False,,False,False,False,False,False,False,no_strict_insar_solution
599,0,5,15,1,741,,,,,,,,,,,,,,,,,,,,,,,,,,,,,,,,,,,,,,,,,,False,,False,False,False,False,False,False,no_strict_insar_solution
600,0,7,21,3,743;744;746,4.974411010742188,grubbs_top,building_height_grubbs_top_m,-1.894911766052246,-6.169433689117431,-3.0366017818450928,-1.84810733795166,-0.8213624954223633,2.42478055953979,6.545491790771479,14.253450012207008,40.05809020996094,4.974411010742188,4.0,33.0,0.0769661263275451,True,False,True,9.762091701670529e-08,4.687073707580566,2.835201602923409,-1.856711506843567,2.15189266204834,3.1786375045776367,6.424780559539791,10.54549179077148,18.253450012207008,4.0,37.0,1.0,1.0,1.0,0.8391932845115662,0.3534919619560241,0.9303719401359558,16.0,482.9014892578125,600,373,,True,,False,False,False,True,False,True,insar_roof_only_strict
601,0,7,21,1,745,,,,,,,,,,,,,,,,,,,,,,,,,,,,,,,,,,,,,,,,,,False,,False,False,False,False,False,False,no_strict_insar_solution
602,0,4,12,1,747,37.91061401367188,grubbs_top,building_height_grubbs_top_m,1.9960427284240725,-3.912726831436157,-1.1238559484481812,1.9960427284240725,24.580419540405277,31.399497222900383,34.448950195312506,36.38855857849121,37.91061401367188,37.91061401367188,0.0,43.0,1.0,True,True,False,1.0,1.824992537498474,2.8970234886239705,1.9960427284240725,5.996042728424072,28.580419540405277,35.399497222900386,38.448950195312506,40.38855857849121,4.0,43.0,1.0,1.0,1.0,0.8573466539382935,0.3377809822559356,0.725186824798584,15.0,322.7168884277344,602,375,,True,,False,False,False,False,False,False,insar_roof_only_strict
603,0,7,21,1,748,33.068382263183594,grubbs_top,building_height_grubbs_top_m,2.270807266235352,-19.096932411193848,-6.989464998245239,2.270807266235352,11.50810480117798,16.648219108581547,23.709724807739253,29.07583713531493,33.068382263183594,33.068382263183594,0.0,47.0,0.6469458469265271,True,True,False,0.6469456244362721,2.1574885845184326,2.932623282239436,-3.15918517112732,6.270807266235352,15.50810480117798,20.648219108581547,27.709724807739253,33.075837135314934,7.254883289337158,47.0,1.0,1.0,1.0,0.837714433670044,0.3461721539497375,0.9979605674743652,14.0,322.551513671875,603,376,,True,,False,False,False,False,False,False,insar_roof_only_strict
604,0,8,24,2,749;750,22.04900360107422,grubbs_top,building_height_grubbs_top_m,0.4771041870117187,-5.070721173286438,-2.365674138069153,0.9454100131988524,4.108140707015991,8.217013692855826,13.925185394287118,18.438347911834715,22.04900360107422,22.04900360107422,0.0,68.0,0.1086670413811288,True,True,False,0.1086671190931194,2.864098310470581,3.0733229178642976,0.9454102218151093,4.9454100131988525,8.108140707015991,12.217013692855826,17.92518539428712,22.438347911834715,4.0,68.0,1.0,1.0,1.0,0.9294511675834656,0.287304162979126,0.6396032571792603,31.0,561.0567016601562,604,377,,True,,False,False,False,False,False,False,insar_roof_only_strict
605,0,8,24,1,751,39.80693817138672,grubbs_top,building_height_grubbs_top_m,-3.867283821105957,-15.612101554870604,-6.300874471664429,-2.1950783729553223,1.5108174085617063,14.56180715560913,27.39241123199463,33.13154888153076,39.80693817138672,39.80693817138672,0.0,76.0,0.1867306614903428,True,True,False,0.1867306789268648,2.748043298721313,3.1136397514714296,-3.530676484107971,1.8049216270446775,5.5108174085617065,18.56180715560913,31.39241123199463,37.13154888153076,4.0,76.0,1.0,1.0,1.0,0.8688602447509766,0.3261309564113617,1.11518657207489,17.0,368.5443115234375,605,378,,True,,False,False,False,False,False,False,insar_roof_only_strict
606,0,7,21,1,752,,,,,,,,,,,,,,,,,,,,,,,,,,,,,,,,,,,,,,,,,,False,,False,False,False,False,False,False,no_strict_insar_solution
607,0,7,21,1,753,,,,,,,,,,,,,,,,,,,,,,,,,,,,,,,,,,,,,,,,,,False,,False,False,False,False,False,False,no_strict_insar_solution
608,0,7,21,1,754,,,,,,,,,,,,,,,,,,,,,,,,,,,,,,,,,,,,,,,,,,False,,False,False,False,False,False,False,no_strict_insar_solution
609,0,8,24,1,755,30.30697631835937,grubbs_top,building_height_grubbs_top_m,24.86118698120117,-11.944891548156738,0.2340333461761474,24.86118698120117,27.977319717407227,28.9583869934082,29.48547286987305,29.898682022094725,30.30697631835937,30.30697631835937,0.0,23.0,1.0,True,True,False,1.0,0.9147129654884338,2.6239161203491976,0.8611871600151062,28.86118698120117,31.977319717407227,32.958386993408205,33.48547286987305,33.898682022094725,28.0,23.0,1.0,1.0,1.0,0.8651813268661499,0.3285813629627228,0.7855433821678162,19.0,478.9831848144531,609,379,,True,,False,False,False,False,False,False,insar_roof_only_strict
610,0,6,18,1,756,,,,,,,,,,,,,,,,,,,,,,,,,,,,,,,,,,,,,,,,,,False,,False,False,False,False,False,False,no_strict_insar_solution
611,0,7,21,2,757;758,,,,,,,,,,,,,,,,,,,,,,,,,,,,,,,,,,,,,,,,,,False,,False,False,False,False,False,False,no_strict_insar_solution
612,0,8,24,1,759,,,,,,,,,,,,,,,,,,,,,,,,,,,,,,,,,,,,,,,,,,False,,False,False,False,False,False,False,no_strict_insar_solution
613,0,3,9,1,760,,,,,,,,,,,,,,,,,,,,,,,,,,,,,,,,,,,,,,,,,,False,,False,False,False,False,False,False,no_strict_insar_solution
614,0,7,21,1,761,,,,,,,,,,,,,,,,,,,,,,,,,,,,,,,,,,,,,,,,,,False,,False,False,False,False,False,False,no_strict_insar_solution
615,0,7,21,1,762,,,,,,,,,,,,,,,,,,,,,,,,,,,,,,,,,,,,,,,,,,False,,False,False,False,False,False,False,no_strict_insar_solution
616,0,7,21,1,763,,,,,,,,,,,,,,,,,,,,,,,,,,,,,,,,,,,,,,,,,,False,,False,False,False,False,False,False,no_strict_insar_solution
617,0,7,21,2,764;766,,,,,,,,,,,,,,,,,,,,,,,,,,,,,,,,,,,,,,,,,,False,,False,False,False,False,False,False,no_strict_insar_solution
618,0,7,21,1,765,,,,,,,,,,,,,,,,,,,,,,,,,,,,,,,,,,,,,,,,,,False,,False,False,False,False,False,False,no_strict_insar_solution
619,0,4,12,1,767,,,,,,,,,,,,,,,,,,,,,,,,,,,,,,,,,,,,,,,,,,False,,False,False,False,False,False,False,no_strict_insar_solution
620,0,7,21,1,768,,,,,,,,,,,,,,,,,,,,,,,,,,,,,,,,,,,,,,,,,,False,,False,False,False,False,False,False,no_strict_insar_solution
621,0,7,21,1,769,,,,,,,,,,,,,,,,,,,,,,,,,,,,,,,,,,,,,,,,,,False,,False,False,False,False,False,False,no_strict_insar_solution
622,0,7,21,1,771,,,,,,,,,,,,,,,,,,,,,,,,,,,,,,,,,,,,,,,,,,False,,False,False,False,False,False,False,no_strict_insar_solution
623,0,8,24,2,772;773,,,,,,,,,,,,,,,,,,,,,,,,,,,,,,,,,,,,,,,,,,False,,False,False,False,False,False,False,no_strict_insar_solution
624,0,7,21,1,774,46.365455627441406,grubbs_top,building_height_grubbs_top_m,3.0062427520751958,-6.768275737762451,-1.9862114787101743,3.193575382232666,14.799070835113524,21.73111057281494,27.400111198425293,34.669068336486816,46.365455627441406,46.365455627441406,0.0,36.0,0.0599222216437138,True,True,False,0.0599221989805385,2.777651786804199,2.8236933338418355,0.4819383472204208,7.193575382232666,18.799070835113525,25.73111057281494,31.400111198425293,38.669068336486816,4.0,36.0,1.0,1.0,1.0,0.8384950160980225,0.346464455127716,0.87178635597229,14.0,362.406005859375,624,381,,True,,False,False,False,False,False,False,insar_roof_only_strict
625,0,8,24,1,775,,,,,,,,,,,,,,,,,,,,,,,,,,,,,,,,,,,,,,,,,,False,,False,False,False,False,False,False,no_strict_insar_solution
626,0,8,24,1,776,,,,,,,,,,,,,,,,,,,,,,,,,,,,,,,,,,,,,,,,,,False,,False,False,False,False,False,False,no_strict_insar_solution
627,0,8,24,2,777;779,50.53505706787109,grubbs_top,building_height_grubbs_top_m,34.51920700073242,-2.700089955329895,4.304097652435303,34.51920700073242,39.072601318359375,40.75146293640137,42.46106262207032,43.96107177734375,50.53505706787109,50.53505706787109,0.0,59.0,1.0,True,True,False,1.0,1.4961214065551758,3.0205330048255705,11.290406227111816,38.51920700073242,43.072601318359375,44.75146293640137,46.46106262207032,47.96107177734375,23.58954429626465,59.0,1.0,1.0,1.0,0.8370317816734314,0.3308800160884857,0.6736990213394165,18.0,362.406005859375,627,384,,True,,False,False,False,False,False,False,insar_roof_only_strict
628,0,7,21,1,778,,,,,,,,,,,,,,,,,,,,,,,,,,,,,,,,,,,,,,,,,,False,,False,False,False,False,False,False,no_strict_insar_solution
629,0,5,15,1,780,5.242160797119141,grubbs_top,building_height_grubbs_top_m,0.6377763748168945,-5.449893474578857,-1.2424700260162354,0.7126760482788086,2.42810583114624,3.256388664245605,4.577707290649414,5.242160797119141,39.35517883300781,5.242160797119141,2.0,39.0,1.0,True,False,True,2.3669499693568236e-10,5.215786933898926,2.8776635330787745,0.7126762866973877,4.712676048278809,6.42810583114624,7.256388664245605,8.577707290649414,9.24216079711914,4.0,41.0,1.0,1.0,1.0,0.9172024726867676,0.2212215662002563,1.0061216354370115,37.0,712.62939453125,629,386,,True,,False,False,False,True,False,True,insar_roof_only_strict
630,0,8,24,2,781;823,30.435718536376957,grubbs_top,building_height_grubbs_top_m,-0.3092153072357178,-12.169118118286132,-4.4712324142456055,0.0459451675415039,9.36302375793457,18.49398536682128,24.144840621948244,27.316739654541013,30.435718536376957,30.435718536376957,0.0,69.0,0.7333951720206775,True,True,False,0.7333956673437131,2.26681923866272,3.0786654960526176,-2.2498412132263184,4.045945167541504,13.36302375793457,22.49398536682128,28.144840621948244,31.316739654541013,4.0,69.0,1.0,1.0,1.0,0.8401976823806763,0.3485041260719299,0.9460707902908324,14.0,322.7168884277344,630,387,,True,,False,False,False,False,False,False,insar_roof_only_strict
631,0,7,21,1,782,,,,,,,,,,,,,,,,,,,,,,,,,,,,,,,,,,,,,,,,,,False,,False,False,False,False,False,False,no_strict_insar_solution
632,0,7,21,1,783,,,,,,,,,,,,,,,,,,,,,,,,,,,,,,,,,,,,,,,,,,False,,False,False,False,False,False,False,no_strict_insar_solution
633,0,7,21,1,784,,,,,,,,,,,,,,,,,,,,,,,,,,,,,,,,,,,,,,,,,,False,,False,False,False,False,False,False,no_strict_insar_solution
634,0,7,21,1,785,,,,,,,,,,,,,,,,,,,,,,,,,,,,,,,,,,,,,,,,,,False,,False,False,False,False,False,False,no_strict_insar_solution
635,0,8,24,1,786,,,,,,,,,,,,,,,,,,,,,,,,,,,,,,,,,,,,,,,,,,False,,False,False,False,False,False,False,no_strict_insar_solution
636,0,8,24,1,787,,,,,,,,,,,,,,,,,,,,,,,,,,,,,,,,,,,,,,,,,,False,,False,False,False,False,False,False,no_strict_insar_solution
637,0,7,21,1,788,,,,,,,,,,,,,,,,,,,,,,,,,,,,,,,,,,,,,,,,,,False,,False,False,False,False,False,False,no_strict_insar_solution
638,0,8,24,1,789,,,,,,,,,,,,,,,,,,,,,,,,,,,,,,,,,,,,,,,,,,False,,False,False,False,False,False,False,no_strict_insar_solution
639,0,7,21,2,790;813,,,,,,,,,,,,,,,,,,,,,,,,,,,,,,,,,,,,,,,,,,False,,False,False,False,False,False,False,no_strict_insar_solution
640,0,9,27,2,791;814,,,,,,,,,,,,,,,,,,,,,,,,,,,,,,,,,,,,,,,,,,False,,False,False,False,False,False,False,no_strict_insar_solution
641,0,7,21,2,792;794,,,,,,,,,,,,,,,,,,,,,,,,,,,,,,,,,,,,,,,,,,False,,False,False,False,False,False,False,no_strict_insar_solution
642,0,4,12,1,793,,,,,,,,,,,,,,,,,,,,,,,,,,,,,,,,,,,,,,,,,,False,,False,False,False,False,False,False,no_strict_insar_solution
643,0,7,21,1,795,,,,,,,,,,,,,,,,,,,,,,,,,,,,,,,,,,,,,,,,,,False,,False,False,False,False,False,False,no_strict_insar_solution
644,0,7,21,3,796;800;799,,,,,,,,,,,,,,,,,,,,,,,,,,,,,,,,,,,,,,,,,,False,,False,False,False,False,False,False,no_strict_insar_solution
645,0,7,21,2,797;801,,,,,,,,,,,,,,,,,,,,,,,,,,,,,,,,,,,,,,,,,,False,,False,False,False,False,False,False,no_strict_insar_solution
646,0,7,21,2,798;803,,,,,,,,,,,,,,,,,,,,,,,,,,,,,,,,,,,,,,,,,,False,,False,False,False,False,False,False,no_strict_insar_solution
647,0,7,21,1,804,,,,,,,,,,,,,,,,,,,,,,,,,,,,,,,,,,,,,,,,,,False,,False,False,False,False,False,False,no_strict_insar_solution
648,0,7,21,1,805,,,,,,,,,,,,,,,,,,,,,,,,,,,,,,,,,,,,,,,,,,False,,False,False,False,False,False,False,no_strict_insar_solution
649,0,7,21,1,806,,,,,,,,,,,,,,,,,,,,,,,,,,,,,,,,,,,,,,,,,,False,,False,False,False,False,False,False,no_strict_insar_solution
650,0,8,24,1,808,,,,,,,,,,,,,,,,,,,,,,,,,,,,,,,,,,,,,,,,,,False,,False,False,False,False,False,False,no_strict_insar_solution
651,0,8,24,2,809;810,,,,,,,,,,,,,,,,,,,,,,,,,,,,,,,,,,,,,,,,,,False,,False,False,False,False,False,False,no_strict_insar_solution
652,0,5,15,2,812;815,,,,,,,,,,,,,,,,,,,,,,,,,,,,,,,,,,,,,,,,,,False,,False,False,False,False,False,False,no_strict_insar_solution
653,0,7,21,1,816,,,,,,,,,,,,,,,,,,,,,,,,,,,,,,,,,,,,,,,,,,False,,False,False,False,False,False,False,no_strict_insar_solution
654,0,4,12,1,817,,,,,,,,,,,,,,,,,,,,,,,,,,,,,,,,,,,,,,,,,,False,,False,False,False,False,False,False,no_strict_insar_solution
655,0,6,18,1,818,,,,,,,,,,,,,,,,,,,,,,,,,,,,,,,,,,,,,,,,,,False,,False,False,False,False,False,False,no_strict_insar_solution
656,0,2,6,1,819,3.734372138977051,grubbs_top,building_height_grubbs_top_m,-0.4190020561218261,-2.3904926300048825,-1.2238740921020508,-0.3520843982696533,0.2374634742736816,0.5493351936340332,1.7131117820739743,2.85237255096435,4.436493873596191,3.734372138977051,1.0,88.0,0.1193233433970899,True,False,True,0.0432293525510725,3.2069170475006104,3.1694054385441053,-0.383544385433197,3.6479156017303462,4.237463474273682,4.549335193634033,5.713111782073975,6.852372550964351,4.0,89.0,1.0,1.0,1.0,0.8757461309432983,0.3360818028450012,0.6088845729827881,21.0,604.044677734375,656,393,,True,,False,False,False,True,False,True,insar_roof_only_strict
657,0,2,6,1,820,,,,,,,,,,,,,,,,,,,,,,,,,,,,,,,,,,,,,,,,,,False,,False,False,False,False,False,False,no_strict_insar_solution
658,0,7,21,2,821;842,43.2134017944336,grubbs_top,building_height_grubbs_top_m,28.98080444335937,5.787447547912604,24.180673599243164,28.583192825317383,33.467994689941406,35.25430545806885,36.82888908386231,38.72150211334228,43.2134017944336,43.2134017944336,0.0,152.0,1.0,True,True,False,1.0,1.7087732553482056,3.347113160975858,7.583192586898804,32.58319282531738,37.467994689941406,39.25430545806885,40.82888908386231,42.72150211334228,25.0,152.0,1.0,1.0,1.0,0.9100771546363832,0.3067684173583984,1.0998919010162354,17.0,360.5517883300781,658,395,,True,,False,False,False,False,False,False,insar_roof_only_strict
659,0,6,18,1,822,,,,,,,,,,,,,,,,,,,,,,,,,,,,,,,,,,,,,,,,,,False,,False,False,False,False,False,False,no_strict_insar_solution
660,0,8,24,2,824;825,17.09912109375,grubbs_top,building_height_grubbs_top_m,1.9168171882629397,-3.695289945602417,-0.7460885047912598,2.3515634536743164,5.200090408325195,8.694719505310058,10.18695945739746,15.153684616088857,34.62907409667969,17.09912109375,2.0,63.0,0.0596647839846076,True,False,True,2.8968969478793127e-06,4.809465408325195,3.0567110647513203,1.91681706905365,6.351563453674316,9.200090408325195,12.694719505310058,14.18695945739746,19.153684616088857,4.0,65.0,1.0,1.0,1.0,0.8376421928405762,0.34766486287117,0.7037038207054138,14.0,285.9814147949219,660,397,,True,,False,False,False,True,False,True,insar_roof_only_strict
661,0,17,51,1,826,,,,,,,,,,,,,,,,,,,,,,,,,,,,,,,,,,,,,,,,,,False,,False,False,False,False,False,False,no_strict_insar_solution
662,0,7,21,2,827;829,2.87259292602539,grubbs_top,building_height_grubbs_top_m,-1.1766400337219238,-3.468353748321533,-2.239465951919556,-1.189911127090454,-0.111212134361267,0.181640696525574,0.523745012283325,1.0009925127029422,10.5267972946167,2.87259292602539,1.0,71.0,0.4588412636542058,True,False,True,6.967431431803561e-08,5.321710586547852,3.094152190113599,-1.189911067485809,2.810088872909546,3.888787865638733,4.181640696525574,4.523745012283325,5.000992512702942,4.0,72.0,1.0,1.0,1.0,0.8515477180480957,0.3255718648433685,0.4973878264427185,16.0,435.33447265625,662,399,,True,,False,False,False,True,False,True,insar_roof_only_strict
663,0,4,12,1,828,,,,,,,,,,,,,,,,,,,,,,,,,,,,,,,,,,,,,,,,,,False,,False,False,False,False,False,False,no_strict_insar_solution
664,0,10,30,2,830;938,32.40971374511719,grubbs_top,building_height_grubbs_top_m,27.654972076416016,15.427281475067144,23.685007572174072,27.392208099365234,29.582794189453125,30.8434720993042,31.206130981445312,31.720040893554685,32.40971374511719,32.40971374511719,0.0,40.0,1.0,True,True,False,1.0,0.843336820602417,2.8675424870552675,3.392208456993103,31.392208099365234,33.582794189453125,34.8434720993042,35.20613098144531,35.72004089355469,28.0,40.0,1.0,1.0,1.0,0.871660590171814,0.3422808051109314,0.761727511882782,16.0,454.88970947265625,664,402,,True,,False,False,False,False,False,False,insar_roof_only_strict
665,0,2,6,1,831,,,,,,,,,,,,,,,,,,,,,,,,,,,,,,,,,,,,,,,,,,False,,False,False,False,False,False,False,no_strict_insar_solution
666,0,5,15,1,832,,,,,,,,,,,,,,,,,,,,,,,,,,,,,,,,,,,,,,,,,,False,,False,False,False,False,False,False,no_strict_insar_solution
667,0,8,24,2,835;836,,,,,,,,,,,,,,,,,,,,,,,,,,,,,,,,,,,,,,,,,,False,,False,False,False,False,False,False,no_strict_insar_solution
668,0,7,21,2,837;838,,,,,,,,,,,,,,,,,,,,,,,,,,,,,,,,,,,,,,,,,,False,,False,False,False,False,False,False,no_strict_insar_solution
669,0,9,27,1,839,,,,,,,,,,,,,,,,,,,,,,,,,,,,,,,,,,,,,,,,,,False,,False,False,False,False,False,False,no_strict_insar_solution
670,0,7,21,2,840;1023,,,,,,,,,,,,,,,,,,,,,,,,,,,,,,,,,,,,,,,,,,False,,False,False,False,False,False,False,no_strict_insar_solution
671,0,7,21,2,841;852,,,,,,,,,,,,,,,,,,,,,,,,,,,,,,,,,,,,,,,,,,False,,False,False,False,False,False,False,no_strict_insar_solution
672,0,2,6,1,843,,,,,,,,,,,,,,,,,,,,,,,,,,,,,,,,,,,,,,,,,,False,,False,False,False,False,False,False,no_strict_insar_solution
673,0,8,24,1,844,,,,,,,,,,,,,,,,,,,,,,,,,,,,,,,,,,,,,,,,,,False,,False,False,False,False,False,False,no_strict_insar_solution
674,0,5,15,1,845,,,,,,,,,,,,,,,,,,,,,,,,,,,,,,,,,,,,,,,,,,False,,False,False,False,False,False,False,no_strict_insar_solution
675,0,6,18,1,846,16.721033096313477,grubbs_top,building_height_grubbs_top_m,-2.06563401222229,-11.89327163696289,-5.788800239562988,-2.027888298034668,0.2523560523986816,3.060423374176024,4.4929962158203125,6.832201957702635,33.758079528808594,16.721033096313477,3.0,260.0,0.0657591185397898,True,False,True,5.697668654658372e-07,5.687433242797852,3.5141878623256053,-2.0922021865844727,1.972111701965332,4.252356052398682,7.060423374176024,8.492996215820312,10.832201957702637,4.0,263.0,1.0,1.0,1.0,0.9196659326553344,0.2228359878063202,0.5827525854110718,26.0,712.62939453125,675,407,,True,,False,False,False,True,False,True,insar_roof_only_strict
676,0,2,6,1,847,11.44965648651123,grubbs_top,building_height_grubbs_top_m,3.725344181060791,0.9107651233673096,2.7134413719177246,4.285449981689453,5.717790365219116,6.803737735748291,9.252775859832765,10.92093496322632,19.397615432739254,11.44965648651123,1.0,49.0,0.193271307080016,True,False,True,4.574664614898083e-05,4.275266647338867,2.9569748471494868,3.1883949041366577,8.285449981689453,9.717790365219116,10.80373773574829,13.252775859832765,14.92093496322632,4.0,50.0,1.0,1.0,1.0,0.859186589717865,0.3328812718391418,0.5445342063903809,19.0,530.0452270507812,676,408,,True,,False,False,False,True,False,True,insar_roof_only_strict
677,0,8,24,1,848,,,,,,,,,,,,,,,,,,,,,,,,,,,,,,,,,,,,,,,,,,False,,False,False,False,False,False,False,no_strict_insar_solution
678,0,7,21,1,849,,,,,,,,,,,,,,,,,,,,,,,,,,,,,,,,,,,,,,,,,,False,,False,False,False,False,False,False,no_strict_insar_solution
679,0,2,6,1,850,20.48586082458496,grubbs_top,building_height_grubbs_top_m,-7.354658126831055,-18.722832298278806,-12.101703643798828,-7.354658126831055,1.6167197227478027,4.188598442077638,8.191064834594721,14.120063591003412,20.48586082458496,20.48586082458496,0.0,379.0,1.0,True,True,False,1.0,2.711793899536133,3.618819424822254,-7.354658126831055,-3.3546581268310547,5.616719722747803,8.188598442077637,12.19106483459472,18.12006359100341,4.0,379.0,1.0,1.0,1.0,0.8835112452507019,0.3027590811252594,0.8739222884178162,25.0,561.0567016601562,679,409,,True,,False,False,False,False,False,False,insar_roof_only_strict
680,0,7,21,2,851;877,,,,,,,,,,,,,,,,,,,,,,,,,,,,,,,,,,,,,,,,,,False,,False,False,False,False,False,False,no_strict_insar_solution
681,0,8,24,1,853,,,,,,,,,,,,,,,,,,,,,,,,,,,,,,,,,,,,,,,,,,False,,False,False,False,False,False,False,no_strict_insar_solution
682,0,8,24,1,854,,,,,,,,,,,,,,,,,,,,,,,,,,,,,,,,,,,,,,,,,,False,,False,False,False,False,False,False,no_strict_insar_solution
683,0,7,21,2,855;1026,,,,,,,,,,,,,,,,,,,,,,,,,,,,,,,,,,,,,,,,,,False,,False,False,False,False,False,False,no_strict_insar_solution
684,0,7,21,1,856,,,,,,,,,,,,,,,,,,,,,,,,,,,,,,,,,,,,,,,,,,False,,False,False,False,False,False,False,no_strict_insar_solution
685,0,7,21,1,857,,,,,,,,,,,,,,,,,,,,,,,,,,,,,,,,,,,,,,,,,,False,,False,False,False,False,False,False,no_strict_insar_solution
686,0,5,15,2,858;1027,,,,,,,,,,,,,,,,,,,,,,,,,,,,,,,,,,,,,,,,,,False,,False,False,False,False,False,False,no_strict_insar_solution
687,0,6,18,1,859,,,,,,,,,,,,,,,,,,,,,,,,,,,,,,,,,,,,,,,,,,False,,False,False,False,False,False,False,no_strict_insar_solution
688,0,5,15,1,860,,,,,,,,,,,,,,,,,,,,,,,,,,,,,,,,,,,,,,,,,,False,,False,False,False,False,False,False,no_strict_insar_solution
689,0,4,12,1,861,,,,,,,,,,,,,,,,,,,,,,,,,,,,,,,,,,,,,,,,,,False,,False,False,False,False,False,False,no_strict_insar_solution
690,0,6,18,1,862,,,,,,,,,,,,,,,,,,,,,,,,,,,,,,,,,,,,,,,,,,False,,False,False,False,False,False,False,no_strict_insar_solution
691,0,7,21,1,863,15.256072998046877,grubbs_top,building_height_grubbs_top_m,2.233250617980957,-0.3946142196655272,1.200507640838623,2.406341552734375,7.681098937988281,11.738438034057616,14.162519836425783,22.53321228027341,24.679636001586918,15.256072998046877,2.0,23.0,0.0521592030903051,True,False,True,0.042109919338315,2.703773021697998,2.6628731295085006,2.233250856399536,6.406341552734375,11.68109893798828,15.738438034057616,18.162519836425787,26.53321228027341,4.0,25.0,1.0,1.0,1.0,0.8815726041793823,0.3438943922519684,0.4181047677993774,16.0,504.6864929199219,691,411,,True,,False,False,False,True,False,True,insar_roof_only_strict
692,0,6,18,1,864,,,,,,,,,,,,,,,,,,,,,,,,,,,,,,,,,,,,,,,,,,False,,False,False,False,False,False,False,no_strict_insar_solution
693,0,5,15,1,865,19.570724487304688,grubbs_top,building_height_grubbs_top_m,0.0696196556091308,-13.197369575500488,-5.499055862426758,0.1060743331909179,4.02296257019043,6.783819198608398,11.466289520263672,15.525096893310549,19.570724487304688,19.570724487304688,0.0,61.0,0.4422855588245641,True,True,False,0.4422852729861471,2.39385199546814,3.033067427935249,-2.320532321929932,4.106074333190918,8.02296257019043,10.783819198608398,15.466289520263672,19.525096893310547,6.262108325958252,61.0,1.0,1.0,1.0,0.8580676317214966,0.3402713537216186,0.8697955012321472,18.0,460.1239013671875,693,413,,True,,False,False,False,False,False,False,insar_roof_only_strict
694,0,6,18,1,866,,,,,,,,,,,,,,,,,,,,,,,,,,,,,,,,,,,,,,,,,,False,,False,False,False,False,False,False,no_strict_insar_solution
695,0,6,18,1,867,,,,,,,,,,,,,,,,,,,,,,,,,,,,,,,,,,,,,,,,,,False,,False,False,False,False,False,False,no_strict_insar_solution
696,0,6,18,4,868;882;869;883,20.48693084716797,grubbs_top,building_height_grubbs_top_m,1.3481040000915527,-4.003617858886718,-1.4089572429656982,1.5065586566925049,6.183037757873535,9.994583892822266,13.45385303497314,18.41350202560423,30.648082733154297,20.48693084716797,6.0,154.0,0.1075197969980903,True,False,True,0.0133544081330683,3.687180519104004,3.363327283437576,0.3723190426826477,5.506558656692505,10.183037757873535,13.994583892822266,17.45385303497314,22.41350202560423,5.321818828582764,160.0,1.0,1.0,1.0,0.8427222371101379,0.3439566791057586,0.6501373052597046,17.5,370.39849853515625,696,416,,True,,False,False,False,True,False,True,insar_roof_only_strict
697,0,4,12,2,870;871,,,,,,,,,,,,,,,,,,,,,,,,,,,,,,,,,,,,,,,,,,False,,False,False,False,False,False,False,no_strict_insar_solution
698,0,5,15,1,872,,,,,,,,,,,,,,,,,,,,,,,,,,,,,,,,,,,,,,,,,,False,,False,False,False,False,False,False,no_strict_insar_solution
699,0,5,15,1,873,,,,,,,,,,,,,,,,,,,,,,,,,,,,,,,,,,,,,,,,,,False,,False,False,False,False,False,False,no_strict_insar_solution
700,0,5,15,2,874;875,,,,,,,,,,,,,,,,,,,,,,,,,,,,,,,,,,,,,,,,,,False,,False,False,False,False,False,False,no_strict_insar_solution
701,0,5,15,1,876,,,,,,,,,,,,,,,,,,,,,,,,,,,,,,,,,,,,,,,,,,False,,False,False,False,False,False,False,no_strict_insar_solution
702,0,5,15,2,878;1030,,,,,,,,,,,,,,,,,,,,,,,,,,,,,,,,,,,,,,,,,,False,,False,False,False,False,False,False,no_strict_insar_solution
703,0,5,15,2,879;880,,,,,,,,,,,,,,,,,,,,,,,,,,,,,,,,,,,,,,,,,,False,,False,False,False,False,False,False,no_strict_insar_solution
704,0,7,21,1,881,,,,,,,,,,,,,,,,,,,,,,,,,,,,,,,,,,,,,,,,,,False,,False,False,False,False,False,False,no_strict_insar_solution
705,0,2,6,1,884,,,,,,,,,,,,,,,,,,,,,,,,,,,,,,,,,,,,,,,,,,False,,False,False,False,False,False,False,no_strict_insar_solution
706,0,6,18,1,885,,,,,,,,,,,,,,,,,,,,,,,,,,,,,,,,,,,,,,,,,,False,,False,False,False,False,False,False,no_strict_insar_solution
707,0,6,18,1,886,,,,,,,,,,,,,,,,,,,,,,,,,,,,,,,,,,,,,,,,,,False,,False,False,False,False,False,False,no_strict_insar_solution
708,0,6,18,1,887,,,,,,,,,,,,,,,,,,,,,,,,,,,,,,,,,,,,,,,,,,False,,False,False,False,False,False,False,no_strict_insar_solution
709,0,1,3,3,888;889;890,,,,,,,,,,,,,,,,,,,,,,,,,,,,,,,,,,,,,,,,,,False,,False,False,False,False,False,False,no_strict_insar_solution
710,0,4,12,1,891,,,,,,,,,,,,,,,,,,,,,,,,,,,,,,,,,,,,,,,,,,False,,False,False,False,False,False,False,no_strict_insar_solution
711,0,4,12,1,892,,,,,,,,,,,,,,,,,,,,,,,,,,,,,,,,,,,,,,,,,,False,,False,False,False,False,False,False,no_strict_insar_solution
712,0,7,21,2,893;1031,,,,,,,,,,,,,,,,,,,,,,,,,,,,,,,,,,,,,,,,,,False,,False,False,False,False,False,False,no_strict_insar_solution
713,0,7,21,1,894,,,,,,,,,,,,,,,,,,,,,,,,,,,,,,,,,,,,,,,,,,False,,False,False,False,False,False,False,no_strict_insar_solution
714,0,7,21,2,895;1032,,,,,,,,,,,,,,,,,,,,,,,,,,,,,,,,,,,,,,,,,,False,,False,False,False,False,False,False,no_strict_insar_solution
715,0,5,15,1,896,,,,,,,,,,,,,,,,,,,,,,,,,,,,,,,,,,,,,,,,,,False,,False,False,False,False,False,False,no_strict_insar_solution
716,0,7,21,1,897,,,,,,,,,,,,,,,,,,,,,,,,,,,,,,,,,,,,,,,,,,False,,False,False,False,False,False,False,no_strict_insar_solution
717,0,5,15,1,898,,,,,,,,,,,,,,,,,,,,,,,,,,,,,,,,,,,,,,,,,,False,,False,False,False,False,False,False,no_strict_insar_solution
718,0,8,24,1,899,,,,,,,,,,,,,,,,,,,,,,,,,,,,,,,,,,,,,,,,,,False,,False,False,False,False,False,False,no_strict_insar_solution
719,0,5,15,1,900,,,,,,,,,,,,,,,,,,,,,,,,,,,,,,,,,,,,,,,,,,False,,False,False,False,False,False,False,no_strict_insar_solution
720,0,8,24,1,901,,,,,,,,,,,,,,,,,,,,,,,,,,,,,,,,,,,,,,,,,,False,,False,False,False,False,False,False,no_strict_insar_solution
721,0,5,15,1,902,,,,,,,,,,,,,,,,,,,,,,,,,,,,,,,,,,,,,,,,,,False,,False,False,False,False,False,False,no_strict_insar_solution
722,0,5,15,1,903,,,,,,,,,,,,,,,,,,,,,,,,,,,,,,,,,,,,,,,,,,False,,False,False,False,False,False,False,no_strict_insar_solution
723,0,6,18,1,904,,,,,,,,,,,,,,,,,,,,,,,,,,,,,,,,,,,,,,,,,,False,,False,False,False,False,False,False,no_strict_insar_solution
724,0,8,24,1,905,,,,,,,,,,,,,,,,,,,,,,,,,,,,,,,,,,,,,,,,,,False,,False,False,False,False,False,False,no_strict_insar_solution
725,0,8,24,1,906,,,,,,,,,,,,,,,,,,,,,,,,,,,,,,,,,,,,,,,,,,False,,False,False,False,False,False,False,no_strict_insar_solution
726,0,29,87,1,907,25.16813087463379,grubbs_top,building_height_grubbs_top_m,-3.473439693450928,-9.099425649642944,-5.433537125587463,-2.969601273536682,11.179574489593506,24.366982269287107,36.10752162933352,88.39675598144531,100.4266128540039,25.16813087463379,4.0,28.0,0.0938693442733287,True,False,True,0.0125863921044171,3.0874176025390625,2.7733452324854238,-2.969601273536682,1.030398726463318,15.179574489593506,28.366982269287107,40.10752162933352,92.39675598144532,4.0,32.0,1.0,1.0,1.0,0.8535670638084412,0.3282058537006378,1.0828485488891602,16.0,477.1289978027344,726,426,,True,,False,False,False,True,False,True,insar_roof_only_strict
727,0,8,24,1,908,,,,,,,,,,,,,,,,,,,,,,,,,,,,,,,,,,,,,,,,,,False,,False,False,False,False,False,False,no_strict_insar_solution
728,0,8,24,1,909,,,,,,,,,,,,,,,,,,,,,,,,,,,,,,,,,,,,,,,,,,False,,False,False,False,False,False,False,no_strict_insar_solution
729,0,6,18,1,910,,,,,,,,,,,,,,,,,,,,,,,,,,,,,,,,,,,,,,,,,,False,,False,False,False,False,False,False,no_strict_insar_solution
730,0,4,12,1,911,,,,,,,,,,,,,,,,,,,,,,,,,,,,,,,,,,,,,,,,,,False,,False,False,False,False,False,False,no_strict_insar_solution
731,0,8,24,1,912,,,,,,,,,,,,,,,,,,,,,,,,,,,,,,,,,,,,,,,,,,False,,False,False,False,False,False,False,no_strict_insar_solution
732,0,7,21,1,913,,,,,,,,,,,,,,,,,,,,,,,,,,,,,,,,,,,,,,,,,,False,,False,False,False,False,False,False,no_strict_insar_solution
733,0,6,18,2,914;915,,,,,,,,,,,,,,,,,,,,,,,,,,,,,,,,,,,,,,,,,,False,,False,False,False,False,False,False,no_strict_insar_solution
734,0,8,24,1,916,4.770200729370117,grubbs_top,building_height_grubbs_top_m,0.4628872871398926,-3.3036890029907227,-0.9899560213088988,0.523841381072998,2.511411547660828,3.903067946434021,4.768345355987549,11.94144058227539,22.524524688720703,4.770200729370117,2.0,24.0,0.7245166502067795,True,False,True,6.827165354694742e-05,3.7521939277648926,2.6808994518100517,0.0319120436906814,4.523841381072998,6.511411547660828,7.903067946434021,8.768345355987549,15.94144058227539,4.0,26.0,1.0,1.0,1.0,0.824294924736023,0.3536173105239868,0.6692935228347778,18.0,500.6902465820313,734,433,,True,,False,False,False,True,False,True,insar_roof_only_strict
735,0,11,33,1,917,44.07011413574219,grubbs_top,building_height_grubbs_top_m,2.845012664794922,-7.570473003387451,-2.1335411071777344,3.3512401580810547,13.503883361816406,18.35432586669922,24.293208694458013,28.40675888061523,44.07011413574219,44.07011413574219,0.0,65.0,0.0500339545206574,True,True,False,0.0500339025327117,3.0565357208251958,3.0567110647513203,2.3592658042907715,7.351240158081055,17.503883361816406,22.35432586669922,28.293208694458013,32.40675888061523,4.0,65.0,1.0,1.0,1.0,0.8893700838088989,0.2405120432376861,0.9227427840232848,15.0,432.03118896484375,735,434,,True,,False,False,False,False,False,False,insar_roof_only_strict
736,0,8,24,1,918,14.838008880615234,grubbs_top,building_height_grubbs_top_m,0.4671761989593506,-2.927728760242462,-0.2938989996910095,0.7623648643493652,2.7457497119903564,5.718045186996459,9.908791065216064,12.095678186416617,18.25432586669922,14.838008880615234,1.0,73.0,0.0531386833016677,True,False,True,0.0085579039878436,3.5266590118408203,3.1040534582828645,0.76236492395401,4.762364864349365,6.7457497119903564,9.71804518699646,13.908791065216064,16.095678186416617,4.0,74.0,1.0,1.0,1.0,0.9128403663635254,0.1272152513265609,0.4522746205329895,25.0,424.91448974609375,736,435,,True,,False,False,False,True,False,True,insar_roof_only_strict
737,0,6,18,5,919;1187;1184;1212;1185,37.65907287597656,grubbs_top,building_height_grubbs_top_m,17.41185760498047,-4.657440614700318,0.9307539463043212,17.41185760498047,26.913047790527344,30.00705871582031,32.01636505126953,34.11022338867187,37.65907287597656,37.65907287597656,0.0,119.0,1.0,True,True,False,1.0,1.6550010442733765,3.267869514125631,2.511366128921509,21.41185760498047,30.913047790527344,34.007058715820314,36.01636505126953,38.11022338867187,22.0,119.0,1.0,1.0,1.0,0.8561378717422485,0.3460071384906769,0.86965411901474,18.0,386.9142150878906,737,436,,True,,False,False,False,False,False,False,insar_roof_only_strict
738,0,10,30,2,920;921,19.000694274902344,grubbs_top,building_height_grubbs_top_m,-2.155381202697754,-15.665443181991575,-8.667778253555298,-2.155381202697754,4.772006034851074,13.016262292861938,15.818554878234863,18.110130786895752,19.000694274902344,19.000694274902344,0.0,36.0,1.0,True,True,False,1.0,1.8568809032440183,2.8236933338418355,-7.070943355560303,1.844618797302246,8.772006034851074,17.01626229286194,19.818554878234863,22.110130786895752,8.732879638671875,36.0,1.0,1.0,1.0,0.8262208104133606,0.3435173034667969,0.6492210626602173,15.0,353.6555480957031,738,437,,True,,False,False,False,False,False,False,insar_roof_only_strict
739,0,9,27,1,923,26.932695388793945,grubbs_top,building_height_grubbs_top_m,23.16502952575684,6.5166116714477536,18.15551376342773,22.6140079498291,23.695828437805176,24.30344305038452,25.35954818725586,26.3612340927124,26.932695388793945,26.932695388793945,0.0,22.0,1.0,True,True,False,1.0,0.9825934767723083,2.602783742942279,-3.5472759008407597,26.6140079498291,27.695828437805176,28.30344305038452,29.35954818725586,30.3612340927124,31.0,22.0,1.0,1.0,1.0,0.8416375517845154,0.3439386487007141,0.8866294622421265,14.0,446.0775451660156,739,438,,True,,False,False,False,False,False,False,insar_roof_only_strict
740,0,2,6,1,924,,,,,,,,,,,,,,,,,,,,,,,,,,,,,,,,,,,,,,,,,,False,,False,False,False,False,False,False,no_strict_insar_solution
741,0,2,6,1,925,,,,,,,,,,,,,,,,,,,,,,,,,,,,,,,,,,,,,,,,,,False,,False,False,False,False,False,False,no_strict_insar_solution
742,0,2,6,6,926;930;927;928;931;929,14.800148010253906,grubbs_top,building_height_grubbs_top_m,1.2917094230651855,-3.893960213661194,-1.0837379693984983,1.3604702949523926,4.979640960693359,7.110209274291992,8.158543014526368,10.100143051147466,14.800148010253906,14.800148010253906,0.0,335.0,0.6042942003861235,True,True,False,0.6042941025304627,2.8943076133728027,3.584011742920297,0.7124312520027161,5.360470294952393,8.97964096069336,11.110209274291991,12.158543014526368,14.100143051147466,4.0,335.0,1.0,1.0,1.0,0.8668650388717651,0.3309953808784485,0.6138516068458557,17.0,408.5389099121094,742,441,,True,,False,False,False,False,False,False,insar_roof_only_strict
743,0,2,6,1,932,,,,,,,,,,,,,,,,,,,,,,,,,,,,,,,,,,,,,,,,,,False,,False,False,False,False,False,False,no_strict_insar_solution
744,0,2,6,1,933,17.030029296875,grubbs_top,building_height_grubbs_top_m,-1.3453855514526367,-6.769178104400635,-4.654253721237183,-1.163032054901123,2.841428518295288,5.1330961227417,6.08095359802246,11.440677261352535,17.030029296875,17.030029296875,0.0,67.0,0.0587223668363943,True,True,False,0.0587223940301383,3.025925636291504,3.06788516289407,-1.1630319356918335,2.836967945098877,6.841428518295288,9.1330961227417,10.08095359802246,15.440677261352535,4.0,67.0,1.0,1.0,1.0,0.87029629945755,0.3266435265541076,0.6682151556015015,17.0,368.5443115234375,744,442,,True,,False,False,False,False,False,False,insar_roof_only_strict
745,0,4,12,1,934,6.915890693664551,grubbs_top,building_height_grubbs_top_m,0.7318763732910156,-2.1911368370056152,-0.5357122421264648,0.813239574432373,2.230895757675171,3.7851243019104,4.2365710735321045,4.94195818901062,6.915890693664551,6.915890693664551,0.0,36.0,0.2406803635391647,True,True,False,0.240680460236383,2.383134126663208,2.8236933338418355,0.8132395446300507,4.813239574432373,6.230895757675171,7.7851243019104,8.236571073532104,8.94195818901062,4.0,36.0,1.0,1.0,1.0,0.8321397304534912,0.354227602481842,0.7025817632675171,14.0,349.1082458496094,745,443,,True,,False,False,False,False,False,False,insar_roof_only_strict
746,0,1,3,1,935,,,,,,,,,,,,,,,,,,,,,,,,,,,,,,,,,,,,,,,,,,False,,False,False,False,False,False,False,no_strict_insar_solution
747,0,4,12,1,936,,,,,,,,,,,,,,,,,,,,,,,,,,,,,,,,,,,,,,,,,,False,,False,False,False,False,False,False,no_strict_insar_solution
748,0,2,6,1,937,,,,,,,,,,,,,,,,,,,,,,,,,,,,,,,,,,,,,,,,,,False,,False,False,False,False,False,False,no_strict_insar_solution
749,0,8,24,1,939,11.278985023498535,grubbs_top,building_height_grubbs_top_m,-0.6775636672973633,-5.099202632904053,-2.5361862182617188,-0.4290871620178222,3.4780406951904297,6.68300971984863,9.13693351745606,19.97628326416015,37.3282585144043,11.278985023498535,16.0,193.0,0.3717819364316946,True,False,True,0.0002292326174513,4.614652156829834,3.445762435113659,-0.7657486796379089,3.5709128379821777,7.47804069519043,10.68300971984863,13.13693351745606,23.97628326416015,4.0,209.0,1.0,1.0,1.0,0.8424029350280762,0.331223577260971,0.6816568970680237,17.0,496.6940002441406,749,447,,True,,False,False,False,True,False,True,insar_roof_only_strict
750,0,2,6,2,940;952,15.300262451171877,grubbs_top,building_height_grubbs_top_m,3.1634440422058105,-3.618228387832642,-0.8897085189819336,3.1634440422058105,6.310177803039551,9.30185890197754,10.197967147827146,10.919234085083009,15.300262451171877,15.300262451171877,0.0,389.0,1.0,True,True,False,1.0,2.527604579925537,3.626099850717898,-0.0302049275487661,7.1634440422058105,10.31017780303955,13.30185890197754,14.197967147827146,14.919234085083009,5.363247871398926,389.0,1.0,1.0,1.0,0.8620684146881104,0.3206807971000671,0.6355776190757751,23.0,544.6810913085938,750,448,,True,,False,False,False,False,False,False,insar_roof_only_strict
751,0,2,6,1,941,,,,,,,,,,,,,,,,,,,,,,,,,,,,,,,,,,,,,,,,,,False,,False,False,False,False,False,False,no_strict_insar_solution
752,0,9,27,1,942,,,,,,,,,,,,,,,,,,,,,,,,,,,,,,,,,,,,,,,,,,False,,False,False,False,False,False,False,no_strict_insar_solution
753,0,8,24,1,944,18.133941650390625,grubbs_top,building_height_grubbs_top_m,5.456711292266846,-0.7513089418411254,3.0021190643310547,5.524517059326172,7.307085990905762,11.028214550018308,13.123612213134768,15.174150657653808,21.514535903930664,18.133941650390625,1.0,58.0,0.1773894352398879,True,False,True,0.0419555749635123,3.0653889179229736,3.0205330048255705,5.123338222503662,9.524517059326172,11.307085990905762,15.028214550018308,17.123612213134766,19.174150657653808,4.0,59.0,1.0,1.0,1.0,0.8462544083595276,0.3314826786518097,0.4961897134780884,20.0,582.2597045898438,753,451,,True,,False,False,False,True,False,True,insar_roof_only_strict
754,0,4,12,1,945,,,,,,,,,,,,,,,,,,,,,,,,,,,,,,,,,,,,,,,,,,False,,False,False,False,False,False,False,no_strict_insar_solution
755,0,7,21,3,946;949;1045,39.26485443115234,grubbs_top,building_height_grubbs_top_m,7.346187591552734,-0.5798218965530395,1.93306303024292,7.346187591552734,28.619428634643555,33.52011070251465,34.71792068481445,36.01273803710937,39.26485443115234,39.26485443115234,0.0,119.0,1.0,True,True,False,1.0,1.7568542957305908,3.267869514125631,4.266141414642334,11.346187591552734,32.619428634643555,37.52011070251465,38.71792068481445,40.01273803710937,7.607994556427002,119.0,1.0,1.0,1.0,0.8714444637298584,0.3395082354545593,0.9825133681297302,21.0,410.3930969238281,755,452,,True,,False,False,False,False,False,False,insar_roof_only_strict
756,0,1,3,4,947;948;950;951,14.392271041870115,grubbs_top,building_height_grubbs_top_m,5.153548240661621,-6.047162246704102,-0.736916184425354,5.153548240661621,7.353983402252197,8.381910133361815,9.040933418273926,10.194224929809568,14.392271041870115,14.392271041870115,0.0,63.0,1.0,True,True,False,1.0,1.9183772802352903,3.045115403805128,2.167120695114136,9.15354824066162,11.353983402252195,12.381910133361815,13.040933418273926,14.194224929809568,7.0,63.0,1.0,1.0,1.0,0.8585314154624939,0.3370407819747925,1.053228735923767,15.0,478.9831848144531,756,453,,True,,False,False,False,False,False,False,insar_roof_only_strict
757,0,4,12,5,953;954;956;958;959,16.2573184967041,grubbs_top,building_height_grubbs_top_m,-0.2155790328979492,-5.291226005554199,-2.637182235717773,-0.0888738632202148,3.807516574859619,6.253931236267088,9.950343894958497,12.03246917724609,16.2573184967041,16.2573184967041,0.0,237.0,0.3866952311377409,True,True,False,0.386695289018244,2.9179718494415283,3.4834635956873146,-1.1907602548599243,3.911126136779785,7.807516574859619,10.253931236267087,13.950343894958497,16.032469177246092,4.0,237.0,1.0,1.0,1.0,0.865963339805603,0.3446958363056183,0.982943058013916,24.0,532.9639892578125,757,454,,True,,False,False,False,False,False,False,insar_roof_only_strict
758,0,2,6,1,955,,,,,,,,,,,,,,,,,,,,,,,,,,,,,,,,,,,,,,,,,,False,,False,False,False,False,False,False,no_strict_insar_solution
759,0,5,15,1,957,20.669248580932617,grubbs_top,building_height_grubbs_top_m,-0.4619616270065307,-4.114969968795776,-2.555672287940979,-0.4619616270065307,14.980031967163086,19.09377355575561,19.400331115722658,20.56580114364624,20.669248580932617,20.669248580932617,0.0,32.0,1.0,True,True,False,1.0,1.6665284633636477,2.7733452324854238,-1.4713804721832275,3.538038372993469,18.98003196716309,23.09377355575561,23.400331115722658,24.56580114364624,4.0,32.0,1.0,1.0,1.0,0.8112173676490784,0.3572458028793335,0.7711759805679321,13.0,436.6778869628906,759,456,,True,,False,False,False,False,False,False,insar_roof_only_strict
760,0,6,18,1,960,34.0955810546875,grubbs_top,building_height_grubbs_top_m,5.842402458190918,-4.177341890335083,-0.6576378345489502,5.842402458190918,24.08333110809326,26.53851909637451,27.317051696777348,32.07260932922363,34.0955810546875,34.0955810546875,0.0,43.0,1.0,True,True,False,1.0,1.7828019857406616,2.8970234886239705,-0.158506229519844,9.842402458190918,28.08333110809326,30.53851909637451,31.317051696777348,36.07260932922363,10.409149169921877,43.0,1.0,1.0,1.0,0.8315856456756592,0.3483719825744629,0.8478630781173706,18.0,473.2161865234375,760,457,,True,,False,False,False,False,False,False,insar_roof_only_strict
761,0,2,6,1,961,10.175065994262695,grubbs_top,building_height_grubbs_top_m,4.400381088256836,-5.634193515777588,-2.313558578491211,4.400381088256836,5.33299732208252,7.673083686828614,9.307037734985352,9.87027702331543,10.175065994262695,10.175065994262695,0.0,57.0,1.0,True,True,False,1.0,1.4742273092269895,3.007474117438872,-1.5996192693710327,8.400381088256836,9.33299732208252,11.673083686828614,13.307037734985352,13.87027702331543,10.0,57.0,1.0,1.0,1.0,0.8553799390792847,0.3296225666999817,0.5834243297576904,28.0,644.039306640625,761,458,,True,,False,False,False,False,False,False,insar_roof_only_strict
762,0,8,24,1,962,7.171441078186035,grubbs_top,building_height_grubbs_top_m,3.438565254211426,1.7211994171142575,2.8222752809524536,3.4477272033691406,4.180938959121704,4.5402587890625,4.764461040496827,5.276395225524903,7.171441078186035,7.171441078186035,0.0,178.0,0.0678627174012127,True,True,False,0.0678627531788955,3.3171916007995605,3.3966184915044786,0.4738140702247619,7.447727203369141,8.180938959121704,8.5402587890625,8.764461040496828,9.276395225524904,7.0,178.0,1.0,1.0,1.0,0.9005690217018127,0.3259692788124084,0.6724146604537964,31.0,660.4149169921875,762,459,,True,,False,False,False,False,False,False,insar_roof_only_strict
763,0,6,18,1,963,,,,,,,,,,,,,,,,,,,,,,,,,,,,,,,,,,,,,,,,,,False,,False,False,False,False,False,False,no_strict_insar_solution
764,0,16,48,1,964,50.58413314819336,grubbs_top,building_height_grubbs_top_m,15.506391525268556,0.1026473045349121,5.042081832885742,15.852439880371094,24.94617080688477,31.07420921325684,34.67462158203125,37.448360443115234,69.70611572265625,50.58413314819336,1.0,130.0,0.3518914843415199,True,False,True,0.0025382302199119,3.990668535232544,3.2993560332009366,9.878012657165527,19.852439880371094,28.94617080688477,35.07420921325684,38.67462158203125,41.448360443115234,6.768692970275879,131.0,1.0,1.0,1.0,0.890083909034729,0.2381569147109985,0.9055632948875428,21.0,348.6134948730469,764,461,,True,,False,False,False,True,False,True,insar_roof_only_strict
765,0,2,6,2,965;1078,,,,,,,,,,,,,,,,,,,,,,,,,,,,,,,,,,,,,,,,,,False,,False,False,False,False,False,False,no_strict_insar_solution
766,0,7,21,2,966;1081,,,,,,,,,,,,,,,,,,,,,,,,,,,,,,,,,,,,,,,,,,False,,False,False,False,False,False,False,no_strict_insar_solution
767,0,7,21,1,967,,,,,,,,,,,,,,,,,,,,,,,,,,,,,,,,,,,,,,,,,,False,,False,False,False,False,False,False,no_strict_insar_solution
768,0,8,24,1,968,,,,,,,,,,,,,,,,,,,,,,,,,,,,,,,,,,,,,,,,,,False,,False,False,False,False,False,False,no_strict_insar_solution
769,0,5,15,1,969,,,,,,,,,,,,,,,,,,,,,,,,,,,,,,,,,,,,,,,,,,False,,False,False,False,False,False,False,no_strict_insar_solution
770,0,5,15,1,970,21.15185165405273,grubbs_top,building_height_grubbs_top_m,-6.178666591644287,-12.013028383255005,-8.33682918548584,-5.155099391937256,1.2545263767242432,16.184382438659668,16.99098014831543,17.495705604553223,21.15185165405273,21.15185165405273,0.0,26.0,0.3502909795089737,True,True,False,0.3502910933773415,2.125340700149536,2.6808994518100517,-8.231500625610352,-1.155099391937256,5.254526376724243,20.184382438659668,20.99098014831543,21.495705604553223,8.458099365234375,26.0,1.0,1.0,1.0,0.8272159099578857,0.3394758403301239,0.7715145945549011,13.0,370.39849853515625,770,467,,True,,False,False,False,False,False,False,insar_roof_only_strict
771,0,4,12,1,971,,,,,,,,,,,,,,,,,,,,,,,,,,,,,,,,,,,,,,,,,,False,,False,False,False,False,False,False,no_strict_insar_solution
772,0,2,6,1,972,,,,,,,,,,,,,,,,,,,,,,,,,,,,,,,,,,,,,,,,,,False,,False,False,False,False,False,False,no_strict_insar_solution
773,0,2,6,1,973,,,,,,,,,,,,,,,,,,,,,,,,,,,,,,,,,,,,,,,,,,False,,False,False,False,False,False,False,no_strict_insar_solution
774,0,1,3,1,974,,,,,,,,,,,,,,,,,,,,,,,,,,,,,,,,,,,,,,,,,,False,,False,False,False,False,False,False,no_strict_insar_solution
775,0,2,6,1,975,,,,,,,,,,,,,,,,,,,,,,,,,,,,,,,,,,,,,,,,,,False,,False,False,False,False,False,False,no_strict_insar_solution
776,0,2,6,2,976;984,11.086360931396484,grubbs_top,building_height_grubbs_top_m,6.545287132263184,-2.9903042316436763,3.363137722015381,6.388156890869141,7.29302167892456,7.841557693481445,8.14697208404541,9.119530487060548,11.086360931396484,11.086360931396484,0.0,263.0,1.0,True,True,False,1.0,1.6842267513275146,3.5141878623256053,0.7502351403236389,10.38815689086914,11.29302167892456,11.841557693481445,12.14697208404541,13.119530487060548,10.0,263.0,1.0,1.0,1.0,0.8364437818527222,0.3263002038002014,0.4219620525836944,18.0,558.21728515625,776,474,,True,,False,False,False,False,False,False,insar_roof_only_strict
777,0,5,15,4,977;993;987;980,16.223297119140625,grubbs_top,building_height_grubbs_top_m,2.164351463317871,-0.6110888123512268,0.8229010105133057,2.523190498352051,6.860699415206909,10.696727275848389,12.056824493408204,15.691123008728022,27.837160110473636,16.223297119140625,4.0,90.0,0.1527972903083807,True,False,True,0.0008196487183504,4.098868370056152,3.18832706661857,2.2364386320114136,6.523190498352051,10.86069941520691,14.696727275848389,16.056824493408204,19.691123008728024,4.0,94.0,1.0,1.0,1.0,0.8864933252334595,0.3401367664337158,0.8088079690933228,29.0,585.1785278320312,777,477,,True,,False,False,False,True,False,True,insar_roof_only_strict
778,0,14,42,2,978;979,,,,,,,,,,,,,,,,,,,,,,,,,,,,,,,,,,,,,,,,,,False,,False,False,False,False,False,False,no_strict_insar_solution
779,0,12,36,1,981,,,,,,,,,,,,,,,,,,,,,,,,,,,,,,,,,,,,,,,,,,False,,False,False,False,False,False,False,no_strict_insar_solution
780,0,5,15,1,982,16.242082595825195,grubbs_top,building_height_grubbs_top_m,6.276140213012695,-4.046715974807739,-0.2070269584655761,6.276140213012695,14.242711067199709,14.802176475524902,15.441659927368164,15.87101125717163,16.242082595825195,16.242082595825195,0.0,26.0,1.0,True,True,False,1.0,1.276456594467163,2.6808994518100517,-2.5071136951446533,10.276140213012695,18.242711067199707,18.802176475524902,19.441659927368164,19.87101125717163,13.58936882019043,26.0,1.0,1.0,1.0,0.814048171043396,0.3510624170303345,0.9655129313468932,16.5,660.4149169921875,780,478,,True,,False,False,False,False,False,False,insar_roof_only_strict
781,0,3,9,1,983,15.746404647827148,grubbs_top,building_height_grubbs_top_m,4.217870712280273,-0.651139199733734,2.473805069923401,4.509314060211182,8.541839122772217,13.047472858428955,19.231046485900876,23.748631477355957,30.075958251953125,15.746404647827148,7.0,55.0,0.1019025466690087,True,False,True,0.0493546703737373,3.0425045490264893,3.039150003792808,3.454389929771424,8.509314060211182,12.541839122772217,17.047472858428957,23.231046485900876,27.748631477355957,5.3086700439453125,62.0,1.0,1.0,1.0,0.840465784072876,0.3329909443855285,0.4924071133136749,16.5,369.4714050292969,781,479,,True,,False,False,False,True,False,True,insar_roof_only_strict
782,0,4,12,3,985;988;986,29.56640625,grubbs_top,building_height_grubbs_top_m,6.797523498535156,-2.062052512168884,0.602860689163208,6.797523498535156,18.69139814376831,20.88320569992065,22.315046882629403,24.110152816772462,29.56640625,29.56640625,0.0,340.0,1.0,True,True,False,1.0,2.1377313137054443,3.588217992954335,2.871955156326294,10.797523498535156,22.69139814376831,24.88320569992065,26.315046882629403,28.110152816772462,8.134807586669922,340.0,1.0,1.0,1.0,0.8432173132896423,0.3376063406467438,0.8559489846229553,19.0,544.6810913085938,782,480,,True,,False,False,False,False,False,False,insar_roof_only_strict
783,0,6,18,1,989,11.581212997436523,grubbs_top,building_height_grubbs_top_m,3.516042232513428,-4.4348455429077145,1.4194412231445312,3.5801448822021484,6.231681823730469,6.999949645996092,7.411272811889648,9.924740219116208,27.09197235107422,11.581212997436523,2.0,51.0,0.6412817359047801,True,False,True,8.005328192739469e-05,4.228805541992188,2.979607732147852,1.830402374267578,7.580144882202148,10.231681823730469,10.999949645996091,11.41127281188965,13.924740219116208,4.0,53.0,1.0,1.0,1.0,0.8650659322738647,0.3088566660881042,0.4759990274906158,21.0,446.2493896484375,783,481,,True,,False,False,False,True,False,True,insar_roof_only_strict
784,0,7,21,1,990,,,,,,,,,,,,,,,,,,,,,,,,,,,,,,,,,,,,,,,,,,False,,False,False,False,False,False,False,no_strict_insar_solution
785,0,1,3,1,991,,,,,,,,,,,,,,,,,,,,,,,,,,,,,,,,,,,,,,,,,,False,,False,False,False,False,False,False,no_strict_insar_solution
786,0,2,6,1,992,22.34033203125,grubbs_top,building_height_grubbs_top_m,-5.26298713684082,-11.506191730499268,-8.217451095581055,-5.262986898422241,6.967455625534058,14.291432094573974,15.219981002807618,16.26558713912964,22.34033203125,22.34033203125,0.0,232.0,1.0,True,True,False,1.0,2.4028799533843994,3.47711606780092,-6.148784160614014,-1.2629868984222412,10.967455625534058,18.29143209457397,19.219981002807614,20.26558713912964,4.0,232.0,1.0,1.0,1.0,0.8806288838386536,0.3392426967620849,0.7284842729568481,21.0,516.58837890625,786,483,,True,,False,False,False,False,False,False,insar_roof_only_strict
787,0,14,42,1,994,15.45582389831543,grubbs_top,building_height_grubbs_top_m,0.926767349243164,-1.855459415912628,0.04473876953125,1.0069921016693115,6.4306159019470215,9.957466125488272,12.632062339782715,15.182183933258056,33.573707580566406,15.45582389831543,5.0,115.0,0.3985615204864828,True,False,True,0.0002473939123559,4.414264678955078,3.2706323854663366,0.9758292436599731,5.006992101669312,10.43061590194702,13.957466125488272,16.632062339782713,19.182183933258056,4.0,120.0,1.0,1.0,1.0,0.8850916028022766,0.3209440410137176,0.5347405672073364,27.5,613.2711791992188,787,484,,True,,False,False,False,True,False,True,insar_roof_only_strict
788,0,3,9,1,995,15.479866027832031,grubbs_top,building_height_grubbs_top_m,8.229183197021484,2.263320493698121,5.223777770996094,8.184199333190918,9.562222719192505,10.34039397239685,10.840909385681153,13.586984825134277,15.479866027832031,15.479866027832031,0.0,122.0,1.0,True,True,False,1.0,2.2397475242614746,3.276078195746472,-0.5336908996105194,12.184199333190918,13.562222719192505,14.34039397239685,14.840909385681153,17.586984825134273,13.0,122.0,1.0,1.0,1.0,0.8294897675514221,0.3441373705863952,0.5634512305259705,19.0,561.0567016601562,788,485,,True,,False,False,False,False,False,False,insar_roof_only_strict
789,0,2,6,1,996,,,,,,,,,,,,,,,,,,,,,,,,,,,,,,,,,,,,,,,,,,False,,False,False,False,False,False,False,no_strict_insar_solution
790,0,11,33,1,997,,,,,,,,,,,,,,,,,,,,,,,,,,,,,,,,,,,,,,,,,,False,,False,False,False,False,False,False,no_strict_insar_solution
791,0,9,27,1,998,,,,,,,,,,,,,,,,,,,,,,,,,,,,,,,,,,,,,,,,,,False,,False,False,False,False,False,False,no_strict_insar_solution
792,0,3,9,1,999,,,,,,,,,,,,,,,,,,,,,,,,,,,,,,,,,,,,,,,,,,False,,False,False,False,False,False,False,no_strict_insar_solution
793,0,4,12,1,1000,,,,,,,,,,,,,,,,,,,,,,,,,,,,,,,,,,,,,,,,,,False,,False,False,False,False,False,False,no_strict_insar_solution
794,0,3,9,1,1001,,,,,,,,,,,,,,,,,,,,,,,,,,,,,,,,,,,,,,,,,,False,,False,False,False,False,False,False,no_strict_insar_solution
795,0,6,18,1,1002,,,,,,,,,,,,,,,,,,,,,,,,,,,,,,,,,,,,,,,,,,False,,False,False,False,False,False,False,no_strict_insar_solution
796,0,4,12,1,1003,,,,,,,,,,,,,,,,,,,,,,,,,,,,,,,,,,,,,,,,,,False,,False,False,False,False,False,False,no_strict_insar_solution
797,0,11,33,1,1004,42.9809455871582,grubbs_top,building_height_grubbs_top_m,5.606054306030273,-16.01500883102417,-4.728869438171387,6.04937744140625,12.992837905883787,18.35088882446289,22.499345397949217,30.863296508789013,42.9809455871582,42.9809455871582,0.0,103.0,0.2600928369311397,True,True,False,0.2600930039075648,2.756762981414795,3.2195615788168688,-2.2002899646759038,10.04937744140625,16.99283790588379,22.35088882446289,26.499345397949217,34.86329650878901,11.51291275024414,103.0,1.0,1.0,1.0,0.8792290091514587,0.304951936006546,0.9144214987754822,15.0,325.8359069824219,797,495,,True,,False,False,False,False,False,False,insar_roof_only_strict
798,0,5,15,1,1005,,,,,,,,,,,,,,,,,,,,,,,,,,,,,,,,,,,,,,,,,,False,,False,False,False,False,False,False,no_strict_insar_solution
799,0,3,9,1,1006,29.456748962402344,grubbs_top,building_height_grubbs_top_m,23.78179168701172,0.1554576396942138,6.075584173202515,23.7817907333374,26.249736309051517,26.59080829620361,27.12879161834717,28.10138807296753,29.456748962402344,29.456748962402344,0.0,44.0,1.0,True,True,False,1.0,1.139193773269653,2.9062932258703698,9.290639400482178,27.7817907333374,30.249736309051517,30.59080829620361,31.12879161834717,32.10138807296753,19.0,44.0,1.0,1.0,1.0,0.8707534670829773,0.3418964147567749,0.7533751726150513,25.5,504.6864929199219,799,497,,True,,False,False,False,False,False,False,insar_roof_only_strict
800,0,3,9,1,1007,,,,,,,,,,,,,,,,,,,,,,,,,,,,,,,,,,,,,,,,,,False,,False,False,False,False,False,False,no_strict_insar_solution
801,0,2,6,1,1008,,,,,,,,,,,,,,,,,,,,,,,,,,,,,,,,,,,,,,,,,,False,,False,False,False,False,False,False,no_strict_insar_solution
802,0,8,24,1,1009,38.11967468261719,grubbs_top,building_height_grubbs_top_m,22.86074447631836,-4.149991464614868,0.1194696426391601,22.86074447631836,32.16251373291016,34.03220405578613,34.60381927490234,35.484256744384766,38.11967468261719,38.11967468261719,0.0,59.0,1.0,True,True,False,1.0,1.2978702783584597,3.0205330048255705,4.515144348144531,26.86074447631836,36.16251373291016,38.03220405578613,38.60381927490234,39.484256744384766,21.69009017944336,59.0,1.0,1.0,1.0,0.8450301289558411,0.347023993730545,0.9883725047111512,18.0,477.1289978027344,802,499,,True,,False,False,False,False,False,False,insar_roof_only_strict
803,0,2,6,1,1010,,,,,,,,,,,,,,,,,,,,,,,,,,,,,,,,,,,,,,,,,,False,,False,False,False,False,False,False,no_strict_insar_solution
804,0,6,18,1,1011,,,,,,,,,,,,,,,,,,,,,,,,,,,,,,,,,,,,,,,,,,False,,False,False,False,False,False,False,no_strict_insar_solution
805,0,5,15,2,1012;1013,,,,,,,,,,,,,,,,,,,,,,,,,,,,,,,,,,,,,,,,,,False,,False,False,False,False,False,False,no_strict_insar_solution
806,0,2,6,1,1014,,,,,,,,,,,,,,,,,,,,,,,,,,,,,,,,,,,,,,,,,,False,,False,False,False,False,False,False,no_strict_insar_solution
807,0,6,18,2,1015;1016,,,,,,,,,,,,,,,,,,,,,,,,,,,,,,,,,,,,,,,,,,False,,False,False,False,False,False,False,no_strict_insar_solution
808,0,6,18,1,1017,,,,,,,,,,,,,,,,,,,,,,,,,,,,,,,,,,,,,,,,,,False,,False,False,False,False,False,False,no_strict_insar_solution
809,0,6,18,2,1018;1020,,,,,,,,,,,,,,,,,,,,,,,,,,,,,,,,,,,,,,,,,,False,,False,False,False,False,False,False,no_strict_insar_solution
810,0,11,33,1,1019,38.37458801269531,grubbs_top,building_height_grubbs_top_m,13.740365982055664,-7.366611862182617,-0.3388439416885376,13.740365982055664,33.28886032104492,34.12368125915528,35.12049407958985,35.903344726562494,38.37458801269531,38.37458801269531,0.0,79.0,1.0,True,True,False,1.0,1.3630011081695557,3.1274681967528544,-0.4728553891181946,17.740365982055664,37.28886032104492,38.12368125915528,39.12049407958985,39.903344726562494,17.307540893554688,79.0,1.0,1.0,1.0,0.8437772989273071,0.3379741311073303,0.9697785973548888,16.0,532.9639892578125,810,505,,True,,False,False,False,False,False,False,insar_roof_only_strict
811,0,4,12,1,1021,,,,,,,,,,,,,,,,,,,,,,,,,,,,,,,,,,,,,,,,,,False,,False,False,False,False,False,False,no_strict_insar_solution
812,0,7,21,1,1024,,,,,,,,,,,,,,,,,,,,,,,,,,,,,,,,,,,,,,,,,,False,,False,False,False,False,False,False,no_strict_insar_solution
813,0,7,21,1,1025,,,,,,,,,,,,,,,,,,,,,,,,,,,,,,,,,,,,,,,,,,False,,False,False,False,False,False,False,no_strict_insar_solution
814,0,6,18,1,1028,,,,,,,,,,,,,,,,,,,,,,,,,,,,,,,,,,,,,,,,,,False,,False,False,False,False,False,False,no_strict_insar_solution
815,0,6,18,1,1029,,,,,,,,,,,,,,,,,,,,,,,,,,,,,,,,,,,,,,,,,,False,,False,False,False,False,False,False,no_strict_insar_solution
816,0,8,24,1,1033,,,,,,,,,,,,,,,,,,,,,,,,,,,,,,,,,,,,,,,,,,False,,False,False,False,False,False,False,no_strict_insar_solution
817,0,7,21,1,1034,,,,,,,,,,,,,,,,,,,,,,,,,,,,,,,,,,,,,,,,,,False,,False,False,False,False,False,False,no_strict_insar_solution
818,0,12,36,1,1035,26.78330993652344,grubbs_top,building_height_grubbs_top_m,6.791456699371338,-3.322186017036438,0.2959011793136596,6.791456699371338,16.94883108139038,21.382163333892823,22.208648681640625,22.91144371032715,26.78330993652344,26.78330993652344,0.0,24.0,0.7127318798511411,True,True,False,0.712731894005552,1.8321281671524048,2.643909924455784,0.8900681436061859,10.791456699371338,20.94883108139038,25.382163333892823,26.208648681640625,26.91144371032715,8.83204460144043,24.0,1.0,1.0,1.0,0.8322175145149231,0.3339163362979889,0.7073166370391846,14.5,418.3196105957031,818,508,,True,,False,False,False,False,False,False,insar_roof_only_strict
819,0,10,30,1,1036,,,,,,,,,,,,,,,,,,,,,,,,,,,,,,,,,,,,,,,,,,False,,False,False,False,False,False,False,no_strict_insar_solution
820,0,2,6,2,1037;1040,,,,,,,,,,,,,,,,,,,,,,,,,,,,,,,,,,,,,,,,,,False,,False,False,False,False,False,False,no_strict_insar_solution
821,0,20,60,1,1038,,,,,,,,,,,,,,,,,,,,,,,,,,,,,,,,,,,,,,,,,,False,,False,False,False,False,False,False,no_strict_insar_solution
822,0,20,60,1,1039,,,,,,,,,,,,,,,,,,,,,,,,,,,,,,,,,,,,,,,,,,False,,False,False,False,False,False,False,no_strict_insar_solution
823,0,11,33,1,1041,55.39111328125,grubbs_top,building_height_grubbs_top_m,15.128606796264648,-1.7762256860733006,7.849269151687622,15.143823623657228,27.30294132232666,34.084007835388185,41.213390731811536,45.56571807861327,82.31538391113281,55.39111328125,1.0,131.0,0.4890759514311882,True,False,True,0.0009002276300353,4.203559875488281,3.3018267998756503,7.574142456054687,19.143823623657227,31.30294132232666,38.084007835388185,45.213390731811536,49.56571807861327,11.984691619873049,132.0,1.0,1.0,1.0,0.9078131914138794,0.1769267916679382,0.6839876174926758,16.0,285.9814147949219,823,513,,True,,False,False,False,True,False,True,insar_roof_only_strict
824,0,5,15,1,1042,13.298439025878906,grubbs_top,building_height_grubbs_top_m,-1.60758376121521,-8.30607099533081,-4.627884745597839,-0.907017469406128,1.213752031326294,2.776832962036133,4.894532108306883,9.893407535552972,30.07650756835937,13.298439025878906,4.0,156.0,0.1068437076562944,True,False,True,2.071201656406174e-05,4.949438571929932,3.363327283437576,-1.7416196465492249,3.092982530593872,5.213752031326294,6.776832962036133,8.894532108306883,13.893407535552972,4.0,160.0,1.0,1.0,1.0,0.943811297416687,0.2203713208436966,0.346839427947998,26.5,410.3930969238281,824,514,,True,,False,False,False,True,False,True,insar_roof_only_strict
825,0,5,15,2,1043;1066,25.20884323120117,grubbs_top,building_height_grubbs_top_m,2.805455684661865,-5.241652154922485,0.7211525440216064,3.064260959625244,8.39262866973877,10.386345291137696,13.352605819702145,19.07771644592285,25.20884323120117,25.20884323120117,0.0,83.0,0.1021408378073249,True,True,False,0.1021408381921555,2.953092098236084,3.144962170081836,1.5618829727172852,7.064260959625244,12.39262866973877,14.386345291137696,17.35260581970214,23.07771644592285,4.498011589050293,83.0,1.0,1.0,1.0,0.841852068901062,0.3571568131446838,0.8987122178077698,22.0,544.6810913085938,825,515,,True,,False,False,False,False,False,False,insar_roof_only_strict
826,0,10,30,1,1044,,,,,,,,,,,,,,,,,,,,,,,,,,,,,,,,,,,,,,,,,,False,,False,False,False,False,False,False,no_strict_insar_solution
827,0,8,24,5,1046;1047;1048;1049;1050,7.157349586486816,grubbs_top,building_height_grubbs_top_m,-3.038628339767456,-11.21212396621704,-6.631331443786621,-2.4094998836517334,0.4605329036712646,3.013664388656609,5.232292938232424,7.010533809661864,21.955352783203125,7.157349586486816,2.0,41.0,0.7196588709225249,True,False,True,0.0015459117247075,3.635807275772095,2.8970234886239705,-4.220649719238281,1.5905001163482666,4.460532903671265,7.0136643886566095,9.232292938232424,11.010533809661863,4.0,43.0,1.0,1.0,1.0,0.8305519819259644,0.3557683229446411,0.8533844947814941,16.0,346.7593078613281,827,516,,True,,False,False,False,True,False,True,insar_roof_only_strict
828,0,16,48,3,1051;1052;1053,12.435653686523438,grubbs_top,building_height_grubbs_top_m,2.380974292755127,-1.620555806159973,0.251981258392334,2.771901130676269,5.930509090423584,8.501628112792968,10.97199516296387,13.777294921874986,25.67760467529297,12.435653686523438,2.0,33.0,0.2530154386519756,True,False,True,0.000582741857551,3.684608221054077,2.811781880168149,1.7086811065673828,6.7719011306762695,9.930509090423584,12.501628112792968,14.97199516296387,17.777294921874986,5.2553486824035645,35.0,1.0,1.0,1.0,0.8490774631500244,0.3515459299087524,0.5445123910903931,17.0,434.78948974609375,828,517,,True,,False,False,False,True,False,True,insar_roof_only_strict
829,0,7,21,2,1054;1075,11.488208770751951,grubbs_top,building_height_grubbs_top_m,0.1030731201171875,-7.454785704612732,-3.3777212500572205,0.1131293773651123,3.2436143159866333,6.363276720046997,7.314397811889648,9.634256839752195,20.767234802246094,11.488208770751951,1.0,65.0,0.6514686147241872,True,False,True,0.0029657151709032,3.706040620803833,3.062349007088093,-0.1740343868732452,4.113129377365112,7.243614315986633,10.363276720046995,11.314397811889648,13.634256839752195,4.0,66.0,1.0,1.0,1.0,0.883873701095581,0.3189173340797424,0.5585105419158936,22.0,399.6776123046875,829,518,,True,,False,False,False,True,False,True,insar_roof_only_strict
830,0,6,18,1,1055,,,,,,,,,,,,,,,,,,,,,,,,,,,,,,,,,,,,,,,,,,False,,False,False,False,False,False,False,no_strict_insar_solution
831,0,18,54,2,1056;1057,,,,,,,,,,,,,,,,,,,,,,,,,,,,,,,,,,,,,,,,,,False,,False,False,False,False,False,False,no_strict_insar_solution
832,0,18,54,1,1058,15.009353637695312,grubbs_top,building_height_grubbs_top_m,7.447169303894043,3.924197578430176,5.606581926345825,8.702809810638428,11.426495552062988,15.41738948822022,40.9147304534912,55.999401664733874,60.802024841308594,15.009353637695312,5.0,29.0,0.286768097831176,True,False,True,0.0300141244897571,2.9229750633239746,2.79944030774216,2.987908959388733,12.702809810638428,15.426495552062988,19.41738948822022,44.9147304534912,59.999401664733874,10.0,34.0,1.0,1.0,1.0,0.8524293303489685,0.313270628452301,0.88442063331604,14.0,504.6864929199219,832,520,,True,,False,False,False,True,False,True,insar_roof_only_strict
833,0,18,54,1,1059,,,,,,,,,,,,,,,,,,,,,,,,,,,,,,,,,,,,,,,,,,False,,False,False,False,False,False,False,no_strict_insar_solution
834,0,4,12,2,1060;1061,,,,,,,,,,,,,,,,,,,,,,,,,,,,,,,,,,,,,,,,,,False,,False,False,False,False,False,False,no_strict_insar_solution
835,0,1,3,1,1062,4.450416564941406,grubbs_top,building_height_grubbs_top_m,0.2671129703521728,-1.3738280057907104,-0.4869765639305115,0.2671129703521728,1.6142514944076538,2.178608632087708,2.6430807113647474,3.0508410215377806,4.450416564941406,4.450416564941406,0.0,38.0,0.1879869793795179,True,True,False,0.1879869277916701,2.4810616970062256,2.846331239360917,-0.8460029065608978,4.267112970352173,5.614251494407654,6.178608632087707,6.643080711364747,7.050841021537781,5.418078899383545,38.0,1.0,1.0,1.0,0.8204588890075684,0.3562137186527252,0.4552517533302307,16.0,431.7073974609375,835,523,,True,,False,False,False,False,False,False,insar_roof_only_strict
836,0,5,15,2,1063;1085,,,,,,,,,,,,,,,,,,,,,,,,,,,,,,,,,,,,,,,,,,False,,False,False,False,False,False,False,no_strict_insar_solution
837,0,4,12,1,1064,26.071453094482425,grubbs_top,building_height_grubbs_top_m,9.201793670654297,-0.4621400952339171,4.187387466430664,9.20179319381714,20.69565439224243,21.86937561035156,22.31765441894532,23.143410873413085,26.071453094482425,26.071453094482425,0.0,164.0,1.0,True,True,False,1.0,1.7313942909240725,3.3710866259578345,5.180882692337036,13.20179319381714,24.69565439224243,25.86937561035156,26.31765441894532,27.143410873413085,8.408113479614258,164.0,1.0,1.0,1.0,0.8727401494979858,0.3400177359580993,0.6233600378036499,26.0,644.039306640625,837,525,,True,,False,False,False,False,False,False,insar_roof_only_strict
838,0,12,36,1,1065,22.726638793945312,grubbs_top,building_height_grubbs_top_m,-0.925001621246338,-8.918195533752442,-4.272454738616943,-0.925001621246338,8.323493957519531,12.343823623657222,13.921979141235354,16.920871734619148,22.726638793945312,22.726638793945312,0.0,77.0,0.5170999363546616,True,True,False,0.5170996407610903,2.430530309677124,3.1183205576860584,-2.866306066513061,3.074998378753662,12.323493957519531,16.343823623657222,17.921979141235354,20.920871734619148,6.8356146812438965,77.0,1.0,1.0,1.0,0.9412425756454468,0.1836483180522918,0.5547584295272827,28.0,434.78948974609375,838,526,,True,,False,False,False,False,False,False,insar_roof_only_strict
839,0,3,9,1,1067,,,,,,,,,,,,,,,,,,,,,,,,,,,,,,,,,,,,,,,,,,False,,False,False,False,False,False,False,no_strict_insar_solution
840,0,4,12,1,1068,,,,,,,,,,,,,,,,,,,,,,,,,,,,,,,,,,,,,,,,,,False,,False,False,False,False,False,False,no_strict_insar_solution
841,0,6,18,1,1069,,,,,,,,,,,,,,,,,,,,,,,,,,,,,,,,,,,,,,,,,,False,,False,False,False,False,False,False,no_strict_insar_solution
842,0,8,24,1,1070,5.519401550292969,grubbs_top,building_height_grubbs_top_m,2.2754995822906494,-1.7227829933166503,1.3112419843673706,2.5051937103271484,3.4568798542022705,5.212990570068355,7.982014465332037,11.545084333419798,22.804784774780277,5.519401550292969,3.0,19.0,0.4475175349253522,True,False,True,4.2768595952535904e-05,3.648116588592529,2.602783742942279,2.2264528274536133,6.505193710327148,7.4568798542022705,9.212990570068357,11.982014465332036,15.545084333419798,4.0,22.0,1.0,1.0,1.0,0.81998211145401,0.3448827266693115,1.036875605583191,17.5,544.6810913085938,842,530,,True,,False,False,False,True,False,True,insar_roof_only_strict
843,0,6,18,1,1071,22.54842758178711,grubbs_top,building_height_grubbs_top_m,1.715799331665039,-6.846308946609497,-2.3362996578216557,2.3940329551696777,6.833869457244873,10.517650604248049,13.21918487548828,27.07485580444336,43.12857055664063,22.54842758178711,5.0,86.0,0.0845723126508406,True,False,True,0.0042409915399396,3.755604267120361,3.1771216456313547,-0.1335714757442474,6.394032955169678,10.833869457244871,14.517650604248049,17.21918487548828,31.07485580444336,6.190762996673584,91.0,1.0,1.0,1.0,0.8660629391670227,0.3322944641113281,1.0770200490951538,24.0,613.2711791992188,843,531,,True,,False,False,False,True,False,True,insar_roof_only_strict
844,0,9,27,2,1072;1074,,,,,,,,,,,,,,,,,,,,,,,,,,,,,,,,,,,,,,,,,,False,,False,False,False,False,False,False,no_strict_insar_solution
845,0,5,15,6,1073;1095;1096;1101;1106;1127,22.61103057861328,grubbs_top,building_height_grubbs_top_m,1.3100295066833496,-3.8324098229408254,-2.18878972530365,1.469848871231079,6.668083667755127,9.710583305358886,17.375673866271974,20.226054763793943,22.61103057861328,22.61103057861328,0.0,38.0,0.1672790604396485,True,True,False,0.1672791306831387,2.5160067081451416,2.846331239360917,-2.6860207319259644,5.469848871231079,10.668083667755129,13.710583305358886,21.37567386627197,24.226054763793943,8.113494873046875,38.0,1.0,1.0,1.0,0.8138957023620605,0.3559418320655823,0.738670289516449,14.0,504.6864929199219,845,533,,True,,False,False,False,False,False,False,insar_roof_only_strict
846,0,5,15,2,1076;1077,,,,,,,,,,,,,,,,,,,,,,,,,,,,,,,,,,,,,,,,,,False,,False,False,False,False,False,False,no_strict_insar_solution
847,0,8,24,1,1079,46.171871185302734,grubbs_top,building_height_grubbs_top_m,10.057502746582031,-2.934216785430908,-0.6105815768241882,10.057502269744871,34.28930473327637,37.55248603820801,38.09437522888184,38.77128467559815,46.171871185302734,46.171871185302734,0.0,60.0,1.0,True,True,False,1.0,1.870331883430481,3.0268633007793726,4.959359645843506,14.057502269744871,38.28930473327637,41.55248603820801,42.09437522888184,42.77128467559815,9.25196647644043,60.0,1.0,1.0,1.0,0.8448632955551147,0.3506546914577484,0.7223896980285645,17.0,329.6722106933594,847,535,,True,,False,False,False,False,False,False,insar_roof_only_strict
848,0,8,24,1,1080,36.43641662597656,grubbs_top,building_height_grubbs_top_m,5.544438362121582,-4.245848751068115,-0.3449587821960449,5.544438362121582,24.437084197998047,25.25093536376953,26.38027992248536,28.79467010498047,36.43641662597656,36.43641662597656,0.0,85.0,1.0,True,True,False,1.0,2.019707679748535,3.153336971804225,0.5655088424682617,9.544438362121582,28.437084197998047,29.25093536376953,30.38027992248536,32.79467010498047,7.5113630294799805,85.0,1.0,1.0,1.0,0.8263667821884155,0.3444150984287262,0.8917876482009888,15.0,424.91448974609375,848,536,,True,,False,False,False,False,False,False,insar_roof_only_strict
849,0,7,21,1,1082,,,,,,,,,,,,,,,,,,,,,,,,,,,,,,,,,,,,,,,,,,False,,False,False,False,False,False,False,no_strict_insar_solution
850,0,4,12,1,1083,,,,,,,,,,,,,,,,,,,,,,,,,,,,,,,,,,,,,,,,,,False,,False,False,False,False,False,False,no_strict_insar_solution
851,0,7,21,2,1084;1125,26.434288024902344,grubbs_top,building_height_grubbs_top_m,3.500436782836914,-2.8022192120552063,0.779487133026123,3.500436782836914,16.662294387817383,23.80227422714233,24.884754180908203,25.91628360748291,26.434288024902344,26.434288024902344,0.0,26.0,0.9845999777125668,True,True,False,0.9846003079351324,1.73720383644104,2.6808994518100517,1.268772542476654,7.500436782836914,20.662294387817383,27.80227422714233,28.884754180908203,29.91628360748291,7.048848628997803,26.0,1.0,1.0,1.0,0.8714885711669922,0.3025136291980743,0.3990504741668701,15.0,454.88970947265625,851,539,,True,,False,False,False,False,False,False,insar_roof_only_strict
852,0,4,12,2,1086;1087,19.23052215576172,grubbs_top,building_height_grubbs_top_m,10.503210067749023,-7.777254819869995,-4.954637765884399,10.503210067749023,12.719963073730469,13.239225769042967,13.450318908691406,13.971076965332031,19.23052215576172,19.23052215576172,0.0,103.0,1.0,True,True,False,1.0,1.5653551816940308,3.2195615788168688,-0.7377124428749084,14.503210067749023,16.71996307373047,17.23922576904297,17.450318908691408,17.97107696533203,16.0,103.0,1.0,1.0,1.0,0.852243185043335,0.3190903663635254,0.5164955854415894,21.0,504.6864929199219,852,541,,True,,False,False,False,False,False,False,insar_roof_only_strict
853,0,15,45,1,1088,42.227294921875,grubbs_top,building_height_grubbs_top_m,15.982845306396484,4.079099369049073,12.934124946594238,15.982845306396484,25.10949230194092,30.86294708251953,34.64748306274414,40.47856369018554,42.227294921875,42.227294921875,0.0,23.0,0.3043252681702195,True,True,False,0.3043254187709696,2.1192972660064697,2.6239161203491976,3.3463134765625,19.982845306396484,29.10949230194092,34.862947082519526,38.64748306274414,44.47856369018554,16.0,23.0,1.0,1.0,1.0,0.862693190574646,0.3064144253730774,1.0730334520339966,14.0,462.8822021484375,853,542,,True,,False,False,False,False,False,False,insar_roof_only_strict
854,0,5,15,2,1089;1090,,,,,,,,,,,,,,,,,,,,,,,,,,,,,,,,,,,,,,,,,,False,,False,False,False,False,False,False,no_strict_insar_solution
855,0,6,18,1,1091,44.89439010620117,grubbs_top,building_height_grubbs_top_m,-1.9657596349716189,-4.152405476570129,-2.843010723590851,-1.1253294944763184,8.514271974563599,24.24142360687256,28.008374404907222,31.365546226501465,44.89439010620117,44.89439010620117,0.0,42.0,0.0578689517927311,True,True,False,0.0578689631867475,2.850004196166992,2.88748519288549,-1.1253295540809631,2.8746705055236816,12.5142719745636,28.24142360687256,32.00837440490723,35.365546226501465,4.0,42.0,1.0,1.0,1.0,0.870337724685669,0.301685631275177,0.7523589134216309,19.0,426.7687072753906,855,544,,True,,False,False,False,False,False,False,insar_roof_only_strict
856,0,6,18,1,1092,,,,,,,,,,,,,,,,,,,,,,,,,,,,,,,,,,,,,,,,,,False,,False,False,False,False,False,False,no_strict_insar_solution
857,0,2,6,1,1093,32.25058364868164,grubbs_top,building_height_grubbs_top_m,6.91374397277832,-3.851117396354675,0.8783653974533081,6.91374397277832,16.745422840118408,26.44831304550171,28.648905181884764,29.34257736206053,32.25058364868164,32.25058364868164,0.0,78.0,1.0,True,True,False,1.0,2.044109344482422,3.122929355610483,1.4588178396224976,10.91374397277832,20.745422840118408,30.44831304550171,32.648905181884764,33.34257736206054,10.0,78.0,1.0,1.0,1.0,0.8449063301086426,0.3308125734329223,0.7351387739181519,15.0,408.5389099121094,857,546,,True,,False,False,False,False,False,False,insar_roof_only_strict
858,0,5,15,1,1094,,,,,,,,,,,,,,,,,,,,,,,,,,,,,,,,,,,,,,,,,,False,,False,False,False,False,False,False,no_strict_insar_solution
859,0,4,12,2,1097;1099,,,,,,,,,,,,,,,,,,,,,,,,,,,,,,,,,,,,,,,,,,False,,False,False,False,False,False,False,no_strict_insar_solution
860,0,6,18,1,1098,,,,,,,,,,,,,,,,,,,,,,,,,,,,,,,,,,,,,,,,,,False,,False,False,False,False,False,False,no_strict_insar_solution
861,0,4,12,1,1100,,,,,,,,,,,,,,,,,,,,,,,,,,,,,,,,,,,,,,,,,,False,,False,False,False,False,False,False,no_strict_insar_solution
862,0,4,12,1,1102,,,,,,,,,,,,,,,,,,,,,,,,,,,,,,,,,,,,,,,,,,False,,False,False,False,False,False,False,no_strict_insar_solution
863,0,5,15,1,1103,,,,,,,,,,,,,,,,,,,,,,,,,,,,,,,,,,,,,,,,,,False,,False,False,False,False,False,False,no_strict_insar_solution
864,0,5,15,1,1104,,,,,,,,,,,,,,,,,,,,,,,,,,,,,,,,,,,,,,,,,,False,,False,False,False,False,False,False,no_strict_insar_solution
865,0,6,18,1,1105,,,,,,,,,,,,,,,,,,,,,,,,,,,,,,,,,,,,,,,,,,False,,False,False,False,False,False,False,no_strict_insar_solution
866,0,2,6,1,1107,,,,,,,,,,,,,,,,,,,,,,,,,,,,,,,,,,,,,,,,,,False,,False,False,False,False,False,False,no_strict_insar_solution
867,0,4,12,1,1108,20.93826675415039,grubbs_top,building_height_grubbs_top_m,8.03561782836914,-0.8918897867202759,2.2084583044052124,8.03561782836914,18.95816707611084,19.54494504928589,19.709655380249025,20.277984046936037,20.93826675415039,20.93826675415039,0.0,100.0,1.0,True,True,False,1.0,1.392575979232788,3.209520302030832,2.619459867477417,12.03561782836914,22.95816707611084,23.54494504928589,23.709655380249025,24.277984046936037,9.38035011291504,100.0,1.0,1.0,1.0,0.8768904805183411,0.3208626806735992,0.7151161432266235,25.0,644.039306640625,867,556,,True,,False,False,False,False,False,False,insar_roof_only_strict
868,0,4,12,2,1109;1121,,,,,,,,,,,,,,,,,,,,,,,,,,,,,,,,,,,,,,,,,,False,,False,False,False,False,False,False,no_strict_insar_solution
869,0,2,6,1,1110,,,,,,,,,,,,,,,,,,,,,,,,,,,,,,,,,,,,,,,,,,False,,False,False,False,False,False,False,no_strict_insar_solution
870,0,11,33,1,1111,57.030487060546875,grubbs_top,building_height_grubbs_top_m,24.797391891479492,-3.1416509270668027,5.196150064468384,24.79739236831665,34.77963829040527,49.32058992385864,51.5068286895752,54.31897659301758,73.33403015136719,73.33403015136719,0.0,77.0,0.8009102869962561,True,True,False,0.8009105130631262,1.56585693359375,2.8443266721955194,3.2320984601974487,28.79739236831665,38.77963829040527,53.320589923858634,55.5068286895752,58.31897659301758,24.971375465393066,77.0,2.0,2.0,1.0,0.8758066892623901,0.2711563631892204,0.6594928652048111,17.0,329.34071350097656,870,"558,559",,True,,False,False,False,False,False,False,insar_roof_only_strict
871,0,5,15,1,1112,,,,,,,,,,,,,,,,,,,,,,,,,,,,,,,,,,,,,,,,,,False,,False,False,False,False,False,False,no_strict_insar_solution
872,0,1,3,1,1113,,,,,,,,,,,,,,,,,,,,,,,,,,,,,,,,,,,,,,,,,,False,,False,False,False,False,False,False,no_strict_insar_solution
873,0,2,6,1,1114,,,,,,,,,,,,,,,,,,,,,,,,,,,,,,,,,,,,,,,,,,False,,False,False,False,False,False,False,no_strict_insar_solution
874,0,5,15,1,1115,20.84814071655273,grubbs_top,building_height_grubbs_top_m,-0.9600882530212402,-4.290744400024414,-2.315720558166504,-0.5804769992828369,4.931442260742188,8.299621963500977,10.478679084777834,15.577830505371097,20.84814071655273,20.84814071655273,0.0,77.0,0.0875612525282121,True,True,False,0.0875612111850252,2.9689505100250244,3.1183205576860584,-0.5804769396781921,3.419523000717163,8.931442260742188,12.299621963500975,14.478679084777834,19.577830505371097,4.0,77.0,1.0,1.0,1.0,0.9019901752471924,0.3482828736305237,0.6821841597557068,22.0,660.4149169921875,874,562,,True,,False,False,False,False,False,False,insar_roof_only_strict
875,0,6,18,1,1116,42.082176208496094,grubbs_top,building_height_grubbs_top_m,14.44778823852539,-4.685887813568115,3.43165922164917,14.44778823852539,28.45705795288086,32.647230529785155,34.42386169433594,39.58910446166992,42.082176208496094,42.082176208496094,0.0,97.0,1.0,True,True,False,1.0,1.8762648105621336,3.1991172600264206,4.748424053192139,18.44778823852539,32.45705795288086,36.64723052978516,38.42386169433594,43.58910446166992,12.382598876953123,97.0,1.0,1.0,1.0,0.8500114679336548,0.3372650146484375,0.7337459921836853,16.0,346.7593078613281,875,563,,True,,False,False,False,False,False,False,insar_roof_only_strict
876,0,6,18,2,1117;1118,,,,,,,,,,,,,,,,,,,,,,,,,,,,,,,,,,,,,,,,,,False,,False,False,False,False,False,False,no_strict_insar_solution
877,0,7,21,1,1119,32.31167221069336,grubbs_top,building_height_grubbs_top_m,5.2926530838012695,-4.91046905517578,0.7486310601234436,5.2926530838012695,24.47635698318481,28.542252159118654,28.920631027221685,31.64385566711426,32.31167221069336,32.31167221069336,0.0,20.0,1.0,True,True,False,1.0,1.530265212059021,2.556581334492762,1.7934553623199463,9.29265308380127,28.47635698318481,32.542252159118654,32.92063102722168,35.64385566711426,7.73135232925415,20.0,1.0,1.0,1.0,0.847407877445221,0.34748575091362,0.48721843957901,12.5,360.5517883300781,877,565,,True,,False,False,False,False,False,False,insar_roof_only_strict
878,0,8,24,1,1120,,,,,,,,,,,,,,,,,,,,,,,,,,,,,,,,,,,,,,,,,,False,,False,False,False,False,False,False,no_strict_insar_solution
879,0,4,12,1,1122,33.21015167236328,grubbs_top,building_height_grubbs_top_m,-4.074547290802002,-7.33999752998352,-5.329004764556885,-2.9171152114868164,4.247420310974121,12.10724639892578,23.946704864501957,27.98317813873291,33.21015167236328,33.21015167236328,0.0,51.0,0.0937077273932049,True,True,False,0.0937077022256326,2.7975337505340576,2.9646987403255145,-4.165693759918213,1.0828847885131836,8.247420310974121,16.10724639892578,27.946704864501957,31.98317813873291,4.711829662322998,51.0,1.0,1.0,1.0,0.8806732296943665,0.3157173693180084,0.5058064460754395,17.0,473.2161865234375,879,567,,True,,False,False,False,False,False,False,insar_roof_only_strict
880,0,4,12,1,1123,,,,,,,,,,,,,,,,,,,,,,,,,,,,,,,,,,,,,,,,,,False,,False,False,False,False,False,False,no_strict_insar_solution
881,0,2,6,1,1124,9.630250930786133,grubbs_top,building_height_grubbs_top_m,2.2493858337402344,-3.234305572509766,-0.7988333702087402,2.2493858337402344,3.858227252960205,6.889655876159667,7.651116943359375,8.482282829284665,9.630250930786133,9.630250930786133,0.0,37.0,0.8005875206086459,True,True,False,0.8005874291306898,1.9773787260055544,2.835201602923409,2.0229804515838623,6.249385833740234,7.858227252960205,10.889655876159669,11.651116943359376,12.482282829284664,4.0,37.0,1.0,1.0,1.0,0.837159276008606,0.3548247516155243,0.7529551386833191,16.0,504.6864929199219,881,569,,True,,False,False,False,False,False,False,insar_roof_only_strict
882,0,8,24,1,1126,43.75410079956055,grubbs_top,building_height_grubbs_top_m,30.18781280517578,0.6891281127929687,7.626010894775391,30.18781280517578,35.802490234375,37.37256927490235,38.34651107788086,38.93077697753906,43.75410079956055,43.75410079956055,0.0,77.0,1.0,True,True,False,1.0,1.4106336832046509,3.1183205576860584,10.092992782592772,34.18781280517578,39.802490234375,41.37256927490235,42.34651107788086,42.93077697753906,23.817455291748047,77.0,1.0,1.0,1.0,0.8700718879699707,0.303537368774414,0.6114000082015991,19.0,360.5517883300781,882,570,,True,,False,False,False,False,False,False,insar_roof_only_strict
883,0,4,12,2,1128;1129,26.30710792541504,grubbs_top,building_height_grubbs_top_m,11.239065170288086,-7.390672159194946,4.061124324798584,11.239065170288086,17.155348777770996,19.121859169006346,20.267662811279298,22.963554954528806,26.30710792541504,26.30710792541504,0.0,99.0,1.0,True,True,False,1.0,1.8049999475479128,3.20609401961841,1.7308965921401978,15.239065170288086,21.155348777771,23.121859169006346,24.267662811279298,26.963554954528806,16.0,99.0,1.0,1.0,1.0,0.8443626761436462,0.3470924794673919,0.699929416179657,15.0,408.5389099121094,883,571,,True,,False,False,False,False,False,False,insar_roof_only_strict
884,0,1,3,1,1130,14.720842361450195,grubbs_top,building_height_grubbs_top_m,-3.4233126640319824,-6.090939235687256,-4.607483744621277,-3.4233126640319824,3.2848175764083862,10.571426820755006,12.011406230926513,13.341747665405272,14.720842361450195,14.720842361450195,0.0,128.0,1.0,True,True,False,1.0,2.110513925552368,3.291809732810739,-6.423312664031982,0.5766873359680176,7.284817576408386,14.571426820755006,16.01140623092651,17.341747665405272,7.0,128.0,1.0,1.0,1.0,0.8467246294021606,0.3239582777023315,0.5828732252120972,20.5,561.0567016601562,884,572,,True,,False,False,False,False,False,False,insar_roof_only_strict
885,0,6,18,3,1131;1206;1202,,,,,,,,,,,,,,,,,,,,,,,,,,,,,,,,,,,,,,,,,,False,,False,False,False,False,False,False,no_strict_insar_solution
886,0,2,6,2,1132;1209,10.731778144836426,grubbs_top,building_height_grubbs_top_m,4.736480712890625,0.013208818435669,3.699602723121643,4.719841957092285,5.952709197998047,6.874924612045288,8.324175930023193,9.687026691436769,10.731778144836426,10.731778144836426,0.0,42.0,0.9624234855478684,True,True,False,0.9624234069526528,1.9602978229522705,2.88748519288549,-0.6120893657207489,8.719841957092285,9.952709197998049,10.87492461204529,12.324175930023191,13.687026691436769,10.0,42.0,1.0,1.0,1.0,0.8236123323440552,0.3559125065803528,0.6259012222290039,18.5,660.4149169921875,886,574,,True,,False,False,False,False,False,False,insar_roof_only_strict
887,0,7,21,1,1133,23.929561614990234,grubbs_top,building_height_grubbs_top_m,1.528027057647705,0.7125135064125062,1.1773992776870728,1.7492918968200684,9.057676553726196,20.60879802703857,22.1296329498291,23.257802200317386,23.929561614990234,23.929561614990234,0.0,20.0,0.3284079488606806,True,True,False,0.3284079603813206,2.0327420234680176,2.556581334492762,1.2379318475723269,5.749291896820068,13.057676553726196,24.60879802703857,26.1296329498291,27.257802200317386,4.0,20.0,1.0,1.0,1.0,0.8236618041992188,0.3521453738212585,0.6841611266136169,15.5,530.0452270507812,887,575,,True,,False,False,False,False,False,False,insar_roof_only_strict
888,0,5,15,4,1134;1221;1224;1283,,,,,,,,,,,,,,,,,,,,,,,,,,,,,,,,,,,,,,,,,,False,,False,False,False,False,False,False,no_strict_insar_solution
889,0,8,24,1,1135,,,,,,,,,,,,,,,,,,,,,,,,,,,,,,,,,,,,,,,,,,False,,False,False,False,False,False,False,no_strict_insar_solution
890,0,8,24,1,1136,,,,,,,,,,,,,,,,,,,,,,,,,,,,,,,,,,,,,,,,,,False,,False,False,False,False,False,False,no_strict_insar_solution
891,0,8,24,2,1137;1139,,,,,,,,,,,,,,,,,,,,,,,,,,,,,,,,,,,,,,,,,,False,,False,False,False,False,False,False,no_strict_insar_solution
892,0,8,24,1,1138,,,,,,,,,,,,,,,,,,,,,,,,,,,,,,,,,,,,,,,,,,False,,False,False,False,False,False,False,no_strict_insar_solution
893,0,8,24,1,1140,,,,,,,,,,,,,,,,,,,,,,,,,,,,,,,,,,,,,,,,,,False,,False,False,False,False,False,False,no_strict_insar_solution
894,0,7,21,2,1141;1248,,,,,,,,,,,,,,,,,,,,,,,,,,,,,,,,,,,,,,,,,,False,,False,False,False,False,False,False,no_strict_insar_solution
895,0,7,21,3,1142;1249;1143,,,,,,,,,,,,,,,,,,,,,,,,,,,,,,,,,,,,,,,,,,False,,False,False,False,False,False,False,no_strict_insar_solution
896,0,6,18,1,1144,,,,,,,,,,,,,,,,,,,,,,,,,,,,,,,,,,,,,,,,,,False,,False,False,False,False,False,False,no_strict_insar_solution
897,0,14,42,1,1145,3.3235020637512207,grubbs_top,building_height_grubbs_top_m,-0.4021039009094238,-2.560142993927002,-1.27301025390625,-0.3061180114746094,0.4681887626647949,1.4968414306640625,2.311984062194824,8.189130783081055,24.32078742980957,3.3235020637512207,10.0,131.0,0.2989752242211063,True,False,True,1.5343566417413967e-09,6.1981353759765625,3.3231279491483567,-0.3117683529853821,3.693881988525391,4.468188762664795,5.496841430664063,6.311984062194824,12.189130783081056,4.0,141.0,1.0,1.0,1.0,0.8645838499069214,0.3282812833786011,0.5172368884086609,22.0,589.7933959960938,897,577,,True,,False,False,False,True,False,True,insar_roof_only_strict
898,0,9,27,1,1146,,,,,,,,,,,,,,,,,,,,,,,,,,,,,,,,,,,,,,,,,,False,,False,False,False,False,False,False,no_strict_insar_solution
899,0,2,6,3,1147;1150;1149,16.546390533447266,grubbs_top,building_height_grubbs_top_m,-2.001814365386963,-13.601302480697631,-6.749571204185486,-2.0018144845962524,3.385887026786804,7.616160869598389,9.39489994049072,12.458885955810544,16.546390533447266,16.546390533447266,0.0,108.0,0.9622735687788776,True,True,False,0.9622736275575036,2.3437671661376958,3.235554704463716,-2.1633604764938354,1.998185515403748,7.385887026786804,11.616160869598389,13.39489994049072,16.458885955810544,4.0,108.0,1.0,1.0,1.0,0.8701403141021729,0.3063813745975494,0.7853500843048096,25.0,561.0567016601562,899,579,,True,,False,False,False,False,False,False,insar_roof_only_strict
900,0,7,21,2,1148;1151,14.083137512207031,grubbs_top,building_height_grubbs_top_m,3.288386344909668,-0.2720815658569335,1.4798250198364258,3.4579391479492188,5.577005386352539,6.7903911590576165,7.51529636383057,10.129143524169924,14.083137512207031,14.083137512207031,0.0,77.0,0.0544572552506147,True,True,False,0.0544572053039474,3.0960843563079834,3.1183205576860584,3.280678987503052,7.457939147949219,9.57700538635254,10.790391159057616,11.51529636383057,14.129143524169924,4.0,77.0,1.0,1.0,1.0,0.9123464226722716,0.3017010688781738,0.4401168823242187,30.0,613.2711791992188,900,580,,True,,False,False,False,False,False,False,insar_roof_only_strict
901,0,14,42,1,1152,13.653045654296877,grubbs_top,building_height_grubbs_top_m,-2.206385612487793,-6.348767185211182,-3.254997491836548,-1.9654653072357176,0.2072739601135254,7.29049625396728,11.09019012451172,15.603141784667953,26.49954414367676,13.653045654296877,3.0,46.0,0.0515470937227908,True,False,True,0.0022580228323421,3.629460334777832,2.949060370864467,-2.0612828731536865,2.0345346927642822,4.207273960113525,11.29049625396728,15.09019012451172,19.60314178466795,4.0,49.0,1.0,1.0,1.0,0.87628573179245,0.2740044593811035,1.0797216892242432,15.0,521.2033081054688,901,581,,True,,False,False,False,True,False,True,insar_roof_only_strict
902,0,5,15,1,1153,21.160552978515625,grubbs_top,building_height_grubbs_top_m,-5.02035665512085,-15.604168701171874,-9.325075149536133,-4.99954891204834,3.8625502586364746,10.680441761016846,14.618302917480484,17.888977622985838,47.00215530395508,21.160552978515625,2.0,73.0,0.5122442914409586,True,False,True,0.0017708134510741,3.8606786727905273,3.1088847965130726,-5.02035665512085,-0.9995489120483398,7.862550258636475,14.680441761016846,18.618302917480484,21.88897762298584,4.0,75.0,1.0,1.0,1.0,0.8839839696884155,0.3347198069095611,0.8296214938163757,14.0,478.9831848144531,902,582,,True,,False,False,False,True,False,True,insar_roof_only_strict
903,0,4,12,2,1154;1168,,,,,,,,,,,,,,,,,,,,,,,,,,,,,,,,,,,,,,,,,,False,,False,False,False,False,False,False,no_strict_insar_solution
904,0,8,24,2,1155;1156,,,,,,,,,,,,,,,,,,,,,,,,,,,,,,,,,,,,,,,,,,False,,False,False,False,False,False,False,no_strict_insar_solution
905,0,1,3,1,1157,,,,,,,,,,,,,,,,,,,,,,,,,,,,,,,,,,,,,,,,,,False,,False,False,False,False,False,False,no_strict_insar_solution
906,0,10,30,2,1158;1160,34.499305725097656,grubbs_top,building_height_grubbs_top_m,7.422428131103516,-9.68441581726074,-1.204277276992798,7.422428131103516,20.813819885253903,24.775428390502928,26.215303039550783,29.63239669799804,34.499305725097656,34.499305725097656,0.0,107.0,1.0,True,True,False,1.0,1.9735746383666992,3.2324266934216785,3.2112770080566406,11.422428131103516,24.813819885253903,28.775428390502928,30.215303039550783,33.63239669799804,8.929783821105957,107.0,1.0,1.0,1.0,0.8867385387420654,0.2789483070373535,0.9044436812400818,23.0,477.1289978027344,906,585,,True,,False,False,False,False,False,False,insar_roof_only_strict
907,0,16,48,1,1159,29.72806930541992,grubbs_top,building_height_grubbs_top_m,6.300474166870117,-3.67073826789856,-0.0524871349334716,6.300474166870117,16.48171615600586,20.731529235839844,22.00919189453125,24.066975021362303,29.72806930541992,29.72806930541992,0.0,33.0,0.3723877031477312,True,True,False,0.3723875955339463,2.205345392227173,2.78663898783401,3.849414587020874,10.300474166870115,20.48171615600586,24.731529235839844,26.00919189453125,28.066975021362303,4.418899059295654,33.0,1.0,1.0,1.0,0.9119887948036194,0.1753667891025543,0.7764571905136108,15.0,323.981689453125,907,586,,True,,False,False,False,False,False,False,insar_roof_only_strict
908,0,1,3,1,1161,,,,,,,,,,,,,,,,,,,,,,,,,,,,,,,,,,,,,,,,,,False,,False,False,False,False,False,False,no_strict_insar_solution
909,0,8,24,3,1162;1169;1166,,,,,,,,,,,,,,,,,,,,,,,,,,,,,,,,,,,,,,,,,,False,,False,False,False,False,False,False,no_strict_insar_solution
910,0,4,12,1,1163,,,,,,,,,,,,,,,,,,,,,,,,,,,,,,,,,,,,,,,,,,False,,False,False,False,False,False,False,no_strict_insar_solution
911,0,1,3,1,1164,,,,,,,,,,,,,,,,,,,,,,,,,,,,,,,,,,,,,,,,,,False,,False,False,False,False,False,False,no_strict_insar_solution
912,0,31,93,2,1165;1167,,,,,,,,,,,,,,,,,,,,,,,,,,,,,,,,,,,,,,,,,,False,,False,False,False,False,False,False,no_strict_insar_solution
913,0,8,24,1,1170,,,,,,,,,,,,,,,,,,,,,,,,,,,,,,,,,,,,,,,,,,False,,False,False,False,False,False,False,no_strict_insar_solution
914,0,8,24,1,1171,,,,,,,,,,,,,,,,,,,,,,,,,,,,,,,,,,,,,,,,,,False,,False,False,False,False,False,False,no_strict_insar_solution
915,0,8,24,1,1172,,,,,,,,,,,,,,,,,,,,,,,,,,,,,,,,,,,,,,,,,,False,,False,False,False,False,False,False,no_strict_insar_solution
916,0,8,24,1,1173,,,,,,,,,,,,,,,,,,,,,,,,,,,,,,,,,,,,,,,,,,False,,False,False,False,False,False,False,no_strict_insar_solution
917,0,7,21,3,1174;1175;1176,,,,,,,,,,,,,,,,,,,,,,,,,,,,,,,,,,,,,,,,,,False,,False,False,False,False,False,False,no_strict_insar_solution
918,0,1,3,1,1177,,,,,,,,,,,,,,,,,,,,,,,,,,,,,,,,,,,,,,,,,,False,,False,False,False,False,False,False,no_strict_insar_solution
919,0,1,3,2,1178;1251,,,,,,,,,,,,,,,,,,,,,,,,,,,,,,,,,,,,,,,,,,False,,False,False,False,False,False,False,no_strict_insar_solution
920,0,5,15,1,1179,,,,,,,,,,,,,,,,,,,,,,,,,,,,,,,,,,,,,,,,,,False,,False,False,False,False,False,False,no_strict_insar_solution
921,0,6,18,1,1180,,,,,,,,,,,,,,,,,,,,,,,,,,,,,,,,,,,,,,,,,,False,,False,False,False,False,False,False,no_strict_insar_solution
922,0,1,3,1,1181,,,,,,,,,,,,,,,,,,,,,,,,,,,,,,,,,,,,,,,,,,False,,False,False,False,False,False,False,no_strict_insar_solution
923,0,3,9,1,1182,,,,,,,,,,,,,,,,,,,,,,,,,,,,,,,,,,,,,,,,,,False,,False,False,False,False,False,False,no_strict_insar_solution
924,0,2,6,1,1183,,,,,,,,,,,,,,,,,,,,,,,,,,,,,,,,,,,,,,,,,,False,,False,False,False,False,False,False,no_strict_insar_solution
925,0,8,24,1,1186,26.996856689453125,grubbs_top,building_height_grubbs_top_m,17.66162109375,-18.13468704223633,-4.581081390380859,17.66162109375,21.366658210754395,23.484769439697267,24.305632019042967,25.19853515625,26.996856689453125,26.996856689453125,0.0,83.0,1.0,True,True,False,1.0,1.106084942817688,3.144962170081836,-2.1688930988311768,21.66162109375,25.366658210754395,27.484769439697267,28.305632019042967,29.19853515625,22.0,83.0,1.0,1.0,1.0,0.8550947308540344,0.3275289535522461,0.7436941862106323,16.0,370.39849853515625,925,590,,True,,False,False,False,False,False,False,insar_roof_only_strict
926,0,2,6,1,1188,31.94489288330078,grubbs_top,building_height_grubbs_top_m,28.19948959350586,22.836434173583985,26.19791412353516,28.19948959350586,29.59723281860352,30.039683532714843,30.383444213867183,30.585606384277344,31.94489288330078,31.94489288330078,0.0,29.0,1.0,True,True,False,1.0,1.6601332426071167,2.7301270503068427,4.199489116668701,32.19948959350586,33.59723281860352,34.03968353271485,34.383444213867186,34.58560638427734,28.0,29.0,1.0,1.0,1.0,0.8617846369743347,0.3449909090995788,0.8479529619216919,17.0,460.1239013671875,926,591,,True,,False,False,False,False,False,False,insar_roof_only_strict
927,0,6,18,3,1189;1211;1190,28.49100112915039,grubbs_top,building_height_grubbs_top_m,9.317567825317385,-1.934509229660034,4.028443336486816,9.317567825317385,22.752918243408203,24.262448120117185,25.98577308654785,26.971411895751952,28.49100112915039,28.49100112915039,0.0,53.0,1.0,True,True,False,1.0,1.5041764974594116,2.979607732147852,2.89449405670166,13.317567825317385,26.752918243408203,28.262448120117185,29.98577308654785,30.971411895751952,10.036030769348145,53.0,1.0,1.0,1.0,0.8620871305465698,0.3354223072528839,0.6671185493469238,21.0,613.2711791992188,927,592,,True,,False,False,False,False,False,False,insar_roof_only_strict
928,0,6,18,1,1191,,,,,,,,,,,,,,,,,,,,,,,,,,,,,,,,,,,,,,,,,,False,,False,False,False,False,False,False,no_strict_insar_solution
929,0,5,15,1,1192,,,,,,,,,,,,,,,,,,,,,,,,,,,,,,,,,,,,,,,,,,False,,False,False,False,False,False,False,no_strict_insar_solution
930,0,4,12,1,1193,,,,,,,,,,,,,,,,,,,,,,,,,,,,,,,,,,,,,,,,,,False,,False,False,False,False,False,False,no_strict_insar_solution
931,0,5,15,1,1194,,,,,,,,,,,,,,,,,,,,,,,,,,,,,,,,,,,,,,,,,,False,,False,False,False,False,False,False,no_strict_insar_solution
932,0,7,21,2,1195;1196,,,,,,,,,,,,,,,,,,,,,,,,,,,,,,,,,,,,,,,,,,False,,False,False,False,False,False,False,no_strict_insar_solution
933,0,2,6,1,1197,,,,,,,,,,,,,,,,,,,,,,,,,,,,,,,,,,,,,,,,,,False,,False,False,False,False,False,False,no_strict_insar_solution
934,0,6,18,1,1198,,,,,,,,,,,,,,,,,,,,,,,,,,,,,,,,,,,,,,,,,,False,,False,False,False,False,False,False,no_strict_insar_solution
935,0,21,63,2,1199;1200,,,,,,,,,,,,,,,,,,,,,,,,,,,,,,,,,,,,,,,,,,False,,False,False,False,False,False,False,no_strict_insar_solution
936,0,8,24,2,1201;1204,48.82025146484375,grubbs_top,building_height_grubbs_top_m,2.8749823570251465,-2.78962105512619,0.1035059690475463,4.146245956420898,8.645420789718628,14.913749217987,31.42787933349618,42.904980659484856,48.82025146484375,48.82025146484375,0.0,80.0,0.0876044172158518,True,True,False,0.0876044869430536,2.9824368953704834,3.1319390484640484,2.7836110591888428,8.146245956420898,12.645420789718628,18.913749217987,35.42787933349618,46.904980659484856,4.0,80.0,1.0,1.0,1.0,0.8607262372970581,0.3261492252349853,0.4398985505104065,15.0,323.981689453125,936,602,,True,,False,False,False,False,False,False,insar_roof_only_strict
937,0,4,12,2,1203;1205,,,,,,,,,,,,,,,,,,,,,,,,,,,,,,,,,,,,,,,,,,False,,False,False,False,False,False,False,no_strict_insar_solution
938,0,8,24,1,1207,,,,,,,,,,,,,,,,,,,,,,,,,,,,,,,,,,,,,,,,,,False,,False,False,False,False,False,False,no_strict_insar_solution
939,0,8,24,1,1208,,,,,,,,,,,,,,,,,,,,,,,,,,,,,,,,,,,,,,,,,,False,,False,False,False,False,False,False,no_strict_insar_solution
940,0,6,18,1,1210,,,,,,,,,,,,,,,,,,,,,,,,,,,,,,,,,,,,,,,,,,False,,False,False,False,False,False,False,no_strict_insar_solution
941,0,12,36,1,1213,37.197452545166016,grubbs_top,building_height_grubbs_top_m,13.005216598510742,1.296989631652832,4.182869911193848,13.005216598510742,19.621347427368164,25.78819656372069,32.18343811035155,36.257666015625,37.197452545166016,37.197452545166016,0.0,37.0,0.5817403783557991,True,True,False,0.5817404523677138,2.0967845916748047,2.835201602923409,3.95492434501648,17.005216598510742,23.621347427368164,29.78819656372069,36.18343811035155,40.257666015625,12.470185279846191,37.0,1.0,1.0,1.0,0.86060631275177,0.3207250833511352,0.9315786361694336,13.0,476.59381103515625,941,607,,True,,False,False,False,False,False,False,insar_roof_only_strict
942,0,4,12,1,1214,,,,,,,,,,,,,,,,,,,,,,,,,,,,,,,,,,,,,,,,,,False,,False,False,False,False,False,False,no_strict_insar_solution
943,0,4,12,1,1215,,,,,,,,,,,,,,,,,,,,,,,,,,,,,,,,,,,,,,,,,,False,,False,False,False,False,False,False,no_strict_insar_solution
944,0,8,24,1,1216,10.183680534362791,grubbs_top,building_height_grubbs_top_m,-4.316888809204102,-11.342010021209717,-6.6424866914749146,-4.237496376037598,1.5566781759262085,3.0749967575073227,3.9049981117248542,4.74976987838745,42.32536697387695,10.183680534362791,2.0,78.0,0.3458889239147842,True,False,True,1.7447945310777868e-08,5.550385475158691,3.1319390484640484,-4.316888809204102,-0.2374963760375976,5.5566781759262085,7.074996757507322,7.904998111724854,8.74976987838745,4.0,80.0,1.0,1.0,1.0,0.9249215126037598,0.2140407711267471,0.4425288438796997,31.0,712.62939453125,944,610,,True,,False,False,False,True,False,True,insar_roof_only_strict
945,0,22,66,1,1217,41.96039962768555,grubbs_top,building_height_grubbs_top_m,17.66192626953125,8.078924655914307,13.082815170288086,18.561397552490234,23.36686515808105,24.4882755279541,27.30165672302246,41.31069755554199,52.359466552734375,41.96039962768555,1.0,30.0,0.0644346447816623,True,False,True,0.0103930910190679,3.1113853454589844,2.7595228667619,18.056787490844727,22.561397552490234,27.36686515808105,28.4882755279541,31.30165672302246,45.31069755554199,4.0,31.0,1.0,1.0,1.0,0.9117723107337952,0.1893103420734405,0.450239896774292,13.0,244.43089294433597,945,611,,True,,False,False,False,True,False,True,insar_roof_only_strict
946,0,21,63,1,1218,22.972728729248047,grubbs_top,building_height_grubbs_top_m,2.5659730434417725,-4.154632759094238,0.3032536506652832,2.702108383178711,9.43451976776123,13.56057739257812,17.03607215881348,21.449997711181634,37.6566276550293,22.972728729248047,1.0,64.0,0.311655826423447,True,False,True,0.0008391006553049,3.942213296890259,3.0567110647513203,1.2019468545913696,6.702108383178711,13.43451976776123,17.56057739257812,21.03607215881348,25.449997711181634,4.0,65.0,1.0,1.0,1.0,0.847562313079834,0.2619068622589111,1.0788214206695557,15.0,571.4669189453125,946,612,,True,,False,False,False,True,False,True,insar_roof_only_strict
947,0,4,12,1,1219,,,,,,,,,,,,,,,,,,,,,,,,,,,,,,,,,,,,,,,,,,False,,False,False,False,False,False,False,no_strict_insar_solution
948,0,1,3,1,1220,,,,,,,,,,,,,,,,,,,,,,,,,,,,,,,,,,,,,,,,,,False,,False,False,False,False,False,False,no_strict_insar_solution
949,0,5,15,2,1222;1232,21.56396102905273,grubbs_top,building_height_grubbs_top_m,16.445781707763672,-1.9370223522186272,14.65914821624756,16.14002227783203,17.138202667236328,18.01041831970215,18.78771896362305,19.916673088073725,21.56396102905273,21.56396102905273,0.0,123.0,1.0,True,True,False,1.0,1.183251976966858,3.2787620977794054,1.2856699228286743,20.14002227783203,21.138202667236328,22.01041831970215,22.78771896362305,23.916673088073725,19.0,123.0,1.0,1.0,1.0,0.8409804701805115,0.3389581143856048,0.98373544216156,21.0,589.7933959960938,949,613,,True,,False,False,False,False,False,False,insar_roof_only_strict
950,0,5,15,1,1223,,,,,,,,,,,,,,,,,,,,,,,,,,,,,,,,,,,,,,,,,,False,,False,False,False,False,False,False,no_strict_insar_solution
951,0,13,39,1,1225,16.63723373413086,grubbs_top,building_height_grubbs_top_m,15.14665985107422,-7.28396635055542,13.818669319152832,14.992083549499512,15.55356740951538,15.70730972290039,15.91063289642334,16.168469047546388,16.63723373413086,16.63723373413086,0.0,22.0,1.0,True,True,False,1.0,0.6647472381591797,2.602783742942279,-0.0079164365306496,18.99208354949951,19.55356740951538,19.70730972290039,19.91063289642334,20.168469047546388,19.0,22.0,1.0,1.0,1.0,0.8867558240890503,0.2663904130458832,0.8294426202774048,18.5,613.2711791992188,951,615,,True,,False,False,False,False,False,False,insar_roof_only_strict
952,0,27,81,1,1226,64.43730926513672,grubbs_top,building_height_grubbs_top_m,25.774553298950195,4.427993965148926,14.516218185424805,25.774553298950195,39.66795158386231,42.400435256958005,45.54185409545898,52.94886054992676,64.43730926513672,64.43730926513672,0.0,123.0,0.8692590573872258,True,True,False,0.8692590389326086,2.4285686016082764,3.2787620977794054,3.936603784561157,29.774553298950195,43.66795158386231,46.400435256958005,49.54185409545898,56.94886054992676,19.0,123.0,1.0,1.0,1.0,0.9176971912384032,0.1619709879159927,1.0200563669204712,35.0,712.62939453125,952,616,,True,,False,False,False,False,False,False,insar_roof_only_strict
953,0,3,9,2,1227;1284,,,,,,,,,,,,,,,,,,,,,,,,,,,,,,,,,,,,,,,,,,False,,False,False,False,False,False,False,no_strict_insar_solution
954,0,2,6,1,1228,,,,,,,,,,,,,,,,,,,,,,,,,,,,,,,,,,,,,,,,,,False,,False,False,False,False,False,False,no_strict_insar_solution
955,0,4,12,2,1229;1230,,,,,,,,,,,,,,,,,,,,,,,,,,,,,,,,,,,,,,,,,,False,,False,False,False,False,False,False,no_strict_insar_solution
956,0,4,12,1,1231,,,,,,,,,,,,,,,,,,,,,,,,,,,,,,,,,,,,,,,,,,False,,False,False,False,False,False,False,no_strict_insar_solution
957,0,5,15,1,1233,,,,,,,,,,,,,,,,,,,,,,,,,,,,,,,,,,,,,,,,,,False,,False,False,False,False,False,False,no_strict_insar_solution
958,0,3,9,2,1234;1235,,,,,,,,,,,,,,,,,,,,,,,,,,,,,,,,,,,,,,,,,,False,,False,False,False,False,False,False,no_strict_insar_solution
959,0,4,12,1,1236,,,,,,,,,,,,,,,,,,,,,,,,,,,,,,,,,,,,,,,,,,False,,False,False,False,False,False,False,no_strict_insar_solution
960,0,3,9,1,1237,,,,,,,,,,,,,,,,,,,,,,,,,,,,,,,,,,,,,,,,,,False,,False,False,False,False,False,False,no_strict_insar_solution
961,0,1,3,1,1238,,,,,,,,,,,,,,,,,,,,,,,,,,,,,,,,,,,,,,,,,,False,,False,False,False,False,False,False,no_strict_insar_solution
962,0,3,9,2,1239;1242,,,,,,,,,,,,,,,,,,,,,,,,,,,,,,,,,,,,,,,,,,False,,False,False,False,False,False,False,no_strict_insar_solution
963,0,2,6,1,1240,,,,,,,,,,,,,,,,,,,,,,,,,,,,,,,,,,,,,,,,,,False,,False,False,False,False,False,False,no_strict_insar_solution
964,0,2,6,1,1241,,,,,,,,,,,,,,,,,,,,,,,,,,,,,,,,,,,,,,,,,,False,,False,False,False,False,False,False,no_strict_insar_solution
965,0,3,9,1,1243,,,,,,,,,,,,,,,,,,,,,,,,,,,,,,,,,,,,,,,,,,False,,False,False,False,False,False,False,no_strict_insar_solution
966,0,8,24,1,1244,,,,,,,,,,,,,,,,,,,,,,,,,,,,,,,,,,,,,,,,,,False,,False,False,False,False,False,False,no_strict_insar_solution
967,0,6,18,1,1245,,,,,,,,,,,,,,,,,,,,,,,,,,,,,,,,,,,,,,,,,,False,,False,False,False,False,False,False,no_strict_insar_solution
968,0,7,21,1,1246,,,,,,,,,,,,,,,,,,,,,,,,,,,,,,,,,,,,,,,,,,False,,False,False,False,False,False,False,no_strict_insar_solution
969,0,3,9,1,1247,,,,,,,,,,,,,,,,,,,,,,,,,,,,,,,,,,,,,,,,,,False,,False,False,False,False,False,False,no_strict_insar_solution
970,0,9,27,1,1250,,,,,,,,,,,,,,,,,,,,,,,,,,,,,,,,,,,,,,,,,,False,,False,False,False,False,False,False,no_strict_insar_solution
971,0,11,33,1,1252,38.12124633789063,grubbs_top,building_height_grubbs_top_m,4.803041458129883,-11.32690224647522,-0.4626343250274658,6.493602752685547,12.975897789001465,15.68025379180908,20.28025665283204,26.383909034729,38.12124633789063,38.12124633789063,0.0,63.0,0.1182327051652319,True,True,False,0.1182326796854956,2.812177419662476,3.045115403805128,-0.6142339706420898,10.493602752685549,16.975897789001465,19.680253791809083,24.28025665283204,30.383909034729,10.0,63.0,1.0,1.0,1.0,0.8683297634124756,0.282331109046936,0.8119568228721619,16.0,323.981689453125,971,620,,True,,False,False,False,False,False,False,insar_roof_only_strict
972,0,5,15,1,1253,,,,,,,,,,,,,,,,,,,,,,,,,,,,,,,,,,,,,,,,,,False,,False,False,False,False,False,False,no_strict_insar_solution
973,0,6,18,1,1254,32.02085876464844,grubbs_top,building_height_grubbs_top_m,3.465088367462158,-5.083101034164429,-1.7776504755020142,3.465088367462158,15.520874977111816,23.05437602996826,25.16698760986328,26.293646240234374,32.02085876464844,32.02085876464844,0.0,55.0,0.5581305887982535,True,True,False,0.5581301739347005,2.273564577102661,2.993848262930808,-0.0308343060314655,7.465088367462158,19.520874977111816,27.05437602996826,29.16698760986328,30.293646240234374,7.300451755523682,55.0,1.0,1.0,1.0,0.839963972568512,0.3335733115673065,0.7697296738624573,18.0,410.3930969238281,973,622,,True,,False,False,False,False,False,False,insar_roof_only_strict
974,0,2,6,1,1255,,,,,,,,,,,,,,,,,,,,,,,,,,,,,,,,,,,,,,,,,,False,,False,False,False,False,False,False,no_strict_insar_solution
975,0,5,15,3,1256;1265;1266,6.040061950683594,grubbs_top,building_height_grubbs_top_m,-2.8569788932800293,-5.559860420227051,-3.841912031173706,-2.522498846054077,-1.06471586227417,0.6002679824829114,4.455278968811031,6.592759704589832,14.380088806152344,6.040061950683594,3.0,54.0,0.0699567680309702,True,False,True,0.0006931304821,3.91640305519104,3.007474117438872,-2.522498846054077,1.4775011539459229,2.93528413772583,4.600267982482912,8.455278968811031,10.592759704589833,4.0,57.0,1.0,1.0,1.0,0.8609315752983093,0.3407234847545624,0.5364238023757935,19.0,660.4149169921875,975,624,,True,,False,False,False,True,False,True,insar_roof_only_strict
976,0,4,12,1,1257,,,,,,,,,,,,,,,,,,,,,,,,,,,,,,,,,,,,,,,,,,False,,False,False,False,False,False,False,no_strict_insar_solution
977,0,4,12,1,1258,,,,,,,,,,,,,,,,,,,,,,,,,,,,,,,,,,,,,,,,,,False,,False,False,False,False,False,False,no_strict_insar_solution
978,0,4,12,1,1259,,,,,,,,,,,,,,,,,,,,,,,,,,,,,,,,,,,,,,,,,,False,,False,False,False,False,False,False,no_strict_insar_solution
979,0,6,18,1,1260,,,,,,,,,,,,,,,,,,,,,,,,,,,,,,,,,,,,,,,,,,False,,False,False,False,False,False,False,no_strict_insar_solution
980,0,8,24,1,1261,,,,,,,,,,,,,,,,,,,,,,,,,,,,,,,,,,,,,,,,,,False,,False,False,False,False,False,False,no_strict_insar_solution
981,0,14,42,1,1262,22.462587356567383,grubbs_top,building_height_grubbs_top_m,0.0,-4.338288497924805,-2.863384485244751,0.0,7.980794906616211,11.581298828124998,15.605578613281253,19.013222122192374,22.462587356567383,22.462587356567383,0.0,33.0,0.2013291361572999,True,True,False,0.201329184193462,2.402760982513428,2.78663898783401,-1.5910296440124512,4.0,11.980794906616213,15.581298828124998,19.605578613281253,23.013222122192374,4.34067964553833,33.0,1.0,1.0,1.0,0.8358070850372314,0.3244373202323913,0.7761449813842773,15.0,504.6864929199219,981,629,,True,,False,False,False,False,False,False,insar_roof_only_strict
982,0,4,12,2,1263;1264,,,,,,,,,,,,,,,,,,,,,,,,,,,,,,,,,,,,,,,,,,False,,False,False,False,False,False,False,no_strict_insar_solution
983,0,7,21,1,1267,10.2404203414917,grubbs_top,building_height_grubbs_top_m,-0.7045364379882812,-4.986869192123413,-3.7531121969223022,-0.5021777153015137,2.6315618753433228,5.973926973342897,7.705963230133056,9.909859037399288,21.962690353393555,10.2404203414917,1.0,23.0,0.1927563226131559,True,False,True,0.0012483444673039,3.330151081085205,2.643909924455784,-0.840644121170044,3.4978222846984863,6.631561875343323,9.973926973342897,11.705963230133056,13.909859037399288,4.0,24.0,1.0,1.0,1.0,0.8465984463691711,0.3480329811573028,0.5942214727401733,15.0,346.03912353515625,983,631,,True,,False,False,False,True,False,True,insar_roof_only_strict
984,0,16,48,1,1268,,,,,,,,,,,,,,,,,,,,,,,,,,,,,,,,,,,,,,,,,,False,,False,False,False,False,False,False,no_strict_insar_solution
985,0,7,21,1,1269,,,,,,,,,,,,,,,,,,,,,,,,,,,,,,,,,,,,,,,,,,False,,False,False,False,False,False,False,no_strict_insar_solution
986,0,7,21,1,1270,,,,,,,,,,,,,,,,,,,,,,,,,,,,,,,,,,,,,,,,,,False,,False,False,False,False,False,False,no_strict_insar_solution
987,0,7,21,1,1271,,,,,,,,,,,,,,,,,,,,,,,,,,,,,,,,,,,,,,,,,,False,,False,False,False,False,False,False,no_strict_insar_solution
988,0,10,30,1,1272,8.069941520690918,grubbs_top,building_height_grubbs_top_m,-0.7693160772323608,-6.679570913314819,-2.6946462392807007,-0.8192245960235596,1.681265115737915,3.406246423721313,4.669539451599121,5.459222793579102,8.069941520690918,8.069941520690918,0.0,31.0,0.3584534414961495,True,True,False,0.3584534956744429,2.192103862762451,2.7595228667619,-1.0528863668441772,3.1807754039764404,5.681265115737915,7.4062464237213135,8.669539451599121,9.459222793579102,4.0,31.0,1.0,1.0,1.0,0.8462755680084229,0.3205818831920624,0.8345910310745239,17.0,468.6012878417969,988,636,,True,,False,False,False,False,False,False,insar_roof_only_strict
989,0,4,12,1,1273,,,,,,,,,,,,,,,,,,,,,,,,,,,,,,,,,,,,,,,,,,False,,False,False,False,False,False,False,no_strict_insar_solution
990,0,6,18,1,1274,,,,,,,,,,,,,,,,,,,,,,,,,,,,,,,,,,,,,,,,,,False,,False,False,False,False,False,False,no_strict_insar_solution
991,0,7,21,1,1275,,,,,,,,,,,,,,,,,,,,,,,,,,,,,,,,,,,,,,,,,,False,,False,False,False,False,False,False,no_strict_insar_solution
992,0,16,48,1,1276,17.961406707763672,grubbs_top,building_height_grubbs_top_m,4.182485103607178,-11.033297443389891,-5.609825134277344,4.182485103607178,9.806806325912476,12.171518898010254,13.231916236877444,15.12723512649536,17.961406707763672,17.961406707763672,0.0,28.0,1.0,True,True,False,1.0,1.7146695852279663,2.714458787361858,2.911975145339966,8.182485103607178,13.806806325912476,16.17151889801025,17.231916236877442,19.12723512649536,4.0,28.0,1.0,1.0,1.0,0.8247198462486267,0.346230149269104,0.8423633575439453,14.5,311.117431640625,992,640,,True,,False,False,False,False,False,False,insar_roof_only_strict
993,0,16,48,1,1277,,,,,,,,,,,,,,,,,,,,,,,,,,,,,,,,,,,,,,,,,,False,,False,False,False,False,False,False,no_strict_insar_solution
994,0,7,21,1,1278,,,,,,,,,,,,,,,,,,,,,,,,,,,,,,,,,,,,,,,,,,False,,False,False,False,False,False,False,no_strict_insar_solution
995,0,7,21,1,1279,,,,,,,,,,,,,,,,,,,,,,,,,,,,,,,,,,,,,,,,,,False,,False,False,False,False,False,False,no_strict_insar_solution
996,0,7,21,1,1280,,,,,,,,,,,,,,,,,,,,,,,,,,,,,,,,,,,,,,,,,,False,,False,False,False,False,False,False,no_strict_insar_solution
997,0,7,21,1,1281,,,,,,,,,,,,,,,,,,,,,,,,,,,,,,,,,,,,,,,,,,False,,False,False,False,False,False,False,no_strict_insar_solution
998,0,7,21,1,1282,26.950883865356445,grubbs_top,building_height_grubbs_top_m,16.73472785949707,12.594445705413818,16.20261001586914,16.623055458068848,20.88944149017334,22.138487339019772,22.93669319152832,24.737366676330566,26.950883865356445,26.950883865356445,0.0,66.0,1.0,True,True,False,1.0,1.978102684020996,3.062349007088093,1.3676588535308838,20.623055458068848,24.88944149017334,26.138487339019772,26.93669319152832,28.737366676330566,19.0,66.0,1.0,1.0,1.0,0.8647029399871826,0.3539785146713257,0.7592849731445312,25.0,561.0567016601562,998,646,,True,,False,False,False,False,False,False,insar_roof_only_strict
999,0,4,12,1,1285,,,,,,,,,,,,,,,,,,,,,,,,,,,,,,,,,,,,,,,,,,False,,False,False,False,False,False,False,no_strict_insar_solution
1000,0,7,21,1,1286,,,,,,,,,,,,,,,,,,,,,,,,,,,,,,,,,,,,,,,,,,False,,False,False,False,False,False,False,no_strict_insar_solution
1001,0,7,21,1,1287,,,,,,,,,,,,,,,,,,,,,,,,,,,,,,,,,,,,,,,,,,False,,False,False,False,False,False,False,no_strict_insar_solution
1002,0,7,21,1,1288,,,,,,,,,,,,,,,,,,,,,,,,,,,,,,,,,,,,,,,,,,False,,False,False,False,False,False,False,no_strict_insar_solution
1003,0,7,21,2,1289;1291,,,,,,,,,,,,,,,,,,,,,,,,,,,,,,,,,,,,,,,,,,False,,False,False,False,False,False,False,no_strict_insar_solution
1004,0,7,21,2,1290;1302,,,,,,,,,,,,,,,,,,,,,,,,,,,,,,,,,,,,,,,,,,False,,False,False,False,False,False,False,no_strict_insar_solution
1005,0,7,21,1,1292,22.37406539916992,grubbs_top,building_height_grubbs_top_m,-7.275109767913818,-10.44983525276184,-8.060400485992432,-6.788501262664795,0.7016685009002686,7.4825451850891,15.073142623901376,21.742760276794435,22.37406539916992,22.37406539916992,0.0,20.0,0.1183107487689527,True,True,False,0.1183108025483914,2.340315580368042,2.556581334492762,-7.337226629257202,-2.788501262664795,4.7016685009002686,11.4825451850891,19.07314262390138,25.742760276794435,4.0,20.0,1.0,1.0,1.0,0.8546237945556641,0.3542272448539734,0.6843003630638123,13.0,315.8710021972656,1005,653,,True,,False,False,False,False,False,False,insar_roof_only_strict
1006,0,5,15,1,1293,,,,,,,,,,,,,,,,,,,,,,,,,,,,,,,,,,,,,,,,,,False,,False,False,False,False,False,False,no_strict_insar_solution
1007,0,7,21,1,1294,,,,,,,,,,,,,,,,,,,,,,,,,,,,,,,,,,,,,,,,,,False,,False,False,False,False,False,False,no_strict_insar_solution
1008,0,7,21,1,1295,10.34694480895996,grubbs_top,building_height_grubbs_top_m,1.3822450637817385,-3.810210061073304,-1.2506681084632874,1.5621898174285889,5.724754571914673,7.018568468093871,9.027852249145509,9.707228422164915,17.37578582763672,10.34694480895996,1.0,47.0,1.0,True,False,True,0.0263371576289781,3.0993943214416504,2.940946370611472,0.6994343101978302,5.562189817428589,9.724754571914673,11.018568468093871,13.027852249145509,13.707228422164915,4.0,48.0,1.0,1.0,1.0,0.8499154448509216,0.324962854385376,0.5779047012329102,17.0,478.9831848144531,1008,656,,True,,False,False,False,True,False,True,insar_roof_only_strict
1009,0,7,21,1,1296,,,,,,,,,,,,,,,,,,,,,,,,,,,,,,,,,,,,,,,,,,False,,False,False,False,False,False,False,no_strict_insar_solution
1010,0,7,21,1,1297,13.866703033447266,grubbs_top,building_height_grubbs_top_m,1.8942575454711916,-0.5278124451637267,0.4229936599731445,2.1500144004821777,3.8102056980133057,6.9608971118927,7.461777687072755,12.198207330703736,13.866703033447266,13.866703033447266,0.0,32.0,0.0527276802214693,True,True,False,0.0527276917206194,2.760087251663208,2.7733452324854238,2.039954781532288,6.150014400482178,7.810205698013306,10.9608971118927,11.461777687072754,16.198207330703735,4.0,32.0,1.0,1.0,1.0,0.8450696468353271,0.3506245613098144,0.5656299591064453,16.0,414.7428894042969,1010,658,,True,,False,False,False,False,False,False,insar_roof_only_strict
1011,0,7,21,1,1298,,,,,,,,,,,,,,,,,,,,,,,,,,,,,,,,,,,,,,,,,,False,,False,False,False,False,False,False,no_strict_insar_solution
1012,0,7,21,1,1299,16.071247100830078,grubbs_top,building_height_grubbs_top_m,4.242068290710449,-2.949820578098297,1.046400785446167,4.242068529129028,8.494007349014282,9.50695276260376,10.532506275177004,11.809542322158814,16.071247100830078,16.071247100830078,0.0,28.0,0.2472708178680309,True,True,False,0.247270694238384,2.2704336643218994,2.714458787361858,3.335712432861328,8.242068529129028,12.494007349014282,13.50695276260376,14.532506275177004,15.809542322158814,4.0,28.0,1.0,1.0,1.0,0.8415626883506775,0.3352417647838592,0.6913595795631409,16.0,500.6902465820313,1012,660,,True,,False,False,False,False,False,False,insar_roof_only_strict
1013,0,7,21,2,1300;1301,26.98776626586914,grubbs_top,building_height_grubbs_top_m,-0.9477940797805786,-4.86426842212677,-2.1163312196731567,-0.6390838623046875,1.248626708984375,11.320400714874268,18.9058198928833,25.657943725585938,26.98776626586914,26.98776626586914,0.0,36.0,0.1152125698228099,True,True,False,0.11521261184699,2.601832866668701,2.8236933338418355,-0.8257706165313721,3.3609161376953125,5.248626708984375,15.320400714874268,22.9058198928833,29.657943725585938,4.0,36.0,1.0,1.0,1.0,0.8211138844490051,0.3461931943893432,0.825947105884552,15.0,476.59381103515625,1013,661,,True,,False,False,False,False,False,False,insar_roof_only_strict
1014,0,7,21,1,1303,,,,,,,,,,,,,,,,,,,,,,,,,,,,,,,,,,,,,,,,,,False,,False,False,False,False,False,False,no_strict_insar_solution
1015,0,7,21,1,1304,,,,,,,,,,,,,,,,,,,,,,,,,,,,,,,,,,,,,,,,,,False,,False,False,False,False,False,False,no_strict_insar_solution
1016,0,7,21,1,1305,,,,,,,,,,,,,,,,,,,,,,,,,,,,,,,,,,,,,,,,,,False,,False,False,False,False,False,False,no_strict_insar_solution
1017,0,7,21,1,1306,,,,,,,,,,,,,,,,,,,,,,,,,,,,,,,,,,,,,,,,,,False,,False,False,False,False,False,False,no_strict_insar_solution
1018,0,7,21,1,1307,,,,,,,,,,,,,,,,,,,,,,,,,,,,,,,,,,,,,,,,,,False,,False,False,False,False,False,False,no_strict_insar_solution
1019,0,4,12,2,1308;1309,,,,,,,,,,,,,,,,,,,,,,,,,,,,,,,,,,,,,,,,,,False,,False,False,False,False,False,False,no_strict_insar_solution
1020,0,16,48,1,1310,,,,,,,,,,,,,,,,,,,,,,,,,,,,,,,,,,,,,,,,,,False,,False,False,False,False,False,False,no_strict_insar_solution
1021,0,16,48,2,1311;1312,,,,,,,,,,,,,,,,,,,,,,,,,,,,,,,,,,,,,,,,,,False,,False,False,False,False,False,False,no_strict_insar_solution
1022,0,7,21,1,1313,,,,,,,,,,,,,,,,,,,,,,,,,,,,,,,,,,,,,,,,,,False,,False,False,False,False,False,False,no_strict_insar_solution
1023,0,7,21,1,1314,,,,,,,,,,,,,,,,,,,,,,,,,,,,,,,,,,,,,,,,,,False,,False,False,False,False,False,False,no_strict_insar_solution
1024,0,4,12,1,1315,,,,,,,,,,,,,,,,,,,,,,,,,,,,,,,,,,,,,,,,,,False,,False,False,False,False,False,False,no_strict_insar_solution
1025,0,3,9,1,1316,,,,,,,,,,,,,,,,,,,,,,,,,,,,,,,,,,,,,,,,,,False,,False,False,False,False,False,False,no_strict_insar_solution
1026,0,5,15,1,1317,,,,,,,,,,,,,,,,,,,,,,,,,,,,,,,,,,,,,,,,,,False,,False,False,False,False,False,False,no_strict_insar_solution
1027,0,6,18,1,1318,,,,,,,,,,,,,,,,,,,,,,,,,,,,,,,,,,,,,,,,,,False,,False,False,False,False,False,False,no_strict_insar_solution
1028,0,7,21,2,1319;1320,,,,,,,,,,,,,,,,,,,,,,,,,,,,,,,,,,,,,,,,,,False,,False,False,False,False,False,False,no_strict_insar_solution
