{
"type": "FeatureCollection",
"name": "tongji_clip_rslc_extent",
"crs": { "type": "name", "properties": { "name": "urn:ogc:def:crs:OGC:1.3:CRS84" } },
"features": [
{ "type": "Feature", "properties": { "Id": 0, "Floor": 8, "height": 24 }, "geometry": { "type": "Polygon", "coordinates": [ [ [ 121.492444563000163, 31.276405437999927 ], [ 121.492455342999961, 31.276258814300093 ], [ 121.492089245999978, 31.276257718900069 ], [ 121.492089240000155, 31.276331046900111 ], [ 121.492089234000105, 31.276404374900096 ], [ 121.492444563000163, 31.276405437999927 ] ] ] } },
{ "type": "Feature", "properties": { "Id": 0, "Floor": 8, "height": 24 }, "geometry": { "type": "Polygon", "coordinates": [ [ [ 121.491217068000083, 31.276365102900058 ], [ 121.490775601, 31.276363783800036 ], [ 121.490775591999977, 31.276464609599998 ], [ 121.491217060000054, 31.276456762699979 ], [ 121.491217068000083, 31.276365102900058 ] ] ] } },
{ "type": "Feature", "properties": { "Id": 0, "Floor": 8, "height": 24 }, "geometry": { "type": "Polygon", "coordinates": [ [ [ 121.491690834, 31.276412349200086 ], [ 121.491292436000094, 31.276411158100075 ], [ 121.491292429000055, 31.276502817899996 ], [ 121.491690825999967, 31.276504009100051 ], [ 121.491690834, 31.276412349200086 ] ] ] } },
{ "type": "Feature", "properties": { "Id": 0, "Floor": 4, "height": 12 }, "geometry": { "type": "Polygon", "coordinates": [ [ [ 121.491712357000097, 31.276559069299992 ], [ 121.491626217000089, 31.276558811699999 ], [ 121.491626210000163, 31.27664130550005 ], [ 121.491712350000057, 31.276641563000055 ], [ 121.491712357000097, 31.276559069299992 ] ] ] } },
{ "type": "Feature", "properties": { "Id": 0, "Floor": 5, "height": 15 }, "geometry": { "type": "Polygon", "coordinates": [ [ [ 121.49060334009981, 31.276143838541589 ], [ 121.490217690146181, 31.276139326982278 ], [ 121.490226475999975, 31.276187990000096 ], [ 121.490603338000142, 31.276170783199973 ], [ 121.49060334009981, 31.276143838541589 ] ] ] } },
{ "type": "Feature", "properties": { "Id": 0, "Floor": 5, "height": 15 }, "geometry": { "type": "Polygon", "coordinates": [ [ [ 121.490708184164816, 31.276145065068942 ], [ 121.49060334009981, 31.276143838541589 ], [ 121.490603338000142, 31.276170783199973 ], [ 121.490711013, 31.276161938800101 ], [ 121.490708184164816, 31.276145065068942 ] ] ] } },
{ "type": "Feature", "properties": { "Id": 0, "Floor": 8, "height": 24 }, "geometry": { "type": "Polygon", "coordinates": [ [ [ 121.49060332099998, 31.276363269199919 ], [ 121.490075717000082, 31.276361694100046 ], [ 121.490075707000074, 31.276471686000093 ], [ 121.490603312000076, 31.276473260999978 ], [ 121.49060332099998, 31.276363269199919 ] ] ] } },
{ "type": "Feature", "properties": { "Id": 0, "Floor": 8, "height": 24 }, "geometry": { "type": "Polygon", "coordinates": [ [ [ 121.490710995999962, 31.276363590800088 ], [ 121.49060332099998, 31.276363269199919 ], [ 121.490603312000076, 31.276473260999978 ], [ 121.490710987000057, 31.276473582599976 ], [ 121.490710995999962, 31.276363590800088 ] ] ] } },
{ "type": "Feature", "properties": { "Id": 0, "Floor": 8, "height": 24 }, "geometry": { "type": "Polygon", "coordinates": [ [ [ 121.490603301999954, 31.276592418700034 ], [ 121.490086465000104, 31.276590875799968 ], [ 121.490086454, 31.276710033300049 ], [ 121.49060329200006, 31.276711576300102 ], [ 121.490603301999954, 31.276592418700034 ] ] ] } },
{ "type": "Feature", "properties": { "Id": 0, "Floor": 8, "height": 24 }, "geometry": { "type": "Polygon", "coordinates": [ [ [ 121.490721743999984, 31.27659277250001 ], [ 121.490603301999954, 31.276592418700034 ], [ 121.49060329200006, 31.276711576300102 ], [ 121.490721733999976, 31.27671193000009 ], [ 121.490721743999984, 31.27659277250001 ] ] ] } },
{ "type": "Feature", "properties": { "Id": 0, "Floor": 2, "height": 6 }, "geometry": { "type": "Polygon", "coordinates": [ [ [ 121.490603286000123, 31.276775738000026 ], [ 121.490237193000098, 31.276774644900001 ], [ 121.490237186000172, 31.276857138500077 ], [ 121.49060327899997, 31.276858231600045 ], [ 121.490603286000123, 31.276775738000026 ] ] ] } },
{ "type": "Feature", "properties": { "Id": 0, "Floor": 2, "height": 6 }, "geometry": { "type": "Polygon", "coordinates": [ [ [ 121.490710961, 31.276776059600024 ], [ 121.490603286000123, 31.276775738000026 ], [ 121.49060327899997, 31.276858231600045 ], [ 121.490710953999951, 31.276858553100055 ], [ 121.490710961, 31.276776059600024 ] ] ] } },
{ "type": "Feature", "properties": { "Id": 0, "Floor": 8, "height": 24 }, "geometry": { "type": "Polygon", "coordinates": [ [ [ 121.49060327899997, 31.276858231600045 ], [ 121.490237186000172, 31.276857138500077 ], [ 121.490237178000029, 31.276948797899934 ], [ 121.490603271000168, 31.276949891000129 ], [ 121.49060327899997, 31.276858231600045 ] ] ] } },
{ "type": "Feature", "properties": { "Id": 0, "Floor": 8, "height": 24 }, "geometry": { "type": "Polygon", "coordinates": [ [ [ 121.490710953999951, 31.276858553100055 ], [ 121.49060327899997, 31.276858231600045 ], [ 121.490603271000168, 31.276949891000129 ], [ 121.490710946000149, 31.276950212600127 ], [ 121.490710953999951, 31.276858553100055 ] ] ] } },
{ "type": "Feature", "properties": { "Id": 0, "Floor": 8, "height": 24 }, "geometry": { "type": "Polygon", "coordinates": [ [ [ 121.490011111000058, 31.276379833300098 ], [ 121.489580381936392, 31.276378548566154 ], [ 121.489578628295348, 31.276488535165402 ], [ 121.49001110100005, 31.2764898251001 ], [ 121.490011111000058, 31.276379833300098 ] ] ] } },
{ "type": "Feature", "properties": { "Id": 0, "Floor": 8, "height": 24 }, "geometry": { "type": "Polygon", "coordinates": [ [ [ 121.490021857999977, 31.276609014899975 ], [ 121.489576591174469, 31.276616301333881 ], [ 121.489574828745816, 31.276726839083064 ], [ 121.490021847999969, 31.276728172500043 ], [ 121.490021857999977, 31.276609014899975 ] ] ] } },
{ "type": "Feature", "properties": { "Id": 0, "Floor": 8, "height": 24 }, "geometry": { "type": "Polygon", "coordinates": [ [ [ 121.490129513000056, 31.276838485200017 ], [ 121.489612675000103, 31.276864441200019 ], [ 121.489612665999971, 31.276965266599973 ], [ 121.490140271000087, 31.276948508700002 ], [ 121.490129513000056, 31.276838485200017 ] ] ] } },
{ "type": "Feature", "properties": { "Id": 0, "Floor": 5, "height": 15 }, "geometry": { "type": "Polygon", "coordinates": [ [ [ 121.489731098999982, 31.277066445100047 ], [ 121.489569588, 31.277065963399991 ], [ 121.489569583000048, 31.277130124900111 ], [ 121.489731094000035, 31.27713060659994 ], [ 121.489731098999982, 31.277066445100047 ] ] ] } },
{ "type": "Feature", "properties": { "Id": 0, "Floor": 4, "height": 12 }, "geometry": { "type": "Polygon", "coordinates": [ [ [ 121.489924904999953, 31.277158682499987 ], [ 121.490129486, 31.277159293000068 ], [ 121.490129492000165, 31.277085965600065 ], [ 121.489795702000038, 31.277084969700013 ], [ 121.489795690000051, 31.277222458500091 ], [ 121.489924899000016, 31.277222843900063 ], [ 121.489924904999953, 31.277158682499987 ] ] ] } },
{ "type": "Feature", "properties": { "Id": 0, "Floor": 8, "height": 24 }, "geometry": { "type": "Polygon", "coordinates": [ [ [ 121.491238585000019, 31.276575984800104 ], [ 121.490807885000095, 31.27657469790006 ], [ 121.490807877000066, 31.276675523500046 ], [ 121.491238576000114, 31.276676810500078 ], [ 121.491238585000019, 31.276575984800104 ] ] ] } },
{ "type": "Feature", "properties": { "Id": 0, "Floor": 5, "height": 15 }, "geometry": { "type": "Polygon", "coordinates": [ [ [ 121.491593911999985, 31.276586213100074 ], [ 121.491453934, 31.276585794499965 ], [ 121.491453927000066, 31.276668288300073 ], [ 121.491593906000162, 31.276659540800097 ], [ 121.491593911999985, 31.276586213100074 ] ] ] } },
{ "type": "Feature", "properties": { "Id": 0, "Floor": 5, "height": 15 }, "geometry": { "type": "Polygon", "coordinates": [ [ [ 121.491432395999936, 31.276622394000128 ], [ 121.491303186000096, 31.276622007800086 ], [ 121.491303179000056, 31.276704501499978 ], [ 121.491432389000011, 31.276704887700021 ], [ 121.491432395999936, 31.276622394000128 ] ] ] } },
{ "type": "Feature", "properties": { "Id": 0, "Floor": 2, "height": 6 }, "geometry": { "type": "Polygon", "coordinates": [ [ [ 121.492143013000032, 31.277091982799959 ], [ 121.49213225699998, 31.276954461500054 ], [ 121.492121502000145, 31.276807774200051 ], [ 121.49211074599998, 31.27667025260007 ], [ 121.492099991000032, 31.276523564800016 ], [ 121.492089234000105, 31.276404374900096 ], [ 121.492089240000155, 31.276331046900111 ], [ 121.492013866000093, 31.276339987399979 ], [ 121.492056871000045, 31.277110056900085 ], [ 121.492143011000053, 31.277110314600066 ], [ 121.492143013000032, 31.277091982799959 ] ] ] } },
{ "type": "Feature", "properties": { "Id": 0, "Floor": 7, "height": 21 }, "geometry": { "type": "Polygon", "coordinates": [ [ [ 121.491324708999969, 31.276759561600102 ], [ 121.491313932000139, 31.276869520800062 ], [ 121.491820006000012, 31.276871034000123 ], [ 121.491820015000144, 31.276761042600128 ], [ 121.491324708999969, 31.276759561600102 ] ] ] } },
{ "type": "Feature", "properties": { "Id": 0, "Floor": 8, "height": 24 }, "geometry": { "type": "Polygon", "coordinates": [ [ [ 121.491260100999966, 31.276796032300126 ], [ 121.490818634, 31.276794713100116 ], [ 121.490818625000088, 31.276895538600058 ], [ 121.491260092000061, 31.276896857700081 ], [ 121.491260100999966, 31.276796032300126 ] ] ] } },
{ "type": "Feature", "properties": { "Id": 0, "Floor": 2, "height": 6 }, "geometry": { "type": "Polygon", "coordinates": [ [ [ 121.491873841000142, 31.276898692899977 ], [ 121.491755398, 31.27689833860012 ], [ 121.491755389000105, 31.276999164000017 ], [ 121.49187383200001, 31.276999518200114 ], [ 121.491873841000142, 31.276898692899977 ] ] ] } },
{ "type": "Feature", "properties": { "Id": 0, "Floor": 7, "height": 21 }, "geometry": { "type": "Polygon", "coordinates": [ [ [ 121.491206242999965, 31.277034185900106 ], [ 121.490754009000057, 31.277032834700037 ], [ 121.490753999000049, 31.277142825800013 ], [ 121.49120623400006, 31.277144177000025 ], [ 121.491206242999965, 31.277034185900106 ] ] ] } },
{ "type": "Feature", "properties": { "Id": 0, "Floor": 7, "height": 21 }, "geometry": { "type": "Polygon", "coordinates": [ [ [ 121.491830758999981, 31.277036053100005 ], [ 121.491292382999973, 31.277034443400055 ], [ 121.491292374000068, 31.27714443450003 ], [ 121.491830750000076, 31.277146044199981 ], [ 121.491830758999981, 31.277036053100005 ] ] ] } },
{ "type": "Feature", "properties": { "Id": 0, "Floor": 2, "height": 6 }, "geometry": { "type": "Polygon", "coordinates": [ [ [ 121.491927658000122, 31.277137168200113 ], [ 121.491830750000076, 31.277146044199981 ], [ 121.49178767900014, 31.277145915400069 ], [ 121.49178767, 31.277255906400001 ], [ 121.491927648000114, 31.277256325100097 ], [ 121.491927658000122, 31.277137168200113 ] ] ] } },
{ "type": "Feature", "properties": { "Id": 0, "Floor": 8, "height": 24 }, "geometry": { "type": "Polygon", "coordinates": [ [ [ 121.490603259999943, 31.277087380000069 ], [ 121.49025870100013, 31.277086351200069 ], [ 121.490258692, 31.277196342300044 ], [ 121.490603250000049, 31.277197371100044 ], [ 121.490603259999943, 31.277087380000069 ] ] ] } },
{ "type": "Feature", "properties": { "Id": 0, "Floor": 8, "height": 24 }, "geometry": { "type": "Polygon", "coordinates": [ [ [ 121.49067863200014, 31.277087605100007 ], [ 121.490603259999943, 31.277087380000069 ], [ 121.490603250000049, 31.277197371100044 ], [ 121.490678622000132, 31.277197596199983 ], [ 121.49067863200014, 31.277087605100007 ] ] ] } },
{ "type": "Feature", "properties": { "Id": 0, "Floor": 7, "height": 21 }, "geometry": { "type": "Polygon", "coordinates": [ [ [ 121.490603239000052, 31.277325693800037 ], [ 121.490269448000163, 31.277324697200072 ], [ 121.490269439000144, 31.277434688000028 ], [ 121.490603230000033, 31.277435684699981 ], [ 121.490603239000052, 31.277325693800037 ] ] ] } },
{ "type": "Feature", "properties": { "Id": 0, "Floor": 7, "height": 21 }, "geometry": { "type": "Polygon", "coordinates": [ [ [ 121.490700146000108, 31.277325983300045 ], [ 121.490603239000052, 31.277325693800037 ], [ 121.490603230000033, 31.277435684699981 ], [ 121.490700136999976, 31.277435974100115 ], [ 121.490700146000108, 31.277325983300045 ] ] ] } },
{ "type": "Feature", "properties": { "Id": 0, "Floor": 8, "height": 24 }, "geometry": { "type": "Polygon", "coordinates": [ [ [ 121.490603220000139, 31.277554841300116 ], [ 121.490075615000023, 31.277553266200073 ], [ 121.490075606000119, 31.277654090900114 ], [ 121.490603211, 31.277655665999987 ], [ 121.490603220000139, 31.277554841300116 ] ] ] } },
{ "type": "Feature", "properties": { "Id": 0, "Floor": 8, "height": 24 }, "geometry": { "type": "Polygon", "coordinates": [ [ [ 121.490689359000044, 31.277555098500102 ], [ 121.490603220000139, 31.277554841300116 ], [ 121.490603211, 31.277655665999987 ], [ 121.490689351000015, 31.277655923199973 ], [ 121.490689359000044, 31.277555098500102 ] ] ] } },
{ "type": "Feature", "properties": { "Id": 0, "Floor": 8, "height": 24 }, "geometry": { "type": "Polygon", "coordinates": [ [ [ 121.490603202999978, 31.277756490600041 ], [ 121.490064829999938, 31.277764049200016 ], [ 121.490064821000033, 31.277864873700082 ], [ 121.49060319299997, 31.277866480900116 ], [ 121.490603202999978, 31.277756490600041 ] ] ] } },
{ "type": "Feature", "properties": { "Id": 0, "Floor": 8, "height": 24 }, "geometry": { "type": "Polygon", "coordinates": [ [ [ 121.490678575000061, 31.277756715699979 ], [ 121.490603202999978, 31.277756490600041 ], [ 121.49060319299997, 31.277866480900116 ], [ 121.490678565000053, 31.277866706000054 ], [ 121.490678575000061, 31.277756715699979 ] ] ] } },
{ "type": "Feature", "properties": { "Id": 0, "Floor": 8, "height": 24 }, "geometry": { "type": "Polygon", "coordinates": [ [ [ 121.490603187000033, 31.277939807800067 ], [ 121.49008634900008, 31.277947430700067 ], [ 121.490086340000175, 31.278048255000044 ], [ 121.490603178000129, 31.278049798000097 ], [ 121.490603187000033, 31.277939807800067 ] ] ] } },
{ "type": "Feature", "properties": { "Id": 0, "Floor": 8, "height": 24 }, "geometry": { "type": "Polygon", "coordinates": [ [ [ 121.49070009400009, 31.27794009720003 ], [ 121.490603187000033, 31.277939807800067 ], [ 121.490603178000129, 31.278049798000097 ], [ 121.490700085000071, 31.278050087400061 ], [ 121.49070009400009, 31.27794009720003 ] ] ] } },
{ "type": "Feature", "properties": { "Id": 0, "Floor": 7, "height": 21 }, "geometry": { "type": "Polygon", "coordinates": [ [ [ 121.491927638999982, 31.277357150099988 ], [ 121.491927648000114, 31.277256325100097 ], [ 121.491389272000106, 31.277254715200002 ], [ 121.491389262999974, 31.277364706100116 ], [ 121.491776894000054, 31.277356699200084 ], [ 121.491927638999982, 31.277357150099988 ] ] ] } },
{ "type": "Feature", "properties": { "Id": 0, "Floor": 7, "height": 21 }, "geometry": { "type": "Polygon", "coordinates": [ [ [ 121.491303131, 31.277263623600049 ], [ 121.490764757000079, 31.277262014900032 ], [ 121.490764747999947, 31.277362839900093 ], [ 121.491303122999966, 31.27736444860011 ], [ 121.491303131, 31.277263623600049 ] ] ] } },
{ "type": "Feature", "properties": { "Id": 0, "Floor": 2, "height": 6 }, "geometry": { "type": "Polygon", "coordinates": [ [ [ 121.491927638999982, 31.277357150099988 ], [ 121.491776894000054, 31.277356699200084 ], [ 121.491776885000149, 31.277457524099987 ], [ 121.491927630999953, 31.277457975000061 ], [ 121.491927638999982, 31.277357150099988 ] ] ] } },
{ "type": "Feature", "properties": { "Id": 0, "Floor": 7, "height": 21 }, "geometry": { "type": "Polygon", "coordinates": [ [ [ 121.491927630999953, 31.277457975000061 ], [ 121.49137848700002, 31.277456332900101 ], [ 121.491378478000115, 31.277566323600013 ], [ 121.491927621000173, 31.27756796570003 ], [ 121.491927630999953, 31.277457975000061 ] ] ] } },
{ "type": "Feature", "properties": { "Id": 0, "Floor": 7, "height": 21 }, "geometry": { "type": "Polygon", "coordinates": [ [ [ 121.491313881, 31.277474471600101 ], [ 121.490764738000166, 31.277481996500057 ], [ 121.490764729000034, 31.277582821300143 ], [ 121.491313870999988, 31.277584462199968 ], [ 121.491313881, 31.277474471600101 ] ] ] } },
{ "type": "Feature", "properties": { "Id": 0, "Floor": 2, "height": 6 }, "geometry": { "type": "Polygon", "coordinates": [ [ [ 121.491938388999984, 31.277567997900007 ], [ 121.491830714, 31.277567675800015 ], [ 121.491830706000087, 31.27765933469999 ], [ 121.491938380999954, 31.277659656700052 ], [ 121.491938388999984, 31.277567997900007 ] ] ] } },
{ "type": "Feature", "properties": { "Id": 0, "Floor": 7, "height": 21 }, "geometry": { "type": "Polygon", "coordinates": [ [ [ 121.491938380999954, 31.277659656700052 ], [ 121.491389238000124, 31.277658014600092 ], [ 121.491389228000116, 31.277768005100143 ], [ 121.49193837200005, 31.277769647199932 ], [ 121.491938380999954, 31.277659656700052 ] ] ] } },
{ "type": "Feature", "properties": { "Id": 0, "Floor": 7, "height": 21 }, "geometry": { "type": "Polygon", "coordinates": [ [ [ 121.491313862999959, 31.277685286900066 ], [ 121.490764721, 31.277683646000014 ], [ 121.490764711, 31.277793636400077 ], [ 121.491313852999951, 31.277795277400116 ], [ 121.491313862999959, 31.277685286900066 ] ] ] } },
{ "type": "Feature", "properties": { "Id": 0, "Floor": 7, "height": 21 }, "geometry": { "type": "Polygon", "coordinates": [ [ [ 121.491938362000042, 31.27788880340006 ], [ 121.491399986000147, 31.277887193500135 ], [ 121.491399978000118, 31.277978852000103 ], [ 121.491938354000013, 31.277980461900029 ], [ 121.491938362000042, 31.27788880340006 ] ] ] } },
{ "type": "Feature", "properties": { "Id": 0, "Floor": 7, "height": 21 }, "geometry": { "type": "Polygon", "coordinates": [ [ [ 121.491335380000123, 31.277896166200037 ], [ 121.490797005, 31.277894557399975 ], [ 121.490796997000075, 31.277995381800054 ], [ 121.491335371, 31.277996990600059 ], [ 121.491335380000123, 31.277896166200037 ] ] ] } },
{ "type": "Feature", "properties": { "Id": 0, "Floor": 7, "height": 21 }, "geometry": { "type": "Polygon", "coordinates": [ [ [ 121.489720322000039, 31.277185570000029 ], [ 121.489567521943457, 31.277185114364475 ], [ 121.489565768315174, 31.277295100163563 ], [ 121.489720312000031, 31.27729556100013 ], [ 121.489720322000039, 31.277185570000029 ] ] ] } },
{ "type": "Feature", "properties": { "Id": 0, "Floor": 2, "height": 6 }, "geometry": { "type": "Polygon", "coordinates": [ [ [ 121.490183305000073, 31.277370269599999 ], [ 121.489871050000033, 31.277369337900097 ], [ 121.48987103900015, 31.277488494500062 ], [ 121.490183295000065, 31.277489426300122 ], [ 121.490183305000073, 31.277370269599999 ] ] ] } },
{ "type": "Feature", "properties": { "Id": 0, "Floor": 7, "height": 21 }, "geometry": { "type": "Polygon", "coordinates": [ [ [ 121.489817210999945, 31.277387509099924 ], [ 121.489564211579378, 31.277392737064151 ], [ 121.489562699471179, 31.277487574967154 ], [ 121.48981720200004, 31.27748833390001 ], [ 121.489817210999945, 31.277387509099924 ] ] ] } },
{ "type": "Feature", "properties": { "Id": 0, "Floor": 7, "height": 21 }, "geometry": { "type": "Polygon", "coordinates": [ [ [ 121.490000241000075, 31.277580538900111 ], [ 121.489561123508025, 31.27758641778814 ], [ 121.489559400518488, 31.277694481955599 ], [ 121.490000232000057, 31.277681363599982 ], [ 121.490000241000075, 31.277580538900111 ] ] ] } },
{ "type": "Feature", "properties": { "Id": 0, "Floor": 7, "height": 21 }, "geometry": { "type": "Polygon", "coordinates": [ [ [ 121.490000223000038, 31.277791354000044 ], [ 121.489557759265367, 31.277797419697794 ], [ 121.489556178258368, 31.277896578863739 ], [ 121.490010982000058, 31.277883044800035 ], [ 121.490000223000038, 31.277791354000044 ] ] ] } },
{ "type": "Feature", "properties": { "Id": 0, "Floor": 17, "height": 51 }, "geometry": { "type": "Polygon", "coordinates": [ [ [ 121.489601795000112, 31.278184297099983 ], [ 121.489989422000122, 31.278185453400113 ], [ 121.489989429000047, 31.278102960900128 ], [ 121.489795615000162, 31.278102382700069 ], [ 121.489795622999964, 31.278010724200101 ], [ 121.489554369780109, 31.27801000479738 ], [ 121.489552616166563, 31.278119989671843 ], [ 121.489601800000059, 31.278120136300117 ], [ 121.489601795000112, 31.278184297099983 ] ] ] } },
{ "type": "Feature", "properties": { "Id": 0, "Floor": 4, "height": 12 }, "geometry": { "type": "Polygon", "coordinates": [ [ [ 121.495502578000128, 31.276249609499985 ], [ 121.49556202691187, 31.276201848167794 ], [ 121.495454737506321, 31.276200593033412 ], [ 121.495502578000128, 31.276249609499985 ] ] ] } },
{ "type": "Feature", "properties": { "Id": 0, "Floor": 19, "height": 57 }, "geometry": { "type": "Polygon", "coordinates": [ [ [ 121.495847126000058, 31.276443127900052 ], [ 121.495944042000019, 31.276360924400024 ], [ 121.495900975000154, 31.276314965400047 ], [ 121.495965586000011, 31.276260163000074 ], [ 121.495910004160478, 31.276205919009708 ], [ 121.495863648059512, 31.276205376708855 ], [ 121.495825609000121, 31.276232245500125 ], [ 121.495793193064131, 31.276204552485002 ], [ 121.495769812404646, 31.276204278964336 ], [ 121.49566409, 31.276277591499991 ], [ 121.495631789000072, 31.27624999670013 ], [ 121.495556411000052, 31.276304766800024 ], [ 121.495814814000028, 31.276543856900105 ], [ 121.49589019300015, 31.276479920899988 ], [ 121.495847126000058, 31.276443127900052 ] ] ] } },
{ "type": "Feature", "properties": { "Id": 0, "Floor": 2, "height": 6 }, "geometry": { "type": "Polygon", "coordinates": [ [ [ 121.495448729000032, 31.276368606200094 ], [ 121.495373353, 31.276405044300134 ], [ 121.495470246000082, 31.276588654300042 ], [ 121.495545623, 31.276552216200002 ], [ 121.495448729000032, 31.276368606200094 ] ] ] } },
{ "type": "Feature", "properties": { "Id": 0, "Floor": 8, "height": 24 }, "geometry": { "type": "Polygon", "coordinates": [ [ [ 121.493165997000119, 31.276334269700044 ], [ 121.493284440000025, 31.276334624299977 ], [ 121.493284453, 31.276187968300121 ], [ 121.493015263000075, 31.276187162300005 ], [ 121.493015257000138, 31.276260490300047 ], [ 121.493166004000045, 31.276251775700018 ], [ 121.493165997000119, 31.276334269700044 ] ] ] } },
{ "type": "Feature", "properties": { "Id": 0, "Floor": 8, "height": 24 }, "geometry": { "type": "Polygon", "coordinates": [ [ [ 121.493478265000022, 31.276234378700053 ], [ 121.493564407, 31.276225470700012 ], [ 121.493564409999976, 31.27618880670002 ], [ 121.493413663999945, 31.27618835520002 ], [ 121.493413648000114, 31.276371675200096 ], [ 121.493478254000138, 31.276371868700096 ], [ 121.493478265000022, 31.276234378700053 ] ] ] } },
{ "type": "Feature", "properties": { "Id": 0, "Floor": 8, "height": 24 }, "geometry": { "type": "Polygon", "coordinates": [ [ [ 121.492929118, 31.276232734400082 ], [ 121.492541484000071, 31.276249906100077 ], [ 121.492552241, 31.276378262300057 ], [ 121.492939875000047, 31.276361090600062 ], [ 121.492929118, 31.276232734400082 ] ] ] } },
{ "type": "Feature", "properties": { "Id": 0, "Floor": 7, "height": 21 }, "geometry": { "type": "Polygon", "coordinates": [ [ [ 121.493144461000156, 31.276343371200085 ], [ 121.493004482000174, 31.276342952100094 ], [ 121.493004465000126, 31.276544603700074 ], [ 121.493144443000119, 31.276545022800008 ], [ 121.493144461000156, 31.276343371200085 ] ] ] } },
{ "type": "Feature", "properties": { "Id": 0, "Floor": 7, "height": 21 }, "geometry": { "type": "Polygon", "coordinates": [ [ [ 121.493359807000161, 31.276408178 ], [ 121.493219828000065, 31.276407758800019 ], [ 121.493219814000099, 31.27657274639995 ], [ 121.493359792999968, 31.276573165600098 ], [ 121.493359807000161, 31.276408178 ] ] ] } },
{ "type": "Feature", "properties": { "Id": 0, "Floor": 7, "height": 21 }, "geometry": { "type": "Polygon", "coordinates": [ [ [ 121.493521315999942, 31.276463657600118 ], [ 121.493435175000172, 31.276463399600061 ], [ 121.49343518000012, 31.276408403699975 ], [ 121.493359807000161, 31.276408178 ], [ 121.493359792999968, 31.276573165600098 ], [ 121.493521307000037, 31.276573649300133 ], [ 121.493521315999942, 31.276463657600118 ] ] ] } },
{ "type": "Feature", "properties": { "Id": 0, "Floor": 8, "height": 24 }, "geometry": { "type": "Polygon", "coordinates": [ [ [ 121.492950631000099, 31.276498612700095 ], [ 121.492562996000061, 31.276524950300086 ], [ 121.492573752999988, 31.276653306100059 ], [ 121.492961387000037, 31.276636134500052 ], [ 121.492950631000099, 31.276498612700095 ] ] ] } },
{ "type": "Feature", "properties": { "Id": 0, "Floor": 8, "height": 24 }, "geometry": { "type": "Polygon", "coordinates": [ [ [ 121.492466088000015, 31.276524660300083 ], [ 121.492099991000032, 31.276523564800016 ], [ 121.49211074599998, 31.27667025260007 ], [ 121.492466075000152, 31.276671315800058 ], [ 121.492466088000015, 31.276524660300083 ] ] ] } },
{ "type": "Feature", "properties": { "Id": 0, "Floor": 4, "height": 12 }, "geometry": { "type": "Polygon", "coordinates": [ [ [ 121.493359787000031, 31.276637327400067 ], [ 121.493230576000087, 31.276636940499941 ], [ 121.493230569000161, 31.276719434200004 ], [ 121.493359780000105, 31.27671982110013 ], [ 121.493359787000031, 31.276637327400067 ] ] ] } },
{ "type": "Feature", "properties": { "Id": 0, "Floor": 2, "height": 6 }, "geometry": { "type": "Polygon", "coordinates": [ [ [ 121.494048946000134, 31.276263586100129 ], [ 121.493952038000089, 31.276263295800049 ], [ 121.493952031000163, 31.276336623800091 ], [ 121.494048940000084, 31.276336914099943 ], [ 121.494048946000134, 31.276263586100129 ] ] ] } },
{ "type": "Feature", "properties": { "Id": 0, "Floor": 8, "height": 24 }, "geometry": { "type": "Polygon", "coordinates": [ [ [ 121.494091989000026, 31.276584524600082 ], [ 121.49367205600015, 31.276546602899998 ], [ 121.493672071999981, 31.276354117200071 ], [ 121.493564396000124, 31.276353794700015 ], [ 121.493564372000151, 31.276637940099988 ], [ 121.494081214000062, 31.276676152099981 ], [ 121.494091989000026, 31.276584524600082 ] ] ] } },
{ "type": "Feature", "properties": { "Id": 0, "Floor": 8, "height": 24 }, "geometry": { "type": "Polygon", "coordinates": [ [ [ 121.493736632000036, 31.276885936899987 ], [ 121.493715108000174, 31.276757549100068 ], [ 121.493359772999952, 31.276802314699978 ], [ 121.493359768000118, 31.276866476300086 ], [ 121.493370530000107, 31.276930670200102 ], [ 121.493736632000036, 31.276885936899987 ] ] ] } },
{ "type": "Feature", "properties": { "Id": 0, "Floor": 8, "height": 24 }, "geometry": { "type": "Polygon", "coordinates": [ [ [ 121.494135039999946, 31.276813802700019 ], [ 121.493822776, 31.276849531100027 ], [ 121.493833536000011, 31.276941222800133 ], [ 121.494145801000172, 31.276896328500129 ], [ 121.494135039999946, 31.276813802700019 ] ] ] } },
{ "type": "Feature", "properties": { "Id": 0, "Floor": 8, "height": 24 }, "geometry": { "type": "Polygon", "coordinates": [ [ [ 121.494210395999971, 31.277024845199946 ], [ 121.493865828000025, 31.277069642700098 ], [ 121.493876588000035, 31.277161334200002 ], [ 121.494221155, 31.277116536800065 ], [ 121.494210395999971, 31.277024845199946 ] ] ] } },
{ "type": "Feature", "properties": { "Id": 0, "Floor": 8, "height": 24 }, "geometry": { "type": "Polygon", "coordinates": [ [ [ 121.493768923000061, 31.277032688700046 ], [ 121.49339205299998, 31.277077389700082 ], [ 121.493413576999956, 31.277205777099994 ], [ 121.493790447000151, 31.277161076200116 ], [ 121.493768923000061, 31.277032688700046 ] ] ] } },
{ "type": "Feature", "properties": { "Id": 0, "Floor": 2, "height": 6 }, "geometry": { "type": "Polygon", "coordinates": [ [ [ 121.494253455000035, 31.277153297300117 ], [ 121.49395196, 31.277170725900021 ], [ 121.493951954000067, 31.277244053299967 ], [ 121.494253448999984, 31.277226624600075 ], [ 121.494253455000035, 31.277153297300117 ] ] ] } },
{ "type": "Feature", "properties": { "Id": 0, "Floor": 6, "height": 18 }, "geometry": { "type": "Polygon", "coordinates": [ [ [ 121.494253448000109, 31.277235790500129 ], [ 121.493930415000136, 31.277289818300119 ], [ 121.493951939, 31.277418205500055 ], [ 121.49428573900002, 31.277373376000071 ], [ 121.494253448000109, 31.277235790500129 ] ] ] } },
{ "type": "Feature", "properties": { "Id": 0, "Floor": 6, "height": 18 }, "geometry": { "type": "Polygon", "coordinates": [ [ [ 121.493822738000176, 31.277298661700115 ], [ 121.493467401999965, 31.277352592900058 ], [ 121.493488928000147, 31.277471814100068 ], [ 121.493844263000142, 31.277417882999941 ], [ 121.493822738000176, 31.277298661700115 ] ] ] } },
{ "type": "Feature", "properties": { "Id": 0, "Floor": 6, "height": 18 }, "geometry": { "type": "Polygon", "coordinates": [ [ [ 121.494307263999985, 31.277492597100093 ], [ 121.493962697000143, 31.277537394400042 ], [ 121.493984222999984, 31.27763828360014 ], [ 121.494328790000168, 31.277602652300061 ], [ 121.494307263999985, 31.277492597100093 ] ] ] } },
{ "type": "Feature", "properties": { "Id": 0, "Floor": 4, "height": 12 }, "geometry": { "type": "Polygon", "coordinates": [ [ [ 121.493381323, 31.276637391900124 ], [ 121.493359787000031, 31.276637327400067 ], [ 121.493359780000105, 31.27671982110013 ], [ 121.493381316000068, 31.276719885600016 ], [ 121.493381323, 31.276637391900124 ] ] ] } },
{ "type": "Feature", "properties": { "Id": 0, "Floor": 8, "height": 24 }, "geometry": { "type": "Polygon", "coordinates": [ [ [ 121.493198262999954, 31.276765167199983 ], [ 121.492573740000012, 31.276799961500046 ], [ 121.492584497000166, 31.276928317000113 ], [ 121.493209019000119, 31.276893522800094 ], [ 121.493198262999954, 31.276765167199983 ] ] ] } },
{ "type": "Feature", "properties": { "Id": 0, "Floor": 8, "height": 24 }, "geometry": { "type": "Polygon", "coordinates": [ [ [ 121.492498366000063, 31.276808901800109 ], [ 121.492121502000145, 31.276807774200051 ], [ 121.49213225699998, 31.276954461500054 ], [ 121.492498354000077, 31.276955557000065 ], [ 121.492498366000063, 31.276808901800109 ] ] ] } },
{ "type": "Feature", "properties": { "Id": 0, "Floor": 8, "height": 24 }, "geometry": { "type": "Polygon", "coordinates": [ [ [ 121.493209007000132, 31.277040177800018 ], [ 121.492595253, 31.277065838200087 ], [ 121.492606008000052, 31.277203359300017 ], [ 121.493219762999956, 31.277177698899948 ], [ 121.493209007000132, 31.277040177800018 ] ] ] } },
{ "type": "Feature", "properties": { "Id": 0, "Floor": 8, "height": 24 }, "geometry": { "type": "Polygon", "coordinates": [ [ [ 121.492519864999963, 31.277239765199965 ], [ 121.49251987699995, 31.277093110400017 ], [ 121.492143013000032, 31.277091982799959 ], [ 121.492143011000053, 31.277110314600066 ], [ 121.492143, 31.277238637500091 ], [ 121.492519864999963, 31.277239765199965 ] ] ] } },
{ "type": "Feature", "properties": { "Id": 0, "Floor": 6, "height": 18 }, "geometry": { "type": "Polygon", "coordinates": [ [ [ 121.493402802999981, 31.277279072199974 ], [ 121.493359733000148, 31.277278943200031 ], [ 121.493359718000079, 31.277453095400062 ], [ 121.493435093000016, 31.277434989299991 ], [ 121.493402802999981, 31.277279072199974 ] ] ] } },
{ "type": "Feature", "properties": { "Id": 0, "Floor": 6, "height": 18 }, "geometry": { "type": "Polygon", "coordinates": [ [ [ 121.493359733000148, 31.277278943200031 ], [ 121.493305894000059, 31.277287947900106 ], [ 121.493338183, 31.277453030900006 ], [ 121.493359718000079, 31.277453095400062 ], [ 121.493359733000148, 31.277278943200031 ] ] ] } },
{ "type": "Feature", "properties": { "Id": 0, "Floor": 5, "height": 15 }, "geometry": { "type": "Polygon", "coordinates": [ [ [ 121.492476790000069, 31.277294631799975 ], [ 121.492186065000055, 31.277302927700077 ], [ 121.492186049, 31.277495411700045 ], [ 121.492476773000135, 31.277496281600122 ], [ 121.492476790000069, 31.277294631799975 ] ] ] } },
{ "type": "Feature", "properties": { "Id": 0, "Floor": 8, "height": 24 }, "geometry": { "type": "Polygon", "coordinates": [ [ [ 121.49321975099997, 31.277315187700026 ], [ 121.492616764000104, 31.277340880200086 ], [ 121.492627520000042, 31.277478401 ], [ 121.493230507000135, 31.277452708400119 ], [ 121.49321975099997, 31.277315187700026 ] ] ] } },
{ "type": "Feature", "properties": { "Id": 0, "Floor": 6, "height": 18 }, "geometry": { "type": "Polygon", "coordinates": [ [ [ 121.49346738700001, 31.277535910800111 ], [ 121.493359709000174, 31.277553920199978 ], [ 121.493359698000063, 31.27769140839996 ], [ 121.49348891000011, 31.277673463600024 ], [ 121.49346738700001, 31.277535910800111 ] ] ] } },
{ "type": "Feature", "properties": { "Id": 0, "Floor": 19, "height": 57 }, "geometry": { "type": "Polygon", "coordinates": [ [ [ 121.496116284000095, 31.276838071200132 ], [ 121.496094750000111, 31.276819674699993 ], [ 121.49611628699995, 31.276801407399944 ], [ 121.496116304999987, 31.276581424200117 ], [ 121.496073233000175, 31.276608793099967 ], [ 121.496030164999979, 31.276572000100032 ], [ 121.495911714000044, 31.276654139000016 ], [ 121.495879413000125, 31.276626544300143 ], [ 121.495804035000106, 31.276681314200061 ], [ 121.496062438000081, 31.276920403400027 ], [ 121.496116281000013, 31.276874734999979 ], [ 121.496116284000095, 31.276838071200132 ] ] ] } },
{ "type": "Feature", "properties": { "Id": 0, "Floor": 2, "height": 6 }, "geometry": { "type": "Polygon", "coordinates": [ [ [ 121.495577915000013, 31.276671470599979 ], [ 121.495265644000028, 31.276789692400143 ], [ 121.49529794, 31.27687228280007 ], [ 121.495610210999985, 31.276754061100121 ], [ 121.495577915000013, 31.276671470599979 ] ] ] } },
{ "type": "Feature", "properties": { "Id": 0, "Floor": 19, "height": 57 }, "geometry": { "type": "Polygon", "coordinates": [ [ [ 121.496116281000013, 31.276874734999979 ], [ 121.496137816999976, 31.276856467600112 ], [ 121.496116284000095, 31.276838071200132 ], [ 121.496116281000013, 31.276874734999979 ] ] ] } },
{ "type": "Feature", "properties": { "Id": 0, "Floor": 2, "height": 6 }, "geometry": { "type": "Polygon", "coordinates": [ [ [ 121.495610207000027, 31.276809056800005 ], [ 121.495330238999941, 31.27691820930005 ], [ 121.495351768999967, 31.27697326949999 ], [ 121.49563173599995, 31.276873283000043 ], [ 121.495610207000027, 31.276809056800005 ] ] ] } },
{ "type": "Feature", "properties": { "Id": 0, "Floor": 2, "height": 6 }, "geometry": { "type": "Polygon", "coordinates": [ [ [ 121.495674805000021, 31.276891744000011 ], [ 121.495384070000114, 31.277000864099989 ], [ 121.495416366000086, 31.277074288400058 ], [ 121.495707101999983, 31.27696516830008 ], [ 121.495674805000021, 31.276891744000011 ] ] ] } },
{ "type": "Feature", "properties": { "Id": 0, "Floor": 2, "height": 6 }, "geometry": { "type": "Polygon", "coordinates": [ [ [ 121.495717867000053, 31.276992698400079 ], [ 121.495405596000069, 31.277110919800009 ], [ 121.495437892000041, 31.277184344000091 ], [ 121.495739395999976, 31.277066090400126 ], [ 121.495717867000053, 31.276992698400079 ] ] ] } },
{ "type": "Feature", "properties": { "Id": 0, "Floor": 2, "height": 6 }, "geometry": { "type": "Polygon", "coordinates": [ [ [ 121.49577169600002, 31.277112016800061 ], [ 121.495459424000046, 31.277230238100003 ], [ 121.495491720000132, 31.27730366220004 ], [ 121.495793225000057, 31.277185408800051 ], [ 121.49577169600002, 31.277112016800061 ] ] ] } },
{ "type": "Feature", "properties": { "Id": 0, "Floor": 2, "height": 6 }, "geometry": { "type": "Polygon", "coordinates": [ [ [ 121.495707071999959, 31.277313473400056 ], [ 121.495577858000161, 31.277349749900111 ], [ 121.49559938699997, 31.277423141600082 ], [ 121.495728601999986, 31.277377699300018 ], [ 121.495707071999959, 31.277313473400056 ] ] ] } },
{ "type": "Feature", "properties": { "Id": 0, "Floor": 6, "height": 18 }, "geometry": { "type": "Polygon", "coordinates": [ [ [ 121.495254823000096, 31.27741294320009 ], [ 121.494748730999959, 31.277567247000036 ], [ 121.494791792000115, 31.277677366600074 ], [ 121.495297884000024, 31.277523062999933 ], [ 121.495254823000096, 31.27741294320009 ] ] ] } },
{ "type": "Feature", "properties": { "Id": 0, "Floor": 8, "height": 24 }, "geometry": { "type": "Polygon", "coordinates": [ [ [ 121.495502464999959, 31.277578671400136 ], [ 121.495082511000078, 31.27776073060005 ], [ 121.495147107999969, 31.277861748700047 ], [ 121.495556295000029, 31.277670491600134 ], [ 121.495502464999959, 31.277578671400136 ] ] ] } },
{ "type": "Feature", "properties": { "Id": 0, "Floor": 6, "height": 18 }, "geometry": { "type": "Polygon", "coordinates": [ [ [ 121.493338174000087, 31.277553855700091 ], [ 121.493359698000063, 31.27769140839996 ], [ 121.493359709000174, 31.277553920199978 ], [ 121.493338174000087, 31.277553855700091 ] ] ] } },
{ "type": "Feature", "properties": { "Id": 0, "Floor": 8, "height": 24 }, "geometry": { "type": "Polygon", "coordinates": [ [ [ 121.493262800000025, 31.27756279590011 ], [ 121.492670579, 31.277606852300096 ], [ 121.492681334000054, 31.277753538499951 ], [ 121.493273554999973, 31.277718648100063 ], [ 121.493262800000025, 31.27756279590011 ] ] ] } },
{ "type": "Feature", "properties": { "Id": 0, "Floor": 5, "height": 15 }, "geometry": { "type": "Polygon", "coordinates": [ [ [ 121.492444442999954, 31.277816990600058 ], [ 121.492530582999962, 31.277817248400083 ], [ 121.492530610000017, 31.277505608600052 ], [ 121.492207583000095, 31.27750464200011 ], [ 121.492207551000092, 31.27788044280004 ], [ 121.492444437000131, 31.277881151700001 ], [ 121.492444442999954, 31.277816990600058 ] ] ] } },
{ "type": "Feature", "properties": { "Id": 0, "Floor": 7, "height": 21 }, "geometry": { "type": "Polygon", "coordinates": [ [ [ 121.493338138000013, 31.277975485599939 ], [ 121.493359672999986, 31.277975550099995 ], [ 121.493359682000118, 31.277874725699974 ], [ 121.493338138000013, 31.277975485599939 ] ] ] } },
{ "type": "Feature", "properties": { "Id": 0, "Floor": 8, "height": 24 }, "geometry": { "type": "Polygon", "coordinates": [ [ [ 121.493273540000018, 31.277892799500023 ], [ 121.492918209000095, 31.277891735600122 ], [ 121.492918202000169, 31.277974228300081 ], [ 121.493273532999979, 31.277966126299987 ], [ 121.493273540000018, 31.277892799500023 ] ] ] } },
{ "type": "Feature", "properties": { "Id": 0, "Floor": 5, "height": 15 }, "geometry": { "type": "Polygon", "coordinates": [ [ [ 121.492444437000131, 31.277881151700001 ], [ 121.492239854, 31.277880539500075 ], [ 121.492239843999982, 31.277990529699991 ], [ 121.492444428, 31.277991141900031 ], [ 121.492444437000131, 31.277881151700001 ] ] ] } },
{ "type": "Feature", "properties": { "Id": 0, "Floor": 8, "height": 24 }, "geometry": { "type": "Polygon", "coordinates": [ [ [ 121.492842835000033, 31.277909841700023 ], [ 121.492562878000058, 31.277909003699961 ], [ 121.492562871000132, 31.27799149639992 ], [ 121.492842828000107, 31.277992334399983 ], [ 121.492842835000033, 31.277909841700023 ] ] ] } },
{ "type": "Feature", "properties": { "Id": 0, "Floor": 8, "height": 24 }, "geometry": { "type": "Polygon", "coordinates": [ [ [ 121.493262757000139, 31.278066918399986 ], [ 121.492918195000016, 31.278065886800107 ], [ 121.492918186, 31.278166711000097 ], [ 121.493262749, 31.278167742599976 ], [ 121.493262757000139, 31.278066918399986 ] ] ] } },
{ "type": "Feature", "properties": { "Id": 0, "Floor": 8, "height": 24 }, "geometry": { "type": "Polygon", "coordinates": [ [ [ 121.492821286000094, 31.278074762500069 ], [ 121.492272139999955, 31.278073119 ], [ 121.492272129999947, 31.27819227490005 ], [ 121.492821274999983, 31.278193918400007 ], [ 121.492821286000094, 31.278074762500069 ] ] ] } },
{ "type": "Feature", "properties": { "Id": 0, "Floor": 8, "height": 24 }, "geometry": { "type": "Polygon", "coordinates": [ [ [ 121.493359627000018, 31.278516333900143 ], [ 121.493305789000146, 31.278516172700051 ], [ 121.493305778000035, 31.278653659600138 ], [ 121.493359616000021, 31.278653820800059 ], [ 121.493359627000018, 31.278516333900143 ] ] ] } },
{ "type": "Feature", "properties": { "Id": 0, "Floor": 6, "height": 18 }, "geometry": { "type": "Polygon", "coordinates": [ [ [ 121.493876558000011, 31.277509638700053 ], [ 121.493542758999979, 31.277545302499959 ], [ 121.493564287000027, 31.277637025800061 ], [ 121.49388731800002, 31.27760132980012 ], [ 121.493876558000011, 31.277509638700053 ] ] ] } },
{ "type": "Feature", "properties": { "Id": 0, "Floor": 6, "height": 18 }, "geometry": { "type": "Polygon", "coordinates": [ [ [ 121.493908844999964, 31.277693053099995 ], [ 121.49357504600016, 31.277728716800084 ], [ 121.493596575000083, 31.277811274100088 ], [ 121.493919606000077, 31.277775578200021 ], [ 121.493908844999964, 31.277693053099995 ] ] ] } },
{ "type": "Feature", "properties": { "Id": 0, "Floor": 8, "height": 24 }, "geometry": { "type": "Polygon", "coordinates": [ [ [ 121.494371855000054, 31.277666942500105 ], [ 121.493994984999972, 31.277711642900101 ], [ 121.494016508000072, 31.277849195399995 ], [ 121.49439338000002, 31.277795329299977 ], [ 121.494371855000054, 31.277666942500105 ] ] ] } },
{ "type": "Feature", "properties": { "Id": 0, "Floor": 8, "height": 24 }, "geometry": { "type": "Polygon", "coordinates": [ [ [ 121.495028671, 31.27778806690003 ], [ 121.494587186, 31.277924232000032 ], [ 121.494630246000042, 31.278043517100059 ], [ 121.495082499000091, 31.277898218600058 ], [ 121.495028671, 31.27778806690003 ] ] ] } },
{ "type": "Feature", "properties": { "Id": 0, "Floor": 4, "height": 12 }, "geometry": { "type": "Polygon", "coordinates": [ [ [ 121.49441491000016, 31.277850389000037 ], [ 121.494027271000164, 31.277904222800032 ], [ 121.494038030999945, 31.27799591360008 ], [ 121.494425670000169, 31.277942079800084 ], [ 121.49441491000016, 31.277850389000037 ] ] ] } },
{ "type": "Feature", "properties": { "Id": 0, "Floor": 7, "height": 21 }, "geometry": { "type": "Polygon", "coordinates": [ [ [ 121.493941133000135, 31.277876467200088 ], [ 121.493359682000118, 31.277874725699974 ], [ 121.493359672999986, 31.277975550099995 ], [ 121.493941123000127, 31.277986457499992 ], [ 121.493941133000135, 31.277876467200088 ] ] ] } },
{ "type": "Feature", "properties": { "Id": 0, "Floor": 8, "height": 24 }, "geometry": { "type": "Polygon", "coordinates": [ [ [ 121.494447201000071, 31.277987973600091 ], [ 121.494038025, 31.278060074500104 ], [ 121.494048784000029, 31.278170096800011 ], [ 121.49446872700014, 31.27809802820002 ], [ 121.494447201000071, 31.277987973600091 ] ] ] } },
{ "type": "Feature", "properties": { "Id": 0, "Floor": 8, "height": 24 }, "geometry": { "type": "Polygon", "coordinates": [ [ [ 121.493994942999961, 31.27819743309999 ], [ 121.493984186000034, 31.27807824490003 ], [ 121.493359662000103, 31.278113037799983 ], [ 121.493359654999949, 31.278195530300138 ], [ 121.493833429000119, 31.27819694919998 ], [ 121.493994942999961, 31.27819743309999 ] ] ] } },
{ "type": "Feature", "properties": { "Id": 0, "Floor": 8, "height": 24 }, "geometry": { "type": "Polygon", "coordinates": [ [ [ 121.493359654999949, 31.278195530300138 ], [ 121.493359652000095, 31.278223027800038 ], [ 121.493833429000119, 31.27819694919998 ], [ 121.493359654999949, 31.278195530300138 ] ] ] } },
{ "type": "Feature", "properties": { "Id": 0, "Floor": 8, "height": 24 }, "geometry": { "type": "Polygon", "coordinates": [ [ [ 121.494587140000021, 31.278465015999984 ], [ 121.493801097000073, 31.278535987699968 ], [ 121.493822622000039, 31.278664373300103 ], [ 121.494608664, 31.278593401799924 ], [ 121.494587140000021, 31.278465015999984 ] ] ] } },
{ "type": "Feature", "properties": { "Id": 0, "Floor": 2, "height": 6 }, "geometry": { "type": "Polygon", "coordinates": [ [ [ 121.496116198999971, 31.277837154999986 ], [ 121.496051590000093, 31.277873624899996 ], [ 121.496083888000044, 31.277928716800091 ], [ 121.496116192000045, 31.277910481900108 ], [ 121.496116198999971, 31.277837154999986 ] ] ] } },
{ "type": "Feature", "properties": { "Id": 0, "Floor": 8, "height": 24 }, "geometry": { "type": "Polygon", "coordinates": [ [ [ 121.495879306, 31.277891440400026 ], [ 121.495513190000111, 31.278073660299981 ], [ 121.495567021000056, 31.278156314200032 ], [ 121.495933136999952, 31.277974094400122 ], [ 121.495879306, 31.277891440400026 ] ] ] } },
{ "type": "Feature", "properties": { "Id": 0, "Floor": 8, "height": 24 }, "geometry": { "type": "Polygon", "coordinates": [ [ [ 121.496116178000079, 31.27807546720004 ], [ 121.496116171000153, 31.278157959799955 ], [ 121.496159242999965, 31.278139757100007 ], [ 121.496116178000079, 31.27807546720004 ] ] ] } },
{ "type": "Feature", "properties": { "Id": 0, "Floor": 8, "height": 24 }, "geometry": { "type": "Polygon", "coordinates": [ [ [ 121.496116178000079, 31.27807546720004 ], [ 121.496094644999971, 31.278047905200083 ], [ 121.495782370000143, 31.278202788700014 ], [ 121.496030026000085, 31.278203530800113 ], [ 121.496116171000153, 31.278157959799955 ], [ 121.496116178000079, 31.27807546720004 ] ] ] } },
{ "type": "Feature", "properties": { "Id": 0, "Floor": 8, "height": 24 }, "geometry": { "type": "Polygon", "coordinates": [ [ [ 121.495448582000108, 31.278100964300108 ], [ 121.495168615000125, 31.278200949499933 ], [ 121.495480876000101, 31.278201885200019 ], [ 121.495502412000064, 31.278201949800064 ], [ 121.495448582000108, 31.278100964300108 ] ] ] } },
{ "type": "Feature", "properties": { "Id": 0, "Floor": 8, "height": 24 }, "geometry": { "type": "Polygon", "coordinates": [ [ [ 121.495168615000125, 31.278200949499933 ], [ 121.495071703, 31.278237322500047 ], [ 121.495114766000142, 31.278329109800097 ], [ 121.495480876000101, 31.278201885200019 ], [ 121.495168615000125, 31.278200949499933 ] ] ] } },
{ "type": "Feature", "properties": { "Id": 0, "Floor": 8, "height": 24 }, "geometry": { "type": "Polygon", "coordinates": [ [ [ 121.495782370000143, 31.278202788700014 ], [ 121.495631617000072, 31.278275663599914 ], [ 121.495685447000028, 31.278367483099998 ], [ 121.496030026000085, 31.278203530800113 ], [ 121.495782370000143, 31.278202788700014 ] ] ] } },
{ "type": "Feature", "properties": { "Id": 0, "Floor": 5, "height": 15 }, "geometry": { "type": "Polygon", "coordinates": [ [ [ 121.49606232300016, 31.278276954200066 ], [ 121.495911571999955, 31.278322331600066 ], [ 121.495965401000149, 31.278432482700055 ], [ 121.496116152000013, 31.2783871054001 ], [ 121.49606232300016, 31.278276954200066 ] ] ] } },
{ "type": "Feature", "properties": { "Id": 0, "Floor": 8, "height": 24 }, "geometry": { "type": "Polygon", "coordinates": [ [ [ 121.495577776000118, 31.278312165600084 ], [ 121.495373184000073, 31.278384879000043 ], [ 121.495427015000132, 31.278476698500128 ], [ 121.49562083800015, 31.278403952799977 ], [ 121.495577776000118, 31.278312165600084 ] ] ] } },
{ "type": "Feature", "properties": { "Id": 0, "Floor": 6, "height": 18 }, "geometry": { "type": "Polygon", "coordinates": [ [ [ 121.495330104, 31.278503905499974 ], [ 121.494953226000121, 31.278621931599957 ], [ 121.495007052000119, 31.278768745500031 ], [ 121.495394696999938, 31.278650751900102 ], [ 121.495330104, 31.278503905499974 ] ] ] } },
{ "type": "Feature", "properties": { "Id": 0, "Floor": 7, "height": 21 }, "geometry": { "type": "Polygon", "coordinates": [ [ [ 121.491959876000124, 31.278136345699977 ], [ 121.491410731999963, 31.278134703499973 ], [ 121.491410727000016, 31.2781896985 ], [ 121.491959871000176, 31.278191340700005 ], [ 121.491959876000124, 31.278136345699977 ] ] ] } },
{ "type": "Feature", "properties": { "Id": 0, "Floor": 8, "height": 24 }, "geometry": { "type": "Polygon", "coordinates": [ [ [ 121.491335359, 31.278143644100055 ], [ 121.49078621700005, 31.278142003100015 ], [ 121.490786213000092, 31.278187832300034 ], [ 121.49133535500016, 31.27818947320003 ], [ 121.491335359, 31.278143644100055 ] ] ] } },
{ "type": "Feature", "properties": { "Id": 0, "Floor": 7, "height": 21 }, "geometry": { "type": "Polygon", "coordinates": [ [ [ 121.491959871000176, 31.278191340700005 ], [ 121.491410727000016, 31.2781896985 ], [ 121.491410724000161, 31.278226361900124 ], [ 121.49195986899997, 31.278218838200075 ], [ 121.491959871000176, 31.278191340700005 ] ] ] } },
{ "type": "Feature", "properties": { "Id": 0, "Floor": 8, "height": 24 }, "geometry": { "type": "Polygon", "coordinates": [ [ [ 121.49133535500016, 31.27818947320003 ], [ 121.490786213000092, 31.278187832300034 ], [ 121.490786208000145, 31.278242827200017 ], [ 121.491335350000099, 31.278244468200057 ], [ 121.49133535500016, 31.27818947320003 ] ] ] } },
{ "type": "Feature", "properties": { "Id": 0, "Floor": 7, "height": 21 }, "geometry": { "type": "Polygon", "coordinates": [ [ [ 121.491970614000024, 31.278475513300123 ], [ 121.491582983000058, 31.278474354000082 ], [ 121.49158297300005, 31.278593509400082 ], [ 121.491970604000016, 31.278594668700123 ], [ 121.491970614000024, 31.278475513300123 ] ] ] } },
{ "type": "Feature", "properties": { "Id": 0, "Floor": 7, "height": 21 }, "geometry": { "type": "Polygon", "coordinates": [ [ [ 121.491518377000034, 31.278492492400005 ], [ 121.490883093999969, 31.278490593699985 ], [ 121.490883085000064, 31.278600583299976 ], [ 121.491518367000026, 31.278602482 ], [ 121.491518377000034, 31.278492492400005 ] ] ] } },
{ "type": "Feature", "properties": { "Id": 0, "Floor": 7, "height": 21 }, "geometry": { "type": "Polygon", "coordinates": [ [ [ 121.491992128999982, 31.278713888400034 ], [ 121.491604498000015, 31.278712729099993 ], [ 121.49160448900011, 31.278822718400136 ], [ 121.491992120000077, 31.278823877700006 ], [ 121.491992128999982, 31.278713888400034 ] ] ] } },
{ "type": "Feature", "properties": { "Id": 0, "Floor": 7, "height": 21 }, "geometry": { "type": "Polygon", "coordinates": [ [ [ 121.491518356000142, 31.278730803100075 ], [ 121.490883073999953, 31.278728904399998 ], [ 121.490883063999945, 31.278848059500035 ], [ 121.49151834700001, 31.278840792400047 ], [ 121.491518356000142, 31.278730803100075 ] ] ] } },
{ "type": "Feature", "properties": { "Id": 0, "Floor": 7, "height": 21 }, "geometry": { "type": "Polygon", "coordinates": [ [ [ 121.491992112000048, 31.278915535400074 ], [ 121.491604481000081, 31.27891437610009 ], [ 121.491604471000073, 31.279033531000039 ], [ 121.49199210200004, 31.279034690400124 ], [ 121.491992112000048, 31.278915535400074 ] ] ] } },
{ "type": "Feature", "properties": { "Id": 0, "Floor": 7, "height": 21 }, "geometry": { "type": "Polygon", "coordinates": [ [ [ 121.491292220000105, 31.278950105699948 ], [ 121.490915357999938, 31.278948979500058 ], [ 121.490915349000034, 31.279049802799989 ], [ 121.491292212000076, 31.279041763300029 ], [ 121.491292220000105, 31.278950105699948 ] ] ] } },
{ "type": "Feature", "properties": { "Id": 0, "Floor": 17, "height": 51 }, "geometry": { "type": "Polygon", "coordinates": [ [ [ 121.489989422000122, 31.278185453400113 ], [ 121.489601795000112, 31.278184297099983 ], [ 121.48960179200003, 31.278220960500107 ], [ 121.48998941800005, 31.278222116700022 ], [ 121.489989422000122, 31.278185453400113 ] ] ] } },
{ "type": "Feature", "properties": { "Id": 0, "Floor": 7, "height": 21 }, "geometry": { "type": "Polygon", "coordinates": [ [ [ 121.490064760000109, 31.278579808300094 ], [ 121.489687900000035, 31.278578683999967 ], [ 121.489687892, 31.278679507700133 ], [ 121.490064750999977, 31.278680632000089 ], [ 121.490064760000109, 31.278579808300094 ] ] ] } },
{ "type": "Feature", "properties": { "Id": 0, "Floor": 8, "height": 24 }, "geometry": { "type": "Polygon", "coordinates": [ [ [ 121.489580216000036, 31.27869751820009 ], [ 121.489580225000054, 31.278596694500095 ], [ 121.489545017194587, 31.278596589537838 ], [ 121.489543409724021, 31.278697408471228 ], [ 121.489580216000036, 31.27869751820009 ] ] ] } },
{ "type": "Feature", "properties": { "Id": 0, "Floor": 7, "height": 21 }, "geometry": { "type": "Polygon", "coordinates": [ [ [ 121.490075507000029, 31.278818150900008 ], [ 121.489698646999955, 31.278817026600052 ], [ 121.489698639000153, 31.278917849999971 ], [ 121.490075498000124, 31.278918974300097 ], [ 121.490075507000029, 31.278818150900008 ] ] ] } },
{ "type": "Feature", "properties": { "Id": 0, "Floor": 6, "height": 18 }, "geometry": { "type": "Polygon", "coordinates": [ [ [ 121.489558667000097, 31.278862438000033 ], [ 121.489540677981083, 31.278868740635971 ], [ 121.489538782810897, 31.278987603800282 ], [ 121.489612496000177, 31.278963422 ], [ 121.489558667000097, 31.278862438000033 ] ] ] } },
{ "type": "Feature", "properties": { "Id": 0, "Floor": 7, "height": 21 }, "geometry": { "type": "Polygon", "coordinates": [ [ [ 121.490075489999981, 31.279019797700073 ], [ 121.489698630000021, 31.279018673400117 ], [ 121.489698622, 31.279119496700048 ], [ 121.490075481000076, 31.279120621 ], [ 121.490075489999981, 31.279019797700073 ] ] ] } },
{ "type": "Feature", "properties": { "Id": 0, "Floor": 6, "height": 18 }, "geometry": { "type": "Polygon", "coordinates": [ [ [ 121.489580187000115, 31.279045817500048 ], [ 121.489537619651259, 31.279060556001497 ], [ 121.489535792694284, 31.279175140901625 ], [ 121.489623248000044, 31.279146769200054 ], [ 121.489580187000115, 31.279045817500048 ] ] ] } },
{ "type": "Feature", "properties": { "Id": 0, "Floor": 8, "height": 24 }, "geometry": { "type": "Polygon", "coordinates": [ [ [ 121.490603170000099, 31.278141456400078 ], [ 121.490075564999984, 31.278139881300035 ], [ 121.490075561000026, 31.27818571040001 ], [ 121.490603166000028, 31.278187285500053 ], [ 121.490603170000099, 31.278141456400078 ] ] ] } },
{ "type": "Feature", "properties": { "Id": 0, "Floor": 8, "height": 24 }, "geometry": { "type": "Polygon", "coordinates": [ [ [ 121.490700077000042, 31.278141745800042 ], [ 121.490603170000099, 31.278141456400078 ], [ 121.490603166000028, 31.278187285500053 ], [ 121.490700072999971, 31.278187574900016 ], [ 121.490700077000042, 31.278141745800042 ] ] ] } },
{ "type": "Feature", "properties": { "Id": 0, "Floor": 8, "height": 24 }, "geometry": { "type": "Polygon", "coordinates": [ [ [ 121.490700072999971, 31.278187574900016 ], [ 121.490603166000028, 31.278187285500053 ], [ 121.490603160999967, 31.278242280500081 ], [ 121.490700068000137, 31.278242569900044 ], [ 121.490700072999971, 31.278187574900016 ] ] ] } },
{ "type": "Feature", "properties": { "Id": 0, "Floor": 8, "height": 24 }, "geometry": { "type": "Polygon", "coordinates": [ [ [ 121.490603166000028, 31.278187285500053 ], [ 121.490075561000026, 31.27818571040001 ], [ 121.490075555999965, 31.278249871200046 ], [ 121.490603160999967, 31.278242280500081 ], [ 121.490603166000028, 31.278187285500053 ] ] ] } },
{ "type": "Feature", "properties": { "Id": 0, "Floor": 7, "height": 21 }, "geometry": { "type": "Polygon", "coordinates": [ [ [ 121.490603118000081, 31.278746399699969 ], [ 121.490150885000048, 31.278745049600047 ], [ 121.490150876000143, 31.278855038900019 ], [ 121.490603108999949, 31.278856388999941 ], [ 121.490603118000081, 31.278746399699969 ] ] ] } },
{ "type": "Feature", "properties": { "Id": 0, "Floor": 7, "height": 21 }, "geometry": { "type": "Polygon", "coordinates": [ [ [ 121.490786165000031, 31.278746946400076 ], [ 121.490603118000081, 31.278746399699969 ], [ 121.490603108999949, 31.278856388999941 ], [ 121.490786156000127, 31.278856935800093 ], [ 121.490786165000031, 31.278746946400076 ] ] ] } },
{ "type": "Feature", "properties": { "Id": 0, "Floor": 7, "height": 21 }, "geometry": { "type": "Polygon", "coordinates": [ [ [ 121.490796915000033, 31.278948625600037 ], [ 121.490603101000147, 31.278948046700066 ], [ 121.490603091000025, 31.279058035800006 ], [ 121.490796906000128, 31.279058614699977 ], [ 121.490796915000033, 31.278948625600037 ] ] ] } },
{ "type": "Feature", "properties": { "Id": 0, "Floor": 7, "height": 21 }, "geometry": { "type": "Polygon", "coordinates": [ [ [ 121.490603101000147, 31.278948046700066 ], [ 121.49016163500005, 31.278946728700134 ], [ 121.490161625000042, 31.27906588360014 ], [ 121.490603091000025, 31.279058035800006 ], [ 121.490603101000147, 31.278948046700066 ] ] ] } },
{ "type": "Feature", "properties": { "Id": 0, "Floor": 7, "height": 21 }, "geometry": { "type": "Polygon", "coordinates": [ [ [ 121.490635384000029, 31.279168121300017 ], [ 121.490603082000121, 31.279168024799958 ], [ 121.490603074000092, 31.279259682200063 ], [ 121.490635377, 31.279259778700123 ], [ 121.490635384000029, 31.279168121300017 ] ] ] } },
{ "type": "Feature", "properties": { "Id": 0, "Floor": 7, "height": 21 }, "geometry": { "type": "Polygon", "coordinates": [ [ [ 121.490603082000121, 31.279168024799958 ], [ 121.490172384000175, 31.279166739000061 ], [ 121.490172376000146, 31.27926756209996 ], [ 121.490603074000092, 31.279259682200063 ], [ 121.490603082000121, 31.279168024799958 ] ] ] } },
{ "type": "Feature", "properties": { "Id": 0, "Floor": 1, "height": 3 }, "geometry": { "type": "Polygon", "coordinates": [ [ [ 121.491550633999964, 31.279024204300129 ], [ 121.491389121, 31.279023721399994 ], [ 121.491389102000085, 31.27924369940007 ], [ 121.491550615000051, 31.279244182300033 ], [ 121.491550633999964, 31.279024204300129 ] ] ] } },
{ "type": "Feature", "properties": { "Id": 0, "Floor": 7, "height": 21 }, "geometry": { "type": "Polygon", "coordinates": [ [ [ 121.491992094000125, 31.279126347899989 ], [ 121.491604461999941, 31.27913435429997 ], [ 121.491604453000036, 31.279244343200105 ], [ 121.491992084000117, 31.279245502600133 ], [ 121.491992094000125, 31.279126347899989 ] ] ] } },
{ "type": "Feature", "properties": { "Id": 0, "Floor": 7, "height": 21 }, "geometry": { "type": "Polygon", "coordinates": [ [ [ 121.491292202000068, 31.279160918 ], [ 121.490915340000015, 31.279159791800112 ], [ 121.490915331999986, 31.27925144919999 ], [ 121.491292194000039, 31.279252575500095 ], [ 121.491292202000068, 31.279160918 ] ] ] } },
{ "type": "Feature", "properties": { "Id": 0, "Floor": 7, "height": 21 }, "geometry": { "type": "Polygon", "coordinates": [ [ [ 121.491959774000065, 31.279327897500139 ], [ 121.491529073000038, 31.279326609500004 ], [ 121.49152906300003, 31.279445763900128 ], [ 121.491959764000057, 31.27944705200008 ], [ 121.491959774000065, 31.279327897500139 ] ] ] } },
{ "type": "Feature", "properties": { "Id": 0, "Floor": 7, "height": 21 }, "geometry": { "type": "Polygon", "coordinates": [ [ [ 121.491378325000028, 31.279353656000012 ], [ 121.491001463000089, 31.27935252970002 ], [ 121.491001453999957, 31.279453352600115 ], [ 121.491378317, 31.279454479000094 ], [ 121.491378325000028, 31.279353656000012 ] ] ] } },
{ "type": "Feature", "properties": { "Id": 0, "Floor": 7, "height": 21 }, "geometry": { "type": "Polygon", "coordinates": [ [ [ 121.491948988000104, 31.279547842599925 ], [ 121.491518287000076, 31.279546554600017 ], [ 121.491518277000068, 31.279656543100089 ], [ 121.491948978000096, 31.279657831100053 ], [ 121.491948988000104, 31.279547842599925 ] ] ] } },
{ "type": "Feature", "properties": { "Id": 0, "Floor": 7, "height": 21 }, "geometry": { "type": "Polygon", "coordinates": [ [ [ 121.491389075000029, 31.279564499699973 ], [ 121.491012211999987, 31.279563373400038 ], [ 121.491012203999958, 31.279664196199917 ], [ 121.491389066000124, 31.27966532250008 ], [ 121.491389075000029, 31.279564499699973 ] ] ] } },
{ "type": "Feature", "properties": { "Id": 0, "Floor": 5, "height": 15 }, "geometry": { "type": "Polygon", "coordinates": [ [ [ 121.492293531999962, 31.279750518900016 ], [ 121.49215355399997, 31.279750100100102 ], [ 121.492153535000057, 31.27997007660008 ], [ 121.49229351300005, 31.279970495399994 ], [ 121.492293531999962, 31.279750518900016 ] ] ] } },
{ "type": "Feature", "properties": { "Id": 0, "Floor": 7, "height": 21 }, "geometry": { "type": "Polygon", "coordinates": [ [ [ 121.491884362000064, 31.279785957600041 ], [ 121.491022957000041, 31.279829210800131 ], [ 121.491033715000071, 31.279939231200046 ], [ 121.491895120000095, 31.279895978100114 ], [ 121.491884362000064, 31.279785957600041 ] ] ] } },
{ "type": "Feature", "properties": { "Id": 0, "Floor": 7, "height": 21 }, "geometry": { "type": "Polygon", "coordinates": [ [ [ 121.491916648000029, 31.279987699299966 ], [ 121.491055243000119, 31.280030952300081 ], [ 121.491066001000149, 31.280140972399977 ], [ 121.491927406000059, 31.28009771950002 ], [ 121.491916648000029, 31.279987699299966 ] ] ] } },
{ "type": "Feature", "properties": { "Id": 0, "Floor": 7, "height": 21 }, "geometry": { "type": "Polygon", "coordinates": [ [ [ 121.490086239999982, 31.279221476300108 ], [ 121.489709380000022, 31.27922951779999 ], [ 121.489709372, 31.279321175100051 ], [ 121.490086231000078, 31.279322299400008 ], [ 121.490086239999982, 31.279221476300108 ] ] ] } },
{ "type": "Feature", "properties": { "Id": 0, "Floor": 6, "height": 18 }, "geometry": { "type": "Polygon", "coordinates": [ [ [ 121.489558635000094, 31.279247399700068 ], [ 121.489534515017795, 31.27925527548317 ], [ 121.48953262796725, 31.279373629392023 ], [ 121.489612463000071, 31.279348383300032 ], [ 121.489558635000094, 31.279247399700068 ] ] ] } },
{ "type": "Feature", "properties": { "Id": 0, "Floor": 7, "height": 21 }, "geometry": { "type": "Polygon", "coordinates": [ [ [ 121.489784714000052, 31.279669697100132 ], [ 121.490118503999952, 31.279670693000014 ], [ 121.490118513000084, 31.279560704600101 ], [ 121.489817026000082, 31.279559805000076 ], [ 121.489817031000143, 31.279495645000111 ], [ 121.489530696147796, 31.279494791162179 ], [ 121.489528650294773, 31.279623105001804 ], [ 121.48978471800001, 31.279623868600027 ], [ 121.489784714000052, 31.279669697100132 ] ] ] } },
{ "type": "Feature", "properties": { "Id": 0, "Floor": 7, "height": 21 }, "geometry": { "type": "Polygon", "coordinates": [ [ [ 121.490226170000142, 31.279762671400022 ], [ 121.489558591000105, 31.279760679700075 ], [ 121.489558581000097, 31.279870668000115 ], [ 121.49022616100001, 31.279872659600073 ], [ 121.490226170000142, 31.279762671400022 ] ] ] } },
{ "type": "Feature", "properties": { "Id": 0, "Floor": 7, "height": 21 }, "geometry": { "type": "Polygon", "coordinates": [ [ [ 121.490226152, 31.279973482100104 ], [ 121.489558573000068, 31.279971490499975 ], [ 121.48955856300006, 31.280081478500051 ], [ 121.490226143000086, 31.28008347010001 ], [ 121.490226152, 31.279973482100104 ] ] ] } },
{ "type": "Feature", "properties": { "Id": 0, "Floor": 7, "height": 21 }, "geometry": { "type": "Polygon", "coordinates": [ [ [ 121.49064613500002, 31.279369799700078 ], [ 121.490603064999959, 31.279369670999984 ], [ 121.490603057000158, 31.279461328300044 ], [ 121.490646127, 31.279461456900094 ], [ 121.49064613500002, 31.279369799700078 ] ] ] } },
{ "type": "Feature", "properties": { "Id": 0, "Floor": 7, "height": 21 }, "geometry": { "type": "Polygon", "coordinates": [ [ [ 121.490603064999959, 31.279369670999984 ], [ 121.490183134000176, 31.279368417300077 ], [ 121.490183126000147, 31.279469240200001 ], [ 121.490603057000158, 31.279461328300044 ], [ 121.490603064999959, 31.279369670999984 ] ] ] } },
{ "type": "Feature", "properties": { "Id": 0, "Floor": 5, "height": 15 }, "geometry": { "type": "Polygon", "coordinates": [ [ [ 121.490807645000018, 31.279388613499975 ], [ 121.490667668000128, 31.279388195399974 ], [ 121.490667662000078, 31.279461521200119 ], [ 121.490807639000082, 31.279461939300006 ], [ 121.490807645000018, 31.279388613499975 ] ] ] } },
{ "type": "Feature", "properties": { "Id": 0, "Floor": 7, "height": 21 }, "geometry": { "type": "Polygon", "coordinates": [ [ [ 121.490603048000025, 31.279571316800116 ], [ 121.490323094000019, 31.279570480900077 ], [ 121.490323084000011, 31.279680469399977 ], [ 121.490603038000017, 31.279681305300016 ], [ 121.490603048000025, 31.279571316800116 ] ] ] } },
{ "type": "Feature", "properties": { "Id": 0, "Floor": 7, "height": 21 }, "geometry": { "type": "Polygon", "coordinates": [ [ [ 121.490883002000146, 31.279572153100048 ], [ 121.490603048000025, 31.279571316800116 ], [ 121.490603038000017, 31.279681305300016 ], [ 121.490882993000014, 31.279682141500132 ], [ 121.490883002000146, 31.279572153100048 ] ] ] } },
{ "type": "Feature", "properties": { "Id": 0, "Floor": 7, "height": 21 }, "geometry": { "type": "Polygon", "coordinates": [ [ [ 121.490603024000052, 31.279846287700025 ], [ 121.490387674999965, 31.27984564470006 ], [ 121.490387666000174, 31.279955632899942 ], [ 121.490603015000147, 31.279956275900076 ], [ 121.490603024000052, 31.279846287700025 ] ] ] } },
{ "type": "Feature", "properties": { "Id": 0, "Floor": 7, "height": 21 }, "geometry": { "type": "Polygon", "coordinates": [ [ [ 121.490936816000158, 31.279847284800042 ], [ 121.490603024000052, 31.279846287700025 ], [ 121.490603015000147, 31.279956275900076 ], [ 121.49093680600015, 31.279957273000093 ], [ 121.490936816000158, 31.279847284800042 ] ] ] } },
{ "type": "Feature", "properties": { "Id": 0, "Floor": 7, "height": 21 }, "geometry": { "type": "Polygon", "coordinates": [ [ [ 121.490603008999983, 31.2800296013001 ], [ 121.490409194, 31.280029022500116 ], [ 121.490409183999986, 31.280148176200044 ], [ 121.490602998000099, 31.280148754899926 ], [ 121.490603008999983, 31.2800296013001 ] ] ] } },
{ "type": "Feature", "properties": { "Id": 0, "Floor": 7, "height": 21 }, "geometry": { "type": "Polygon", "coordinates": [ [ [ 121.490969103000111, 31.28003069490012 ], [ 121.490603008999983, 31.2800296013001 ], [ 121.490602998000099, 31.280148754899926 ], [ 121.490969093000103, 31.280140682899969 ], [ 121.490969103000111, 31.28003069490012 ] ] ] } },
{ "type": "Feature", "properties": { "Id": 0, "Floor": 7, "height": 21 }, "geometry": { "type": "Polygon", "coordinates": [ [ [ 121.490602991000173, 31.28023124580011 ], [ 121.490409176999947, 31.2802306671 ], [ 121.490409168000042, 31.2803406548 ], [ 121.490602982000041, 31.280341233599927 ], [ 121.490602991000173, 31.28023124580011 ] ] ] } },
{ "type": "Feature", "properties": { "Id": 0, "Floor": 7, "height": 21 }, "geometry": { "type": "Polygon", "coordinates": [ [ [ 121.489537027000097, 31.280099745600069 ], [ 121.489521051432646, 31.280099697978169 ], [ 121.489519289833737, 31.280210183686627 ], [ 121.489537017999965, 31.280209733500101 ], [ 121.489537027000097, 31.280099745600069 ] ] ] } },
{ "type": "Feature", "properties": { "Id": 0, "Floor": 7, "height": 21 }, "geometry": { "type": "Polygon", "coordinates": [ [ [ 121.490269203000025, 31.280193586600092 ], [ 121.489601623999988, 31.280182429200124 ], [ 121.48960161399998, 31.280301582599975 ], [ 121.490269194, 31.280303574400079 ], [ 121.490269203000025, 31.280193586600092 ] ] ] } },
{ "type": "Feature", "properties": { "Id": 0, "Floor": 7, "height": 21 }, "geometry": { "type": "Polygon", "coordinates": [ [ [ 121.490279955000119, 31.280376931700062 ], [ 121.489601609000033, 31.280365742100059 ], [ 121.489601599000025, 31.280475729700072 ], [ 121.490279945999987, 31.280486919300074 ], [ 121.490279955000119, 31.280376931700062 ] ] ] } },
{ "type": "Feature", "properties": { "Id": 0, "Floor": 8, "height": 24 }, "geometry": { "type": "Polygon", "coordinates": [ [ [ 121.490043054000125, 31.280577868500075 ], [ 121.489709265000101, 31.28057687270001 ], [ 121.489709253000115, 31.280714356900035 ], [ 121.490043043000014, 31.280715352700099 ], [ 121.490043054000125, 31.280577868500075 ] ] ] } },
{ "type": "Feature", "properties": { "Id": 0, "Floor": 7, "height": 21 }, "geometry": { "type": "Polygon", "coordinates": [ [ [ 121.489526197000032, 31.280832963899968 ], [ 121.489526203000082, 31.28075963910004 ], [ 121.489510529988138, 31.280759592375329 ], [ 121.489509360943018, 31.280832913707762 ], [ 121.489526197000032, 31.280832963899968 ] ] ] } },
{ "type": "Feature", "properties": { "Id": 0, "Floor": 7, "height": 21 }, "geometry": { "type": "Polygon", "coordinates": [ [ [ 121.489623103000099, 31.280842418500129 ], [ 121.489509214811548, 31.280842078926412 ], [ 121.489507461244656, 31.280952060875062 ], [ 121.489623093000091, 31.28095240560009 ], [ 121.489623103000099, 31.280842418500129 ] ] ] } },
{ "type": "Feature", "properties": { "Id": 0, "Floor": 8, "height": 24 }, "geometry": { "type": "Polygon", "coordinates": [ [ [ 121.489967652000132, 31.280935102199919 ], [ 121.490226071000052, 31.28092670780012 ], [ 121.490226079000081, 31.280835051899999 ], [ 121.489967661000151, 31.280834280699992 ], [ 121.48996765600009, 31.28088927430008 ], [ 121.489687702999959, 31.280888439100067 ], [ 121.489687694000054, 31.280998426200028 ], [ 121.489967646999958, 31.280999261299996 ], [ 121.489967652000132, 31.280935102199919 ] ] ] } },
{ "type": "Feature", "properties": { "Id": 0, "Floor": 9, "height": 27 }, "geometry": { "type": "Polygon", "coordinates": [ [ [ 121.489580002000139, 31.281208913300134 ], [ 121.489503369596846, 31.281208684902182 ], [ 121.489501469906699, 31.281327831554524 ], [ 121.489579992000017, 31.281328065600064 ], [ 121.489580002000139, 31.281208913300134 ] ] ] } },
{ "type": "Feature", "properties": { "Id": 0, "Floor": 4, "height": 12 }, "geometry": { "type": "Polygon", "coordinates": [ [ [ 121.489784577000137, 31.281273682400069 ], [ 121.489644601000123, 31.281273264900108 ], [ 121.489644587000043, 31.28142907930004 ], [ 121.489784564000047, 31.281429496800058 ], [ 121.489784577000137, 31.281273682400069 ] ] ] } },
{ "type": "Feature", "properties": { "Id": 0, "Floor": 8, "height": 24 }, "geometry": { "type": "Polygon", "coordinates": [ [ [ 121.489590751000037, 31.281419753199998 ], [ 121.489500008607862, 31.281419482744866 ], [ 121.489498134570027, 31.281537020510033 ], [ 121.489590741000029, 31.281538905300067 ], [ 121.489590751000037, 31.281419753199998 ] ] ] } },
{ "type": "Feature", "properties": { "Id": 0, "Floor": 7, "height": 21 }, "geometry": { "type": "Polygon", "coordinates": [ [ [ 121.491022922999946, 31.280232500300087 ], [ 121.490602991000173, 31.28023124580011 ], [ 121.490602982000041, 31.280341233599927 ], [ 121.49103368100009, 31.280342520200122 ], [ 121.491022922999946, 31.280232500300087 ] ] ] } },
{ "type": "Feature", "properties": { "Id": 0, "Floor": 7, "height": 21 }, "geometry": { "type": "Polygon", "coordinates": [ [ [ 121.491033672999947, 31.280434176600068 ], [ 121.490602973000136, 31.280442055600133 ], [ 121.490602966000097, 31.280533711900091 ], [ 121.491044431999967, 31.280535030700094 ], [ 121.491033672999947, 31.280434176600068 ] ] ] } },
{ "type": "Feature", "properties": { "Id": 0, "Floor": 7, "height": 21 }, "geometry": { "type": "Polygon", "coordinates": [ [ [ 121.490602973000136, 31.280442055600133 ], [ 121.490419926999948, 31.280441509000013 ], [ 121.490419919000146, 31.280533165299971 ], [ 121.490602966000097, 31.280533711900091 ], [ 121.490602973000136, 31.280442055600133 ] ] ] } },
{ "type": "Feature", "properties": { "Id": 0, "Floor": 7, "height": 21 }, "geometry": { "type": "Polygon", "coordinates": [ [ [ 121.490602966000097, 31.280533711900091 ], [ 121.490419919000146, 31.280533165299971 ], [ 121.490419917000054, 31.280551496500038 ], [ 121.490602964000118, 31.280552043100101 ], [ 121.490602966000097, 31.280533711900091 ] ] ] } },
{ "type": "Feature", "properties": { "Id": 0, "Floor": 7, "height": 21 }, "geometry": { "type": "Polygon", "coordinates": [ [ [ 121.491044431999967, 31.280535030700094 ], [ 121.490602966000097, 31.280533711900091 ], [ 121.490602964000118, 31.280552043100101 ], [ 121.491044429999988, 31.280553361900104 ], [ 121.491044431999967, 31.280535030700094 ] ] ] } },
{ "type": "Feature", "properties": { "Id": 0, "Floor": 7, "height": 21 }, "geometry": { "type": "Polygon", "coordinates": [ [ [ 121.490602958000068, 31.280625368100061 ], [ 121.490419911000117, 31.280624821499941 ], [ 121.490419901000109, 31.280743974400139 ], [ 121.49060294800006, 31.280744521000031 ], [ 121.490602958000068, 31.280625368100061 ] ] ] } },
{ "type": "Feature", "properties": { "Id": 0, "Floor": 7, "height": 21 }, "geometry": { "type": "Polygon", "coordinates": [ [ [ 121.491055191999976, 31.280626719100098 ], [ 121.490602958000068, 31.280625368100061 ], [ 121.49060294800006, 31.280744521000031 ], [ 121.49106595, 31.280736738600069 ], [ 121.491055191999976, 31.280626719100098 ] ] ] } },
{ "type": "Feature", "properties": { "Id": 0, "Floor": 7, "height": 21 }, "geometry": { "type": "Polygon", "coordinates": [ [ [ 121.490602939000155, 31.28084534269999 ], [ 121.490430660000015, 31.280844828200088 ], [ 121.490430649000132, 31.280963980900083 ], [ 121.490602929000147, 31.280964495399985 ], [ 121.490602939000155, 31.28084534269999 ] ] ] } },
{ "type": "Feature", "properties": { "Id": 0, "Floor": 7, "height": 21 }, "geometry": { "type": "Polygon", "coordinates": [ [ [ 121.49106594, 31.280846725800075 ], [ 121.490602939000155, 31.28084534269999 ], [ 121.490602929000147, 31.280964495399985 ], [ 121.49106593, 31.280965878500012 ], [ 121.49106594, 31.280846725800075 ] ] ] } },
{ "type": "Feature", "properties": { "Id": 0, "Floor": 7, "height": 21 }, "geometry": { "type": "Polygon", "coordinates": [ [ [ 121.490753635000033, 31.281414058399946 ], [ 121.490936681999983, 31.281414605200098 ], [ 121.490936693000094, 31.281286287499995 ], [ 121.491044367999962, 31.281286609199981 ], [ 121.491055146, 31.281158323500051 ], [ 121.490602912000099, 31.281156972500014 ], [ 121.490602900999988, 31.281285290399978 ], [ 121.490753646000144, 31.281285740700014 ], [ 121.490753635000033, 31.281414058399946 ] ] ] } },
{ "type": "Feature", "properties": { "Id": 0, "Floor": 7, "height": 21 }, "geometry": { "type": "Polygon", "coordinates": [ [ [ 121.491884325000115, 31.280225909900025 ], [ 121.491087529000083, 31.280223527700002 ], [ 121.491087517999972, 31.280342681100024 ], [ 121.491884314, 31.280345063300047 ], [ 121.491884325000115, 31.280225909900025 ] ] ] } },
{ "type": "Feature", "properties": { "Id": 0, "Floor": 2, "height": 6 }, "geometry": { "type": "Polygon", "coordinates": [ [ [ 121.492196579000051, 31.28028183790002 ], [ 121.492175021999969, 31.280538411300085 ], [ 121.492293465000103, 31.280538765699987 ], [ 121.492315021000081, 31.280291357900126 ], [ 121.492196579000051, 31.28028183790002 ] ] ] } },
{ "type": "Feature", "properties": { "Id": 0, "Floor": 7, "height": 21 }, "geometry": { "type": "Polygon", "coordinates": [ [ [ 121.491895076, 31.280418420600029 ], [ 121.491249025, 31.280416488900073 ], [ 121.491249014, 31.280535642100119 ], [ 121.491895065999984, 31.280537573800075 ], [ 121.491895076, 31.280418420600029 ] ] ] } },
{ "type": "Feature", "properties": { "Id": 0, "Floor": 7, "height": 21 }, "geometry": { "type": "Polygon", "coordinates": [ [ [ 121.491776615000049, 31.280628875799948 ], [ 121.491141331999984, 31.280626976500059 ], [ 121.4911413210001, 31.280746129400029 ], [ 121.491776605000041, 31.280748028699975 ], [ 121.491776615000049, 31.280628875799948 ] ] ] } },
{ "type": "Feature", "properties": { "Id": 0, "Floor": 2, "height": 6 }, "geometry": { "type": "Polygon", "coordinates": [ [ [ 121.492175021999969, 31.280538411300085 ], [ 121.492153460000054, 31.280849977599928 ], [ 121.492271903000074, 31.280850332 ], [ 121.492293465000103, 31.280538765699987 ], [ 121.492175021999969, 31.280538411300085 ] ] ] } },
{ "type": "Feature", "properties": { "Id": 0, "Floor": 7, "height": 21 }, "geometry": { "type": "Polygon", "coordinates": [ [ [ 121.491787364000061, 31.280848882500095 ], [ 121.491141312999957, 31.280846951099988 ], [ 121.491141304000053, 31.280956938199949 ], [ 121.491787354000166, 31.280958869600056 ], [ 121.491787364000061, 31.280848882500095 ] ] ] } },
{ "type": "Feature", "properties": { "Id": 0, "Floor": 4, "height": 12 }, "geometry": { "type": "Polygon", "coordinates": [ [ [ 121.492164199000058, 31.28118913640003 ], [ 121.492034988000114, 31.281188749800094 ], [ 121.492034972000056, 31.281381226600104 ], [ 121.492164182000124, 31.281381613099995 ], [ 121.492164199000058, 31.28118913640003 ] ] ] } },
{ "type": "Feature", "properties": { "Id": 0, "Floor": 6, "height": 18 }, "geometry": { "type": "Polygon", "coordinates": [ [ [ 121.491765803000135, 31.28115128240006 ], [ 121.491582753999978, 31.281159900600073 ], [ 121.491582731, 31.281425701800003 ], [ 121.491755012, 31.281426216999989 ], [ 121.491765803000135, 31.28115128240006 ] ] ] } },
{ "type": "Feature", "properties": { "Id": 0, "Floor": 7, "height": 21 }, "geometry": { "type": "Polygon", "coordinates": [ [ [ 121.49198112299996, 31.281509383200103 ], [ 121.491970348, 31.281601006299979 ], [ 121.492422582000017, 31.281629856000052 ], [ 121.492433357999971, 31.281538232900004 ], [ 121.49198112299996, 31.281509383200103 ] ] ] } },
{ "type": "Feature", "properties": { "Id": 0, "Floor": 7, "height": 21 }, "geometry": { "type": "Polygon", "coordinates": [ [ [ 121.490990494000016, 31.281717228700018 ], [ 121.490872051, 31.281716874900042 ], [ 121.490872043999957, 31.281799364500046 ], [ 121.491065858999946, 31.281799943600049 ], [ 121.491065871000046, 31.281662460800135 ], [ 121.491496570999971, 31.281663748200003 ], [ 121.491496566000137, 31.28171874130004 ], [ 121.491335054000047, 31.281718258500121 ], [ 121.491335047, 31.281800748100125 ], [ 121.49163653700009, 31.281801649499982 ], [ 121.491636567, 31.281444193900086 ], [ 121.49151812499997, 31.281443839700046 ], [ 121.491518113999973, 31.281572157299991 ], [ 121.491087414000162, 31.281570869900122 ], [ 121.491087422999954, 31.28146088340003 ], [ 121.490753630999961, 31.281459886099981 ], [ 121.490753620999953, 31.281579038100119 ], [ 121.490990505000013, 31.281579745800116 ], [ 121.490990494000016, 31.281717228700018 ] ] ] } },
{ "type": "Feature", "properties": { "Id": 0, "Floor": 7, "height": 21 }, "geometry": { "type": "Polygon", "coordinates": [ [ [ 121.490602900999988, 31.281285290399978 ], [ 121.490602912000099, 31.281156972500014 ], [ 121.490398331000051, 31.281156361600097 ], [ 121.490398307999953, 31.281422162800141 ], [ 121.490602890000105, 31.281422773700115 ], [ 121.490602900999988, 31.281285290399978 ] ] ] } },
{ "type": "Feature", "properties": { "Id": 0, "Floor": 7, "height": 21 }, "geometry": { "type": "Polygon", "coordinates": [ [ [ 121.490301393999971, 31.281504363400074 ], [ 121.490301413000111, 31.281275224700039 ], [ 121.490172204000146, 31.281274839000048 ], [ 121.490172199000085, 31.281338997900093 ], [ 121.490172185, 31.281503977700083 ], [ 121.490301393999971, 31.281504363400074 ] ] ] } },
{ "type": "Feature", "properties": { "Id": 0, "Floor": 7, "height": 21 }, "geometry": { "type": "Polygon", "coordinates": [ [ [ 121.490301393999971, 31.281504363400074 ], [ 121.490010673000029, 31.281503495700008 ], [ 121.490010687, 31.281338515900075 ], [ 121.490172199000085, 31.281338997900093 ], [ 121.490172204000146, 31.281274839000048 ], [ 121.490172209000093, 31.281219845599992 ], [ 121.489892256000076, 31.281219010200005 ], [ 121.48989222299997, 31.281603963199927 ], [ 121.490301385000066, 31.281605184300133 ], [ 121.490301393999971, 31.281504363400074 ] ] ] } },
{ "type": "Feature", "properties": { "Id": 0, "Floor": 18, "height": 54 }, "geometry": { "type": "Polygon", "coordinates": [ [ [ 121.490602878, 31.281560256800049 ], [ 121.490495203000137, 31.281559935300038 ], [ 121.490495198000076, 31.281624094000108 ], [ 121.490419826, 31.281623868999986 ], [ 121.490419815000109, 31.281752186300025 ], [ 121.490602860999957, 31.281752732899974 ], [ 121.490602878, 31.281560256800049 ] ] ] } },
{ "type": "Feature", "properties": { "Id": 0, "Floor": 18, "height": 54 }, "geometry": { "type": "Polygon", "coordinates": [ [ [ 121.490710545999946, 31.281633902700094 ], [ 121.49065670899995, 31.281633741900009 ], [ 121.490656715, 31.281560417600133 ], [ 121.490602878, 31.281560256800049 ], [ 121.49060285600001, 31.2818168915 ], [ 121.490710531, 31.281817213099998 ], [ 121.490710545999946, 31.281633902700094 ] ] ] } },
{ "type": "Feature", "properties": { "Id": 0, "Floor": 6, "height": 18 }, "geometry": { "type": "Polygon", "coordinates": [ [ [ 121.490602821000152, 31.28222933870012 ], [ 121.49047361099997, 31.282228952900141 ], [ 121.490473604000044, 31.282311442100138 ], [ 121.490602814, 31.282311828 ], [ 121.490602821000152, 31.28222933870012 ] ] ] } },
{ "type": "Feature", "properties": { "Id": 0, "Floor": 8, "height": 24 }, "geometry": { "type": "Polygon", "coordinates": [ [ [ 121.490269027000068, 31.282255838500021 ], [ 121.489946004000103, 31.282254874500097 ], [ 121.489945996000074, 31.282355694700129 ], [ 121.490269019000038, 31.282356658699996 ], [ 121.490269027000068, 31.282255838500021 ] ] ] } },
{ "type": "Feature", "properties": { "Id": 0, "Floor": 6, "height": 18 }, "geometry": { "type": "Polygon", "coordinates": [ [ [ 121.490484359000106, 31.282458121700131 ], [ 121.490387452000164, 31.282457832299997 ], [ 121.490387439000074, 31.28261364500014 ], [ 121.490484346000017, 31.282613934300116 ], [ 121.490484359000106, 31.282458121700131 ] ] ] } },
{ "type": "Feature", "properties": { "Id": 0, "Floor": 8, "height": 24 }, "geometry": { "type": "Polygon", "coordinates": [ [ [ 121.490258237000035, 31.282521604799967 ], [ 121.489945982000108, 31.282520672900091 ], [ 121.489945972999976, 31.282621492800104 ], [ 121.490258229, 31.282613259199991 ], [ 121.490258237000035, 31.282521604799967 ] ] ] } },
{ "type": "Feature", "properties": { "Id": 0, "Floor": 7, "height": 21 }, "geometry": { "type": "Polygon", "coordinates": [ [ [ 121.490570474000037, 31.282751673100051 ], [ 121.490172079, 31.28274131820001 ], [ 121.490172069999971, 31.282842137899934 ], [ 121.490570466, 31.282843327299986 ], [ 121.490570474000037, 31.282751673100051 ] ] ] } },
{ "type": "Feature", "properties": { "Id": 0, "Floor": 5, "height": 15 }, "geometry": { "type": "Polygon", "coordinates": [ [ [ 121.492315151000071, 31.278760683700114 ], [ 121.49237975799997, 31.278742545499995 ], [ 121.492325931999972, 31.278604897499974 ], [ 121.492444377000083, 31.278586920400016 ], [ 121.492465907999986, 31.278632813800016 ], [ 121.492616658000088, 31.278587436 ], [ 121.492605895, 31.278532408999979 ], [ 121.492218263000041, 31.278531249000082 ], [ 121.492218235999985, 31.278852051499996 ], [ 121.492368981000027, 31.278852502599989 ], [ 121.492315151000071, 31.278760683700114 ] ] ] } },
{ "type": "Feature", "properties": { "Id": 0, "Floor": 17, "height": 51 }, "geometry": { "type": "Polygon", "coordinates": [ [ [ 121.492530494, 31.278862151700139 ], [ 121.492648940000095, 31.278825843100094 ], [ 121.492584346000058, 31.278697328800092 ], [ 121.492648952000081, 31.278688356400039 ], [ 121.492616658000088, 31.278587436 ], [ 121.492465907999986, 31.278632813800016 ], [ 121.492444377000083, 31.278586920400016 ], [ 121.492325931999972, 31.278604897499974 ], [ 121.49237975799997, 31.278742545499995 ], [ 121.492315151000071, 31.278760683700114 ], [ 121.492368981000027, 31.278852502599989 ], [ 121.492508964000081, 31.278807092600118 ], [ 121.492530494, 31.278862151700139 ] ] ] } },
{ "type": "Feature", "properties": { "Id": 0, "Floor": 17, "height": 51 }, "geometry": { "type": "Polygon", "coordinates": [ [ [ 121.49291812599995, 31.278872477800121 ], [ 121.493025804000013, 31.278845302800107 ], [ 121.492971977000025, 31.27871682070014 ], [ 121.493036584000151, 31.278698682600009 ], [ 121.493004289000055, 31.2786069279 ], [ 121.492842771000028, 31.278652273399985 ], [ 121.49283200900004, 31.278597246400125 ], [ 121.492713563000166, 31.27862438919999 ], [ 121.49276739000004, 31.278752871399945 ], [ 121.492702783000027, 31.278771009600064 ], [ 121.492745844999945, 31.278862796300075 ], [ 121.492896595000047, 31.278826584400122 ], [ 121.49291812599995, 31.278872477800121 ] ] ] } },
{ "type": "Feature", "properties": { "Id": 0, "Floor": 8, "height": 24 }, "geometry": { "type": "Polygon", "coordinates": [ [ [ 121.493359603000158, 31.278800473399997 ], [ 121.493262695000112, 31.278800183200133 ], [ 121.493262683000125, 31.27893766980003 ], [ 121.493359590999944, 31.278937960000064 ], [ 121.493359603000158, 31.278800473399997 ] ] ] } },
{ "type": "Feature", "properties": { "Id": 0, "Floor": 8, "height": 24 }, "geometry": { "type": "Polygon", "coordinates": [ [ [ 121.493704166000157, 31.278801505300066 ], [ 121.493359603000158, 31.278800473399997 ], [ 121.493359590999944, 31.278937960000064 ], [ 121.493704155000046, 31.278938991900134 ], [ 121.493704166000157, 31.278801505300066 ] ] ] } },
{ "type": "Feature", "properties": { "Id": 0, "Floor": 5, "height": 15 }, "geometry": { "type": "Polygon", "coordinates": [ [ [ 121.493036564000022, 31.278927827000018 ], [ 121.492788909999945, 31.278927085600003 ], [ 121.492788896000093, 31.279092069199919 ], [ 121.493036551000046, 31.279083644899913 ], [ 121.493036564000022, 31.278927827000018 ] ] ] } },
{ "type": "Feature", "properties": { "Id": 0, "Floor": 8, "height": 24 }, "geometry": { "type": "Polygon", "coordinates": [ [ [ 121.49335958000006, 31.2790754464001 ], [ 121.493176531000131, 31.279074898200008 ], [ 121.493176519000144, 31.279212384500056 ], [ 121.493359568000074, 31.279212932600103 ], [ 121.49335958000006, 31.2790754464001 ] ] ] } },
{ "type": "Feature", "properties": { "Id": 0, "Floor": 8, "height": 24 }, "geometry": { "type": "Polygon", "coordinates": [ [ [ 121.493628769999987, 31.279076252499976 ], [ 121.49335958000006, 31.2790754464001 ], [ 121.493359568000074, 31.279212932600103 ], [ 121.493628758000114, 31.279213738800024 ], [ 121.493628769999987, 31.279076252499976 ] ] ] } },
{ "type": "Feature", "properties": { "Id": 0, "Floor": 7, "height": 21 }, "geometry": { "type": "Polygon", "coordinates": [ [ [ 121.492261284000165, 31.279108821699936 ], [ 121.492735057, 31.279110239600072 ], [ 121.492735073999938, 31.278908592899995 ], [ 121.492164393000053, 31.278906885100071 ], [ 121.492164331000026, 31.279630978200032 ], [ 121.492261240000175, 31.279622102500014 ], [ 121.492261284000165, 31.279108821699936 ] ] ] } },
{ "type": "Feature", "properties": { "Id": 0, "Floor": 5, "height": 15 }, "geometry": { "type": "Polygon", "coordinates": [ [ [ 121.492508914000041, 31.279384535000133 ], [ 121.492595055000152, 31.279384792799988 ], [ 121.492595060000099, 31.279329798399999 ], [ 121.492648896999981, 31.279329959500103 ], [ 121.492648886000097, 31.279458279700066 ], [ 121.492939611, 31.279459149899992 ], [ 121.492939622, 31.279330829800017 ], [ 121.493004227000029, 31.279331023199973 ], [ 121.493004243999962, 31.279138542700025 ], [ 121.492368957000053, 31.279136641200068 ], [ 121.492368928000019, 31.279475773300078 ], [ 121.492508906000012, 31.279476192200036 ], [ 121.492508914000041, 31.279384535000133 ] ] ] } },
{ "type": "Feature", "properties": { "Id": 0, "Floor": 9, "height": 27 }, "geometry": { "type": "Polygon", "coordinates": [ [ [ 121.496116146000077, 31.278451266099921 ], [ 121.49593309, 31.278524044000108 ], [ 121.495900792000043, 31.278468952400033 ], [ 121.495502375, 31.278632742900129 ], [ 121.495610033000048, 31.278843878600128 ], [ 121.496116130000019, 31.278643747900048 ], [ 121.496116146000077, 31.278451266099921 ] ] ] } },
{ "type": "Feature", "properties": { "Id": 0, "Floor": 8, "height": 24 }, "geometry": { "type": "Polygon", "coordinates": [ [ [ 121.495846877000076, 31.279367036300073 ], [ 121.496116078, 31.279257854200068 ], [ 121.496083778999946, 31.279202762900013 ], [ 121.496116083000175, 31.279193694000071 ], [ 121.496116089, 31.279120368000065 ], [ 121.496019198, 31.278918430899921 ], [ 121.495943823000061, 31.278936536599986 ], [ 121.495922292000046, 31.278881477399921 ], [ 121.495653091, 31.278990659999977 ], [ 121.495696154000143, 31.2790824466 ], [ 121.495556170999976, 31.279127855900128 ], [ 121.495653063000077, 31.279329792600038 ], [ 121.495793047, 31.279275217700047 ], [ 121.495846877000076, 31.279367036300073 ] ] ] } },
{ "type": "Feature", "properties": { "Id": 0, "Floor": 8, "height": 24 }, "geometry": { "type": "Polygon", "coordinates": [ [ [ 121.496116089, 31.279120368000065 ], [ 121.496116083000175, 31.279193694000071 ], [ 121.496148386999948, 31.279184624999971 ], [ 121.496116089, 31.279120368000065 ] ] ] } },
{ "type": "Feature", "properties": { "Id": 0, "Floor": 6, "height": 18 }, "geometry": { "type": "Polygon", "coordinates": [ [ [ 121.496116058999974, 31.279477831600104 ], [ 121.49601914699997, 31.279514204099939 ], [ 121.496094511000138, 31.279624418500077 ], [ 121.496116046999987, 31.279615317300056 ], [ 121.496116058999974, 31.279477831600104 ] ] ] } },
{ "type": "Feature", "properties": { "Id": 0, "Floor": 7, "height": 21 }, "geometry": { "type": "Polygon", "coordinates": [ [ [ 121.49571762100004, 31.279889094400119 ], [ 121.495889909000084, 31.27982545079999 ], [ 121.495836081000107, 31.279706135500135 ], [ 121.495706865999978, 31.279742411100074 ], [ 121.495685341000012, 31.279623192399924 ], [ 121.495448466000084, 31.279466665500081 ], [ 121.495351554000081, 31.279503037900099 ], [ 121.495308460000047, 31.279768714300076 ], [ 121.495394588000067, 31.279933954800129 ], [ 121.495674555000051, 31.279833971200048 ], [ 121.49571762100004, 31.279889094400119 ] ] ] } },
{ "type": "Feature", "properties": { "Id": 0, "Floor": 4, "height": 12 }, "geometry": { "type": "Polygon", "coordinates": [ [ [ 121.496116033000135, 31.279780299900096 ], [ 121.495889906, 31.279862113600075 ], [ 121.495986796000011, 31.280073214500078 ], [ 121.496116012000016, 31.280027773300105 ], [ 121.496116033000135, 31.279780299900096 ] ] ] } },
{ "type": "Feature", "properties": { "Id": 0, "Floor": 6, "height": 18 }, "geometry": { "type": "Polygon", "coordinates": [ [ [ 121.495179239000095, 31.279887481100047 ], [ 121.494813134999958, 31.279932212500114 ], [ 121.494791608000014, 31.279831325400039 ], [ 121.494694697999989, 31.279849366400015 ], [ 121.494726984999943, 31.280041942500134 ], [ 121.495189998, 31.279979170100034 ], [ 121.495179239000095, 31.279887481100047 ] ] ] } },
{ "type": "Feature", "properties": { "Id": 0, "Floor": 4, "height": 12 }, "geometry": { "type": "Polygon", "coordinates": [ [ [ 121.495792987000073, 31.279980977000093 ], [ 121.495642237999959, 31.279998856600116 ], [ 121.495663764000142, 31.280108909200067 ], [ 121.495803744, 31.280100163000043 ], [ 121.495792987000073, 31.279980977000093 ] ] ] } },
{ "type": "Feature", "properties": { "Id": 0, "Floor": 5, "height": 15 }, "geometry": { "type": "Polygon", "coordinates": [ [ [ 121.495469958000058, 31.279970843400008 ], [ 121.494770053000138, 31.280069568500096 ], [ 121.494780816000116, 31.2801245948001 ], [ 121.495480720000046, 31.280035035299989 ], [ 121.495469958000058, 31.279970843400008 ] ] ] } },
{ "type": "Feature", "properties": { "Id": 0, "Floor": 7, "height": 21 }, "geometry": { "type": "Polygon", "coordinates": [ [ [ 121.495491485, 31.280071730300108 ], [ 121.495437646000028, 31.280071568899984 ], [ 121.495459168000025, 31.280227449700135 ], [ 121.495513007, 31.2802276110001 ], [ 121.495491485, 31.280071730300108 ] ] ] } },
{ "type": "Feature", "properties": { "Id": 0, "Floor": 8, "height": 24 }, "geometry": { "type": "Polygon", "coordinates": [ [ [ 121.493714958000169, 31.278517398100064 ], [ 121.493359627000018, 31.278516333900143 ], [ 121.493359616000021, 31.278653820800059 ], [ 121.493714945999955, 31.27865488499998 ], [ 121.493714958000169, 31.278517398100064 ] ] ] } },
{ "type": "Feature", "properties": { "Id": 0, "Floor": 8, "height": 24 }, "geometry": { "type": "Polygon", "coordinates": [ [ [ 121.49474865000002, 31.278511329000025 ], [ 121.494716316999984, 31.278868698 ], [ 121.494802458000095, 31.278868956100041 ], [ 121.494834791000017, 31.27851158710007 ], [ 121.49474865000002, 31.278511329000025 ] ] ] } },
{ "type": "Feature", "properties": { "Id": 0, "Floor": 5, "height": 15 }, "geometry": { "type": "Polygon", "coordinates": [ [ [ 121.493682590000162, 31.279287225899964 ], [ 121.493661036000162, 31.279507138799943 ], [ 121.493747177000046, 31.2795073968 ], [ 121.493779497000105, 31.279296681900064 ], [ 121.493682590000162, 31.279287225899964 ] ] ] } },
{ "type": "Feature", "properties": { "Id": 0, "Floor": 6, "height": 18 }, "geometry": { "type": "Polygon", "coordinates": [ [ [ 121.49475927800006, 31.280152027200074 ], [ 121.494533155000113, 31.28018801230013 ], [ 121.494543913000143, 31.280298032400026 ], [ 121.494780804000015, 31.280262079599993 ], [ 121.49475927800006, 31.280152027200074 ] ] ] } },
{ "type": "Feature", "properties": { "Id": 0, "Floor": 1, "height": 3 }, "geometry": { "type": "Polygon", "coordinates": [ [ [ 121.493660983000041, 31.280130405600119 ], [ 121.493628660000127, 31.280359450200081 ], [ 121.493768638, 31.280378200700113 ], [ 121.493790193000109, 31.280139958300083 ], [ 121.493660983000041, 31.280130405600119 ] ] ] } },
{ "type": "Feature", "properties": { "Id": 0, "Floor": 6, "height": 18 }, "geometry": { "type": "Polygon", "coordinates": [ [ [ 121.494210096000074, 31.280544504499971 ], [ 121.494597734999957, 31.280490672100086 ], [ 121.494565447000127, 31.280316428200081 ], [ 121.49390861400002, 31.28040611690011 ], [ 121.493930139000099, 31.280525334599986 ], [ 121.493930138, 31.280543665900041 ], [ 121.494210096000074, 31.280544504499971 ] ] ] } },
{ "type": "Feature", "properties": { "Id": 0, "Floor": 5, "height": 15 }, "geometry": { "type": "Polygon", "coordinates": [ [ [ 121.493930139000099, 31.280525334599986 ], [ 121.49390861400002, 31.28040611690011 ], [ 121.493693259999986, 31.280432968800028 ], [ 121.49370401800013, 31.280542988600018 ], [ 121.493757856, 31.280543149799996 ], [ 121.493930139000099, 31.280525334599986 ] ] ] } },
{ "type": "Feature", "properties": { "Id": 0, "Floor": 4, "height": 12 }, "geometry": { "type": "Polygon", "coordinates": [ [ [ 121.493553279000025, 31.280450880800061 ], [ 121.493542504000061, 31.280542504799996 ], [ 121.493628645000058, 31.280542762800053 ], [ 121.493639420000136, 31.280451138800117 ], [ 121.493553279000025, 31.280450880800061 ] ] ] } },
{ "type": "Feature", "properties": { "Id": 0, "Floor": 6, "height": 18 }, "geometry": { "type": "Polygon", "coordinates": [ [ [ 121.494210096000074, 31.280544504499971 ], [ 121.493930138, 31.280543665900041 ], [ 121.493940902000077, 31.280580360599913 ], [ 121.494016276000025, 31.280571420800072 ], [ 121.494210096000074, 31.280544504499971 ] ] ] } },
{ "type": "Feature", "properties": { "Id": 0, "Floor": 2, "height": 6 }, "geometry": { "type": "Polygon", "coordinates": [ [ [ 121.493757856, 31.280543149799996 ], [ 121.49370401800013, 31.280542988600018 ], [ 121.49371477800014, 31.280634677000023 ], [ 121.493768616000011, 31.280625672700126 ], [ 121.493757856, 31.280543149799996 ] ] ] } },
{ "type": "Feature", "properties": { "Id": 0, "Floor": 8, "height": 24 }, "geometry": { "type": "Polygon", "coordinates": [ [ [ 121.493359554999984, 31.279368750099991 ], [ 121.493154969999978, 31.279368137500057 ], [ 121.493154959000094, 31.279496457600032 ], [ 121.4933595440001, 31.279497070200136 ], [ 121.493359554999984, 31.279368750099991 ] ] ] } },
{ "type": "Feature", "properties": { "Id": 0, "Floor": 8, "height": 24 }, "geometry": { "type": "Polygon", "coordinates": [ [ [ 121.493607209000061, 31.279369491700038 ], [ 121.493359554999984, 31.279368750099991 ], [ 121.4933595440001, 31.279497070200136 ], [ 121.493607198000177, 31.279497811900001 ], [ 121.493607209000061, 31.279369491700038 ] ] ] } },
{ "type": "Feature", "properties": { "Id": 0, "Floor": 8, "height": 24 }, "geometry": { "type": "Polygon", "coordinates": [ [ [ 121.492918068999984, 31.279541576899987 ], [ 121.492368923000072, 31.279539933300043 ], [ 121.492368913000064, 31.279659087499965 ], [ 121.49291805900009, 31.27966073110008 ], [ 121.492918068999984, 31.279541576899987 ] ] ] } },
{ "type": "Feature", "properties": { "Id": 0, "Floor": 5, "height": 15 }, "geometry": { "type": "Polygon", "coordinates": [ [ [ 121.493316438999955, 31.279900232000102 ], [ 121.493359509000129, 31.279900360900001 ], [ 121.493359521, 31.279762875600056 ], [ 121.49335952499996, 31.279717047199938 ], [ 121.493047265000087, 31.279716112199992 ], [ 121.4930472530001, 31.279853597500107 ], [ 121.49331644300014, 31.279854403499996 ], [ 121.493316438999955, 31.279900232000102 ] ] ] } },
{ "type": "Feature", "properties": { "Id": 0, "Floor": 5, "height": 15 }, "geometry": { "type": "Polygon", "coordinates": [ [ [ 121.493499500000098, 31.279763294800034 ], [ 121.493359521, 31.279762875600056 ], [ 121.493359509000129, 31.279900360900001 ], [ 121.493499488000111, 31.279900780099979 ], [ 121.493499500000098, 31.279763294800034 ] ] ] } },
{ "type": "Feature", "properties": { "Id": 0, "Floor": 8, "height": 24 }, "geometry": { "type": "Polygon", "coordinates": [ [ [ 121.492896512000129, 31.2797981521 ], [ 121.492347366, 31.279796508500056 ], [ 121.492347355999982, 31.279915662399958 ], [ 121.492896502000121, 31.279917306000073 ], [ 121.492896512000129, 31.2797981521 ] ] ] } },
{ "type": "Feature", "properties": { "Id": 0, "Floor": 8, "height": 24 }, "geometry": { "type": "Polygon", "coordinates": [ [ [ 121.492971863999969, 31.280036685399978 ], [ 121.492961085000047, 31.280174138100051 ], [ 121.493359484000052, 31.280202828000085 ], [ 121.493359495000163, 31.280065343099977 ], [ 121.492971863999969, 31.280036685399978 ] ] ] } },
{ "type": "Feature", "properties": { "Id": 0, "Floor": 8, "height": 24 }, "geometry": { "type": "Polygon", "coordinates": [ [ [ 121.493542543, 31.280084222600067 ], [ 121.493359495000163, 31.280065343099977 ], [ 121.493359484000052, 31.280202828000085 ], [ 121.493531763999954, 31.280221675199982 ], [ 121.493542543, 31.280084222600067 ] ] ] } },
{ "type": "Feature", "properties": { "Id": 0, "Floor": 17, "height": 51 }, "geometry": { "type": "Polygon", "coordinates": [ [ [ 121.49251962400001, 31.280062828700125 ], [ 121.492218134000154, 31.280043595200141 ], [ 121.492196579000051, 31.28028183790002 ], [ 121.492315021000081, 31.280291357900126 ], [ 121.492498069000135, 31.280301071299959 ], [ 121.49251962400001, 31.280062828700125 ] ] ] } },
{ "type": "Feature", "properties": { "Id": 0, "Floor": 8, "height": 24 }, "geometry": { "type": "Polygon", "coordinates": [ [ [ 121.492950305000022, 31.280320756300114 ], [ 121.492928758000176, 31.280458176400089 ], [ 121.493359458999976, 31.280496128500033 ], [ 121.493359470000087, 31.280358643999989 ], [ 121.492950305000022, 31.280320756300114 ] ] ] } },
{ "type": "Feature", "properties": { "Id": 0, "Floor": 4, "height": 12 }, "geometry": { "type": "Polygon", "coordinates": [ [ [ 121.496116006999955, 31.280082767400017 ], [ 121.495965255999977, 31.280128144000116 ], [ 121.496019084000068, 31.28024745879992 ], [ 121.496115996000071, 31.280220252200138 ], [ 121.496116006999955, 31.280082767400017 ] ] ] } },
{ "type": "Feature", "properties": { "Id": 0, "Floor": 7, "height": 21 }, "geometry": { "type": "Polygon", "coordinates": [ [ [ 121.495459168000025, 31.280227449700135 ], [ 121.495437646000028, 31.280071568899984 ], [ 121.494910027000174, 31.28012498190003 ], [ 121.494942316999982, 31.280280894900045 ], [ 121.495039227, 31.280272019600091 ], [ 121.495459168000025, 31.280227449700135 ] ] ] } },
{ "type": "Feature", "properties": { "Id": 0, "Floor": 6, "height": 18 }, "geometry": { "type": "Polygon", "coordinates": [ [ [ 121.495469930000013, 31.280300807199922 ], [ 121.495459168000025, 31.280227449700135 ], [ 121.495039227, 31.280272019600091 ], [ 121.495049988000119, 31.28034537700006 ], [ 121.495093059000055, 31.28033634040014 ], [ 121.495469930000013, 31.280300807199922 ] ] ] } },
{ "type": "Feature", "properties": { "Id": 0, "Floor": 5, "height": 15 }, "geometry": { "type": "Polygon", "coordinates": [ [ [ 121.495093059000055, 31.28033634040014 ], [ 121.495049988000119, 31.28034537700006 ], [ 121.495039227, 31.280272019600091 ], [ 121.494942316999982, 31.280280894900045 ], [ 121.494920781000019, 31.280289996000022 ], [ 121.494942305, 31.28042754510011 ], [ 121.495103821000043, 31.28040969780011 ], [ 121.495093059000055, 31.28033634040014 ] ] ] } },
{ "type": "Feature", "properties": { "Id": 0, "Floor": 5, "height": 15 }, "geometry": { "type": "Polygon", "coordinates": [ [ [ 121.496115989000145, 31.280293577500061 ], [ 121.496019078000018, 31.280320784000082 ], [ 121.496051372000011, 31.280430868499991 ], [ 121.496115979000137, 31.280412730800094 ], [ 121.496115989000145, 31.280293577500061 ] ] ] } },
{ "type": "Feature", "properties": { "Id": 0, "Floor": 4, "height": 12 }, "geometry": { "type": "Polygon", "coordinates": [ [ [ 121.495480687000168, 31.280419992799978 ], [ 121.495469930000013, 31.280300807199922 ], [ 121.495093059000055, 31.28033634040014 ], [ 121.495103821000043, 31.28040969780011 ], [ 121.495103815999983, 31.280464691600059 ], [ 121.495480687000168, 31.280419992799978 ] ] ] } },
{ "type": "Feature", "properties": { "Id": 0, "Floor": 9, "height": 27 }, "geometry": { "type": "Polygon", "coordinates": [ [ [ 121.495825262000153, 31.280301871900122 ], [ 121.49564220700006, 31.280365482899924 ], [ 121.495739100000151, 31.280549086000121 ], [ 121.495954453000081, 31.280549731299971 ], [ 121.495825262000153, 31.280301871900122 ] ] ] } },
{ "type": "Feature", "properties": { "Id": 0, "Floor": 5, "height": 15 }, "geometry": { "type": "Polygon", "coordinates": [ [ [ 121.495512978999955, 31.280548408400136 ], [ 121.495599121000055, 31.280548666500124 ], [ 121.495588355, 31.280521137400058 ], [ 121.495512978999955, 31.280548408400136 ] ] ] } },
{ "type": "Feature", "properties": { "Id": 0, "Floor": 5, "height": 15 }, "geometry": { "type": "Polygon", "coordinates": [ [ [ 121.495426830000042, 31.280648972100039 ], [ 121.495502206000083, 31.280612535499984 ], [ 121.495523738000088, 31.280658428100139 ], [ 121.49563141800013, 31.280612922700129 ], [ 121.495599121000055, 31.280548666500124 ], [ 121.495512978999955, 31.280548408400136 ], [ 121.495254547000059, 31.280648455799962 ], [ 121.495308377000129, 31.280749438900102 ], [ 121.495448360999944, 31.280694864700024 ], [ 121.495426830000042, 31.280648972100039 ] ] ] } },
{ "type": "Feature", "properties": { "Id": 0, "Floor": 9, "height": 27 }, "geometry": { "type": "Polygon", "coordinates": [ [ [ 121.495954453000081, 31.280549731299971 ], [ 121.495739100000151, 31.280549086000121 ], [ 121.49591135300011, 31.28089789539996 ], [ 121.496094408999966, 31.280825119099973 ], [ 121.495954453000081, 31.280549731299971 ] ] ] } },
{ "type": "Feature", "properties": { "Id": 0, "Floor": 8, "height": 24 }, "geometry": { "type": "Polygon", "coordinates": [ [ [ 121.493510216000118, 31.280368261100023 ], [ 121.493359470000087, 31.280358643999989 ], [ 121.493359458999976, 31.280496128500033 ], [ 121.493499436999969, 31.280505713300045 ], [ 121.493510216000118, 31.280368261100023 ] ] ] } },
{ "type": "Feature", "properties": { "Id": 0, "Floor": 17, "height": 51 }, "geometry": { "type": "Polygon", "coordinates": [ [ [ 121.49247652300005, 31.280420160199981 ], [ 121.492465746, 31.280539281199935 ], [ 121.492767236999953, 31.280540183600067 ], [ 121.492778014000123, 31.28043939390011 ], [ 121.49247652300005, 31.280420160199981 ] ] ] } },
{ "type": "Feature", "properties": { "Id": 0, "Floor": 17, "height": 51 }, "geometry": { "type": "Polygon", "coordinates": [ [ [ 121.492465746, 31.280539281199935 ], [ 121.492444200000023, 31.280658369800108 ], [ 121.492745690999982, 31.280677603400079 ], [ 121.492767236999953, 31.280540183600067 ], [ 121.492465746, 31.280539281199935 ] ] ] } },
{ "type": "Feature", "properties": { "Id": 0, "Floor": 8, "height": 24 }, "geometry": { "type": "Polygon", "coordinates": [ [ [ 121.492917979000026, 31.280595628600111 ], [ 121.492896431999952, 31.280733048300078 ], [ 121.493359434000013, 31.280780262599933 ], [ 121.493359446, 31.280642778500123 ], [ 121.492917979000026, 31.280595628600111 ] ] ] } },
{ "type": "Feature", "properties": { "Id": 0, "Floor": 8, "height": 24 }, "geometry": { "type": "Polygon", "coordinates": [ [ [ 121.493477889000019, 31.280652298800021 ], [ 121.493359446, 31.280642778500123 ], [ 121.493359434000013, 31.280780262599933 ], [ 121.493456342000059, 31.280789718400001 ], [ 121.493477889000019, 31.280652298800021 ] ] ] } },
{ "type": "Feature", "properties": { "Id": 0, "Floor": 17, "height": 51 }, "geometry": { "type": "Polygon", "coordinates": [ [ [ 121.492153460000054, 31.280849977599928 ], [ 121.492142677000061, 31.281033257200136 ], [ 121.492444167000031, 31.281043324900054 ], [ 121.492454951000127, 31.28085087970004 ], [ 121.492153460000054, 31.280849977599928 ] ] ] } },
{ "type": "Feature", "properties": { "Id": 0, "Floor": 8, "height": 24 }, "geometry": { "type": "Polygon", "coordinates": [ [ [ 121.492874884000116, 31.280879633500092 ], [ 121.492853338000145, 31.281007887200019 ], [ 121.493036385999972, 31.281026766400089 ], [ 121.493057931000067, 31.280907678199981 ], [ 121.492874884000116, 31.280879633500092 ] ] ] } },
{ "type": "Feature", "properties": { "Id": 0, "Floor": 8, "height": 24 }, "geometry": { "type": "Polygon", "coordinates": [ [ [ 121.493133306, 31.280889572700119 ], [ 121.493111759000044, 31.281026992100067 ], [ 121.493359412000018, 31.281046064800137 ], [ 121.493359423000129, 31.280908581000119 ], [ 121.493133306, 31.280889572700119 ] ] ] } },
{ "type": "Feature", "properties": { "Id": 0, "Floor": 8, "height": 24 }, "geometry": { "type": "Polygon", "coordinates": [ [ [ 121.493445563000023, 31.280918004599982 ], [ 121.493359423000129, 31.280908581000119 ], [ 121.493359412000018, 31.281046064800137 ], [ 121.493434784000101, 31.281055456099921 ], [ 121.493445563000023, 31.280918004599982 ] ] ] } },
{ "type": "Feature", "properties": { "Id": 0, "Floor": 4, "height": 12 }, "geometry": { "type": "Polygon", "coordinates": [ [ [ 121.49327326699995, 31.281091634699976 ], [ 121.49286409900003, 31.281090409700141 ], [ 121.49286409299998, 31.281154568700003 ], [ 121.493273262, 31.281155793800053 ], [ 121.49327326699995, 31.281091634699976 ] ] ] } },
{ "type": "Feature", "properties": { "Id": 0, "Floor": 6, "height": 18 }, "geometry": { "type": "Polygon", "coordinates": [ [ [ 121.495297599999958, 31.280859393800029 ], [ 121.49520070799997, 31.280666625700064 ], [ 121.494759220000105, 31.280839449400105 ], [ 121.494856112000093, 31.28103221720005 ], [ 121.495114543999989, 31.280932170100016 ], [ 121.495297599999958, 31.280859393800029 ] ] ] } },
{ "type": "Feature", "properties": { "Id": 0, "Floor": 5, "height": 15 }, "geometry": { "type": "Polygon", "coordinates": [ [ [ 121.495642166000152, 31.280842095199944 ], [ 121.495717543000069, 31.280805658600116 ], [ 121.495663712000123, 31.280713841199997 ], [ 121.495297599999958, 31.280859393800029 ], [ 121.495114543999989, 31.280932170100016 ], [ 121.495168374000173, 31.281023987300102 ], [ 121.495340663000093, 31.28095117880008 ], [ 121.495642166000152, 31.280842095199944 ] ] ] } },
{ "type": "Feature", "properties": { "Id": 0, "Floor": 7, "height": 21 }, "geometry": { "type": "Polygon", "coordinates": [ [ [ 121.495642166000152, 31.280842095199944 ], [ 121.495340663000093, 31.28095117880008 ], [ 121.495383725000124, 31.281052129300122 ], [ 121.49568522900006, 31.280933880199996 ], [ 121.495642166000152, 31.280842095199944 ] ] ] } },
{ "type": "Feature", "properties": { "Id": 0, "Floor": 5, "height": 15 }, "geometry": { "type": "Polygon", "coordinates": [ [ [ 121.495717543000069, 31.280805658600116 ], [ 121.495642166000152, 31.280842095199944 ], [ 121.49568522900006, 31.280933880199996 ], [ 121.495383725000124, 31.281052129300122 ], [ 121.495340663000093, 31.28095117880008 ], [ 121.495168374000173, 31.281023987300102 ], [ 121.495232969999961, 31.281143333400053 ], [ 121.495782137999981, 31.280925005000086 ], [ 121.495717543000069, 31.280805658600116 ] ] ] } },
{ "type": "Feature", "properties": { "Id": 0, "Floor": 7, "height": 21 }, "geometry": { "type": "Polygon", "coordinates": [ [ [ 121.496115928999984, 31.281008495500089 ], [ 121.496115924000037, 31.281063489000132 ], [ 121.49613746, 31.281054387899985 ], [ 121.496115928999984, 31.281008495500089 ] ] ] } },
{ "type": "Feature", "properties": { "Id": 0, "Floor": 7, "height": 21 }, "geometry": { "type": "Polygon", "coordinates": [ [ [ 121.496115928999984, 31.281008495500089 ], [ 121.496083631000147, 31.280944239600103 ], [ 121.495092974000158, 31.281335390800052 ], [ 121.495146805000104, 31.281427207600075 ], [ 121.496115924000037, 31.281063489000132 ], [ 121.496115928999984, 31.281008495500089 ] ] ] } },
{ "type": "Feature", "properties": { "Id": 0, "Floor": 6, "height": 18 }, "geometry": { "type": "Polygon", "coordinates": [ [ [ 121.49600823500009, 31.281209815500063 ], [ 121.496115894000013, 31.281411780399935 ], [ 121.496115915000132, 31.281164310300085 ], [ 121.49600823500009, 31.281209815500063 ] ] ] } },
{ "type": "Feature", "properties": { "Id": 0, "Floor": 3, "height": 9 }, "geometry": { "type": "Polygon", "coordinates": [ [ [ 121.495577520999973, 31.281300180499954 ], [ 121.495286785999951, 31.281400130400073 ], [ 121.49531908300014, 31.281473551600016 ], [ 121.495609819000038, 31.281364436200136 ], [ 121.495577520999973, 31.281300180499954 ] ] ] } },
{ "type": "Feature", "properties": { "Id": 0, "Floor": 7, "height": 21 }, "geometry": { "type": "Polygon", "coordinates": [ [ [ 121.49600823500009, 31.281209815500063 ], [ 121.495911323000087, 31.281246187400029 ], [ 121.495943622000027, 31.281292112000131 ], [ 121.495383686000082, 31.281501241800015 ], [ 121.49545904699994, 31.281648116200131 ], [ 121.496115894000013, 31.281411780399935 ], [ 121.49600823500009, 31.281209815500063 ] ] ] } },
{ "type": "Feature", "properties": { "Id": 0, "Floor": 6, "height": 18 }, "geometry": { "type": "Polygon", "coordinates": [ [ [ 121.495243715000129, 31.281409166899948 ], [ 121.495060659000046, 31.281481942800099 ], [ 121.495103721999953, 31.281564561700122 ], [ 121.495286778000036, 31.28149178590013 ], [ 121.495243715000129, 31.281409166899948 ] ] ] } },
{ "type": "Feature", "properties": { "Id": 0, "Floor": 5, "height": 15 }, "geometry": { "type": "Polygon", "coordinates": [ [ [ 121.494016276000025, 31.280571420800072 ], [ 121.493940902000077, 31.280580360599913 ], [ 121.493940899999984, 31.280607857500002 ], [ 121.493768616000011, 31.280625672700126 ], [ 121.49371477800014, 31.280634677000023 ], [ 121.49372553600017, 31.280744696600038 ], [ 121.4940378, 31.280708969499983 ], [ 121.494016276000025, 31.280571420800072 ] ] ] } },
{ "type": "Feature", "properties": { "Id": 0, "Floor": 4, "height": 12 }, "geometry": { "type": "Polygon", "coordinates": [ [ [ 121.493542504000061, 31.280542504799996 ], [ 121.493488638000031, 31.28086314 ], [ 121.493585545999963, 31.280872595800076 ], [ 121.493628645000058, 31.280542762800053 ], [ 121.493542504000061, 31.280542504799996 ] ] ] } },
{ "type": "Feature", "properties": { "Id": 0, "Floor": 9, "height": 27 }, "geometry": { "type": "Polygon", "coordinates": [ [ [ 121.494005486, 31.280837191200078 ], [ 121.493553241999962, 31.280890830299995 ], [ 121.493574763999959, 31.281037544200046 ], [ 121.494027008999979, 31.280983905200003 ], [ 121.494005486, 31.280837191200078 ] ] ] } },
{ "type": "Feature", "properties": { "Id": 0, "Floor": 9, "height": 27 }, "geometry": { "type": "Polygon", "coordinates": [ [ [ 121.49398393499996, 31.281020438600081 ], [ 121.493833187000064, 31.281038318199933 ], [ 121.49387623500013, 31.281304248699996 ], [ 121.49402698300014, 31.281286369099973 ], [ 121.49398393499996, 31.281020438600081 ] ] ] } },
{ "type": "Feature", "properties": { "Id": 0, "Floor": 6, "height": 18 }, "geometry": { "type": "Polygon", "coordinates": [ [ [ 121.494597691999957, 31.280994780600111 ], [ 121.494328494000115, 31.281076464300099 ], [ 121.494414613, 31.281333358200015 ], [ 121.494694578, 31.281260872600114 ], [ 121.494597691999957, 31.280994780600111 ] ] ] } },
{ "type": "Feature", "properties": { "Id": 0, "Floor": 6, "height": 18 }, "geometry": { "type": "Polygon", "coordinates": [ [ [ 121.494414613, 31.281333358200015 ], [ 121.494328494000115, 31.281076464300099 ], [ 121.494317731000024, 31.28103060410001 ], [ 121.494134678000023, 31.281066717999977 ], [ 121.494274623000024, 31.281470422099972 ], [ 121.494446907999986, 31.281434276100015 ], [ 121.494414613, 31.281333358200015 ] ] ] } },
{ "type": "Feature", "properties": { "Id": 0, "Floor": 8, "height": 24 }, "geometry": { "type": "Polygon", "coordinates": [ [ [ 121.494974490000118, 31.28180247820012 ], [ 121.494834536999974, 31.281499596300137 ], [ 121.494403820000116, 31.281635788900076 ], [ 121.494446882000148, 31.281736738700033 ], [ 121.494543773000032, 31.281947835800054 ], [ 121.494974490000118, 31.28180247820012 ] ] ] } },
{ "type": "Feature", "properties": { "Id": 0, "Floor": 6, "height": 18 }, "geometry": { "type": "Polygon", "coordinates": [ [ [ 121.494554494, 31.282488631200124 ], [ 121.495039053000028, 31.282306773800087 ], [ 121.495006755999952, 31.282242518700002 ], [ 121.494974457000012, 31.282196594600066 ], [ 121.494952925, 31.282159868099995 ], [ 121.494479133000027, 31.282341758000143 ], [ 121.494500665000032, 31.282387649899988 ], [ 121.494532963999973, 31.282433574000095 ], [ 121.494554494, 31.282488631200124 ] ] ] } },
{ "type": "Feature", "properties": { "Id": 0, "Floor": 2, "height": 6 }, "geometry": { "type": "Polygon", "coordinates": [ [ [ 121.494500665000032, 31.282387649899988 ], [ 121.494446825000068, 31.28240581950007 ], [ 121.494468355000095, 31.282460876799917 ], [ 121.494532963999973, 31.282433574000095 ], [ 121.494500665000032, 31.282387649899988 ] ] ] } },
{ "type": "Feature", "properties": { "Id": 0, "Floor": 5, "height": 15 }, "geometry": { "type": "Polygon", "coordinates": [ [ [ 121.494468355000095, 31.282460876799917 ], [ 121.494446825000068, 31.28240581950007 ], [ 121.49442529199996, 31.282378258600033 ], [ 121.494263771999954, 31.282441932899985 ], [ 121.494339135000018, 31.282570475099988 ], [ 121.494500654000149, 31.282506800799979 ], [ 121.494468355000095, 31.282460876799917 ] ] ] } },
{ "type": "Feature", "properties": { "Id": 0, "Floor": 4, "height": 12 }, "geometry": { "type": "Polygon", "coordinates": [ [ [ 121.492821026000115, 31.281117777500071 ], [ 121.492648745, 31.281117261800034 ], [ 121.492648738000071, 31.281199751899976 ], [ 121.492573365000112, 31.281199526299986 ], [ 121.49257335599998, 31.281300347500064 ], [ 121.49282101100016, 31.281291923300046 ], [ 121.492821026000115, 31.281117777500071 ] ] ] } },
{ "type": "Feature", "properties": { "Id": 0, "Floor": 4, "height": 12 }, "geometry": { "type": "Polygon", "coordinates": [ [ [ 121.492864081, 31.281301217699991 ], [ 121.492799474000094, 31.281319355500045 ], [ 121.492842528999972, 31.281493629800082 ], [ 121.492907135, 31.281484657700048 ], [ 121.492864081, 31.281301217699991 ] ] ] } },
{ "type": "Feature", "properties": { "Id": 0, "Floor": 4, "height": 12 }, "geometry": { "type": "Polygon", "coordinates": [ [ [ 121.492616415000157, 31.281437959700099 ], [ 121.49262719, 31.281346336400077 ], [ 121.492562584999973, 31.281346143100109 ], [ 121.492541039000116, 31.281474396299984 ], [ 121.492713319000131, 31.281484077500011 ], [ 121.492724090000024, 31.281447447599987 ], [ 121.492616415000157, 31.281437959700099 ] ] ] } },
{ "type": "Feature", "properties": { "Id": 0, "Floor": 8, "height": 24 }, "geometry": { "type": "Polygon", "coordinates": [ [ [ 121.492551801000104, 31.281538587300076 ], [ 121.492541026000026, 31.281630210400067 ], [ 121.492928656000117, 31.281658867300052 ], [ 121.492939431000082, 31.281567244200005 ], [ 121.492551801000104, 31.281538587300076 ] ] ] } },
{ "type": "Feature", "properties": { "Id": 0, "Floor": 7, "height": 21 }, "geometry": { "type": "Polygon", "coordinates": [ [ [ 121.492530244000022, 31.281795157600016 ], [ 121.492519468999944, 31.281877614999985 ], [ 121.493047077000028, 31.281915856300088 ], [ 121.493057852, 31.281833399000107 ], [ 121.492530244000022, 31.281795157600016 ] ] ] } },
{ "type": "Feature", "properties": { "Id": 0, "Floor": 8, "height": 24 }, "geometry": { "type": "Polygon", "coordinates": [ [ [ 121.49249792, 31.282042529500018 ], [ 121.492487145000041, 31.282134152200001 ], [ 121.49314396300008, 31.282181945800062 ], [ 121.493154738000158, 31.282099488700055 ], [ 121.49249792, 31.282042529500018 ] ] ] } },
{ "type": "Feature", "properties": { "Id": 0, "Floor": 2, "height": 6 }, "geometry": { "type": "Polygon", "coordinates": [ [ [ 121.493122397000093, 31.282539334399985 ], [ 121.492584020999971, 31.282510226400063 ], [ 121.492584015000148, 31.282574384600082 ], [ 121.493122390000167, 31.282621823400007 ], [ 121.493122397000093, 31.282539334399985 ] ] ] } },
{ "type": "Feature", "properties": { "Id": 0, "Floor": 2, "height": 6 }, "geometry": { "type": "Polygon", "coordinates": [ [ [ 121.492723991000162, 31.282611465300022 ], [ 121.492616314999964, 31.282611143000111 ], [ 121.492616302999977, 31.282748624600117 ], [ 121.492723978999948, 31.282748946900142 ], [ 121.492723991000162, 31.282611465300022 ] ] ] } },
{ "type": "Feature", "properties": { "Id": 0, "Floor": 5, "height": 15 }, "geometry": { "type": "Polygon", "coordinates": [ [ [ 121.493639233000067, 31.282641702100079 ], [ 121.493402340999978, 31.282695985300052 ], [ 121.493423870000015, 31.282769373200097 ], [ 121.493660762000104, 31.282715090100112 ], [ 121.493639233000067, 31.282641702100079 ] ] ] } },
{ "type": "Feature", "properties": { "Id": 0, "Floor": 2, "height": 6 }, "geometry": { "type": "Polygon", "coordinates": [ [ [ 121.493359266000084, 31.282760014299924 ], [ 121.492551693999985, 31.282794258399974 ], [ 121.492562454, 31.282885944800114 ], [ 121.493359256999952, 31.282860834000076 ], [ 121.493359266000084, 31.282760014299924 ] ] ] } },
{ "type": "Feature", "properties": { "Id": 0, "Floor": 4, "height": 12 }, "geometry": { "type": "Polygon", "coordinates": [ [ [ 121.496115881000151, 31.281567594700107 ], [ 121.49611587600009, 31.28163175340012 ], [ 121.496148178999988, 31.281622684700039 ], [ 121.496115881000151, 31.281567594700107 ] ] ] } },
{ "type": "Feature", "properties": { "Id": 0, "Floor": 4, "height": 12 }, "geometry": { "type": "Polygon", "coordinates": [ [ [ 121.496115881000151, 31.281567594700107 ], [ 121.49607281700014, 31.281484975800083 ], [ 121.495491345, 31.281712371700053 ], [ 121.495566706999966, 31.281850080299989 ], [ 121.49611587600009, 31.28163175340012 ], [ 121.496115881000151, 31.281567594700107 ] ] ] } },
{ "type": "Feature", "properties": { "Id": 0, "Floor": 6, "height": 18 }, "geometry": { "type": "Polygon", "coordinates": [ [ [ 121.496115868000061, 31.281714243099998 ], [ 121.495599004000042, 31.281914335700094 ], [ 121.495663598000078, 31.282052011799919 ], [ 121.496115853999981, 31.281879222400107 ], [ 121.496115868000061, 31.281714243099998 ] ] ] } },
{ "type": "Feature", "properties": { "Id": 0, "Floor": 6, "height": 18 }, "geometry": { "type": "Polygon", "coordinates": [ [ [ 121.495437498, 31.2818130311 ], [ 121.495265209999957, 31.281885838899996 ], [ 121.495351337000102, 31.282041910600071 ], [ 121.495523625000146, 31.281978268300122 ], [ 121.495437498, 31.2818130311 ] ] ] } },
{ "type": "Feature", "properties": { "Id": 0, "Floor": 12, "height": 36 }, "geometry": { "type": "Polygon", "coordinates": [ [ [ 121.495943539000109, 31.282263656800126 ], [ 121.496115828000029, 31.282190849199992 ], [ 121.496115844000087, 31.281998373900137 ], [ 121.495782036000151, 31.282125690600083 ], [ 121.495835866, 31.282226672200068 ], [ 121.495771258000104, 31.282253975100048 ], [ 121.495825087000071, 31.282354956600045 ], [ 121.495965071000114, 31.282300383200038 ], [ 121.495943539000109, 31.282263656800126 ] ] ] } },
{ "type": "Feature", "properties": { "Id": 0, "Floor": 5, "height": 15 }, "geometry": { "type": "Polygon", "coordinates": [ [ [ 121.495049822000169, 31.282288475200119 ], [ 121.495243646000176, 31.282215732100042 ], [ 121.49517905200014, 31.282078056300008 ], [ 121.494985228000132, 31.282150799400085 ], [ 121.494995992999975, 31.282187493600134 ], [ 121.495028292000143, 31.282233417800057 ], [ 121.495049822000169, 31.282288475200119 ] ] ] } },
{ "type": "Feature", "properties": { "Id": 0, "Floor": 2, "height": 6 }, "geometry": { "type": "Polygon", "coordinates": [ [ [ 121.494995992999975, 31.282187493600134 ], [ 121.494974457000012, 31.282196594600066 ], [ 121.495006755999952, 31.282242518700002 ], [ 121.495028292000143, 31.282233417800057 ], [ 121.494995992999975, 31.282187493600134 ] ] ] } },
{ "type": "Feature", "properties": { "Id": 0, "Floor": 2, "height": 6 }, "geometry": { "type": "Polygon", "coordinates": [ [ [ 121.495362080999939, 31.28232607270013 ], [ 121.495286705000126, 31.282353343299974 ], [ 121.495372830999941, 31.282536910600015 ], [ 121.49545897400003, 31.28250967240001 ], [ 121.495362080999939, 31.28232607270013 ] ] ] } },
{ "type": "Feature", "properties": { "Id": 0, "Floor": 10, "height": 30 }, "geometry": { "type": "Polygon", "coordinates": [ [ [ 121.495265155000084, 31.282527422500095 ], [ 121.495168261, 31.282352988400021 ], [ 121.495071349, 31.282389359799993 ], [ 121.495103647000064, 31.282453614900078 ], [ 121.495168241999977, 31.282572959300012 ], [ 121.495265155000084, 31.282527422500095 ] ] ] } },
{ "type": "Feature", "properties": { "Id": 0, "Floor": 1, "height": 3 }, "geometry": { "type": "Polygon", "coordinates": [ [ [ 121.496115799999984, 31.282520806000036 ], [ 121.495965048000016, 31.282575347000034 ], [ 121.495997345999967, 31.282630436500085 ], [ 121.496115794000048, 31.282584964199998 ], [ 121.496115799999984, 31.282520806000036 ] ] ] } },
{ "type": "Feature", "properties": { "Id": 0, "Floor": 6, "height": 18 }, "geometry": { "type": "Polygon", "coordinates": [ [ [ 121.489870694000047, 31.281530574700071 ], [ 121.489623044000155, 31.281529836100106 ], [ 121.489623029000086, 31.281703981100065 ], [ 121.489870680000081, 31.281704719799961 ], [ 121.489870694000047, 31.281530574700071 ] ] ] } },
{ "type": "Feature", "properties": { "Id": 0, "Floor": 8, "height": 24 }, "geometry": { "type": "Polygon", "coordinates": [ [ [ 121.489579958000149, 31.281722183700026 ], [ 121.489495186331794, 31.28172193104044 ], [ 121.489493725038102, 31.281813581908978 ], [ 121.48957995, 31.281813838900064 ], [ 121.489579958000149, 31.281722183700026 ] ] ] } },
{ "type": "Feature", "properties": { "Id": 0, "Floor": 8, "height": 24 }, "geometry": { "type": "Polygon", "coordinates": [ [ [ 121.490258305000111, 31.281733373099996 ], [ 121.48981684, 31.281732055700104 ], [ 121.489816832999963, 31.281814545399982 ], [ 121.490258297999958, 31.2818158627 ], [ 121.490258305000111, 31.281733373099996 ] ] ] } },
{ "type": "Feature", "properties": { "Id": 0, "Floor": 8, "height": 24 }, "geometry": { "type": "Polygon", "coordinates": [ [ [ 121.4894910947136, 31.281978553211029 ], [ 121.48948951183732, 31.282077829616583 ], [ 121.489579928000012, 31.282079638399978 ], [ 121.489579936000155, 31.28197881799997 ], [ 121.4894910947136, 31.281978553211029 ] ] ] } },
{ "type": "Feature", "properties": { "Id": 0, "Floor": 8, "height": 24 }, "geometry": { "type": "Polygon", "coordinates": [ [ [ 121.490258282000127, 31.281999172800113 ], [ 121.489816817000133, 31.281997855500038 ], [ 121.489816809999979, 31.282080344900066 ], [ 121.490258275999963, 31.282072496699925 ], [ 121.490258282000127, 31.281999172800113 ] ] ] } },
{ "type": "Feature", "properties": { "Id": 0, "Floor": 8, "height": 24 }, "geometry": { "type": "Polygon", "coordinates": [ [ [ 121.48983833, 31.282254553299936 ], [ 121.489526075999947, 31.282253621999928 ], [ 121.489526067000043, 31.282354442200131 ], [ 121.489838322000082, 31.28235537339998 ], [ 121.48983833, 31.282254553299936 ] ] ] } },
{ "type": "Feature", "properties": { "Id": 0, "Floor": 8, "height": 24 }, "geometry": { "type": "Polygon", "coordinates": [ [ [ 121.489838308, 31.28251118619994 ], [ 121.489526053999953, 31.282510254999977 ], [ 121.489526045000048, 31.282611074900103 ], [ 121.489838300000088, 31.282612006100123 ], [ 121.489838308, 31.28251118619994 ] ] ] } },
{ "type": "Feature", "properties": { "Id": 0, "Floor": 6, "height": 18 }, "geometry": { "type": "Polygon", "coordinates": [ [ [ 121.491765743000087, 31.281857029000093 ], [ 121.491765777999944, 31.28144458029999 ], [ 121.491668870000012, 31.281444290500019 ], [ 121.491668841999967, 31.281774249600062 ], [ 121.491668835000041, 31.281856739200066 ], [ 121.491765743000087, 31.281857029000093 ] ] ] } },
{ "type": "Feature", "properties": { "Id": 0, "Floor": 8, "height": 24 }, "geometry": { "type": "Polygon", "coordinates": [ [ [ 121.491959566999981, 31.281756788000052 ], [ 121.491948791000141, 31.281848411000055 ], [ 121.492401025000049, 31.281886426000142 ], [ 121.492411801000117, 31.28179480310007 ], [ 121.491959566999981, 31.281756788000052 ] ] ] } },
{ "type": "Feature", "properties": { "Id": 0, "Floor": 8, "height": 24 }, "geometry": { "type": "Polygon", "coordinates": [ [ [ 121.491938010000013, 31.28201335780011 ], [ 121.491927234000059, 31.282104980499923 ], [ 121.492379467999967, 31.282142995400136 ], [ 121.492390244000148, 31.28205137280014 ], [ 121.491938010000013, 31.28201335780011 ] ] ] } },
{ "type": "Feature", "properties": { "Id": 0, "Floor": 6, "height": 18 }, "geometry": { "type": "Polygon", "coordinates": [ [ [ 121.490721248999989, 31.282394670899976 ], [ 121.490796620999959, 31.282394896100072 ], [ 121.490785858000095, 31.282339871100078 ], [ 121.491119649999973, 31.28234086840007 ], [ 121.49111964500014, 31.282405026700076 ], [ 121.491162715000087, 31.282405155399999 ], [ 121.491162756, 31.281928550300051 ], [ 121.491044313000089, 31.281928196400031 ], [ 121.491044283000065, 31.282276484900137 ], [ 121.490721259, 31.282275519800123 ], [ 121.490721262999955, 31.282229692499982 ], [ 121.490602821000152, 31.28222933870012 ], [ 121.490602814, 31.282311828 ], [ 121.490721256000029, 31.282312181699979 ], [ 121.490721248999989, 31.282394670899976 ] ] ] } },
{ "type": "Feature", "properties": { "Id": 0, "Floor": 8, "height": 24 }, "geometry": { "type": "Polygon", "coordinates": [ [ [ 121.49192721999998, 31.282269959099949 ], [ 121.491916446, 31.282352416200126 ], [ 121.492368679000037, 31.282399596499999 ], [ 121.492379454, 31.282307974 ], [ 121.49192721999998, 31.282269959099949 ] ] ] } },
{ "type": "Feature", "properties": { "Id": 0, "Floor": 8, "height": 24 }, "geometry": { "type": "Polygon", "coordinates": [ [ [ 121.491905664, 31.28251736220011 ], [ 121.49189488900015, 31.282608984500087 ], [ 121.49233635500002, 31.282646967000062 ], [ 121.492347129999985, 31.28255534480013 ], [ 121.491905664, 31.28251736220011 ] ] ] } },
{ "type": "Feature", "properties": { "Id": 0, "Floor": 7, "height": 21 }, "geometry": { "type": "Polygon", "coordinates": [ [ [ 121.491076546000158, 31.282744019500001 ], [ 121.490667382000083, 31.282742797100013 ], [ 121.490667374000054, 31.282834451300005 ], [ 121.491076538000016, 31.282835673700106 ], [ 121.491076546000158, 31.282744019500001 ] ] ] } },
{ "type": "Feature", "properties": { "Id": 0, "Floor": 8, "height": 24 }, "geometry": { "type": "Polygon", "coordinates": [ [ [ 121.491647223999962, 31.282745725400105 ], [ 121.49124882600006, 31.282744534300093 ], [ 121.491248818000031, 31.282836188600072 ], [ 121.49164721600016, 31.282837379700084 ], [ 121.491647223999962, 31.282745725400105 ] ] ] } },
{ "type": "Feature", "properties": { "Id": 0, "Floor": 8, "height": 24 }, "geometry": { "type": "Polygon", "coordinates": [ [ [ 121.49188411, 31.282746433800014 ], [ 121.491873334000047, 31.282838055899958 ], [ 121.49232556700008, 31.282885235899982 ], [ 121.492336343000034, 31.282784448500024 ], [ 121.49188411, 31.282746433800014 ] ] ] } },
{ "type": "Feature", "properties": { "Id": 0, "Floor": 8, "height": 24 }, "geometry": { "type": "Polygon", "coordinates": [ [ [ 121.491625667999983, 31.282993127300131 ], [ 121.491216502000043, 31.283001069500131 ], [ 121.491216495000117, 31.283083558200076 ], [ 121.491625659999954, 31.283084781400078 ], [ 121.491625667999983, 31.282993127300131 ] ] ] } },
{ "type": "Feature", "properties": { "Id": 0, "Floor": 6, "height": 18 }, "geometry": { "type": "Polygon", "coordinates": [ [ [ 121.489666006, 31.282794801000023 ], [ 121.489536797000028, 31.282794415700096 ], [ 121.489536789999988, 31.282876904500029 ], [ 121.489730603000112, 31.282877482500112 ], [ 121.489666006, 31.282794801000023 ] ] ] } },
{ "type": "Feature", "properties": { "Id": 0, "Floor": 6, "height": 18 }, "geometry": { "type": "Polygon", "coordinates": [ [ [ 121.489999766000096, 31.283144082300112 ], [ 121.48999977699998, 31.283015766700032 ], [ 121.489784428, 31.283015124200062 ], [ 121.489784432999954, 31.28296013180011 ], [ 121.489730603000112, 31.282877482500112 ], [ 121.489536789999988, 31.282876904500029 ], [ 121.489655217000063, 31.283042235100083 ], [ 121.489698278, 31.283143182900062 ], [ 121.489999766000096, 31.283144082300112 ] ] ] } },
{ "type": "Feature", "properties": { "Id": 0, "Floor": 8, "height": 24 }, "geometry": { "type": "Polygon", "coordinates": [ [ [ 121.489515243000028, 31.283023486899936 ], [ 121.489474436090831, 31.283023365245782 ], [ 121.48947239030646, 31.283151674779752 ], [ 121.489515232000144, 31.283151802500072 ], [ 121.489515243000028, 31.283023486899936 ] ] ] } },
{ "type": "Feature", "properties": { "Id": 0, "Floor": 7, "height": 21 }, "geometry": { "type": "Polygon", "coordinates": [ [ [ 121.489999753, 31.283290728499992 ], [ 121.48947019839764, 31.283289149092166 ], [ 121.489468881216666, 31.283371761356175 ], [ 121.489999744999977, 31.28338238230009 ], [ 121.489999753, 31.283290728499992 ] ] ] } },
{ "type": "Feature", "properties": { "Id": 0, "Floor": 4, "height": 12 }, "geometry": { "type": "Polygon", "coordinates": [ [ [ 121.491065761000073, 31.282945626600053 ], [ 121.490656597, 31.282944404200123 ], [ 121.490656583000145, 31.283109381500026 ], [ 121.491065747000107, 31.283110603900127 ], [ 121.491065761000073, 31.282945626600053 ] ] ] } },
{ "type": "Feature", "properties": { "Id": 0, "Floor": 7, "height": 21 }, "geometry": { "type": "Polygon", "coordinates": [ [ [ 121.490570453000146, 31.282999139399919 ], [ 121.490172057, 31.282997950000095 ], [ 121.49017204900008, 31.283089604 ], [ 121.490570445000117, 31.283090793400049 ], [ 121.490570453000146, 31.282999139399919 ] ] ] } },
{ "type": "Feature", "properties": { "Id": 0, "Floor": 7, "height": 21 }, "geometry": { "type": "Polygon", "coordinates": [ [ [ 121.491076505000024, 31.28322062080008 ], [ 121.490667341000176, 31.283219398399979 ], [ 121.490667333000147, 31.283311052200077 ], [ 121.491076497999984, 31.283312274600007 ], [ 121.491076505000024, 31.28322062080008 ] ] ] } },
{ "type": "Feature", "properties": { "Id": 0, "Floor": 7, "height": 21 }, "geometry": { "type": "Polygon", "coordinates": [ [ [ 121.490570432000027, 31.283246605099976 ], [ 121.490172036000104, 31.283245415700094 ], [ 121.490172027999961, 31.283337069600009 ], [ 121.490570424, 31.283338259000061 ], [ 121.490570432000027, 31.283246605099976 ] ] ] } },
{ "type": "Feature", "properties": { "Id": 0, "Floor": 7, "height": 21 }, "geometry": { "type": "Polygon", "coordinates": [ [ [ 121.491076484000018, 31.283468086000084 ], [ 121.490667320000057, 31.283466863600097 ], [ 121.490667312000028, 31.283558517199992 ], [ 121.491076475999989, 31.28355973959998 ], [ 121.491076484000018, 31.283468086000084 ] ] ] } },
{ "type": "Feature", "properties": { "Id": 0, "Floor": 7, "height": 21 }, "geometry": { "type": "Polygon", "coordinates": [ [ [ 121.490581176999967, 31.283503267800143 ], [ 121.490172014000109, 31.283502046200056 ], [ 121.490172005999966, 31.283593699800122 ], [ 121.490570402, 31.283594889299991 ], [ 121.490581176999967, 31.283503267800143 ] ] ] } },
{ "type": "Feature", "properties": { "Id": 0, "Floor": 13, "height": 39 }, "geometry": { "type": "Polygon", "coordinates": [ [ [ 121.490807266000047, 31.283833895800115 ], [ 121.49060268400001, 31.283833284699995 ], [ 121.490602675, 31.283934103299998 ], [ 121.490807257000029, 31.283934714400004 ], [ 121.490807266000047, 31.283833895800115 ] ] ] } },
{ "type": "Feature", "properties": { "Id": 0, "Floor": 13, "height": 39 }, "geometry": { "type": "Polygon", "coordinates": [ [ [ 121.49060268400001, 31.283833284699995 ], [ 121.490171985000075, 31.283841164200055 ], [ 121.490171977000045, 31.283941982800116 ], [ 121.490602675, 31.283934103299998 ], [ 121.49060268400001, 31.283833284699995 ] ] ] } },
{ "type": "Feature", "properties": { "Id": 0, "Floor": 7, "height": 21 }, "geometry": { "type": "Polygon", "coordinates": [ [ [ 121.490527275999966, 31.284254664199977 ], [ 121.490430369000137, 31.284254374800014 ], [ 121.49043036, 31.284355193099998 ], [ 121.490527267000061, 31.284355482399974 ], [ 121.490527275999966, 31.284254664199977 ] ] ] } },
{ "type": "Feature", "properties": { "Id": 0, "Floor": 7, "height": 21 }, "geometry": { "type": "Polygon", "coordinates": [ [ [ 121.49060264600007, 31.284273219900058 ], [ 121.490581110999983, 31.284273155600033 ], [ 121.490581104000057, 31.284355643200058 ], [ 121.490602639000144, 31.284355707500083 ], [ 121.49060264600007, 31.284273219900058 ] ] ] } },
{ "type": "Feature", "properties": { "Id": 0, "Floor": 8, "height": 24 }, "geometry": { "type": "Polygon", "coordinates": [ [ [ 121.491873317000113, 31.28303969500007 ], [ 121.491862541000046, 31.283140482199997 ], [ 121.492077891, 31.283150291800041 ], [ 121.492088666999962, 31.283049504600115 ], [ 121.491873317000113, 31.28303969500007 ] ] ] } },
{ "type": "Feature", "properties": { "Id": 0, "Floor": 8, "height": 24 }, "geometry": { "type": "Polygon", "coordinates": [ [ [ 121.491604112000118, 31.283240528699935 ], [ 121.491194944999961, 31.283248470900105 ], [ 121.491194938000035, 31.283340124700032 ], [ 121.491604103999975, 31.283332182500033 ], [ 121.491604112000118, 31.283240528699935 ] ] ] } },
{ "type": "Feature", "properties": { "Id": 0, "Floor": 18, "height": 54 }, "geometry": { "type": "Polygon", "coordinates": [ [ [ 121.492110160000038, 31.283544499699985 ], [ 121.492185534999976, 31.283517229099971 ], [ 121.492131707, 31.283407083600139 ], [ 121.492185546000087, 31.283388913900069 ], [ 121.492153249000012, 31.283324659600055 ], [ 121.491980963000174, 31.283388301900004 ], [ 121.491948665000109, 31.283333213 ], [ 121.491873290000171, 31.283360483699994 ], [ 121.491927118000035, 31.283470629200053 ], [ 121.491862510000033, 31.283497932000046 ], [ 121.491894807999984, 31.283562186200072 ], [ 121.492077860999984, 31.283498576199918 ], [ 121.492110160000038, 31.283544499699985 ] ] ] } },
{ "type": "Feature", "properties": { "Id": 0, "Floor": 4, "height": 12 }, "geometry": { "type": "Polygon", "coordinates": [ [ [ 121.491539487999944, 31.283460304599998 ], [ 121.491431812999963, 31.283459982699981 ], [ 121.491431805000161, 31.283551636300103 ], [ 121.491539480000142, 31.283551958200121 ], [ 121.491539487999944, 31.283460304599998 ] ] ] } },
{ "type": "Feature", "properties": { "Id": 0, "Floor": 4, "height": 12 }, "geometry": { "type": "Polygon", "coordinates": [ [ [ 121.492174754000075, 31.28367300790012 ], [ 121.491959399000166, 31.283727355800011 ], [ 121.491937870000015, 31.283653968600049 ], [ 121.491884031000154, 31.283662972900117 ], [ 121.491948623000098, 31.283828142300024 ], [ 121.492207049000058, 31.283764758000075 ], [ 121.492174754000075, 31.28367300790012 ] ] ] } },
{ "type": "Feature", "properties": { "Id": 0, "Floor": 13, "height": 39 }, "geometry": { "type": "Polygon", "coordinates": [ [ [ 121.491539462999981, 31.283753596000054 ], [ 121.490893412999981, 31.283751665099999 ], [ 121.490893403999962, 31.283852483800047 ], [ 121.491539453999962, 31.283854414700102 ], [ 121.491539462999981, 31.283753596000054 ] ] ] } },
{ "type": "Feature", "properties": { "Id": 0, "Floor": 15, "height": 45 }, "geometry": { "type": "Polygon", "coordinates": [ [ [ 121.492293152000116, 31.284204951200024 ], [ 121.49219624400007, 31.284204661300009 ], [ 121.492196249000017, 31.284149669500096 ], [ 121.491991665000114, 31.284149057400043 ], [ 121.491991661000156, 31.284204049299944 ], [ 121.491905520000046, 31.284203791600135 ], [ 121.491905509000048, 31.284332105799933 ], [ 121.492293142000108, 31.284324100100037 ], [ 121.492293152000116, 31.284204951200024 ] ] ] } },
{ "type": "Feature", "properties": { "Id": 0, "Floor": 4, "height": 12 }, "geometry": { "type": "Polygon", "coordinates": [ [ [ 121.491496350000034, 31.284257559799983 ], [ 121.491097952000018, 31.284256369 ], [ 121.491097945000092, 31.284338856600073 ], [ 121.491496343, 31.284340047500052 ], [ 121.491496350000034, 31.284257559799983 ] ] ] } },
{ "type": "Feature", "properties": { "Id": 0, "Floor": 7, "height": 21 }, "geometry": { "type": "Polygon", "coordinates": [ [ [ 121.491474792999952, 31.28451412350006 ], [ 121.491087163000088, 31.284512964800058 ], [ 121.491087156000162, 31.284595452300096 ], [ 121.491474786000026, 31.28459661090011 ], [ 121.491474792999952, 31.28451412350006 ] ] ] } },
{ "type": "Feature", "properties": { "Id": 0, "Floor": 15, "height": 45 }, "geometry": { "type": "Polygon", "coordinates": [ [ [ 121.492174666000096, 31.284708687299997 ], [ 121.49207775800005, 31.284708397399982 ], [ 121.492077763, 31.284644240600073 ], [ 121.49187317999997, 31.284643628600065 ], [ 121.491873175000137, 31.284707785400087 ], [ 121.491776267000091, 31.28470749560006 ], [ 121.491776257000083, 31.284826643900033 ], [ 121.492174656000088, 31.284827835600083 ], [ 121.492174666000096, 31.284708687299997 ] ] ] } },
{ "type": "Feature", "properties": { "Id": 0, "Floor": 7, "height": 21 }, "geometry": { "type": "Polygon", "coordinates": [ [ [ 121.489493651999965, 31.283674164500098 ], [ 121.489464061066641, 31.283674076308316 ], [ 121.489461138536683, 31.283857374442778 ], [ 121.48949363700001, 31.283857471300053 ], [ 121.489493651999965, 31.283674164500098 ] ] ] } },
{ "type": "Feature", "properties": { "Id": 0, "Floor": 8, "height": 24 }, "geometry": { "type": "Polygon", "coordinates": [ [ [ 121.489924350000024, 31.283657118300084 ], [ 121.489558257, 31.283665191699981 ], [ 121.489558235, 31.283930986500025 ], [ 121.48949362999997, 31.28393079390014 ], [ 121.489493622000168, 31.284022447100028 ], [ 121.489913550999972, 31.28402369959997 ], [ 121.489924350000024, 31.283657118300084 ] ] ] } },
{ "type": "Feature", "properties": { "Id": 0, "Floor": 5, "height": 15 }, "geometry": { "type": "Polygon", "coordinates": [ [ [ 121.490311924000139, 31.284281517099942 ], [ 121.489827390000073, 31.284280071200044 ], [ 121.489827382000044, 31.284371724100083 ], [ 121.490311917000099, 31.284364004800011 ], [ 121.490311924000139, 31.284281517099942 ] ] ] } },
{ "type": "Feature", "properties": { "Id": 0, "Floor": 7, "height": 21 }, "geometry": { "type": "Polygon", "coordinates": [ [ [ 121.489762785000039, 31.284289043800129 ], [ 121.489454270611617, 31.2842881237824 ], [ 121.489452663228761, 31.284388937215873 ], [ 121.48976277600002, 31.284389862000126 ], [ 121.489762785000039, 31.284289043800129 ] ] ] } },
{ "type": "Feature", "properties": { "Id": 0, "Floor": 8, "height": 24 }, "geometry": { "type": "Polygon", "coordinates": [ [ [ 121.489773531000083, 31.284536538600037 ], [ 121.489450325219963, 31.284535574771304 ], [ 121.48944886396616, 31.28462722313758 ], [ 121.48977352299994, 31.284628191300044 ], [ 121.489773531000083, 31.284536538600037 ] ] ] } },
{ "type": "Feature", "properties": { "Id": 0, "Floor": 7, "height": 21 }, "geometry": { "type": "Polygon", "coordinates": [ [ [ 121.489935020999951, 31.284784482500129 ], [ 121.489450487, 31.284792202700089 ], [ 121.489450479999959, 31.284874689900107 ], [ 121.489935013000149, 31.284876134900117 ], [ 121.489935020999951, 31.284784482500129 ] ] ] } },
{ "type": "Feature", "properties": { "Id": 0, "Floor": 7, "height": 21 }, "geometry": { "type": "Polygon", "coordinates": [ [ [ 121.490968741000074, 31.284274313500134 ], [ 121.49060264600007, 31.284273219900058 ], [ 121.490602639000144, 31.284355707500083 ], [ 121.490968733000045, 31.284356801099989 ], [ 121.490968741000074, 31.284274313500134 ] ] ] } },
{ "type": "Feature", "properties": { "Id": 0, "Floor": 4, "height": 12 }, "geometry": { "type": "Polygon", "coordinates": [ [ [ 121.490548795999985, 31.284428869000067 ], [ 121.490430353999955, 31.284428515400066 ], [ 121.490430337000134, 31.284620986100094 ], [ 121.490548778999937, 31.284621339800083 ], [ 121.490548795999985, 31.284428869000067 ] ] ] } },
{ "type": "Feature", "properties": { "Id": 0, "Floor": 7, "height": 21 }, "geometry": { "type": "Polygon", "coordinates": [ [ [ 121.490979487, 31.284521808400086 ], [ 121.490602624000076, 31.284529847899989 ], [ 121.49060261700015, 31.284612335299983 ], [ 121.490979479000089, 31.284613461100093 ], [ 121.490979487, 31.284521808400086 ] ] ] } },
{ "type": "Feature", "properties": { "Id": 0, "Floor": 7, "height": 21 }, "geometry": { "type": "Polygon", "coordinates": [ [ [ 121.490333437, 31.284538209400068 ], [ 121.489838135000127, 31.284536731300136 ], [ 121.489838127999974, 31.284628384000143 ], [ 121.490333429000088, 31.284629862100076 ], [ 121.490333437, 31.284538209400068 ] ] ] } },
{ "type": "Feature", "properties": { "Id": 0, "Floor": 4, "height": 12 }, "geometry": { "type": "Polygon", "coordinates": [ [ [ 121.490538004999962, 31.284703795000098 ], [ 121.490430329999981, 31.284703473500088 ], [ 121.490430318, 31.284850117499957 ], [ 121.490537991999986, 31.284850439000138 ], [ 121.490538004999962, 31.284703795000098 ] ] ] } },
{ "type": "Feature", "properties": { "Id": 0, "Floor": 4, "height": 12 }, "geometry": { "type": "Polygon", "coordinates": [ [ [ 121.49024727799997, 31.284767083800034 ], [ 121.490085766999982, 31.284766601800015 ], [ 121.490085761000159, 31.28483075850005 ], [ 121.490247273000023, 31.284831240600113 ], [ 121.49024727799997, 31.284767083800034 ] ] ] } },
{ "type": "Feature", "properties": { "Id": 0, "Floor": 7, "height": 21 }, "geometry": { "type": "Polygon", "coordinates": [ [ [ 121.491001, 31.284778500099947 ], [ 121.490602602999957, 31.284777310000038 ], [ 121.490602596000031, 31.284859797200056 ], [ 121.491000993000057, 31.284860987300135 ], [ 121.491001, 31.284778500099947 ] ] ] } },
{ "type": "Feature", "properties": { "Id": 0, "Floor": 6, "height": 18 }, "geometry": { "type": "Polygon", "coordinates": [ [ [ 121.490602587000126, 31.284969780100141 ], [ 121.490441075000035, 31.284969297800103 ], [ 121.490441064000152, 31.28509761100014 ], [ 121.490602576000015, 31.285098093300064 ], [ 121.490602587000126, 31.284969780100141 ] ] ] } },
{ "type": "Feature", "properties": { "Id": 0, "Floor": 6, "height": 18 }, "geometry": { "type": "Polygon", "coordinates": [ [ [ 121.490774866000038, 31.284970294700088 ], [ 121.490602587000126, 31.284969780100141 ], [ 121.490602576000015, 31.285098093300064 ], [ 121.490774855000154, 31.285098607900125 ], [ 121.490774866000038, 31.284970294700088 ] ] ] } },
{ "type": "Feature", "properties": { "Id": 0, "Floor": 7, "height": 21 }, "geometry": { "type": "Polygon", "coordinates": [ [ [ 121.490354931999946, 31.285005701600085 ], [ 121.490074979000156, 31.285004866 ], [ 121.490074967000169, 31.285142344300084 ], [ 121.490354921000062, 31.285143180000091 ], [ 121.490354931999946, 31.285005701600085 ] ] ] } },
{ "type": "Feature", "properties": { "Id": 0, "Floor": 7, "height": 21 }, "geometry": { "type": "Polygon", "coordinates": [ [ [ 121.491464003000146, 31.284770718700088 ], [ 121.491076373000055, 31.284769560100131 ], [ 121.491076366000016, 31.284852047299921 ], [ 121.491463996000107, 31.284853205900106 ], [ 121.491464003000146, 31.284770718700088 ] ] ] } },
{ "type": "Feature", "properties": { "Id": 0, "Floor": 4, "height": 12 }, "geometry": { "type": "Polygon", "coordinates": [ [ [ 121.491453208000053, 31.285100635100036 ], [ 121.491507045000162, 31.285100796 ], [ 121.491507056000046, 31.284972482800072 ], [ 121.491302473000133, 31.284971871200071 ], [ 121.491302468999947, 31.285026862599977 ], [ 121.491453214000103, 31.285027313300077 ], [ 121.491453208000053, 31.285100635100036 ] ] ] } },
{ "type": "Feature", "properties": { "Id": 0, "Floor": 6, "height": 18 }, "geometry": { "type": "Polygon", "coordinates": [ [ [ 121.491065569000057, 31.285200293900004 ], [ 121.491130173999977, 31.28520048699994 ], [ 121.491130185999964, 31.285063008600105 ], [ 121.490904067999963, 31.285062333000099 ], [ 121.490904054000112, 31.285227306900026 ], [ 121.491065567000078, 31.285227789500141 ], [ 121.491065569000057, 31.285200293900004 ] ] ] } },
{ "type": "Feature", "properties": { "Id": 0, "Floor": 18, "height": 54 }, "geometry": { "type": "Polygon", "coordinates": [ [ [ 121.492239230000109, 31.285194638199926 ], [ 121.492174624000086, 31.285194444900014 ], [ 121.492174629000147, 31.285139453599925 ], [ 121.491991580999979, 31.2851389060001 ], [ 121.491991575000156, 31.285203062499932 ], [ 121.49192697, 31.285202869300008 ], [ 121.49192696800003, 31.285230364899917 ], [ 121.492239227000027, 31.285231299100019 ], [ 121.492239230000109, 31.285194638199926 ] ] ] } },
{ "type": "Feature", "properties": { "Id": 0, "Floor": 18, "height": 54 }, "geometry": { "type": "Polygon", "coordinates": [ [ [ 121.492110004000097, 31.285377555799926 ], [ 121.492217674000131, 31.285432869100021 ], [ 121.492271518000052, 31.28536887380011 ], [ 121.492228448999981, 31.285350414500044 ], [ 121.492249987000037, 31.285313818200052 ], [ 121.492206918999955, 31.285295358899987 ], [ 121.492163848000018, 31.285295230000088 ], [ 121.492163850999987, 31.285258569199982 ], [ 121.492239224000059, 31.285258794699985 ], [ 121.492239227000027, 31.285231299100019 ], [ 121.49192696800003, 31.285230364899917 ], [ 121.491926964999948, 31.28526702580001 ], [ 121.491980802000057, 31.285267186800127 ], [ 121.491980800000078, 31.285294682400092 ], [ 121.491948496999953, 31.285294585799988 ], [ 121.491916191999962, 31.285321984800078 ], [ 121.491937726000174, 31.285340379600029 ], [ 121.491883885999982, 31.285367714200049 ], [ 121.491937717000155, 31.285441196799979 ], [ 121.492023862999986, 31.285377298100116 ], [ 121.492110004000097, 31.285377555799926 ] ] ] } },
{ "type": "Feature", "properties": { "Id": 0, "Floor": 6, "height": 18 }, "geometry": { "type": "Polygon", "coordinates": [ [ [ 121.490968640000119, 31.285456630000112 ], [ 121.491173217000096, 31.285521397700109 ], [ 121.491388567000172, 31.285522041399986 ], [ 121.491388573, 31.285448719899989 ], [ 121.491162455999984, 31.285438878799937 ], [ 121.491044019000014, 31.285374368500072 ], [ 121.491173229000083, 31.285374754600127 ], [ 121.49117323400003, 31.285310598200113 ], [ 121.491065560000152, 31.285310276400139 ], [ 121.491065567000078, 31.285227789500141 ], [ 121.490904054000112, 31.285227306900026 ], [ 121.490904042000125, 31.285373950300027 ], [ 121.490968647000045, 31.285374143299975 ], [ 121.490968640000119, 31.285456630000112 ] ] ] } },
{ "type": "Feature", "properties": { "Id": 0, "Floor": 7, "height": 21 }, "geometry": { "type": "Polygon", "coordinates": [ [ [ 121.491571626999985, 31.285375945599981 ], [ 121.491474719000166, 31.285375655800124 ], [ 121.491474706999952, 31.285522298900105 ], [ 121.491571614000122, 31.285522588700132 ], [ 121.491571626999985, 31.285375945599981 ] ] ] } },
{ "type": "Feature", "properties": { "Id": 0, "Floor": 6, "height": 18 }, "geometry": { "type": "Polygon", "coordinates": [ [ [ 121.49158237600011, 31.285586777200137 ], [ 121.491431630999955, 31.285586326500038 ], [ 121.491431620000071, 31.28571463890006 ], [ 121.491582366000102, 31.285705924500007 ], [ 121.49158237600011, 31.285586777200137 ] ] ] } },
{ "type": "Feature", "properties": { "Id": 0, "Floor": 7, "height": 21 }, "geometry": { "type": "Polygon", "coordinates": [ [ [ 121.491302416000053, 31.285650096499978 ], [ 121.490850179000176, 31.285676240600026 ], [ 121.490860938999958, 31.285758759299995 ], [ 121.491302409000127, 31.28573258300014 ], [ 121.491302416000053, 31.285650096499978 ] ] ] } },
{ "type": "Feature", "properties": { "Id": 0, "Floor": 7, "height": 21 }, "geometry": { "type": "Polygon", "coordinates": [ [ [ 121.491657732000135, 31.285788636300083 ], [ 121.491420846000096, 31.285787928099978 ], [ 121.491420836000088, 31.285907075099999 ], [ 121.491657722000127, 31.285898618200122 ], [ 121.491657732000135, 31.285788636300083 ] ] ] } },
{ "type": "Feature", "properties": { "Id": 0, "Floor": 7, "height": 21 }, "geometry": { "type": "Polygon", "coordinates": [ [ [ 121.489698117000103, 31.285031237400005 ], [ 121.489442434465033, 31.285030474970135 ], [ 121.489440254130713, 31.28516722334162 ], [ 121.489698106, 31.285159550500111 ], [ 121.489698117000103, 31.285031237400005 ] ] ] } },
{ "type": "Feature", "properties": { "Id": 0, "Floor": 7, "height": 21 }, "geometry": { "type": "Polygon", "coordinates": [ [ [ 121.490042660999961, 31.285188074000075 ], [ 121.489762707999944, 31.28518723880012 ], [ 121.489762705000089, 31.285223899699986 ], [ 121.490042658000107, 31.285224734899998 ], [ 121.490042660999961, 31.285188074000075 ] ] ] } },
{ "type": "Feature", "properties": { "Id": 0, "Floor": 7, "height": 21 }, "geometry": { "type": "Polygon", "coordinates": [ [ [ 121.490042658000107, 31.285224734899998 ], [ 121.489762705000089, 31.285223899699986 ], [ 121.489762695999957, 31.285324716999924 ], [ 121.490042648999975, 31.285325552200106 ], [ 121.490042658000107, 31.285224734899998 ] ] ] } },
{ "type": "Feature", "properties": { "Id": 0, "Floor": 7, "height": 21 }, "geometry": { "type": "Polygon", "coordinates": [ [ [ 121.489698083000121, 31.285425341499945 ], [ 121.489450433, 31.285424603000024 ], [ 121.489450422000118, 31.285552915700066 ], [ 121.48969807200001, 31.285553654199987 ], [ 121.489698083000121, 31.285425341499945 ] ] ] } },
{ "type": "Feature", "properties": { "Id": 0, "Floor": 7, "height": 21 }, "geometry": { "type": "Polygon", "coordinates": [ [ [ 121.49004264000007, 31.285435534600026 ], [ 121.489762686999939, 31.285434699400014 ], [ 121.489762675000065, 31.285572177199981 ], [ 121.490042628000083, 31.285573012399993 ], [ 121.49004264000007, 31.285435534600026 ] ] ] } },
{ "type": "Feature", "properties": { "Id": 0, "Floor": 7, "height": 21 }, "geometry": { "type": "Polygon", "coordinates": [ [ [ 121.489730357000099, 31.285755384399977 ], [ 121.489439637000032, 31.285763682599963 ], [ 121.489439626000035, 31.285891994899998 ], [ 121.489730345999988, 31.285892861800107 ], [ 121.489730357000099, 31.285755384399977 ] ] ] } },
{ "type": "Feature", "properties": { "Id": 0, "Floor": 7, "height": 21 }, "geometry": { "type": "Polygon", "coordinates": [ [ [ 121.490602567999986, 31.28518974550002 ], [ 121.490441056, 31.285189263199925 ], [ 121.49044105300004, 31.285225924100018 ], [ 121.490602565000131, 31.285226406400113 ], [ 121.490602567999986, 31.28518974550002 ] ] ] } },
{ "type": "Feature", "properties": { "Id": 0, "Floor": 7, "height": 21 }, "geometry": { "type": "Polygon", "coordinates": [ [ [ 121.490764080000076, 31.285190227900102 ], [ 121.490602567999986, 31.28518974550002 ], [ 121.490602565000131, 31.285226406400113 ], [ 121.490764077, 31.285226888800025 ], [ 121.490764080000076, 31.285190227900102 ] ] ] } },
{ "type": "Feature", "properties": { "Id": 0, "Floor": 7, "height": 21 }, "geometry": { "type": "Polygon", "coordinates": [ [ [ 121.490602565000131, 31.285226406400113 ], [ 121.49044105300004, 31.285225924100018 ], [ 121.49044104799998, 31.285280915300063 ], [ 121.49060256000007, 31.285281397599988 ], [ 121.490602565000131, 31.285226406400113 ] ] ] } },
{ "type": "Feature", "properties": { "Id": 0, "Floor": 7, "height": 21 }, "geometry": { "type": "Polygon", "coordinates": [ [ [ 121.490764077, 31.285226888800025 ], [ 121.490602565000131, 31.285226406400113 ], [ 121.49060256000007, 31.285281397599988 ], [ 121.490764072000047, 31.285281880000014 ], [ 121.490764077, 31.285226888800025 ] ] ] } },
{ "type": "Feature", "properties": { "Id": 0, "Floor": 7, "height": 21 }, "geometry": { "type": "Polygon", "coordinates": [ [ [ 121.490602548999959, 31.285409710500005 ], [ 121.490494875000081, 31.285409388900007 ], [ 121.490494866000176, 31.285510206100128 ], [ 121.490602541000158, 31.285510527600081 ], [ 121.490602548999959, 31.285409710500005 ] ] ] } },
{ "type": "Feature", "properties": { "Id": 0, "Floor": 7, "height": 21 }, "geometry": { "type": "Polygon", "coordinates": [ [ [ 121.490839434000122, 31.285410418000026 ], [ 121.490602548999959, 31.285409710500005 ], [ 121.490602541000158, 31.285510527600081 ], [ 121.490839425, 31.28551123519992 ], [ 121.490839434000122, 31.285410418000026 ] ] ] } },
{ "type": "Feature", "properties": { "Id": 0, "Floor": 7, "height": 21 }, "geometry": { "type": "Polygon", "coordinates": [ [ [ 121.490344130000153, 31.285418104100131 ], [ 121.490096477999941, 31.285417364900127 ], [ 121.490096467000171, 31.285554842699923 ], [ 121.490344117999939, 31.285555581900098 ], [ 121.490344130000153, 31.285418104100131 ] ] ] } },
{ "type": "Feature", "properties": { "Id": 0, "Floor": 7, "height": 21 }, "geometry": { "type": "Polygon", "coordinates": [ [ [ 121.490602525999975, 31.285684665999952 ], [ 121.490462549000085, 31.285684248000109 ], [ 121.490462539999953, 31.285785064899983 ], [ 121.490602516999957, 31.285785482900053 ], [ 121.490602525999975, 31.285684665999952 ] ] ] } },
{ "type": "Feature", "properties": { "Id": 0, "Floor": 7, "height": 21 }, "geometry": { "type": "Polygon", "coordinates": [ [ [ 121.490785573000153, 31.285685212800104 ], [ 121.490602525999975, 31.285684665999952 ], [ 121.490602516999957, 31.285785482900053 ], [ 121.490785564000021, 31.28578602959999 ], [ 121.490785573000153, 31.285685212800104 ] ] ] } },
{ "type": "Feature", "properties": { "Id": 0, "Floor": 7, "height": 21 }, "geometry": { "type": "Polygon", "coordinates": [ [ [ 121.490397943000062, 31.285693220300004 ], [ 121.48979496700008, 31.285691420900093 ], [ 121.489794957999948, 31.28580140290012 ], [ 121.490397934000157, 31.285803202300031 ], [ 121.490397943000062, 31.285693220300004 ] ] ] } },
{ "type": "Feature", "properties": { "Id": 0, "Floor": 7, "height": 21 }, "geometry": { "type": "Polygon", "coordinates": [ [ [ 121.490796318000093, 31.285941869400062 ], [ 121.490602503000105, 31.285950455700061 ], [ 121.490602494999962, 31.286042107199989 ], [ 121.490796310000064, 31.286042686000087 ], [ 121.490796318000093, 31.285941869400062 ] ] ] } },
{ "type": "Feature", "properties": { "Id": 0, "Floor": 7, "height": 21 }, "geometry": { "type": "Polygon", "coordinates": [ [ [ 121.49039792200017, 31.285940679699991 ], [ 121.489794945999961, 31.285938880200035 ], [ 121.489794936999942, 31.286048862000087 ], [ 121.490397913000038, 31.286050661399997 ], [ 121.49039792200017, 31.285940679699991 ] ] ] } },
{ "type": "Feature", "properties": { "Id": 0, "Floor": 7, "height": 21 }, "geometry": { "type": "Polygon", "coordinates": [ [ [ 121.490602503000105, 31.285950455700061 ], [ 121.490473294000026, 31.285950069900082 ], [ 121.490473286, 31.286041721300137 ], [ 121.490602494999962, 31.286042107199989 ], [ 121.490602503000105, 31.285950455700061 ] ] ] } },
{ "type": "Feature", "properties": { "Id": 0, "Floor": 7, "height": 21 }, "geometry": { "type": "Polygon", "coordinates": [ [ [ 121.49060248100011, 31.28620707959999 ], [ 121.490494807000118, 31.286206758 ], [ 121.490494797999986, 31.286307574400041 ], [ 121.490602472999967, 31.286307895899995 ], [ 121.49060248100011, 31.28620707959999 ] ] ] } },
{ "type": "Feature", "properties": { "Id": 0, "Floor": 7, "height": 21 }, "geometry": { "type": "Polygon", "coordinates": [ [ [ 121.490817830999958, 31.286207722799986 ], [ 121.49060248100011, 31.28620707959999 ], [ 121.490602472999967, 31.286307895899995 ], [ 121.490817822000054, 31.286308539099991 ], [ 121.490817830999958, 31.286207722799986 ] ] ] } },
{ "type": "Feature", "properties": { "Id": 0, "Floor": 7, "height": 21 }, "geometry": { "type": "Polygon", "coordinates": [ [ [ 121.490376363999985, 31.286215569499973 ], [ 121.489773388, 31.286213770100062 ], [ 121.489773378, 31.286323751600037 ], [ 121.49037635500008, 31.286325550999948 ], [ 121.490376363999985, 31.286215569499973 ] ] ] } },
{ "type": "Feature", "properties": { "Id": 0, "Floor": 7, "height": 21 }, "geometry": { "type": "Polygon", "coordinates": [ [ [ 121.49060246, 31.286454537700024 ], [ 121.490473251000026, 31.286454151900045 ], [ 121.490473242, 31.286554968000019 ], [ 121.490602452000076, 31.286555353800054 ], [ 121.49060246, 31.286454537700024 ] ] ] } },
{ "type": "Feature", "properties": { "Id": 0, "Floor": 7, "height": 21 }, "geometry": { "type": "Polygon", "coordinates": [ [ [ 121.49079627499998, 31.286455116599996 ], [ 121.49060246, 31.286454537700024 ], [ 121.490602452000076, 31.286555353800054 ], [ 121.490796266000075, 31.286555932700026 ], [ 121.49079627499998, 31.286455116599996 ] ] ] } },
{ "type": "Feature", "properties": { "Id": 0, "Floor": 4, "height": 12 }, "geometry": { "type": "Polygon", "coordinates": [ [ [ 121.490128680999987, 31.286590599799922 ], [ 121.490150219000157, 31.286554003700132 ], [ 121.490128688000027, 31.286508113900084 ], [ 121.490074851000145, 31.286498788100005 ], [ 121.490031779, 31.286526154900059 ], [ 121.490031775000148, 31.286571980400083 ], [ 121.490074843, 31.286599604200035 ], [ 121.490128680999987, 31.286590599799922 ] ] ] } },
{ "type": "Feature", "properties": { "Id": 0, "Floor": 7, "height": 21 }, "geometry": { "type": "Polygon", "coordinates": [ [ [ 121.490602439000099, 31.286701995300064 ], [ 121.490494764, 31.286701673700065 ], [ 121.490494755999975, 31.286802489600063 ], [ 121.490602429999967, 31.286802811100017 ], [ 121.490602439000099, 31.286701995300064 ] ] ] } },
{ "type": "Feature", "properties": { "Id": 0, "Floor": 7, "height": 21 }, "geometry": { "type": "Polygon", "coordinates": [ [ [ 121.48974110100005, 31.286030371100082 ], [ 121.489461149000022, 31.286029536300134 ], [ 121.489461137000035, 31.28616701330003 ], [ 121.489741089000063, 31.286167848099979 ], [ 121.48974110100005, 31.286030371100082 ] ] ] } },
{ "type": "Feature", "properties": { "Id": 0, "Floor": 4, "height": 12 }, "geometry": { "type": "Polygon", "coordinates": [ [ [ 121.489730315000088, 31.286250302200074 ], [ 121.489579571000036, 31.286249852600065 ], [ 121.48957956400011, 31.286332338699992 ], [ 121.489730308000162, 31.286332788200127 ], [ 121.489730315000088, 31.286250302200074 ] ] ] } },
{ "type": "Feature", "properties": { "Id": 0, "Floor": 5, "height": 15 }, "geometry": { "type": "Polygon", "coordinates": [ [ [ 121.489945626, 31.286690869500035 ], [ 121.489945617000103, 31.286791685400033 ], [ 121.490214802999958, 31.28679248870003 ], [ 121.490214809, 31.286719168099978 ], [ 121.490268646000118, 31.286719328800018 ], [ 121.490268653000044, 31.286646008099922 ], [ 121.490010233000135, 31.286654402000067 ], [ 121.489891803999967, 31.286516572200071 ], [ 121.489891810000017, 31.286443251399987 ], [ 121.489784136000026, 31.286442930199996 ], [ 121.489784128, 31.286534581200044 ], [ 121.489891789000126, 31.286690708899982 ], [ 121.489945626, 31.286690869500035 ] ] ] } },
{ "type": "Feature", "properties": { "Id": 0, "Floor": 16, "height": 48 }, "geometry": { "type": "Polygon", "coordinates": [ [ [ 121.489633363000053, 31.286781588900055 ], [ 121.489633374000164, 31.286653277799985 ], [ 121.48941652387073, 31.286655561336421 ], [ 121.48941452487243, 31.286780936495273 ], [ 121.489633363000053, 31.286781588900055 ] ] ] } },
{ "type": "Feature", "properties": { "Id": 0, "Floor": 16, "height": 48 }, "geometry": { "type": "Polygon", "coordinates": [ [ [ 121.490290155000025, 31.287021840400143 ], [ 121.489611808000177, 31.287019816400004 ], [ 121.489611795000087, 31.287166457200101 ], [ 121.490290143000038, 31.287168481100082 ], [ 121.490290155000025, 31.287021840400143 ] ] ] } },
{ "type": "Feature", "properties": { "Id": 0, "Floor": 18, "height": 54 }, "geometry": { "type": "Polygon", "coordinates": [ [ [ 121.492228394999984, 31.285982811600093 ], [ 121.492336066000121, 31.286038124699985 ], [ 121.492379142000118, 31.285974097500059 ], [ 121.492336073000047, 31.285955638300038 ], [ 121.492357610999989, 31.285919042200021 ], [ 121.492325309999956, 31.285900615199978 ], [ 121.492282240000122, 31.285900486300079 ], [ 121.492282242000101, 31.285872990899975 ], [ 121.492346847000022, 31.285873184200113 ], [ 121.492346854000061, 31.285799862899978 ], [ 121.492282248000151, 31.28579966960001 ], [ 121.492282252999985, 31.285744678599997 ], [ 121.492099205000159, 31.285744130900014 ], [ 121.492099199, 31.285808287099997 ], [ 121.492034594000074, 31.285808093800028 ], [ 121.492034589000127, 31.285872249900024 ], [ 121.492099194000048, 31.285872443199992 ], [ 121.492099190999966, 31.285899938700084 ], [ 121.492056121000132, 31.285899809800014 ], [ 121.492034584000066, 31.285927240900037 ], [ 121.492045350000012, 31.285945603400023 ], [ 121.491991508999945, 31.285982102899993 ], [ 121.492045341000107, 31.286046420000048 ], [ 121.492131487000165, 31.285982521700078 ], [ 121.492228394999984, 31.285982811600093 ] ] ] } },
{ "type": "Feature", "properties": { "Id": 0, "Floor": 7, "height": 21 }, "geometry": { "type": "Polygon", "coordinates": [ [ [ 121.491313161999983, 31.285897588099999 ], [ 121.491011669000045, 31.285933347700109 ], [ 121.491022429000054, 31.286015866200046 ], [ 121.491323922, 31.285980106599936 ], [ 121.491313161999983, 31.285897588099999 ] ] ] } },
{ "type": "Feature", "properties": { "Id": 0, "Floor": 17, "height": 51 }, "geometry": { "type": "Polygon", "coordinates": [ [ [ 121.491679250000175, 31.285990334100063 ], [ 121.491410058000042, 31.286035355000138 ], [ 121.491474642999947, 31.286273841600007 ], [ 121.491733067000041, 31.2862287887001 ], [ 121.491679250000175, 31.285990334100063 ] ] ] } },
{ "type": "Feature", "properties": { "Id": 0, "Floor": 7, "height": 21 }, "geometry": { "type": "Polygon", "coordinates": [ [ [ 121.491323911000109, 31.286108418600065 ], [ 121.490871674000118, 31.286143727700107 ], [ 121.490882434000127, 31.2862262461 ], [ 121.491334671000118, 31.286200102099997 ], [ 121.491323911000109, 31.286108418600065 ] ] ] } },
{ "type": "Feature", "properties": { "Id": 0, "Floor": 7, "height": 21 }, "geometry": { "type": "Polygon", "coordinates": [ [ [ 121.491883801999961, 31.286357551199956 ], [ 121.491420798000036, 31.286356166699989 ], [ 121.491420786000049, 31.286493643300048 ], [ 121.491883789999974, 31.286495027800015 ], [ 121.491883801999961, 31.286357551199956 ] ] ] } },
{ "type": "Feature", "properties": { "Id": 0, "Floor": 7, "height": 21 }, "geometry": { "type": "Polygon", "coordinates": [ [ [ 121.491377724000017, 31.286401863499918 ], [ 121.491280815999971, 31.286401573800106 ], [ 121.491280805999963, 31.286520720200087 ], [ 121.491377715000112, 31.286511844800089 ], [ 121.491377724000017, 31.286401863499918 ] ] ] } },
{ "type": "Feature", "properties": { "Id": 0, "Floor": 7, "height": 21 }, "geometry": { "type": "Polygon", "coordinates": [ [ [ 121.491226966, 31.286548054600075 ], [ 121.490936243999954, 31.286547185800089 ], [ 121.490936250000118, 31.28648303009993 ], [ 121.491183901999989, 31.286483770100006 ], [ 121.491183908000153, 31.286410449300092 ], [ 121.490860882999982, 31.286409484100091 ], [ 121.490860858000133, 31.286702767200097 ], [ 121.491226953000137, 31.286703861100023 ], [ 121.491226966, 31.286548054600075 ] ] ] } },
{ "type": "Feature", "properties": { "Id": 0, "Floor": 7, "height": 21 }, "geometry": { "type": "Polygon", "coordinates": [ [ [ 121.491420722000043, 31.287245179000024 ], [ 121.491420731000176, 31.28714436350009 ], [ 121.491420737, 31.287071043200058 ], [ 121.491765298000132, 31.287072073399941 ], [ 121.491765303999955, 31.286998753000091 ], [ 121.492152935000149, 31.286999912500107 ], [ 121.492152942000075, 31.286917426900061 ], [ 121.491625333, 31.286915848800106 ], [ 121.491625328000055, 31.28697083920008 ], [ 121.491302303000111, 31.286969873500027 ], [ 121.491302309000162, 31.286896553000133 ], [ 121.491151564, 31.286896102400078 ], [ 121.491151575000117, 31.286767791399996 ], [ 121.490925458000106, 31.286767115700002 ], [ 121.490925412000138, 31.287298688900023 ], [ 121.491420716999983, 31.287300169199966 ], [ 121.491420722000043, 31.287245179000024 ] ] ] } },
{ "type": "Feature", "properties": { "Id": 0, "Floor": 14, "height": 42 }, "geometry": { "type": "Polygon", "coordinates": [ [ [ 121.491700686000172, 31.287145200600094 ], [ 121.491420731000176, 31.28714436350009 ], [ 121.491420722000043, 31.287245179000024 ], [ 121.491700678000143, 31.28724601600004 ], [ 121.491700686000172, 31.287145200600094 ] ] ] } },
{ "type": "Feature", "properties": { "Id": 0, "Floor": 2, "height": 6 }, "geometry": { "type": "Polygon", "coordinates": [ [ [ 121.491700675000061, 31.287273511200112 ], [ 121.492282123, 31.2872752504 ], [ 121.492282134999982, 31.28712860980005 ], [ 121.491700688000151, 31.287126870499947 ], [ 121.491700686000172, 31.287145200600094 ], [ 121.491700678000143, 31.28724601600004 ], [ 121.491700675000061, 31.287273511200112 ] ] ] } },
{ "type": "Feature", "properties": { "Id": 0, "Floor": 7, "height": 21 }, "geometry": { "type": "Polygon", "coordinates": [ [ [ 121.490817788000072, 31.28670263850006 ], [ 121.490602439000099, 31.286701995300064 ], [ 121.490602429999967, 31.286802811100017 ], [ 121.490817780000043, 31.286803454400001 ], [ 121.490817788000072, 31.28670263850006 ] ] ] } },
{ "type": "Feature", "properties": { "Id": 0, "Floor": 11, "height": 33 }, "geometry": { "type": "Polygon", "coordinates": [ [ [ 121.49060241799998, 31.28694945220002 ], [ 121.490527046000011, 31.286949227100081 ], [ 121.490527037999982, 31.287040877700065 ], [ 121.490602410000065, 31.287041102800004 ], [ 121.49060241799998, 31.28694945220002 ] ] ] } },
{ "type": "Feature", "properties": { "Id": 0, "Floor": 11, "height": 33 }, "geometry": { "type": "Polygon", "coordinates": [ [ [ 121.490753146000088, 31.28714236860003 ], [ 121.490753139000162, 31.287224854000044 ], [ 121.490871580999965, 31.287225207800077 ], [ 121.490871605000052, 31.286950256300088 ], [ 121.49060241799998, 31.28694945220002 ], [ 121.490602410000065, 31.287041102800004 ], [ 121.490667014999985, 31.287041295700078 ], [ 121.490753146000088, 31.28714236860003 ] ] ] } },
{ "type": "Feature", "properties": { "Id": 0, "Floor": 3, "height": 9 }, "geometry": { "type": "Polygon", "coordinates": [ [ [ 121.490602410000065, 31.287041102800004 ], [ 121.490527037999982, 31.287040877700065 ], [ 121.490527021000048, 31.287233343699995 ], [ 121.490602394, 31.287233568800104 ], [ 121.490602410000065, 31.287041102800004 ] ] ] } },
{ "type": "Feature", "properties": { "Id": 0, "Floor": 3, "height": 9 }, "geometry": { "type": "Polygon", "coordinates": [ [ [ 121.490753146000088, 31.28714236860003 ], [ 121.490667014999985, 31.287041295700078 ], [ 121.490602410000065, 31.287041102800004 ], [ 121.490602394, 31.287233568800104 ], [ 121.490753139000162, 31.287224854000044 ], [ 121.490753146000088, 31.28714236860003 ] ] ] } },
{ "type": "Feature", "properties": { "Id": 0, "Floor": 4, "height": 12 }, "geometry": { "type": "Polygon", "coordinates": [ [ [ 121.490699208000024, 31.288324491900084 ], [ 121.490893022000137, 31.288325070900044 ], [ 121.49089302699997, 31.288270081199926 ], [ 121.490957632000118, 31.288270274200045 ], [ 121.490957634000097, 31.288242779400036 ], [ 121.490957639000044, 31.288187789700089 ], [ 121.490645382000025, 31.288186856899983 ], [ 121.490645375999975, 31.288260176499932 ], [ 121.490699212999971, 31.288260337300017 ], [ 121.490699208000024, 31.288324491900084 ] ] ] } },
{ "type": "Feature", "properties": { "Id": 0, "Floor": 7, "height": 21 }, "geometry": { "type": "Polygon", "coordinates": [ [ [ 121.490494627000089, 31.288314716 ], [ 121.490343882000161, 31.288314265900112 ], [ 121.490343852000137, 31.28867169800003 ], [ 121.490494595999962, 31.28867214810009 ], [ 121.490494627000089, 31.288314716 ] ] ] } },
{ "type": "Feature", "properties": { "Id": 0, "Floor": 7, "height": 21 }, "geometry": { "type": "Polygon", "coordinates": [ [ [ 121.490892999000152, 31.288600018700038 ], [ 121.490979144000107, 31.288536121700133 ], [ 121.490871477000155, 31.288444150700116 ], [ 121.490817634999985, 31.28849897940006 ], [ 121.490753034000022, 31.288452961800033 ], [ 121.49065612000004, 31.288535156699993 ], [ 121.490742254, 31.288599568400116 ], [ 121.490817632000017, 31.288535639100076 ], [ 121.490892999000152, 31.288600018700038 ] ] ] } },
{ "type": "Feature", "properties": { "Id": 0, "Floor": 7, "height": 21 }, "geometry": { "type": "Polygon", "coordinates": [ [ [ 121.4907207, 31.288828626800125 ], [ 121.490602253000134, 31.288883262399963 ], [ 121.490602245000105, 31.288974911299988 ], [ 121.490763764, 31.288892909699996 ], [ 121.4907207, 31.288828626800125 ] ] ] } },
{ "type": "Feature", "properties": { "Id": 0, "Floor": 7, "height": 21 }, "geometry": { "type": "Polygon", "coordinates": [ [ [ 121.490602253000134, 31.288883262399963 ], [ 121.490354590000152, 31.289010831300118 ], [ 121.490397655000038, 31.289075114100001 ], [ 121.490602245000105, 31.288974911299988 ], [ 121.490602253000134, 31.288883262399963 ] ] ] } },
{ "type": "Feature", "properties": { "Id": 0, "Floor": 8, "height": 24 }, "geometry": { "type": "Polygon", "coordinates": [ [ [ 121.48941799499994, 31.287019238600124 ], [ 121.489410723030019, 31.287019384220592 ], [ 121.489406634288059, 31.287275825996719 ], [ 121.489407206000124, 31.287275827699943 ], [ 121.48941799499994, 31.287019238600124 ] ] ] } },
{ "type": "Feature", "properties": { "Id": 0, "Floor": 7, "height": 21 }, "geometry": { "type": "Polygon", "coordinates": [ [ [ 121.490160843000012, 31.288231235000069 ], [ 121.48988089, 31.288230399600081 ], [ 121.489880868, 31.288487017900025 ], [ 121.490160821000018, 31.288487853300012 ], [ 121.490160843000012, 31.288231235000069 ] ] ] } },
{ "type": "Feature", "properties": { "Id": 0, "Floor": 4, "height": 12 }, "geometry": { "type": "Polygon", "coordinates": [ [ [ 121.48969783400014, 31.28834899790013 ], [ 121.489389538145048, 31.288348078859418 ], [ 121.489387552655288, 31.288472606776889 ], [ 121.489697823000029, 31.288468142100044 ], [ 121.48969783400014, 31.28834899790013 ] ] ] } },
{ "type": "Feature", "properties": { "Id": 0, "Floor": 6, "height": 18 }, "geometry": { "type": "Polygon", "coordinates": [ [ [ 121.489611674000116, 31.288587029200073 ], [ 121.48938573902673, 31.288586355732495 ], [ 121.489383915348526, 31.288700734991998 ], [ 121.489611664999984, 31.288697008099973 ], [ 121.489611674000116, 31.288587029200073 ] ] ] } },
{ "type": "Feature", "properties": { "Id": 0, "Floor": 5, "height": 15 }, "geometry": { "type": "Polygon", "coordinates": [ [ [ 121.489407048999965, 31.289108818200134 ], [ 121.489407068999981, 31.288879696200013 ], [ 121.489381219117178, 31.288869839905193 ], [ 121.489377410223582, 31.289108729873444 ], [ 121.489407048999965, 31.289108818200134 ] ] ] } },
{ "type": "Feature", "properties": { "Id": 0, "Floor": 5, "height": 15 }, "geometry": { "type": "Polygon", "coordinates": [ [ [ 121.489579317, 31.289228475100003 ], [ 121.489837746000148, 31.28910093769997 ], [ 121.489826981000078, 31.289073411000118 ], [ 121.489977732000057, 31.288991376800084 ], [ 121.489870073000134, 31.288807757700056 ], [ 121.489708562000146, 31.288807276000057 ], [ 121.489708555, 31.288889760000131 ], [ 121.489816229000098, 31.288890081200066 ], [ 121.489859293000109, 31.288954363900132 ], [ 121.489590096000143, 31.289091034200112 ], [ 121.489536267999938, 31.28899006000006 ], [ 121.489428589, 31.289044728299984 ], [ 121.489503952000064, 31.289154931499979 ], [ 121.48952548800014, 31.289136665999933 ], [ 121.489579317, 31.289228475100003 ] ] ] } },
{ "type": "Feature", "properties": { "Id": 0, "Floor": 7, "height": 21 }, "geometry": { "type": "Polygon", "coordinates": [ [ [ 121.489600830000086, 31.289485155200111 ], [ 121.48978387600016, 31.289485701099977 ], [ 121.489783883999962, 31.289384887800054 ], [ 121.489622372999975, 31.289384406100055 ], [ 121.489622379000025, 31.289320252200071 ], [ 121.48941779800009, 31.289328807000118 ], [ 121.489417788000083, 31.289438785199991 ], [ 121.489600834000157, 31.28943933100004 ], [ 121.489600830000086, 31.289485155200111 ] ] ] } },
{ "type": "Feature", "properties": { "Id": 0, "Floor": 1, "height": 3 }, "geometry": { "type": "Polygon", "coordinates": [ [ [ 121.49129143100015, 31.288188787199942 ], [ 121.490957639000044, 31.288187789700089 ], [ 121.490957634000097, 31.288242779400036 ], [ 121.491291427000078, 31.28824377690006 ], [ 121.49129143100015, 31.288188787199942 ] ] ] } },
{ "type": "Feature", "properties": { "Id": 0, "Floor": 1, "height": 3 }, "geometry": { "type": "Polygon", "coordinates": [ [ [ 121.491915948000155, 31.288190654600044 ], [ 121.491592922000109, 31.288189688499983 ], [ 121.491592917000162, 31.288244678200044 ], [ 121.491915943000095, 31.288245644299991 ], [ 121.491915948000155, 31.288190654600044 ] ] ] } },
{ "type": "Feature", "properties": { "Id": 0, "Floor": 4, "height": 12 }, "geometry": { "type": "Polygon", "coordinates": [ [ [ 121.491345262999971, 31.288262267700077 ], [ 121.491345256000045, 31.288335587300026 ], [ 121.491549840000062, 31.288327034000133 ], [ 121.491549845, 31.288262879400065 ], [ 121.491592915999945, 31.288263008099989 ], [ 121.491592917000162, 31.288244678200044 ], [ 121.491592922000109, 31.288189688499983 ], [ 121.49129143100015, 31.288188787199942 ], [ 121.491291427000078, 31.28824377690006 ], [ 121.491291425000099, 31.288262106800119 ], [ 121.491345262999971, 31.288262267700077 ] ] ] } },
{ "type": "Feature", "properties": { "Id": 0, "Floor": 4, "height": 12 }, "geometry": { "type": "Polygon", "coordinates": [ [ [ 121.491980547000139, 31.28826416740003 ], [ 121.491980539999986, 31.288337486999978 ], [ 121.492174356000078, 31.288338066800009 ], [ 121.492174363, 31.28826474720006 ], [ 121.492228200000113, 31.288264908299993 ], [ 121.492228207000153, 31.288191588699988 ], [ 121.491915948000155, 31.288190654600044 ], [ 121.491915943000095, 31.288245644299991 ], [ 121.491915941000116, 31.288263974200049 ], [ 121.491980547000139, 31.28826416740003 ] ] ] } },
{ "type": "Feature", "properties": { "Id": 0, "Floor": 7, "height": 21 }, "geometry": { "type": "Polygon", "coordinates": [ [ [ 121.491129902000125, 31.288380768299987 ], [ 121.491216037000072, 31.28844518030013 ], [ 121.491291415999967, 31.288372086100139 ], [ 121.49118374800014, 31.288289279799983 ], [ 121.491129905999969, 31.288334943600034 ], [ 121.491065305, 31.288288925799975 ], [ 121.490979157999959, 31.288371152900083 ], [ 121.491054524999981, 31.288435532700078 ], [ 121.491065292000144, 31.288444729800062 ], [ 121.491129902000125, 31.288380768299987 ] ] ] } },
{ "type": "Feature", "properties": { "Id": 0, "Floor": 7, "height": 21 }, "geometry": { "type": "Polygon", "coordinates": [ [ [ 121.491829786000153, 31.288447015300051 ], [ 121.491915931999984, 31.288373953500013 ], [ 121.491808264000156, 31.288291147000052 ], [ 121.491754421999985, 31.288336810700116 ], [ 121.491689821000023, 31.288290792700025 ], [ 121.491592906000051, 31.288372987400123 ], [ 121.491679040000122, 31.288446564500077 ], [ 121.491754418000141, 31.288382635400012 ], [ 121.491829786000153, 31.288447015300051 ] ] ] } },
{ "type": "Feature", "properties": { "Id": 0, "Floor": 7, "height": 21 }, "geometry": { "type": "Polygon", "coordinates": [ [ [ 121.491517514000066, 31.288601885300068 ], [ 121.491592892999961, 31.288528791300052 ], [ 121.491495992000068, 31.288446017200101 ], [ 121.491431382000087, 31.288500813600081 ], [ 121.491377550000038, 31.288445663100049 ], [ 121.491280633999963, 31.288537022699984 ], [ 121.491366769000138, 31.288601434600139 ], [ 121.491442147000157, 31.288537505500074 ], [ 121.491517514000066, 31.288601885300068 ] ] ] } },
{ "type": "Feature", "properties": { "Id": 0, "Floor": 7, "height": 21 }, "geometry": { "type": "Polygon", "coordinates": [ [ [ 121.492142030999958, 31.288603753100006 ], [ 121.492217408999977, 31.288539824099985 ], [ 121.49212050899996, 31.288447884900052 ], [ 121.492055899000093, 31.288502681199986 ], [ 121.492002066000055, 31.288447530600024 ], [ 121.49190514999998, 31.288538890000041 ], [ 121.49199128500004, 31.288603302100057 ], [ 121.492055896000011, 31.288539340900002 ], [ 121.492142030999958, 31.288603753100006 ] ] ] } },
{ "type": "Feature", "properties": { "Id": 0, "Floor": 7, "height": 21 }, "geometry": { "type": "Polygon", "coordinates": [ [ [ 121.491205243000081, 31.288756755300085 ], [ 121.491291389000139, 31.288683693500104 ], [ 121.491183721000084, 31.288600887499967 ], [ 121.491129879000027, 31.288655716099981 ], [ 121.491065279000054, 31.28860053350013 ], [ 121.490968364000082, 31.288682728200058 ], [ 121.491054498000153, 31.288756304800017 ], [ 121.491129876000173, 31.288692375700123 ], [ 121.491205243000081, 31.288756755300085 ] ] ] } },
{ "type": "Feature", "properties": { "Id": 0, "Floor": 7, "height": 21 }, "geometry": { "type": "Polygon", "coordinates": [ [ [ 121.491829759999973, 31.288749457600034 ], [ 121.491905138, 31.2886855287 ], [ 121.491808236, 31.288611919499999 ], [ 121.491754394000168, 31.288666748000139 ], [ 121.491679027000032, 31.288602368199975 ], [ 121.491592880000098, 31.288684594800088 ], [ 121.491679014000056, 31.288758171700067 ], [ 121.491754391999962, 31.288694242699989 ], [ 121.491829759999973, 31.288749457600034 ] ] ] } },
{ "type": "Feature", "properties": { "Id": 0, "Floor": 7, "height": 21 }, "geometry": { "type": "Polygon", "coordinates": [ [ [ 121.492012779999982, 31.289079941099999 ], [ 121.492120454999963, 31.289080263300036 ], [ 121.492120470000032, 31.288906130500095 ], [ 121.492012794999937, 31.288905808400045 ], [ 121.49201279, 31.288960797700099 ], [ 121.491937417000031, 31.288960572199983 ], [ 121.491937411000094, 31.289033891300107 ], [ 121.492012784000167, 31.289034116800053 ], [ 121.492012779999982, 31.289079941099999 ] ] ] } },
{ "type": "Feature", "properties": { "Id": 0, "Floor": 7, "height": 21 }, "geometry": { "type": "Polygon", "coordinates": [ [ [ 121.491076015999965, 31.288957996799979 ], [ 121.490709906, 31.289140200699933 ], [ 121.49075297100012, 31.289195318500049 ], [ 121.491119079999976, 31.289022279700077 ], [ 121.491076015999965, 31.288957996799979 ] ] ] } },
{ "type": "Feature", "properties": { "Id": 0, "Floor": 7, "height": 21 }, "geometry": { "type": "Polygon", "coordinates": [ [ [ 121.491711275000057, 31.289244007000036 ], [ 121.491818950000152, 31.289244329100086 ], [ 121.491818965, 31.289070196500006 ], [ 121.491711290000126, 31.289069874500001 ], [ 121.491711285000065, 31.289124863799998 ], [ 121.491635912000106, 31.28912463840004 ], [ 121.491635906000056, 31.289197957299962 ], [ 121.491711279000015, 31.289198182699977 ], [ 121.491711275000057, 31.289244007000036 ] ] ] } },
{ "type": "Feature", "properties": { "Id": 0, "Floor": 7, "height": 21 }, "geometry": { "type": "Polygon", "coordinates": [ [ [ 121.491345188999958, 31.289123769200046 ], [ 121.490979079, 31.289305972400143 ], [ 121.491022143, 31.289370255 ], [ 121.491388252999968, 31.28919721690005 ], [ 121.491345188999958, 31.289123769200046 ] ] ] } },
{ "type": "Feature", "properties": { "Id": 0, "Floor": 7, "height": 21 }, "geometry": { "type": "Polygon", "coordinates": [ [ [ 121.491948151999964, 31.289345528900071 ], [ 121.492055827000058, 31.289345851000121 ], [ 121.492055842000013, 31.289171718700061 ], [ 121.491948167000032, 31.289171396600011 ], [ 121.491948161999971, 31.289226385800077 ], [ 121.491883557000051, 31.289226192599926 ], [ 121.491883551000114, 31.289299511400031 ], [ 121.491948156000149, 31.289299704699999 ], [ 121.491948151999964, 31.289345528900071 ] ] ] } },
{ "type": "Feature", "properties": { "Id": 0, "Floor": 7, "height": 21 }, "geometry": { "type": "Polygon", "coordinates": [ [ [ 121.491711255000041, 31.289473128300131 ], [ 121.491818930000136, 31.289473450300136 ], [ 121.491818945000091, 31.289299318200108 ], [ 121.49171127000011, 31.289298996200102 ], [ 121.491711265000049, 31.289363150200074 ], [ 121.49163589200009, 31.289362924800116 ], [ 121.49163588600004, 31.289436243500006 ], [ 121.491711258000123, 31.289436468900135 ], [ 121.491711255000041, 31.289473128300131 ] ] ] } },
{ "type": "Feature", "properties": { "Id": 0, "Floor": 7, "height": 21 }, "geometry": { "type": "Polygon", "coordinates": [ [ [ 121.491506678000064, 31.289408362700101 ], [ 121.49110827100003, 31.289507985100045 ], [ 121.491129799999953, 31.289581368099959 ], [ 121.491538974000036, 31.289481778000095 ], [ 121.491506678000064, 31.289408362700101 ] ] ] } },
{ "type": "Feature", "properties": { "Id": 0, "Floor": 7, "height": 21 }, "geometry": { "type": "Polygon", "coordinates": [ [ [ 121.492012736, 31.28959317290014 ], [ 121.492120410999974, 31.28959349500002 ], [ 121.492120426000042, 31.289419363099967 ], [ 121.492012750999947, 31.289419040999974 ], [ 121.492012745000125, 31.289483194900129 ], [ 121.491937373000042, 31.289482969400126 ], [ 121.491937366, 31.289556288100016 ], [ 121.492012739000074, 31.289556513600019 ], [ 121.492012736, 31.28959317290014 ] ] ] } },
{ "type": "Feature", "properties": { "Id": 0, "Floor": 7, "height": 21 }, "geometry": { "type": "Polygon", "coordinates": [ [ [ 121.491808139999989, 31.289739198200095 ], [ 121.49191581599996, 31.289739520200101 ], [ 121.491915830000153, 31.289565388500137 ], [ 121.491808155000058, 31.289565066500074 ], [ 121.491808150000111, 31.289629220300071 ], [ 121.491732777000038, 31.289628994900113 ], [ 121.491732770999988, 31.289702313500015 ], [ 121.491808143000071, 31.289702538899974 ], [ 121.491808139999989, 31.289739198200095 ] ] ] } },
{ "type": "Feature", "properties": { "Id": 0, "Floor": 7, "height": 21 }, "geometry": { "type": "Polygon", "coordinates": [ [ [ 121.491603560000044, 31.289711091900017 ], [ 121.491183625999952, 31.289719001400101 ], [ 121.491183620000129, 31.289792319900016 ], [ 121.491603552000129, 31.289793575300052 ], [ 121.491603560000044, 31.289711091900017 ] ] ] } },
{ "type": "Feature", "properties": { "Id": 0, "Floor": 7, "height": 21 }, "geometry": { "type": "Polygon", "coordinates": [ [ [ 121.490268447000176, 31.28905639860011 ], [ 121.489902339000082, 31.289229438600046 ], [ 121.489945403000092, 31.28930288600003 ], [ 121.490311511000073, 31.289120681300005 ], [ 121.490268447000176, 31.28905639860011 ] ] ] } },
{ "type": "Feature", "properties": { "Id": 0, "Floor": 7, "height": 21 }, "geometry": { "type": "Polygon", "coordinates": [ [ [ 121.490623762000041, 31.289185767700076 ], [ 121.490602225999965, 31.289194868300001 ], [ 121.490602219000039, 31.289277352000056 ], [ 121.490666827000155, 31.289240885500021 ], [ 121.490623762000041, 31.289185767700076 ] ] ] } },
{ "type": "Feature", "properties": { "Id": 0, "Floor": 7, "height": 21 }, "geometry": { "type": "Polygon", "coordinates": [ [ [ 121.490602225999965, 31.289194868300001 ], [ 121.490257654000061, 31.289358806900111 ], [ 121.490300717999958, 31.289423089499962 ], [ 121.490602219000039, 31.289277352000056 ], [ 121.490602225999965, 31.289194868300001 ] ] ] } },
{ "type": "Feature", "properties": { "Id": 0, "Floor": 7, "height": 21 }, "geometry": { "type": "Polygon", "coordinates": [ [ [ 121.490139190000036, 31.289615068899991 ], [ 121.490203794000081, 31.289615261800122 ], [ 121.490203787000155, 31.289697745200101 ], [ 121.490332997, 31.289698130899922 ], [ 121.490333006000128, 31.289588153000068 ], [ 121.49026840099998, 31.289587960099993 ], [ 121.490268409, 31.289496311800008 ], [ 121.490139200000044, 31.289495926100017 ], [ 121.490139204000116, 31.289450101900115 ], [ 121.489934624000057, 31.289440326600072 ], [ 121.489934613000059, 31.289568634299997 ], [ 121.490139194000108, 31.289569244800134 ], [ 121.490139190000036, 31.289615068899991 ] ] ] } },
{ "type": "Feature", "properties": { "Id": 0, "Floor": 7, "height": 21 }, "geometry": { "type": "Polygon", "coordinates": [ [ [ 121.490451428000142, 31.289826791899998 ], [ 121.489956126000038, 31.289825313500046 ], [ 121.489956118, 31.289916961599999 ], [ 121.49045142, 31.289918439999951 ], [ 121.490451428000142, 31.289826791899998 ] ] ] } },
{ "type": "Feature", "properties": { "Id": 0, "Floor": 7, "height": 21 }, "geometry": { "type": "Polygon", "coordinates": [ [ [ 121.490602171999967, 31.289827242000058 ], [ 121.49055910200002, 31.289827113400008 ], [ 121.490559095000094, 31.289918761500132 ], [ 121.490602164000052, 31.289918890100012 ], [ 121.490602171999967, 31.289827242000058 ] ] ] } },
{ "type": "Feature", "properties": { "Id": 0, "Floor": 7, "height": 21 }, "geometry": { "type": "Polygon", "coordinates": [ [ [ 121.491043637999951, 31.289837725700011 ], [ 121.490602171999967, 31.289827242000058 ], [ 121.490602164000052, 31.289918890100012 ], [ 121.491043631000025, 31.289920208900014 ], [ 121.491043637999951, 31.289837725700011 ] ] ] } },
{ "type": "Feature", "properties": { "Id": 0, "Floor": 7, "height": 21 }, "geometry": { "type": "Polygon", "coordinates": [ [ [ 121.49045142, 31.289918439999951 ], [ 121.489956118, 31.289916961599999 ], [ 121.48995611600003, 31.289935291200038 ], [ 121.490451418000134, 31.289936769600047 ], [ 121.49045142, 31.289918439999951 ] ] ] } },
{ "type": "Feature", "properties": { "Id": 0, "Floor": 6, "height": 18 }, "geometry": { "type": "Polygon", "coordinates": [ [ [ 121.490720582, 31.290203352300125 ], [ 121.490602139999964, 31.290202998600137 ], [ 121.490602132000163, 31.290294646300026 ], [ 121.490720574999955, 31.290295 ], [ 121.490720582, 31.290203352300125 ] ] ] } },
{ "type": "Feature", "properties": { "Id": 0, "Floor": 6, "height": 18 }, "geometry": { "type": "Polygon", "coordinates": [ [ [ 121.490602139999964, 31.290202998600137 ], [ 121.490440627999988, 31.290202516300042 ], [ 121.490440619999958, 31.290303328800121 ], [ 121.490602132000163, 31.290294646300026 ], [ 121.490602139999964, 31.290202998600137 ] ] ] } },
{ "type": "Feature", "properties": { "Id": 0, "Floor": 7, "height": 21 }, "geometry": { "type": "Polygon", "coordinates": [ [ [ 121.489374702999953, 31.289621953500102 ], [ 121.489374712000085, 31.289521140399984 ], [ 121.489370831588062, 31.289521335264112 ], [ 121.489369227577626, 31.289621937182567 ], [ 121.489374702999953, 31.289621953500102 ] ] ] } },
{ "type": "Feature", "properties": { "Id": 0, "Floor": 7, "height": 21 }, "geometry": { "type": "Polygon", "coordinates": [ [ [ 121.489611576000129, 31.289732637700013 ], [ 121.489794621999977, 31.289733183600049 ], [ 121.489794631000109, 31.289632370499987 ], [ 121.489622351999969, 31.289631856700112 ], [ 121.489622358000133, 31.289567702900001 ], [ 121.489417776999971, 31.289567092900143 ], [ 121.489417766999964, 31.289686235700117 ], [ 121.489611580000087, 31.289686813599985 ], [ 121.489611576000129, 31.289732637700013 ] ] ] } },
{ "type": "Feature", "properties": { "Id": 0, "Floor": 6, "height": 18 }, "geometry": { "type": "Polygon", "coordinates": [ [ [ 121.489773079000088, 31.289833932300098 ], [ 121.48942852100015, 31.289842069600013 ], [ 121.489428514999986, 31.289915388100098 ], [ 121.489773072000162, 31.289916415500102 ], [ 121.489773079000088, 31.289833932300098 ] ] ] } },
{ "type": "Feature", "properties": { "Id": 0, "Floor": 6, "height": 18 }, "geometry": { "type": "Polygon", "coordinates": [ [ [ 121.489773072000162, 31.289916415500102 ], [ 121.489428514999986, 31.289915388100098 ], [ 121.489428512000018, 31.2899428825001 ], [ 121.489773069999956, 31.289934745100027 ], [ 121.489773072000162, 31.289916415500102 ] ] ] } },
{ "type": "Feature", "properties": { "Id": 0, "Floor": 7, "height": 21 }, "geometry": { "type": "Polygon", "coordinates": [ [ [ 121.489708429999951, 31.290346967600044 ], [ 121.489708439999959, 31.290236990400103 ], [ 121.489359346572456, 31.290241663870685 ], [ 121.48935758296706, 31.290352275424166 ], [ 121.489708429999951, 31.290346967600044 ] ] ] } },
{ "type": "Feature", "properties": { "Id": 0, "Floor": 7, "height": 21 }, "geometry": { "type": "Polygon", "coordinates": [ [ [ 121.492012707999947, 31.289923106300023 ], [ 121.492012720000162, 31.28978563420003 ], [ 121.491905043999964, 31.28978531209998 ], [ 121.491905039000017, 31.28984030099997 ], [ 121.491829667000047, 31.289840075500024 ], [ 121.491829660000121, 31.289922558800015 ], [ 121.491905031999977, 31.289922784199973 ], [ 121.492012707999947, 31.289923106300023 ] ] ] } },
{ "type": "Feature", "properties": { "Id": 0, "Floor": 7, "height": 21 }, "geometry": { "type": "Polygon", "coordinates": [ [ [ 121.492012707999947, 31.289923106300023 ], [ 121.491905031999977, 31.289922784199973 ], [ 121.491905029, 31.289959443400107 ], [ 121.492012705000093, 31.289959765499987 ], [ 121.492012707999947, 31.289923106300023 ] ] ] } },
{ "type": "Feature", "properties": { "Id": 0, "Floor": 4, "height": 12 }, "geometry": { "type": "Polygon", "coordinates": [ [ [ 121.491022070000099, 31.290231747300083 ], [ 121.490752882000038, 31.290230943099971 ], [ 121.490752875000112, 31.290313426099999 ], [ 121.491022061999956, 31.290314230300055 ], [ 121.491022070000099, 31.290231747300083 ] ] ] } },
{ "type": "Feature", "properties": { "Id": 0, "Floor": 8, "height": 24 }, "geometry": { "type": "Polygon", "coordinates": [ [ [ 121.491129733999969, 31.290351211100017 ], [ 121.490892849000147, 31.290350503299976 ], [ 121.490892839462461, 31.29046413684334 ], [ 121.49112972428901, 31.290466909194731 ], [ 121.491129733999969, 31.290351211100017 ] ] ] } },
{ "type": "Feature", "properties": { "Id": 0, "Floor": 3, "height": 9 }, "geometry": { "type": "Polygon", "coordinates": [ [ [ 121.491258934402367, 31.290468421388834 ], [ 121.491635796967387, 31.290472831951856 ], [ 121.491635810000048, 31.290316064900082 ], [ 121.491215877000059, 31.290314809500046 ], [ 121.491215873000101, 31.290369798100016 ], [ 121.491258943000048, 31.290369926800111 ], [ 121.491258934402367, 31.290468421388834 ] ] ] } },
{ "type": "Feature", "properties": { "Id": 0, "Floor": 6, "height": 18 }, "geometry": { "type": "Polygon", "coordinates": [ [ [ 121.491904993000048, 31.290390188000117 ], [ 121.49207727299995, 31.290390703400078 ], [ 121.492077281000093, 31.290299055700018 ], [ 121.491808093000031, 31.29029825050003 ], [ 121.491808077299197, 31.290474848212774 ], [ 121.491904985340867, 31.290475982363695 ], [ 121.491904993000048, 31.290390188000117 ] ] ] } },
{ "type": "Feature", "properties": { "Id": 0, "Floor": 16, "height": 48 }, "geometry": { "type": "Polygon", "coordinates": [ [ [ 121.492454134000127, 31.29043765480003 ], [ 121.492389528000103, 31.290437461500062 ], [ 121.492389536000132, 31.290345813899989 ], [ 121.49215264999998, 31.290345105100016 ], [ 121.492152642000065, 31.290436752699918 ], [ 121.492088037000144, 31.290436559400007 ], [ 121.492088033289363, 31.290478124642043 ], [ 121.492454130004631, 31.290482409208312 ], [ 121.492454134000127, 31.29043765480003 ] ] ] } },
{ "type": "Feature", "properties": { "Id": 0, "Floor": 6, "height": 18 }, "geometry": { "type": "Polygon", "coordinates": [ [ [ 121.504700672463116, 31.27669493564591 ], [ 121.504701763325784, 31.276625826063839 ], [ 121.504461169000137, 31.276459677999981 ], [ 121.504385791000118, 31.276541948400109 ], [ 121.50438578700016, 31.276587778299984 ], [ 121.504644189000032, 31.276753531600093 ], [ 121.504700672463116, 31.27669493564591 ] ] ] } },
{ "type": "Feature", "properties": { "Id": 0, "Floor": 7, "height": 21 }, "geometry": { "type": "Polygon", "coordinates": [ [ [ 121.504579577999948, 31.276835833800021 ], [ 121.504385777000152, 31.276697769900125 ], [ 121.504385765000166, 31.276844425299942 ], [ 121.504493432000118, 31.276918072000058 ], [ 121.504579577999948, 31.276835833800021 ] ] ] } },
{ "type": "Feature", "properties": { "Id": 0, "Floor": 6, "height": 18 }, "geometry": { "type": "Polygon", "coordinates": [ [ [ 121.504611871999941, 31.276927589000081 ], [ 121.504695564811982, 31.277018521415751 ], [ 121.504698008787926, 31.276863687850476 ], [ 121.504611871999941, 31.276927589000081 ] ] ] } },
{ "type": "Feature", "properties": { "Id": 0, "Floor": 6, "height": 18 }, "geometry": { "type": "Polygon", "coordinates": [ [ [ 121.50453649300016, 31.277019025000016 ], [ 121.504450348999967, 31.277073765400132 ], [ 121.504665676000059, 31.277312717500024 ], [ 121.504691186465237, 31.277295903457688 ], [ 121.504693045058914, 31.277178155701012 ], [ 121.50453649300016, 31.277019025000016 ] ] ] } },
{ "type": "Feature", "properties": { "Id": 0, "Floor": 7, "height": 21 }, "geometry": { "type": "Polygon", "coordinates": [ [ [ 121.504396502999953, 31.277192762799984 ], [ 121.504385735000142, 31.277201896800022 ], [ 121.504385722000052, 31.277348551499927 ], [ 121.504685507186593, 31.277655703629367 ], [ 121.50468815249387, 31.277488115090492 ], [ 121.504396502999953, 31.277192762799984 ] ] ] } },
{ "type": "Feature", "properties": { "Id": 0, "Floor": 7, "height": 21 }, "geometry": { "type": "Polygon", "coordinates": [ [ [ 121.504633329000058, 31.277835077400027 ], [ 121.50440723600002, 31.277596094500097 ], [ 121.504385700000057, 31.277614362500003 ], [ 121.504385690000049, 31.27772435300011 ], [ 121.504547184999979, 31.277898983199975 ], [ 121.504633329000058, 31.277835077400027 ] ] ] } },
{ "type": "Feature", "properties": { "Id": 0, "Floor": 7, "height": 21 }, "geometry": { "type": "Polygon", "coordinates": [ [ [ 121.504611760999978, 31.278229145100113 ], [ 121.504676365000023, 31.27822933650009 ], [ 121.504654833000018, 31.278201775199989 ], [ 121.504611760999978, 31.278229145100113 ] ] ] } },
{ "type": "Feature", "properties": { "Id": 0, "Floor": 7, "height": 21 }, "geometry": { "type": "Polygon", "coordinates": [ [ [ 121.504676365000023, 31.27822933650009 ], [ 121.504611760999978, 31.278229145100113 ], [ 121.504547154000079, 31.27827478279994 ], [ 121.504673665043455, 31.278405940655951 ], [ 121.504676451271763, 31.278229424326184 ], [ 121.504676365000023, 31.27822933650009 ] ] ] } },
{ "type": "Feature", "properties": { "Id": 0, "Floor": 7, "height": 21 }, "geometry": { "type": "Polygon", "coordinates": [ [ [ 121.504668222180996, 31.278750763118296 ], [ 121.504670416972118, 31.278611716194625 ], [ 121.504417936999971, 31.278375223900014 ], [ 121.50438563299997, 31.278402625599938 ], [ 121.504385622999962, 31.278512615299974 ], [ 121.504654785999946, 31.27876088950012 ], [ 121.504668222180996, 31.278750763118296 ] ] ] } },
{ "type": "Feature", "properties": { "Id": 0, "Floor": 7, "height": 21 }, "geometry": { "type": "Polygon", "coordinates": [ [ [ 121.504568632999963, 31.278925618299922 ], [ 121.504482489, 31.278989523400014 ], [ 121.504661680404666, 31.279165205231514 ], [ 121.504664083452198, 31.279012964609443 ], [ 121.504568632999963, 31.278925618299922 ] ] ] } },
{ "type": "Feature", "properties": { "Id": 0, "Floor": 7, "height": 21 }, "geometry": { "type": "Polygon", "coordinates": [ [ [ 121.504514756000049, 31.27940207770007 ], [ 121.504428612000083, 31.279465982400097 ], [ 121.504653665429004, 31.279672979157489 ], [ 121.504655892445655, 31.279531890645991 ], [ 121.504514756000049, 31.27940207770007 ] ] ] } },
{ "type": "Feature", "properties": { "Id": 0, "Floor": 7, "height": 21 }, "geometry": { "type": "Polygon", "coordinates": [ [ [ 121.504611612999952, 31.279979804100094 ], [ 121.504407050000054, 31.279786718399976 ], [ 121.504385513999978, 31.2798049859 ], [ 121.504385504999959, 31.279905808500075 ], [ 121.504536236000035, 31.280043740500105 ], [ 121.504611612999952, 31.279979804100094 ] ] ] } },
{ "type": "Feature", "properties": { "Id": 0, "Floor": 6, "height": 18 }, "geometry": { "type": "Polygon", "coordinates": [ [ [ 121.50461159800011, 31.280153951800116 ], [ 121.50464568617511, 31.280178489997098 ], [ 121.504646647403604, 31.280117593147708 ], [ 121.50461159800011, 31.280153951800116 ] ] ] } },
{ "type": "Feature", "properties": { "Id": 0, "Floor": 7, "height": 21 }, "geometry": { "type": "Polygon", "coordinates": [ [ [ 121.504640294924485, 31.280520042686476 ], [ 121.504640756224561, 31.280490817875705 ], [ 121.504482382, 31.280254391100016 ], [ 121.504385471999967, 31.280299932099979 ], [ 121.504385469999988, 31.280318263399977 ], [ 121.504546958000105, 31.280575380000016 ], [ 121.504640294924485, 31.280520042686476 ] ] ] } },
{ "type": "Feature", "properties": { "Id": 0, "Floor": 6, "height": 18 }, "geometry": { "type": "Polygon", "coordinates": [ [ [ 121.504611558999954, 31.280612233900001 ], [ 121.504557717000125, 31.280676233699978 ], [ 121.504636944765366, 31.280732285807506 ], [ 121.504638548336999, 31.280630694499251 ], [ 121.504611558999954, 31.280612233900001 ] ] ] } },
{ "type": "Feature", "properties": { "Id": 0, "Floor": 7, "height": 21 }, "geometry": { "type": "Polygon", "coordinates": [ [ [ 121.504385427999978, 31.280813207200083 ], [ 121.504557682000041, 31.281088685600139 ], [ 121.504631939251155, 31.281049400882484 ], [ 121.504632347518012, 31.281023535892341 ], [ 121.504482338, 31.280767666399981 ], [ 121.504525409000166, 31.280749462900076 ], [ 121.504460814000026, 31.280639284000131 ], [ 121.504385439999965, 31.280675723100046 ], [ 121.504385434000028, 31.280749047999961 ], [ 121.504417731999979, 31.280794971800049 ], [ 121.504385427999978, 31.280813207200083 ] ] ] } },
{ "type": "Feature", "properties": { "Id": 0, "Floor": 7, "height": 21 }, "geometry": { "type": "Polygon", "coordinates": [ [ [ 121.504385378000165, 31.281408969800054 ], [ 121.504385368000044, 31.281518956299919 ], [ 121.504626001776415, 31.281425558588527 ], [ 121.504627778950962, 31.28131296898885 ], [ 121.504385378000165, 31.281408969800054 ] ] ] } },
{ "type": "Feature", "properties": { "Id": 0, "Floor": 8, "height": 24 }, "geometry": { "type": "Polygon", "coordinates": [ [ [ 121.504482260000032, 31.281684223199989 ], [ 121.504557618000035, 31.281840260400088 ], [ 121.504619852903446, 31.281815109037492 ], [ 121.504622751253606, 31.281631489435608 ], [ 121.504482260000032, 31.281684223199989 ] ] ] } },
{ "type": "Feature", "properties": { "Id": 0, "Floor": 8, "height": 24 }, "geometry": { "type": "Polygon", "coordinates": [ [ [ 121.504503775999979, 31.281913424999971 ], [ 121.50438533, 31.281968066900049 ], [ 121.504385317000128, 31.282123880300048 ], [ 121.50456836900014, 31.282032767899977 ], [ 121.504503775999979, 31.281913424999971 ] ] ] } },
{ "type": "Feature", "properties": { "Id": 0, "Floor": 8, "height": 24 }, "geometry": { "type": "Polygon", "coordinates": [ [ [ 121.504536054000027, 31.282188485500001 ], [ 121.504579116000059, 31.282280268000022 ], [ 121.504612734862434, 31.28226605933089 ], [ 121.504614541512538, 31.282151602362426 ], [ 121.504536054000027, 31.282188485500001 ] ] ] } },
{ "type": "Feature", "properties": { "Id": 0, "Floor": 8, "height": 24 }, "geometry": { "type": "Polygon", "coordinates": [ [ [ 121.504492981000112, 31.282234185300069 ], [ 121.504385305000142, 31.282270528000083 ], [ 121.504385297000113, 31.282362182800114 ], [ 121.504536043000144, 31.282316802200057 ], [ 121.504492981000112, 31.282234185300069 ] ] ] } },
{ "type": "Feature", "properties": { "Id": 0, "Floor": 8, "height": 24 }, "geometry": { "type": "Polygon", "coordinates": [ [ [ 121.504608625035161, 31.28252642981974 ], [ 121.504610381139557, 31.282415175080509 ], [ 121.504385285000126, 31.28249966470014 ], [ 121.504385280999941, 31.282545492000111 ], [ 121.504417579000119, 31.282600580400072 ], [ 121.504608625035161, 31.28252642981974 ] ] ] } },
{ "type": "Feature", "properties": { "Id": 0, "Floor": 8, "height": 24 }, "geometry": { "type": "Polygon", "coordinates": [ [ [ 121.504471405000118, 31.282719890700037 ], [ 121.50452523499996, 31.28280253920002 ], [ 121.50460475394533, 31.282771675540598 ], [ 121.50460642433724, 31.282665850956917 ], [ 121.504471405000118, 31.282719890700037 ] ] ] } },
{ "type": "Feature", "properties": { "Id": 0, "Floor": 16, "height": 48 }, "geometry": { "type": "Polygon", "coordinates": [ [ [ 121.504589829, 31.282921881100094 ], [ 121.504602382433319, 31.282921918287521 ], [ 121.50460245619351, 31.282917245347225 ], [ 121.504589829, 31.282921881100094 ] ] ] } },
{ "type": "Feature", "properties": { "Id": 0, "Floor": 5, "height": 15 }, "geometry": { "type": "Polygon", "coordinates": [ [ [ 121.496836581200228, 31.276216758651284 ], [ 121.496774019443848, 31.27621602676717 ], [ 121.496708552999962, 31.276271555099981 ], [ 121.497063859000036, 31.276584263200107 ], [ 121.497150008000176, 31.276492861500003 ], [ 121.496836581200228, 31.276216758651284 ] ] ] } },
{ "type": "Feature", "properties": { "Id": 0, "Floor": 6, "height": 18 }, "geometry": { "type": "Polygon", "coordinates": [ [ [ 121.499474274435414, 31.276247615933546 ], [ 121.499342647827618, 31.276246076088302 ], [ 121.499421992999942, 31.276325508500122 ], [ 121.499497370999961, 31.276270737900006 ], [ 121.499474274435414, 31.276247615933546 ] ] ] } },
{ "type": "Feature", "properties": { "Id": 0, "Floor": 7, "height": 21 }, "geometry": { "type": "Polygon", "coordinates": [ [ [ 121.499982961452446, 31.276253566852578 ], [ 121.499762751433835, 31.276250990706643 ], [ 121.499938830000019, 31.276418713599924 ], [ 121.500068048, 31.276336605800111 ], [ 121.499982961452446, 31.276253566852578 ] ] ] } },
{ "type": "Feature", "properties": { "Id": 0, "Floor": 2, "height": 6 }, "geometry": { "type": "Polygon", "coordinates": [ [ [ 121.500704600171176, 31.276262009005492 ], [ 121.500604421709767, 31.276260837059105 ], [ 121.500800234000053, 31.276439618599966 ], [ 121.500854076, 31.276393949400017 ], [ 121.500704600171176, 31.276262009005492 ] ] ] } },
{ "type": "Feature", "properties": { "Id": 0, "Floor": 9, "height": 27 }, "geometry": { "type": "Polygon", "coordinates": [ [ [ 121.50057442137971, 31.276260486097652 ], [ 121.500368296869809, 31.276258074732258 ], [ 121.50068178000015, 31.276567588700118 ], [ 121.500789464000036, 31.27646708440011 ], [ 121.50057442137971, 31.276260486097652 ] ] ] } },
{ "type": "Feature", "properties": { "Id": 0, "Floor": 4, "height": 12 }, "geometry": { "type": "Polygon", "coordinates": [ [ [ 121.498409843, 31.276249152200023 ], [ 121.498427183370154, 31.27623536644823 ], [ 121.49839324145411, 31.276234969375793 ], [ 121.498409843, 31.276249152200023 ] ] ] } },
{ "type": "Feature", "properties": { "Id": 0, "Floor": 7, "height": 21 }, "geometry": { "type": "Polygon", "coordinates": [ [ [ 121.498872847000143, 31.276296367799944 ], [ 121.498872851463432, 31.276240580134935 ], [ 121.498813003631298, 31.276239879999899 ], [ 121.498872847000143, 31.276296367799944 ] ] ] } },
{ "type": "Feature", "properties": { "Id": 0, "Floor": 6, "height": 18 }, "geometry": { "type": "Polygon", "coordinates": [ [ [ 121.499234060768245, 31.276244805773203 ], [ 121.499091072751526, 31.27624313301553 ], [ 121.499260472000174, 31.276407519400038 ], [ 121.499335849999966, 31.27634358290004 ], [ 121.499234060768245, 31.276244805773203 ] ] ] } },
{ "type": "Feature", "properties": { "Id": 0, "Floor": 7, "height": 21 }, "geometry": { "type": "Polygon", "coordinates": [ [ [ 121.499185094000154, 31.276462289899996 ], [ 121.498957961038656, 31.276241575796654 ], [ 121.498872851463432, 31.276240580134935 ], [ 121.498872847000143, 31.276296367799944 ], [ 121.499098947999983, 31.276517028099931 ], [ 121.499185094000154, 31.276462289899996 ] ] ] } },
{ "type": "Feature", "properties": { "Id": 0, "Floor": 7, "height": 21 }, "geometry": { "type": "Polygon", "coordinates": [ [ [ 121.498574697174547, 31.27623709215122 ], [ 121.498500720564195, 31.276236226729448 ], [ 121.498463679, 31.276267645400026 ], [ 121.498872817, 31.276644675199975 ], [ 121.498872828000117, 31.276516351600037 ], [ 121.498574697174547, 31.27623709215122 ] ] ] } },
{ "type": "Feature", "properties": { "Id": 0, "Floor": 7, "height": 21 }, "geometry": { "type": "Polygon", "coordinates": [ [ [ 121.498269858000072, 31.276312895200022 ], [ 121.498194480000052, 31.276367665499947 ], [ 121.498388281999951, 31.276551565400098 ], [ 121.49846365999997, 31.276487629200119 ], [ 121.498269858000072, 31.276312895200022 ] ] ] } },
{ "type": "Feature", "properties": { "Id": 0, "Floor": 7, "height": 21 }, "geometry": { "type": "Polygon", "coordinates": [ [ [ 121.49966965200008, 31.276280418999988 ], [ 121.499583505000146, 31.276344323399996 ], [ 121.499766539, 31.276528190400029 ], [ 121.499852685000064, 31.276464286000021 ], [ 121.49966965200008, 31.276280418999988 ] ] ] } },
{ "type": "Feature", "properties": { "Id": 0, "Floor": 7, "height": 21 }, "geometry": { "type": "Polygon", "coordinates": [ [ [ 121.500229562999948, 31.276318756400087 ], [ 121.500154185000156, 31.276382693100118 ], [ 121.500498719, 31.27671369760003 ], [ 121.500584865000064, 31.276649793100034 ], [ 121.500229562999948, 31.276318756400087 ] ] ] } },
{ "type": "Feature", "properties": { "Id": 0, "Floor": 7, "height": 21 }, "geometry": { "type": "Polygon", "coordinates": [ [ [ 121.499475824, 31.276408163400106 ], [ 121.499400445999981, 31.276462933900063 ], [ 121.499594246000015, 31.276655998999956 ], [ 121.499669625000024, 31.276592062600002 ], [ 121.499475824, 31.276408163400106 ] ] ] } },
{ "type": "Feature", "properties": { "Id": 0, "Floor": 5, "height": 15 }, "geometry": { "type": "Polygon", "coordinates": [ [ [ 121.500024963999977, 31.276492298900109 ], [ 121.499949585999957, 31.276556235499925 ], [ 121.500218754, 31.276813686900027 ], [ 121.500294132000022, 31.276749750400029 ], [ 121.500024963999977, 31.276492298900109 ] ] ] } },
{ "type": "Feature", "properties": { "Id": 0, "Floor": 7, "height": 21 }, "geometry": { "type": "Polygon", "coordinates": [ [ [ 121.499228162, 31.276489916600042 ], [ 121.499142015000075, 31.276553820800018 ], [ 121.49959421899996, 31.276976807400104 ], [ 121.499680365000017, 31.276912903300115 ], [ 121.499228162, 31.276489916600042 ] ] ] } },
{ "type": "Feature", "properties": { "Id": 0, "Floor": 4, "height": 12 }, "geometry": { "type": "Polygon", "coordinates": [ [ [ 121.500649467000017, 31.276686649900114 ], [ 121.50058486, 31.276704788900076 ], [ 121.500606388000165, 31.276796512800047 ], [ 121.500670995000064, 31.276778373800028 ], [ 121.500649467000017, 31.276686649900114 ] ] ] } },
{ "type": "Feature", "properties": { "Id": 0, "Floor": 6, "height": 18 }, "geometry": { "type": "Polygon", "coordinates": [ [ [ 121.499260431000039, 31.276884149800082 ], [ 121.499185053000019, 31.276938920000021 ], [ 121.499368087000107, 31.277122786199982 ], [ 121.499443466, 31.277058850099991 ], [ 121.499260431000039, 31.276884149800082 ] ] ] } },
{ "type": "Feature", "properties": { "Id": 0, "Floor": 5, "height": 15 }, "geometry": { "type": "Polygon", "coordinates": [ [ [ 121.500100276000012, 31.277216634200101 ], [ 121.500089507000098, 31.27723493389999 ], [ 121.500229473, 31.277382006700009 ], [ 121.500326386999973, 31.277308968900002 ], [ 121.500186420999967, 31.27716189610004 ], [ 121.50019719, 31.277152762299977 ], [ 121.500089523000156, 31.277042449400028 ], [ 121.500132596999947, 31.276996748500039 ], [ 121.499777296000161, 31.276656546200115 ], [ 121.499691148000124, 31.276738782400002 ], [ 121.500035683000078, 31.277069786400034 ], [ 121.49999260900006, 31.27710632140014 ], [ 121.500100276000012, 31.277216634200101 ] ] ] } },
{ "type": "Feature", "properties": { "Id": 0, "Floor": 7, "height": 21 }, "geometry": { "type": "Polygon", "coordinates": [ [ [ 121.500692529000048, 31.276787604099979 ], [ 121.500574081999957, 31.276833080199992 ], [ 121.500810925999986, 31.277337913599979 ], [ 121.500929372999963, 31.277292437600124 ], [ 121.500692529000048, 31.276787604099979 ] ] ] } },
{ "type": "Feature", "properties": { "Id": 0, "Floor": 7, "height": 21 }, "geometry": { "type": "Polygon", "coordinates": [ [ [ 121.500412563000168, 31.276896759400017 ], [ 121.500304883000013, 31.27694226750009 ], [ 121.500541727000041, 31.277447100700044 ], [ 121.500649407000083, 31.277401592700016 ], [ 121.500412563000168, 31.276896759400017 ] ] ] } },
{ "type": "Feature", "properties": { "Id": 0, "Floor": 7, "height": 21 }, "geometry": { "type": "Polygon", "coordinates": [ [ [ 121.498108332000015, 31.276440735499989 ], [ 121.498022186000071, 31.276504639500104 ], [ 121.498215988000084, 31.276688539200052 ], [ 121.498302134000141, 31.276633801300136 ], [ 121.498108332000015, 31.276440735499989 ] ] ] } },
{ "type": "Feature", "properties": { "Id": 0, "Floor": 7, "height": 21 }, "geometry": { "type": "Polygon", "coordinates": [ [ [ 121.498980496000058, 31.276617499500048 ], [ 121.498872828000117, 31.276516351600037 ], [ 121.498872817, 31.276644675199975 ], [ 121.498905118000039, 31.276672269799974 ], [ 121.498980496000058, 31.276617499500048 ] ] ] } },
{ "type": "Feature", "properties": { "Id": 0, "Floor": 6, "height": 18 }, "geometry": { "type": "Polygon", "coordinates": [ [ [ 121.49850672599996, 31.276542754000104 ], [ 121.49843134799994, 31.276597524200042 ], [ 121.498625150999942, 31.276772257600044 ], [ 121.498689761000151, 31.276717455200128 ], [ 121.49850672599996, 31.276542754000104 ] ] ] } },
{ "type": "Feature", "properties": { "Id": 0, "Floor": 6, "height": 18 }, "geometry": { "type": "Polygon", "coordinates": [ [ [ 121.49902356400014, 31.276645126200094 ], [ 121.498937416999979, 31.276709030300026 ], [ 121.499131219999981, 31.27688376330002 ], [ 121.499206598, 31.276828993000095 ], [ 121.49902356400014, 31.276645126200094 ] ] ] } },
{ "type": "Feature", "properties": { "Id": 0, "Floor": 6, "height": 18 }, "geometry": { "type": "Polygon", "coordinates": [ [ [ 121.498334432999968, 31.276670561900005 ], [ 121.498259054000073, 31.276734498 ], [ 121.498452857000075, 31.27690923130001 ], [ 121.498528235000094, 31.27685446120006 ], [ 121.498334432999968, 31.276670561900005 ] ] ] } },
{ "type": "Feature", "properties": { "Id": 0, "Floor": 6, "height": 18 }, "geometry": { "type": "Polygon", "coordinates": [ [ [ 121.498840500000028, 31.276809565899953 ], [ 121.49875435499996, 31.276864303800039 ], [ 121.498872788999961, 31.276974649600106 ], [ 121.498872800000072, 31.276846326300017 ], [ 121.498840500000028, 31.276809565899953 ] ] ] } },
{ "type": "Feature", "properties": { "Id": 0, "Floor": 6, "height": 18 }, "geometry": { "type": "Polygon", "coordinates": [ [ [ 121.499012766999954, 31.276984234300073 ], [ 121.498872800000072, 31.276846326300017 ], [ 121.498872788999961, 31.276974649600106 ], [ 121.498937389000162, 31.277039004400024 ], [ 121.499012766999954, 31.276984234300073 ] ] ] } },
{ "type": "Feature", "properties": { "Id": 0, "Floor": 4, "height": 12 }, "geometry": { "type": "Polygon", "coordinates": [ [ [ 121.498711282000045, 31.276891672800105 ], [ 121.498625134, 31.276964742600114 ], [ 121.498872770000048, 31.277203797800098 ], [ 121.498872784000014, 31.277038811100056 ], [ 121.498711282000045, 31.276891672800105 ] ] ] } },
{ "type": "Feature", "properties": { "Id": 0, "Floor": 6, "height": 18 }, "geometry": { "type": "Polygon", "coordinates": [ [ [ 121.498603598000159, 31.276983009999924 ], [ 121.498549755999989, 31.277028678500017 ], [ 121.498765091000109, 31.27723097339998 ], [ 121.498829700999977, 31.277185337100093 ], [ 121.498603598000159, 31.276983009999924 ] ] ] } },
{ "type": "Feature", "properties": { "Id": 0, "Floor": 4, "height": 12 }, "geometry": { "type": "Polygon", "coordinates": [ [ [ 121.499055818000102, 31.277213511400134 ], [ 121.498872784000014, 31.277038811100056 ], [ 121.498872770000048, 31.277203797800098 ], [ 121.498969670000065, 31.277295746899995 ], [ 121.499055818000102, 31.277213511400134 ] ] ] } },
{ "type": "Feature", "properties": { "Id": 0, "Floor": 19, "height": 57 }, "geometry": { "type": "Polygon", "coordinates": [ [ [ 121.496202433, 31.276737503800064 ], [ 121.49614859899998, 31.276691512600053 ], [ 121.496213209999951, 31.276636710400112 ], [ 121.496148610000091, 31.276563189099932 ], [ 121.496116304999987, 31.276581424200117 ], [ 121.49611628699995, 31.276801407399944 ], [ 121.496202433, 31.276737503800064 ] ] ] } },
{ "type": "Feature", "properties": { "Id": 0, "Floor": 7, "height": 21 }, "geometry": { "type": "Polygon", "coordinates": [ [ [ 121.496460857999978, 31.276729112100099 ], [ 121.496191648000035, 31.276948288399979 ], [ 121.496299315999977, 31.277040270400107 ], [ 121.496579293000082, 31.276830292499994 ], [ 121.496460857999978, 31.276729112100099 ] ] ] } },
{ "type": "Feature", "properties": { "Id": 0, "Floor": 2, "height": 6 }, "geometry": { "type": "Polygon", "coordinates": [ [ [ 121.497731415000089, 31.27702622860005 ], [ 121.497699110000099, 31.277053629600061 ], [ 121.497849845000019, 31.277191569999957 ], [ 121.497892918000161, 31.277164201199923 ], [ 121.497731415000089, 31.27702622860005 ] ] ] } },
{ "type": "Feature", "properties": { "Id": 0, "Floor": 13, "height": 39 }, "geometry": { "type": "Polygon", "coordinates": [ [ [ 121.497203775000116, 31.27732712369999 ], [ 121.497106858000166, 31.277418492499976 ], [ 121.497419096000044, 31.277703570300105 ], [ 121.497526779000168, 31.277621399899999 ], [ 121.497203775000116, 31.27732712369999 ] ] ] } },
{ "type": "Feature", "properties": { "Id": 0, "Floor": 7, "height": 21 }, "geometry": { "type": "Polygon", "coordinates": [ [ [ 121.496869956000069, 31.277582768900118 ], [ 121.496966870000051, 31.277518898000039 ], [ 121.496773069000142, 31.277325833500015 ], [ 121.496471553999982, 31.27756324350014 ], [ 121.496751488000086, 31.277866556100037 ], [ 121.496988389999956, 31.277702280199946 ], [ 121.496869956000069, 31.277582768900118 ] ] ] } },
{ "type": "Feature", "properties": { "Id": 0, "Floor": 13, "height": 39 }, "geometry": { "type": "Polygon", "coordinates": [ [ [ 121.497214517999964, 31.277611298800139 ], [ 121.497042223999983, 31.277748270800089 ], [ 121.497149893000028, 31.27784025210002 ], [ 121.49731141999996, 31.277694081999982 ], [ 121.497214517999964, 31.277611298800139 ] ] ] } },
{ "type": "Feature", "properties": { "Id": 0, "Floor": 2, "height": 6 }, "geometry": { "type": "Polygon", "coordinates": [ [ [ 121.496245416000079, 31.277773381200063 ], [ 121.496116198999971, 31.277837154999986 ], [ 121.496116192000045, 31.277910481900108 ], [ 121.496277714000144, 31.277828473099987 ], [ 121.496245416000079, 31.277773381200063 ] ] ] } },
{ "type": "Feature", "properties": { "Id": 0, "Floor": 5, "height": 15 }, "geometry": { "type": "Polygon", "coordinates": [ [ [ 121.497602146000077, 31.277704118599956 ], [ 121.497408313000165, 31.277886855400084 ], [ 121.497612882000112, 31.278070785199986 ], [ 121.497892849999971, 31.277961633400025 ], [ 121.497602146000077, 31.277704118599956 ] ] ] } },
{ "type": "Feature", "properties": { "Id": 0, "Floor": 8, "height": 24 }, "geometry": { "type": "Polygon", "coordinates": [ [ [ 121.496557680000024, 31.27774681919999 ], [ 121.496148487000141, 31.278011403100038 ], [ 121.496213086000125, 31.278094089299998 ], [ 121.496633047000159, 31.277820371900134 ], [ 121.496557680000024, 31.27774681919999 ] ] ] } },
{ "type": "Feature", "properties": { "Id": 0, "Floor": 4, "height": 12 }, "geometry": { "type": "Polygon", "coordinates": [ [ [ 121.496859162999954, 31.277876044600021 ], [ 121.496740713000122, 31.277949016600019 ], [ 121.496773010000084, 31.278022440200004 ], [ 121.496902226999964, 31.277958666300037 ], [ 121.496859162999954, 31.277876044600021 ] ] ] } },
{ "type": "Feature", "properties": { "Id": 0, "Floor": 6, "height": 18 }, "geometry": { "type": "Polygon", "coordinates": [ [ [ 121.498463607999952, 31.277101748200039 ], [ 121.498398999000074, 31.277147384400109 ], [ 121.498614333999967, 31.277349679099984 ], [ 121.498678944000062, 31.277294877000088 ], [ 121.498463607999952, 31.277101748200039 ] ] ] } },
{ "type": "Feature", "properties": { "Id": 0, "Floor": 6, "height": 18 }, "geometry": { "type": "Polygon", "coordinates": [ [ [ 121.498851222999974, 31.277332056200066 ], [ 121.498872756999958, 31.277350452400015 ], [ 121.49887276000004, 31.277313788800029 ], [ 121.498851222999974, 31.277332056200066 ] ] ] } },
{ "type": "Feature", "properties": { "Id": 0, "Floor": 6, "height": 18 }, "geometry": { "type": "Polygon", "coordinates": [ [ [ 121.498312853000016, 31.277202122099993 ], [ 121.498248243000148, 31.277247758300007 ], [ 121.498463577000052, 31.277468384700001 ], [ 121.498538955000072, 31.277413614900127 ], [ 121.498312853000016, 31.277202122099993 ] ] ] } },
{ "type": "Feature", "properties": { "Id": 0, "Floor": 6, "height": 18 }, "geometry": { "type": "Polygon", "coordinates": [ [ [ 121.499131167999963, 31.277488714100059 ], [ 121.498915834000059, 31.277277254000126 ], [ 121.49887276000004, 31.277313788800029 ], [ 121.498872756999958, 31.277350452400015 ], [ 121.499055791000046, 31.277534318000107 ], [ 121.499131167999963, 31.277488714100059 ] ] ] } },
{ "type": "Feature", "properties": { "Id": 0, "Floor": 6, "height": 18 }, "geometry": { "type": "Polygon", "coordinates": [ [ [ 121.49817286300015, 31.277320859899987 ], [ 121.498108254000044, 31.277366496100058 ], [ 121.498312822000116, 31.277568758200118 ], [ 121.498377431, 31.27752312220008 ], [ 121.49817286300015, 31.277320859899987 ] ] ] } },
{ "type": "Feature", "properties": { "Id": 0, "Floor": 6, "height": 18 }, "geometry": { "type": "Polygon", "coordinates": [ [ [ 121.498765078000019, 31.277386793900121 ], [ 121.498700467000049, 31.277441595900029 ], [ 121.498872734999964, 31.277607097500038 ], [ 121.498872744999971, 31.277487940900073 ], [ 121.498765078000019, 31.277386793900121 ] ] ] } },
{ "type": "Feature", "properties": { "Id": 0, "Floor": 6, "height": 18 }, "geometry": { "type": "Polygon", "coordinates": [ [ [ 121.498980413000027, 31.277589087899969 ], [ 121.498872744999971, 31.277487940900073 ], [ 121.498872734999964, 31.277607097500038 ], [ 121.498915803000159, 31.277643889900105 ], [ 121.498980413000027, 31.277589087899969 ] ] ] } },
{ "type": "Feature", "properties": { "Id": 0, "Floor": 6, "height": 18 }, "geometry": { "type": "Polygon", "coordinates": [ [ [ 121.498635857000068, 31.277496397999982 ], [ 121.498571245999983, 31.277551200000062 ], [ 121.498775814000055, 31.277753461600071 ], [ 121.498840425000139, 31.277698659599992 ], [ 121.498635857000068, 31.277496397999982 ] ] ] } },
{ "type": "Feature", "properties": { "Id": 0, "Floor": 6, "height": 18 }, "geometry": { "type": "Polygon", "coordinates": [ [ [ 121.498485100000153, 31.277615103299979 ], [ 121.498420489000068, 31.277669905300058 ], [ 121.498625057000027, 31.277872166700035 ], [ 121.498689668, 31.277817364899988 ], [ 121.498485100000153, 31.277615103299979 ] ] ] } },
{ "type": "Feature", "properties": { "Id": 0, "Floor": 6, "height": 18 }, "geometry": { "type": "Polygon", "coordinates": [ [ [ 121.499045013, 31.27765344230005 ], [ 121.498980404000122, 31.277699078400076 ], [ 121.499184971000091, 31.277910505400087 ], [ 121.499249581000072, 31.277855703499995 ], [ 121.499045013, 31.27765344230005 ] ] ] } },
{ "type": "Feature", "properties": { "Id": 0, "Floor": 5, "height": 15 }, "geometry": { "type": "Polygon", "coordinates": [ [ [ 121.499744966000094, 31.276968092099992 ], [ 121.499648052000111, 31.277041129900113 ], [ 121.500035649999973, 31.277454754799976 ], [ 121.500132565000058, 31.277381717100013 ], [ 121.499744966000094, 31.276968092099992 ] ] ] } },
{ "type": "Feature", "properties": { "Id": 0, "Floor": 7, "height": 21 }, "geometry": { "type": "Polygon", "coordinates": [ [ [ 121.499529602000052, 31.277114103200063 ], [ 121.49943268800007, 31.277177974899985 ], [ 121.499787988999969, 31.277527341700022 ], [ 121.49987413600013, 31.277454272100044 ], [ 121.499529602000052, 31.277114103200063 ] ] ] } },
{ "type": "Feature", "properties": { "Id": 0, "Floor": 7, "height": 21 }, "geometry": { "type": "Polygon", "coordinates": [ [ [ 121.499195799000063, 31.277195598299954 ], [ 121.499098883999977, 31.277268635700125 ], [ 121.499378818999958, 31.277535284199985 ], [ 121.499475734000043, 31.277462246900086 ], [ 121.499195799000063, 31.277195598299954 ] ] ] } },
{ "type": "Feature", "properties": { "Id": 0, "Floor": 5, "height": 15 }, "geometry": { "type": "Polygon", "coordinates": [ [ [ 121.500358678000111, 31.277446554000107 ], [ 121.49990642399996, 31.277628520500116 ], [ 121.49994948799997, 31.277711142200019 ], [ 121.500390974000084, 31.277529143499976 ], [ 121.500358678000111, 31.277446554000107 ] ] ] } },
{ "type": "Feature", "properties": { "Id": 0, "Floor": 6, "height": 18 }, "geometry": { "type": "Polygon", "coordinates": [ [ [ 121.499174233999952, 31.277543838200017 ], [ 121.499120392000123, 31.277589506600066 ], [ 121.499346493000075, 31.277810164000016 ], [ 121.499400335000132, 31.277764495700126 ], [ 121.499174233999952, 31.277543838200017 ] ] ] } },
{ "type": "Feature", "properties": { "Id": 0, "Floor": 7, "height": 21 }, "geometry": { "type": "Polygon", "coordinates": [ [ [ 121.499529566000092, 31.277535735000129 ], [ 121.499454186999969, 31.277599670900088 ], [ 121.499680288000036, 31.277829493800141 ], [ 121.499766434000094, 31.277765590300078 ], [ 121.499529566000092, 31.277535735000129 ] ] ] } },
{ "type": "Feature", "properties": { "Id": 0, "Floor": 6, "height": 18 }, "geometry": { "type": "Polygon", "coordinates": [ [ [ 121.50028327300015, 31.277822130000118 ], [ 121.500250976999951, 31.27774870650012 ], [ 121.499960243000032, 31.277848662400004 ], [ 121.500003306000167, 31.277940449700111 ], [ 121.500294038999982, 31.277840493899987 ], [ 121.50028327300015, 31.277822130000118 ] ] ] } },
{ "type": "Feature", "properties": { "Id": 0, "Floor": 6, "height": 18 }, "geometry": { "type": "Polygon", "coordinates": [ [ [ 121.500423229000035, 31.278088357900117 ], [ 121.500757035000106, 31.277961032800135 ], [ 121.500703206000026, 31.277850881800134 ], [ 121.500530919000084, 31.277923694200013 ], [ 121.500434025, 31.277758419200097 ], [ 121.50028327300015, 31.277822130000118 ], [ 121.500294038999982, 31.277840493899987 ], [ 121.500358634000122, 31.277969008900072 ], [ 121.500423229000035, 31.278088357900117 ] ] ] } },
{ "type": "Feature", "properties": { "Id": 0, "Floor": 6, "height": 18 }, "geometry": { "type": "Polygon", "coordinates": [ [ [ 121.499454170000035, 31.277801320099968 ], [ 121.499389560000168, 31.277856122100104 ], [ 121.499594127000137, 31.278058382599966 ], [ 121.499669503999939, 31.278012778800132 ], [ 121.499454170000035, 31.277801320099968 ] ] ] } },
{ "type": "Feature", "properties": { "Id": 0, "Floor": 7, "height": 21 }, "geometry": { "type": "Polygon", "coordinates": [ [ [ 121.499809498000104, 31.277839045900066 ], [ 121.499701819000052, 31.277875387500046 ], [ 121.499841769, 31.278214942200123 ], [ 121.499970979999944, 31.278215328399995 ], [ 121.499809498000104, 31.277839045900066 ] ] ] } },
{ "type": "Feature", "properties": { "Id": 0, "Floor": 5, "height": 15 }, "geometry": { "type": "Polygon", "coordinates": [ [ [ 121.501252485, 31.276285146299983 ], [ 121.501277423110224, 31.276268710224148 ], [ 121.501236878247738, 31.276268235906571 ], [ 121.501252485, 31.276285146299983 ] ] ] } },
{ "type": "Feature", "properties": { "Id": 0, "Floor": 7, "height": 21 }, "geometry": { "type": "Polygon", "coordinates": [ [ [ 121.501866232999987, 31.276286976400115 ], [ 121.501886477940303, 31.276275835304713 ], [ 121.501859516804416, 31.276275519897535 ], [ 121.501866232999987, 31.276286976400115 ] ] ] } },
{ "type": "Feature", "properties": { "Id": 0, "Floor": 6, "height": 18 }, "geometry": { "type": "Polygon", "coordinates": [ [ [ 121.501074165329612, 31.276266332395437 ], [ 121.500878905923216, 31.276264048136397 ], [ 121.501177086000098, 31.276587399 ], [ 121.501284769000108, 31.276496060500051 ], [ 121.501074165329612, 31.276266332395437 ] ] ] } },
{ "type": "Feature", "properties": { "Id": 0, "Floor": 8, "height": 24 }, "geometry": { "type": "Polygon", "coordinates": [ [ [ 121.50438580499997, 31.276376960700134 ], [ 121.504275387145128, 31.276303782165499 ], [ 121.504091757663545, 31.276301633960138 ], [ 121.504364260999978, 31.276477722700122 ], [ 121.504385798000044, 31.27645028859996 ], [ 121.50438580499997, 31.276376960700134 ] ] ] } },
{ "type": "Feature", "properties": { "Id": 0, "Floor": 8, "height": 24 }, "geometry": { "type": "Polygon", "coordinates": [ [ [ 121.50438580499997, 31.276376960700134 ], [ 121.504385798000044, 31.27645028859996 ], [ 121.504428872000062, 31.276404586300089 ], [ 121.50438580499997, 31.276376960700134 ] ] ] } },
{ "type": "Feature", "properties": { "Id": 0, "Floor": 2, "height": 6 }, "geometry": { "type": "Polygon", "coordinates": [ [ [ 121.503352135, 31.276392224499943 ], [ 121.503352139000071, 31.276346394600068 ], [ 121.50324446400009, 31.276346074600042 ], [ 121.503244453999969, 31.276465232400142 ], [ 121.503352129000064, 31.276456386500115 ], [ 121.503352135, 31.276392224499943 ] ] ] } },
{ "type": "Feature", "properties": { "Id": 0, "Floor": 1, "height": 3 }, "geometry": { "type": "Polygon", "coordinates": [ [ [ 121.50340596, 31.276529874300138 ], [ 121.503492105999953, 31.276456802300117 ], [ 121.503427507000083, 31.276392448499962 ], [ 121.503352135, 31.276392224499943 ], [ 121.503352129000064, 31.276456386500115 ], [ 121.50335212799996, 31.276474718400038 ], [ 121.50340596, 31.276529874300138 ] ] ] } },
{ "type": "Feature", "properties": { "Id": 0, "Floor": 3, "height": 9 }, "geometry": { "type": "Polygon", "coordinates": [ [ [ 121.50274914, 31.276601249200098 ], [ 121.5027706730001, 31.276628811200055 ], [ 121.502802974000019, 31.276647239199974 ], [ 121.502824509000106, 31.276647303300024 ], [ 121.502824531000101, 31.276390655800128 ], [ 121.502878367999983, 31.276390816 ], [ 121.502878372000055, 31.276344986000083 ], [ 121.502878374000034, 31.276317488000132 ], [ 121.502426141, 31.276316142200017 ], [ 121.502426119, 31.27657278980007 ], [ 121.502749143000074, 31.276573751199919 ], [ 121.50274914, 31.276601249200098 ] ] ] } },
{ "type": "Feature", "properties": { "Id": 0, "Floor": 4, "height": 12 }, "geometry": { "type": "Polygon", "coordinates": [ [ [ 121.503244435000056, 31.276694381800041 ], [ 121.503233677000026, 31.276584358200012 ], [ 121.50292142100011, 31.276583429700054 ], [ 121.502921431000118, 31.276464272 ], [ 121.503244453999969, 31.276465232400142 ], [ 121.50324446400009, 31.276346074600042 ], [ 121.502878372000055, 31.276344986000083 ], [ 121.502878367999983, 31.276390816 ], [ 121.502824531000101, 31.276390655800128 ], [ 121.502824509000106, 31.276647303300024 ], [ 121.502824505000035, 31.276693133100025 ], [ 121.503244435000056, 31.276694381800041 ] ] ] } },
{ "type": "Feature", "properties": { "Id": 0, "Floor": 6, "height": 18 }, "geometry": { "type": "Polygon", "coordinates": [ [ [ 121.503492105999953, 31.276456802300117 ], [ 121.50340596, 31.276529874300138 ], [ 121.503459793000047, 31.27658503010008 ], [ 121.503115213, 31.276849819 ], [ 121.503061380000076, 31.276794663200121 ], [ 121.502953696999953, 31.276895168500005 ], [ 121.502932154000064, 31.276995929800137 ], [ 121.502985982000041, 31.277096915200048 ], [ 121.503642834999937, 31.27662223770011 ], [ 121.503492105999953, 31.276456802300117 ] ] ] } },
{ "type": "Feature", "properties": { "Id": 0, "Floor": 4, "height": 12 }, "geometry": { "type": "Polygon", "coordinates": [ [ [ 121.504224271999988, 31.276642295200134 ], [ 121.504310419000149, 31.276541725000129 ], [ 121.504105853000056, 31.276385296400065 ], [ 121.504052011, 31.276440132700031 ], [ 121.503863248828097, 31.276298960729779 ], [ 121.503748783926511, 31.276297621652237 ], [ 121.503729, 31.276320016 ], [ 121.504127368000013, 31.276614509900014 ], [ 121.504148905000079, 31.276587075800023 ], [ 121.504224271999988, 31.276642295200134 ] ] ] } },
{ "type": "Feature", "properties": { "Id": 0, "Floor": 6, "height": 18 }, "geometry": { "type": "Polygon", "coordinates": [ [ [ 121.504364254000052, 31.276569382500043 ], [ 121.50438578700016, 31.276587778299984 ], [ 121.504385791000118, 31.276541948400109 ], [ 121.504364254000052, 31.276569382500043 ] ] ] } },
{ "type": "Feature", "properties": { "Id": 0, "Floor": 6, "height": 18 }, "geometry": { "type": "Polygon", "coordinates": [ [ [ 121.503707462000079, 31.276356615999987 ], [ 121.503610547999983, 31.276447988200118 ], [ 121.504084283999987, 31.276788535399987 ], [ 121.504181197999969, 31.276697163300014 ], [ 121.503707462000079, 31.276356615999987 ] ] ] } },
{ "type": "Feature", "properties": { "Id": 0, "Floor": 7, "height": 21 }, "geometry": { "type": "Polygon", "coordinates": [ [ [ 121.504299644000071, 31.276633352800047 ], [ 121.504213497000137, 31.276724757000011 ], [ 121.504385765000166, 31.276844425299942 ], [ 121.504385777000152, 31.276697769900125 ], [ 121.504299644000071, 31.276633352800047 ] ] ] } },
{ "type": "Feature", "properties": { "Id": 0, "Floor": 6, "height": 18 }, "geometry": { "type": "Polygon", "coordinates": [ [ [ 121.503739741, 31.276631691399984 ], [ 121.503642827000135, 31.276723063400084 ], [ 121.503901222000081, 31.276980477200027 ], [ 121.503998135000074, 31.276898271299956 ], [ 121.503739741, 31.276631691399984 ] ] ] } },
{ "type": "Feature", "properties": { "Id": 0, "Floor": 6, "height": 18 }, "geometry": { "type": "Polygon", "coordinates": [ [ [ 121.50356745299996, 31.276750337400017 ], [ 121.503470537999988, 31.276841709100097 ], [ 121.503718166, 31.277108256900078 ], [ 121.503825847000144, 31.277026083200042 ], [ 121.50356745299996, 31.276750337400017 ] ] ] } },
{ "type": "Feature", "properties": { "Id": 0, "Floor": 6, "height": 18 }, "geometry": { "type": "Polygon", "coordinates": [ [ [ 121.504385750999973, 31.277009412300004 ], [ 121.504138119000118, 31.276807027100062 ], [ 121.50405197300006, 31.276889265100124 ], [ 121.504310371999964, 31.277100848200121 ], [ 121.504385749000107, 31.277027744200097 ], [ 121.504385750999973, 31.277009412300004 ] ] ] } },
{ "type": "Feature", "properties": { "Id": 0, "Floor": 6, "height": 18 }, "geometry": { "type": "Polygon", "coordinates": [ [ [ 121.504385750999973, 31.277009412300004 ], [ 121.504385749000107, 31.277027744200097 ], [ 121.504396517000146, 31.277018610200059 ], [ 121.504385750999973, 31.277009412300004 ] ] ] } },
{ "type": "Feature", "properties": { "Id": 0, "Floor": 7, "height": 21 }, "geometry": { "type": "Polygon", "coordinates": [ [ [ 121.50397659500004, 31.276962369000103 ], [ 121.503890450000085, 31.277035440900079 ], [ 121.504116545999977, 31.277256094099982 ], [ 121.504213457999981, 31.277192220100062 ], [ 121.50397659500004, 31.276962369000103 ] ] ] } },
{ "type": "Feature", "properties": { "Id": 0, "Floor": 7, "height": 21 }, "geometry": { "type": "Polygon", "coordinates": [ [ [ 121.50429958999996, 31.27726580289999 ], [ 121.504385722000052, 31.277348551499927 ], [ 121.504385735000142, 31.277201896800022 ], [ 121.50429958999996, 31.27726580289999 ] ] ] } },
{ "type": "Feature", "properties": { "Id": 0, "Floor": 7, "height": 21 }, "geometry": { "type": "Polygon", "coordinates": [ [ [ 121.501661650999949, 31.276286366600118 ], [ 121.501629347000176, 31.276304602300002 ], [ 121.50162933699994, 31.276414594199991 ], [ 121.501726250000047, 31.2763598871 ], [ 121.501661650999949, 31.276286366600118 ] ] ] } },
{ "type": "Feature", "properties": { "Id": 0, "Floor": 7, "height": 21 }, "geometry": { "type": "Polygon", "coordinates": [ [ [ 121.501510888999974, 31.276478402900011 ], [ 121.50162933699994, 31.276414594199991 ], [ 121.501629347000176, 31.276304602300002 ], [ 121.501457058000028, 31.276395748500079 ], [ 121.501370928000028, 31.276285499600135 ], [ 121.501295551000112, 31.276331104800079 ], [ 121.501403213000117, 31.276487247800105 ], [ 121.501478590000033, 31.276441642699979 ], [ 121.501510888999974, 31.276478402900011 ] ] ] } },
{ "type": "Feature", "properties": { "Id": 0, "Floor": 7, "height": 21 }, "geometry": { "type": "Polygon", "coordinates": [ [ [ 121.501930825000045, 31.276442990800092 ], [ 121.501629322000099, 31.27658874780002 ], [ 121.501629312000091, 31.276717071400071 ], [ 121.501995421999936, 31.276544009100121 ], [ 121.501930825000045, 31.276442990800092 ] ] ] } },
{ "type": "Feature", "properties": { "Id": 0, "Floor": 7, "height": 21 }, "geometry": { "type": "Polygon", "coordinates": [ [ [ 121.501564713999983, 31.276625219100083 ], [ 121.501629312000091, 31.276717071400071 ], [ 121.501629322000099, 31.27658874780002 ], [ 121.501564713999983, 31.276625219100083 ] ] ] } },
{ "type": "Feature", "properties": { "Id": 0, "Floor": 7, "height": 21 }, "geometry": { "type": "Polygon", "coordinates": [ [ [ 121.501230868999983, 31.277229175900061 ], [ 121.500950958000089, 31.276705881900114 ], [ 121.501004798000054, 31.276678544600031 ], [ 121.50088636800001, 31.276522369600002 ], [ 121.500735613000074, 31.276622745300074 ], [ 121.500832511000112, 31.2767513581 ], [ 121.501112422000119, 31.277274652100118 ], [ 121.501230868999983, 31.277229175900061 ] ] ] } },
{ "type": "Feature", "properties": { "Id": 0, "Floor": 7, "height": 21 }, "geometry": { "type": "Polygon", "coordinates": [ [ [ 121.501844661000064, 31.276726879299986 ], [ 121.50174775000005, 31.276763254300079 ], [ 121.501930767999966, 31.277112105699928 ], [ 121.502027679000093, 31.277075730700062 ], [ 121.501844661000064, 31.276726879299986 ] ] ] } },
{ "type": "Feature", "properties": { "Id": 0, "Floor": 8, "height": 24 }, "geometry": { "type": "Polygon", "coordinates": [ [ [ 121.501629286000025, 31.277019547700093 ], [ 121.501478563999967, 31.276744119800071 ], [ 121.501370885000028, 31.276789628499955 ], [ 121.501596962, 31.277266931400106 ], [ 121.501629266, 31.277257861800138 ], [ 121.501629286000025, 31.277019547700093 ] ] ] } },
{ "type": "Feature", "properties": { "Id": 0, "Floor": 8, "height": 24 }, "geometry": { "type": "Polygon", "coordinates": [ [ [ 121.501629286000025, 31.277019547700093 ], [ 121.501629266, 31.277257861800138 ], [ 121.501736944999948, 31.277212353200014 ], [ 121.501629286000025, 31.277019547700093 ] ] ] } },
{ "type": "Feature", "properties": { "Id": 0, "Floor": 7, "height": 21 }, "geometry": { "type": "Polygon", "coordinates": [ [ [ 121.501780008000082, 31.277285808900047 ], [ 121.501661562000095, 31.277331285400123 ], [ 121.501909175000037, 31.277799483899969 ], [ 121.502038390000166, 31.277744873700101 ], [ 121.501780008000082, 31.277285808900047 ] ] ] } },
{ "type": "Feature", "properties": { "Id": 0, "Floor": 7, "height": 21 }, "geometry": { "type": "Polygon", "coordinates": [ [ [ 121.501349264000169, 31.277797814600092 ], [ 121.501456943000107, 31.277752306400032 ], [ 121.501252393000073, 31.277366728800132 ], [ 121.501090874000056, 31.277430408200019 ], [ 121.501133936999963, 31.277513029800105 ], [ 121.501198543999976, 31.277494890800085 ], [ 121.501349264000169, 31.277797814600092 ] ] ] } },
{ "type": "Feature", "properties": { "Id": 0, "Floor": 7, "height": 21 }, "geometry": { "type": "Polygon", "coordinates": [ [ [ 121.502049253999985, 31.276599165400114 ], [ 121.501930808000111, 31.276644642300027 ], [ 121.502156890000037, 31.277066949700099 ], [ 121.502264568999976, 31.277012274799972 ], [ 121.502049253999985, 31.276599165400114 ] ] ] } },
{ "type": "Feature", "properties": { "Id": 0, "Floor": 7, "height": 21 }, "geometry": { "type": "Polygon", "coordinates": [ [ [ 121.503395162000174, 31.27688731490008 ], [ 121.503287483, 31.276951156500047 ], [ 121.503492046000019, 31.277162580899983 ], [ 121.503599726000061, 31.277089573299975 ], [ 121.503395162000174, 31.27688731490008 ] ] ] } },
{ "type": "Feature", "properties": { "Id": 0, "Floor": 6, "height": 18 }, "geometry": { "type": "Polygon", "coordinates": [ [ [ 121.503222873000027, 31.277015126100139 ], [ 121.503125961000023, 31.277078999600064 ], [ 121.503287459000035, 31.277235300400093 ], [ 121.503373603999989, 31.277162229000112 ], [ 121.503222873000027, 31.277015126100139 ] ] ] } },
{ "type": "Feature", "properties": { "Id": 0, "Floor": 7, "height": 21 }, "geometry": { "type": "Polygon", "coordinates": [ [ [ 121.503072115, 31.2771796647001 ], [ 121.502964433999978, 31.277252671900044 ], [ 121.503190530999973, 31.277482491800072 ], [ 121.503287442999977, 31.277418618599995 ], [ 121.503072115, 31.2771796647001 ] ] ] } },
{ "type": "Feature", "properties": { "Id": 0, "Floor": 8, "height": 24 }, "geometry": { "type": "Polygon", "coordinates": [ [ [ 121.502307632999987, 31.277085730599993 ], [ 121.502189187000113, 31.277131207500076 ], [ 121.502436800000055, 31.277590240199913 ], [ 121.502555246000156, 31.277544763399987 ], [ 121.502307632999987, 31.277085730599993 ] ] ] } },
{ "type": "Feature", "properties": { "Id": 0, "Floor": 7, "height": 21 }, "geometry": { "type": "Polygon", "coordinates": [ [ [ 121.503438206000169, 31.277199084600113 ], [ 121.503341293000062, 31.277272124000092 ], [ 121.503685819999987, 31.277621451799973 ], [ 121.50378273299998, 31.277548412400051 ], [ 121.503438206000169, 31.277199084600113 ] ] ] } },
{ "type": "Feature", "properties": { "Id": 0, "Floor": 6, "height": 18 }, "geometry": { "type": "Polygon", "coordinates": [ [ [ 121.502092275999985, 31.277167582499999 ], [ 121.501984597000046, 31.277213091300098 ], [ 121.502210675000129, 31.277681225700121 ], [ 121.50233989000003, 31.277626615300051 ], [ 121.502092275999985, 31.277167582499999 ] ] ] } },
{ "type": "Feature", "properties": { "Id": 0, "Floor": 7, "height": 21 }, "geometry": { "type": "Polygon", "coordinates": [ [ [ 121.502856754000163, 31.277325678900127 ], [ 121.502759839999953, 31.277398717800054 ], [ 121.502975170000013, 31.277628505800067 ], [ 121.503082850000055, 31.277555498900142 ], [ 121.502856754000163, 31.277325678900127 ] ] ] } },
{ "type": "Feature", "properties": { "Id": 0, "Floor": 7, "height": 21 }, "geometry": { "type": "Polygon", "coordinates": [ [ [ 121.502705997000021, 31.277471884900137 ], [ 121.502598315, 31.277554057500083 ], [ 121.502705981000076, 31.277655202600045 ], [ 121.502813663000097, 31.277563864100046 ], [ 121.502705997000021, 31.277471884900137 ] ] ] } },
{ "type": "Feature", "properties": { "Id": 0, "Floor": 9, "height": 27 }, "geometry": { "type": "Polygon", "coordinates": [ [ [ 121.502587537999943, 31.27766401599996 ], [ 121.50223220099997, 31.277791280400095 ], [ 121.502275264, 31.277873901400085 ], [ 121.502630601000078, 31.277746637099995 ], [ 121.502587537999943, 31.27766401599996 ] ] ] } },
{ "type": "Feature", "properties": { "Id": 0, "Floor": 7, "height": 21 }, "geometry": { "type": "Polygon", "coordinates": [ [ [ 121.50085397099997, 31.277631350799993 ], [ 121.501058562000026, 31.27754030260013 ], [ 121.501015500000108, 31.277448515099991 ], [ 121.500703229000123, 31.277585071399983 ], [ 121.500821652000013, 31.27782373780002 ], [ 121.500929330999952, 31.277778229799992 ], [ 121.50085397099997, 31.277631350799993 ] ] ] } },
{ "type": "Feature", "properties": { "Id": 0, "Floor": 5, "height": 15 }, "geometry": { "type": "Polygon", "coordinates": [ [ [ 121.50113391900004, 31.27772384510007 ], [ 121.501176990999966, 31.27770564190007 ], [ 121.501133930000151, 31.277604688700137 ], [ 121.500950876000047, 31.277668303600137 ], [ 121.500983173, 31.277732561200082 ], [ 121.501101620999975, 31.277677919399991 ], [ 121.50113391900004, 31.27772384510007 ] ] ] } },
{ "type": "Feature", "properties": { "Id": 0, "Floor": 7, "height": 21 }, "geometry": { "type": "Polygon", "coordinates": [ [ [ 121.501123150000126, 31.277742144800129 ], [ 121.50101547099996, 31.277787652799987 ], [ 121.501166192000142, 31.278081410000084 ], [ 121.501284639, 31.278035934100046 ], [ 121.501123150000126, 31.277742144800129 ] ] ] } },
{ "type": "Feature", "properties": { "Id": 0, "Floor": 7, "height": 21 }, "geometry": { "type": "Polygon", "coordinates": [ [ [ 121.500907788999939, 31.27786065840013 ], [ 121.500810878000038, 31.277897032500107 ], [ 121.500929301000156, 31.27813569810013 ], [ 121.501026212000056, 31.278099323999925 ], [ 121.500907788999939, 31.27786065840013 ] ] ] } },
{ "type": "Feature", "properties": { "Id": 0, "Floor": 7, "height": 21 }, "geometry": { "type": "Polygon", "coordinates": [ [ [ 121.501499974000012, 31.27821989320006 ], [ 121.50162918400008, 31.278220278500044 ], [ 121.501629196000067, 31.2780827909001 ], [ 121.501489239999955, 31.277825729600011 ], [ 121.501381561000017, 31.277862072 ], [ 121.501543049000134, 31.278155860800098 ], [ 121.501478441000131, 31.278192331500122 ], [ 121.501499974000012, 31.27821989320006 ] ] ] } },
{ "type": "Feature", "properties": { "Id": 0, "Floor": 4, "height": 12 }, "geometry": { "type": "Polygon", "coordinates": [ [ [ 121.500800097000138, 31.278061985700049 ], [ 121.500681649000057, 31.27810746130001 ], [ 121.500735478000024, 31.278217612099979 ], [ 121.500886224000055, 31.278218062099995 ], [ 121.500800097000138, 31.278061985700049 ] ] ] } },
{ "type": "Feature", "properties": { "Id": 0, "Floor": 7, "height": 21 }, "geometry": { "type": "Polygon", "coordinates": [ [ [ 121.50169379099998, 31.278202139400037 ], [ 121.501629196000067, 31.2780827909001 ], [ 121.50162918400008, 31.278220278500044 ], [ 121.501650719000168, 31.278220342700081 ], [ 121.50169379099998, 31.278202139400037 ] ] ] } },
{ "type": "Feature", "properties": { "Id": 0, "Floor": 7, "height": 21 }, "geometry": { "type": "Polygon", "coordinates": [ [ [ 121.501166180000155, 31.278218897600027 ], [ 121.50112311700002, 31.278136276500049 ], [ 121.501004671000146, 31.27817258639999 ], [ 121.501026202000048, 31.278218479900033 ], [ 121.501166180000155, 31.278218897600027 ] ] ] } },
{ "type": "Feature", "properties": { "Id": 0, "Floor": 7, "height": 21 }, "geometry": { "type": "Polygon", "coordinates": [ [ [ 121.501424601000053, 31.27821966839997 ], [ 121.501413835999983, 31.27819213880008 ], [ 121.501338461000046, 31.278219411500061 ], [ 121.501424601000053, 31.27821966839997 ] ] ] } },
{ "type": "Feature", "properties": { "Id": 0, "Floor": 7, "height": 21 }, "geometry": { "type": "Polygon", "coordinates": [ [ [ 121.501499974000012, 31.27821989320006 ], [ 121.501532271999963, 31.278265818700106 ], [ 121.50162918400008, 31.278220278500044 ], [ 121.501499974000012, 31.27821989320006 ] ] ] } },
{ "type": "Feature", "properties": { "Id": 0, "Floor": 6, "height": 18 }, "geometry": { "type": "Polygon", "coordinates": [ [ [ 121.499314181000045, 31.277920057699987 ], [ 121.499249572000167, 31.27796569380007 ], [ 121.499454138000033, 31.27817712 ], [ 121.499518749000117, 31.278122318200076 ], [ 121.499314181000045, 31.277920057699987 ] ] ] } },
{ "type": "Feature", "properties": { "Id": 0, "Floor": 7, "height": 21 }, "geometry": { "type": "Polygon", "coordinates": [ [ [ 121.500358634000122, 31.277969008900072 ], [ 121.500078669000118, 31.278059831000121 ], [ 121.500121732000025, 31.278151618100026 ], [ 121.500401698000132, 31.278042464300086 ], [ 121.500358634000122, 31.277969008900072 ] ] ] } },
{ "type": "Feature", "properties": { "Id": 0, "Floor": 3, "height": 9 }, "geometry": { "type": "Polygon", "coordinates": [ [ [ 121.499669495000148, 31.278122768900005 ], [ 121.499507972999936, 31.278213944300035 ], [ 121.499691022000093, 31.278214491600011 ], [ 121.49972332699997, 31.278196256499996 ], [ 121.499669495000148, 31.278122768900005 ] ] ] } },
{ "type": "Feature", "properties": { "Id": 0, "Floor": 6, "height": 18 }, "geometry": { "type": "Polygon", "coordinates": [ [ [ 121.499357227000132, 31.278213493500118 ], [ 121.49923878300001, 31.278213139300078 ], [ 121.499314150000146, 31.278286691300082 ], [ 121.499389526999948, 31.278241087600065 ], [ 121.499357227000132, 31.278213493500118 ] ] ] } },
{ "type": "Feature", "properties": { "Id": 0, "Floor": 3, "height": 9 }, "geometry": { "type": "Polygon", "coordinates": [ [ [ 121.499507972999936, 31.278213944300035 ], [ 121.499464900000021, 31.27824131300008 ], [ 121.499518733000173, 31.278305634800006 ], [ 121.499691022000093, 31.278214491600011 ], [ 121.499507972999936, 31.278213944300035 ] ] ] } },
{ "type": "Feature", "properties": { "Id": 0, "Floor": 7, "height": 21 }, "geometry": { "type": "Polygon", "coordinates": [ [ [ 121.499970979999944, 31.278215328399995 ], [ 121.499841769, 31.278214942200123 ], [ 121.499884831000031, 31.27830672929997 ], [ 121.49999250999997, 31.278270387800035 ], [ 121.499970979999944, 31.278215328399995 ] ] ] } },
{ "type": "Feature", "properties": { "Id": 0, "Floor": 7, "height": 21 }, "geometry": { "type": "Polygon", "coordinates": [ [ [ 121.499777159000018, 31.278260578299978 ], [ 121.499260297999967, 31.278451515000029 ], [ 121.49930336, 31.278543301900072 ], [ 121.499820222000153, 31.278352365200021 ], [ 121.499777159000018, 31.278260578299978 ] ] ] } },
{ "type": "Feature", "properties": { "Id": 0, "Floor": 4, "height": 12 }, "geometry": { "type": "Polygon", "coordinates": [ [ [ 121.500886224000055, 31.278218062099995 ], [ 121.500735478000024, 31.278217612099979 ], [ 121.500810838, 31.278364490300078 ], [ 121.500326283000163, 31.27853719370006 ], [ 121.500390876999973, 31.278674873700083 ], [ 121.501015414999983, 31.278447593300086 ], [ 121.500886224000055, 31.278218062099995 ] ] ] } },
{ "type": "Feature", "properties": { "Id": 0, "Floor": 7, "height": 21 }, "geometry": { "type": "Polygon", "coordinates": [ [ [ 121.500057093000123, 31.278536389400017 ], [ 121.500143218999938, 31.278710796999974 ], [ 121.500078612000038, 31.278728935500112 ], [ 121.500121676000049, 31.278811556200083 ], [ 121.500272427000141, 31.278747846099975 ], [ 121.500089407000132, 31.278408164699954 ], [ 121.499777136000148, 31.278535552700021 ], [ 121.499820199000055, 31.278627339500076 ], [ 121.499884805999955, 31.2786000352001 ], [ 121.500057093000123, 31.278536389400017 ] ] ] } },
{ "type": "Feature", "properties": { "Id": 0, "Floor": 4, "height": 12 }, "geometry": { "type": "Polygon", "coordinates": [ [ [ 121.500778515999968, 31.278593539000042 ], [ 121.500563157999977, 31.278675388200043 ], [ 121.500584689999982, 31.278712115699989 ], [ 121.500800047999974, 31.278630266500045 ], [ 121.500778515999968, 31.278593539000042 ] ] ] } },
{ "type": "Feature", "properties": { "Id": 0, "Floor": 6, "height": 18 }, "geometry": { "type": "Polygon", "coordinates": [ [ [ 121.498840414000028, 31.277826981799933 ], [ 121.498872714000072, 31.27785457610014 ], [ 121.498872719000133, 31.27779958090008 ], [ 121.498840414000028, 31.277826981799933 ] ] ] } },
{ "type": "Feature", "properties": { "Id": 0, "Floor": 6, "height": 18 }, "geometry": { "type": "Polygon", "coordinates": [ [ [ 121.499120359000017, 31.277974473100016 ], [ 121.49890502400001, 31.277772179900069 ], [ 121.498872719000133, 31.27779958090008 ], [ 121.498872714000072, 31.27785457610014 ], [ 121.499055749000036, 31.278029275000108 ], [ 121.499120359000017, 31.277974473100016 ] ] ] } },
{ "type": "Feature", "properties": { "Id": 0, "Floor": 6, "height": 18 }, "geometry": { "type": "Polygon", "coordinates": [ [ [ 121.498743501000149, 31.277872521200095 ], [ 121.498678891000054, 31.277927323000029 ], [ 121.498872692000077, 31.27811121990004 ], [ 121.498872702000085, 31.278001229799997 ], [ 121.498743501000149, 31.277872521200095 ] ] ] } },
{ "type": "Feature", "properties": { "Id": 0, "Floor": 6, "height": 18 }, "geometry": { "type": "Polygon", "coordinates": [ [ [ 121.498958836000043, 31.278083980100121 ], [ 121.498872702000085, 31.278001229799997 ], [ 121.498872692000077, 31.27811121990004 ], [ 121.498894226000061, 31.278129615999944 ], [ 121.498958836000043, 31.278083980100121 ] ] ] } },
{ "type": "Feature", "properties": { "Id": 0, "Floor": 6, "height": 18 }, "geometry": { "type": "Polygon", "coordinates": [ [ [ 121.499174193000044, 31.278029629300136 ], [ 121.49910958199996, 31.278084431100069 ], [ 121.49923878300001, 31.278213139300078 ], [ 121.499357227000132, 31.278213493500118 ], [ 121.499174193000044, 31.278029629300136 ] ] ] } },
{ "type": "Feature", "properties": { "Id": 0, "Floor": 6, "height": 18 }, "geometry": { "type": "Polygon", "coordinates": [ [ [ 121.49902343600013, 31.278148334300113 ], [ 121.498958826000035, 31.278193970199993 ], [ 121.498980360000132, 31.27821236620008 ], [ 121.499088036000103, 31.278212688400117 ], [ 121.49902343600013, 31.278148334300113 ] ] ] } },
{ "type": "Feature", "properties": { "Id": 0, "Floor": 6, "height": 18 }, "geometry": { "type": "Polygon", "coordinates": [ [ [ 121.499088036000103, 31.278212688400117 ], [ 121.498980360000132, 31.27821236620008 ], [ 121.499174162000145, 31.278396262500053 ], [ 121.499238771000023, 31.278350626699989 ], [ 121.499088036000103, 31.278212688400117 ] ] ] } },
{ "type": "Feature", "properties": { "Id": 0, "Floor": 7, "height": 21 }, "geometry": { "type": "Polygon", "coordinates": [ [ [ 121.498032738, 31.279034451800044 ], [ 121.498592673999951, 31.278816149400029 ], [ 121.498538845999974, 31.278696833100071 ], [ 121.498452702000122, 31.278733238400036 ], [ 121.498431171, 31.278687345000037 ], [ 121.498043523999968, 31.278823671300131 ], [ 121.497989692000033, 31.278750183899945 ], [ 121.497698956000136, 31.278859302700027 ], [ 121.497795849, 31.27904290820004 ], [ 121.49798967300012, 31.278970162500116 ], [ 121.498032738, 31.279034451800044 ] ] ] } },
{ "type": "Feature", "properties": { "Id": 0, "Floor": 5, "height": 15 }, "geometry": { "type": "Polygon", "coordinates": [ [ [ 121.498711119000063, 31.27880733810008 ], [ 121.498592671999972, 31.278843646700125 ], [ 121.498269633000177, 31.278961834899974 ], [ 121.498355760000095, 31.27912707640013 ], [ 121.498775713999976, 31.278926686500029 ], [ 121.498711119000063, 31.27880733810008 ] ] ] } },
{ "type": "Feature", "properties": { "Id": 0, "Floor": 3, "height": 9 }, "geometry": { "type": "Polygon", "coordinates": [ [ [ 121.498301927000171, 31.279062754899996 ], [ 121.497903513999972, 31.279180716899987 ], [ 121.497925044, 31.279244941600041 ], [ 121.498323458000073, 31.279117813900029 ], [ 121.498301927000171, 31.279062754899996 ] ] ] } },
{ "type": "Feature", "properties": { "Id": 0, "Floor": 4, "height": 12 }, "geometry": { "type": "Polygon", "coordinates": [ [ [ 121.496762232000037, 31.278141563800034 ], [ 121.496643806000066, 31.277921228699995 ], [ 121.496353069000065, 31.278048679499989 ], [ 121.496428429000048, 31.278204724600016 ], [ 121.496600712000031, 31.278205240800048 ], [ 121.496762232000037, 31.278141563800034 ] ] ] } },
{ "type": "Feature", "properties": { "Id": 0, "Floor": 6, "height": 18 }, "geometry": { "type": "Polygon", "coordinates": [ [ [ 121.496956043999944, 31.278206305300046 ], [ 121.497171397000102, 31.278206950500021 ], [ 121.497429830999977, 31.278079402800131 ], [ 121.497386765999977, 31.278024278700002 ], [ 121.497074490000159, 31.278179162700042 ], [ 121.496977589000039, 31.278096379800047 ], [ 121.497096041000077, 31.277995910299921 ], [ 121.497020673000065, 31.277940689400111 ], [ 121.496869915000161, 31.278068559700046 ], [ 121.49691298200014, 31.278105352100113 ], [ 121.496880676000046, 31.278141918699987 ], [ 121.496956043999944, 31.278206305300046 ] ] ] } },
{ "type": "Feature", "properties": { "Id": 0, "Floor": 7, "height": 21 }, "geometry": { "type": "Polygon", "coordinates": [ [ [ 121.496266914000103, 31.278204240600132 ], [ 121.496353055999975, 31.278204498700006 ], [ 121.496342290000143, 31.278176969000071 ], [ 121.496266914000103, 31.278204240600132 ] ] ] } },
{ "type": "Feature", "properties": { "Id": 0, "Floor": 4, "height": 12 }, "geometry": { "type": "Polygon", "coordinates": [ [ [ 121.496428429000048, 31.278204724600016 ], [ 121.496460727000112, 31.278259816300078 ], [ 121.496600712000031, 31.278205240800048 ], [ 121.496428429000048, 31.278204724600016 ] ] ] } },
{ "type": "Feature", "properties": { "Id": 0, "Floor": 6, "height": 18 }, "geometry": { "type": "Polygon", "coordinates": [ [ [ 121.496956043999944, 31.278206305300046 ], [ 121.49703141100008, 31.278279857800101 ], [ 121.497171397000102, 31.278206950500021 ], [ 121.496956043999944, 31.278206305300046 ] ] ] } },
{ "type": "Feature", "properties": { "Id": 0, "Floor": 7, "height": 21 }, "geometry": { "type": "Polygon", "coordinates": [ [ [ 121.496493011999974, 31.278470726900025 ], [ 121.496353055999975, 31.278204498700006 ], [ 121.496266914000103, 31.278204240600132 ], [ 121.496116163000011, 31.278258783899958 ], [ 121.496116161000145, 31.278277115500032 ], [ 121.496266884000079, 31.278561707400115 ], [ 121.496493011999974, 31.278470726900025 ] ] ] } },
{ "type": "Feature", "properties": { "Id": 0, "Floor": 2, "height": 6 }, "geometry": { "type": "Polygon", "coordinates": [ [ [ 121.497289797000121, 31.278720590500029 ], [ 121.497332870000037, 31.278702388000113 ], [ 121.497257505999983, 31.278583006900078 ], [ 121.497214441999972, 31.278509551500065 ], [ 121.497462104999954, 31.278427801000021 ], [ 121.497472866999942, 31.278491993900104 ], [ 121.497537474999945, 31.278464690000135 ], [ 121.497623619000024, 31.278437450500064 ], [ 121.497602086000029, 31.278400722800086 ], [ 121.497655926000107, 31.278382552399989 ], [ 121.497580565000021, 31.278235673499978 ], [ 121.497063700000126, 31.278444939200028 ], [ 121.497139059, 31.278619315300091 ], [ 121.497225201999981, 31.278592075900008 ], [ 121.497289797000121, 31.278720590500029 ] ] ] } },
{ "type": "Feature", "properties": { "Id": 0, "Floor": 9, "height": 27 }, "geometry": { "type": "Polygon", "coordinates": [ [ [ 121.496126915, 31.278442132500118 ], [ 121.496116146000077, 31.278451266099921 ], [ 121.496116130000019, 31.278643747900048 ], [ 121.496213042000136, 31.278607375100137 ], [ 121.496126915, 31.278442132500118 ] ] ] } },
{ "type": "Feature", "properties": { "Id": 0, "Floor": 2, "height": 6 }, "geometry": { "type": "Polygon", "coordinates": [ [ [ 121.497742053000024, 31.27855696070003 ], [ 121.497677444000146, 31.278593430400008 ], [ 121.497623619000024, 31.278437450500064 ], [ 121.497537474999945, 31.278464690000135 ], [ 121.497591302000046, 31.278602338200017 ], [ 121.49754823000012, 31.278620540799977 ], [ 121.497580528000071, 31.278675632300065 ], [ 121.497365169000091, 31.278748313599976 ], [ 121.497332870000037, 31.278702388000113 ], [ 121.497289797000121, 31.278720590500029 ], [ 121.497225189000119, 31.278747894300011 ], [ 121.497300549000101, 31.278913104100127 ], [ 121.497828182000148, 31.278694705599946 ], [ 121.497742053000024, 31.27855696070003 ] ] ] } },
{ "type": "Feature", "properties": { "Id": 0, "Floor": 7, "height": 21 }, "geometry": { "type": "Polygon", "coordinates": [ [ [ 121.497440512000026, 31.279096838600083 ], [ 121.497655872000109, 31.279024157500032 ], [ 121.497602044000132, 31.278904841300118 ], [ 121.497322075000056, 31.279023157799998 ], [ 121.497343605999959, 31.279069051100009 ], [ 121.497128247000092, 31.279141732000028 ], [ 121.497203610000156, 31.279261112399979 ], [ 121.497483578000015, 31.279161127800023 ], [ 121.497440512000026, 31.279096838600083 ] ] ] } },
{ "type": "Feature", "properties": { "Id": 0, "Floor": 7, "height": 21 }, "geometry": { "type": "Polygon", "coordinates": [ [ [ 121.499680226000123, 31.278553594600112 ], [ 121.499378724000167, 31.278662682700087 ], [ 121.499421785999971, 31.27876363510012 ], [ 121.499734056000079, 31.278645413499987 ], [ 121.499680226000123, 31.278553594600112 ] ] ] } },
{ "type": "Feature", "properties": { "Id": 0, "Floor": 2, "height": 6 }, "geometry": { "type": "Polygon", "coordinates": [ [ [ 121.499895572000128, 31.278627564700002 ], [ 121.499830964000125, 31.278654868999979 ], [ 121.499874026000157, 31.278755821400011 ], [ 121.499949401000094, 31.27872854930007 ], [ 121.499895572000128, 31.278627564700002 ] ] ] } },
{ "type": "Feature", "properties": { "Id": 0, "Floor": 7, "height": 21 }, "geometry": { "type": "Polygon", "coordinates": [ [ [ 121.499637135000171, 31.278791776400055 ], [ 121.499464848, 31.278855421699973 ], [ 121.499518676999969, 31.278965572 ], [ 121.499690964000024, 31.278901926699973 ], [ 121.499637135000171, 31.278791776400055 ] ] ] } },
{ "type": "Feature", "properties": { "Id": 0, "Floor": 7, "height": 21 }, "geometry": { "type": "Polygon", "coordinates": [ [ [ 121.499949393999941, 31.27881104139999 ], [ 121.499841715, 31.278847382700064 ], [ 121.499981670000011, 31.279131939700108 ], [ 121.500089349000064, 31.279095598399977 ], [ 121.499949393999941, 31.27881104139999 ] ] ] } },
{ "type": "Feature", "properties": { "Id": 0, "Floor": 7, "height": 21 }, "geometry": { "type": "Polygon", "coordinates": [ [ [ 121.499755563, 31.278984611700139 ], [ 121.499583274999964, 31.279048257000056 ], [ 121.499626337, 31.279149209000025 ], [ 121.49979862400005, 31.279094729600047 ], [ 121.499755563, 31.278984611700139 ] ] ] } },
{ "type": "Feature", "properties": { "Id": 0, "Floor": 6, "height": 18 }, "geometry": { "type": "Polygon", "coordinates": [ [ [ 121.50035855200008, 31.278931419000116 ], [ 121.500197034000053, 31.27898593110001 ], [ 121.50024009699996, 31.279068551600005 ], [ 121.500304704999962, 31.279041247300029 ], [ 121.500380064000069, 31.279206456000054 ], [ 121.500164705999964, 31.279279138600089 ], [ 121.500207769000099, 31.279370924600073 ], [ 121.500520038000104, 31.2792618685001 ], [ 121.50035855200008, 31.278931419000116 ] ] ] } },
{ "type": "Feature", "properties": { "Id": 0, "Floor": 2, "height": 6 }, "geometry": { "type": "Polygon", "coordinates": [ [ [ 121.500110879999966, 31.279141491499956 ], [ 121.499970897000026, 31.279186902000049 ], [ 121.500003193999987, 31.279260324500115 ], [ 121.500132409000116, 31.279214881900032 ], [ 121.500110879999966, 31.279141491499956 ] ] ] } },
{ "type": "Feature", "properties": { "Id": 0, "Floor": 7, "height": 21 }, "geometry": { "type": "Polygon", "coordinates": [ [ [ 121.499841687000071, 31.279177350099985 ], [ 121.49966939900014, 31.27925016100005 ], [ 121.499723228999983, 31.279351145000021 ], [ 121.499895516000151, 31.279278334099956 ], [ 121.499841687000071, 31.279177350099985 ] ] ] } },
{ "type": "Feature", "properties": { "Id": 0, "Floor": 7, "height": 21 }, "geometry": { "type": "Polygon", "coordinates": [ [ [ 121.500100097000086, 31.27932477420012 ], [ 121.499777059000166, 31.27944296320004 ], [ 121.49982012199996, 31.279525583500117 ], [ 121.500153927000156, 31.279416592400082 ], [ 121.500100097000086, 31.27932477420012 ] ] ] } },
{ "type": "Feature", "properties": { "Id": 0, "Floor": 6, "height": 18 }, "geometry": { "type": "Polygon", "coordinates": [ [ [ 121.50054156300007, 31.279381087400054 ], [ 121.500315437000154, 31.279453737800054 ], [ 121.500369265000018, 31.279573052900105 ], [ 121.500584624000112, 31.279491204700037 ], [ 121.50054156300007, 31.279381087400054 ] ] ] } },
{ "type": "Feature", "properties": { "Id": 0, "Floor": 9, "height": 27 }, "geometry": { "type": "Polygon", "coordinates": [ [ [ 121.497806605000051, 31.279189592500131 ], [ 121.497386655000128, 31.279325820900056 ], [ 121.497440481000126, 31.279463468000017 ], [ 121.497860431000049, 31.279327239800068 ], [ 121.497806605000051, 31.279189592500131 ] ] ] } },
{ "type": "Feature", "properties": { "Id": 0, "Floor": 8, "height": 24 }, "geometry": { "type": "Polygon", "coordinates": [ [ [ 121.496999003000042, 31.27951714 ], [ 121.497268203999965, 31.279407957700016 ], [ 121.497225139000079, 31.279334502800054 ], [ 121.496988242000043, 31.279434616199978 ], [ 121.49691287099995, 31.279406893200076 ], [ 121.496945180000125, 31.279333664200124 ], [ 121.496848272999955, 31.279315042400015 ], [ 121.496826732000045, 31.279379138000138 ], [ 121.496762129, 31.279351447300087 ], [ 121.496719066999958, 31.279250495100086 ], [ 121.496611386000041, 31.279296001200123 ], [ 121.496675980999953, 31.279433680700095 ], [ 121.496891328999936, 31.279489320200014 ], [ 121.496999003000042, 31.27951714 ] ] ] } },
{ "type": "Feature", "properties": { "Id": 0, "Floor": 6, "height": 18 }, "geometry": { "type": "Polygon", "coordinates": [ [ [ 121.496449849999976, 31.279552157500007 ], [ 121.496600601000068, 31.279506780600116 ], [ 121.496514475000026, 31.279323208099981 ], [ 121.496116058999974, 31.279477831600104 ], [ 121.496116046999987, 31.279615317300056 ], [ 121.496428319000074, 31.279497098700006 ], [ 121.496449849999976, 31.279552157500007 ] ] ] } },
{ "type": "Feature", "properties": { "Id": 0, "Floor": 7, "height": 21 }, "geometry": { "type": "Polygon", "coordinates": [ [ [ 121.496891328999936, 31.279489320200014 ], [ 121.496675980999953, 31.279433680700095 ], [ 121.496772872000065, 31.279635616800135 ], [ 121.496912856000108, 31.279581041899974 ], [ 121.496891328999936, 31.279489320200014 ] ] ] } },
{ "type": "Feature", "properties": { "Id": 0, "Floor": 2, "height": 6 }, "geometry": { "type": "Polygon", "coordinates": [ [ [ 121.497332806000031, 31.279444814100088 ], [ 121.496955928000034, 31.279572005200066 ], [ 121.496977457999947, 31.279627064000067 ], [ 121.497354337000047, 31.279499872900089 ], [ 121.497332806000031, 31.279444814100088 ] ] ] } },
{ "type": "Feature", "properties": { "Id": 0, "Floor": 9, "height": 27 }, "geometry": { "type": "Polygon", "coordinates": [ [ [ 121.497935792000021, 31.279474117100108 ], [ 121.497548146000099, 31.27960127630007 ], [ 121.497612741000012, 31.279729789599969 ], [ 121.497989619000123, 31.279611764000038 ], [ 121.497935792000021, 31.279474117100108 ] ] ] } },
{ "type": "Feature", "properties": { "Id": 0, "Floor": 7, "height": 21 }, "geometry": { "type": "Polygon", "coordinates": [ [ [ 121.496632903000091, 31.279516043100045 ], [ 121.496126808999975, 31.279679509500056 ], [ 121.496180636999952, 31.279798824900126 ], [ 121.496686730999954, 31.279635358700091 ], [ 121.496632903000091, 31.279516043100045 ] ] ] } },
{ "type": "Feature", "properties": { "Id": 0, "Floor": 12, "height": 36 }, "geometry": { "type": "Polygon", "coordinates": [ [ [ 121.497203567000042, 31.27977439250003 ], [ 121.497418919999973, 31.279765871899997 ], [ 121.497418929999981, 31.279655883500084 ], [ 121.497160505000011, 31.279664275100004 ], [ 121.496697485000141, 31.279791207799917 ], [ 121.496482121999975, 31.279909716500015 ], [ 121.496557489000111, 31.279992433400025 ], [ 121.496783620000087, 31.279873957099994 ], [ 121.497203567000042, 31.27977439250003 ] ] ] } },
{ "type": "Feature", "properties": { "Id": 0, "Floor": 4, "height": 12 }, "geometry": { "type": "Polygon", "coordinates": [ [ [ 121.496288309999954, 31.279844975999936 ], [ 121.496169862000102, 31.279890449499931 ], [ 121.496116033000135, 31.279780299900096 ], [ 121.496116012000016, 31.280027773300105 ], [ 121.496342140000138, 31.279945959799932 ], [ 121.496288309999954, 31.279844975999936 ] ] ] } },
{ "type": "Feature", "properties": { "Id": 0, "Floor": 9, "height": 27 }, "geometry": { "type": "Polygon", "coordinates": [ [ [ 121.497957300000166, 31.279794981300029 ], [ 121.497666565000031, 31.279894933200126 ], [ 121.497720393, 31.28001424830012 ], [ 121.498011127000041, 31.279923462100044 ], [ 121.497957300000166, 31.279794981300029 ] ] ] } },
{ "type": "Feature", "properties": { "Id": 0, "Floor": 25, "height": 75 }, "geometry": { "type": "Polygon", "coordinates": [ [ [ 121.498624951000124, 31.279118716300104 ], [ 121.498301905000176, 31.279319395800144 ], [ 121.498528002000171, 31.279595044300095 ], [ 121.498840280000081, 31.27939433290004 ], [ 121.498624951000124, 31.279118716300104 ] ] ] } },
{ "type": "Feature", "properties": { "Id": 0, "Floor": 10, "height": 30 }, "geometry": { "type": "Polygon", "coordinates": [ [ [ 121.498872580000011, 31.279431092500033 ], [ 121.498872549999987, 31.279788555100026 ], [ 121.499066376000087, 31.279679146600131 ], [ 121.498872580000011, 31.279431092500033 ] ] ] } },
{ "type": "Feature", "properties": { "Id": 0, "Floor": 10, "height": 30 }, "geometry": { "type": "Polygon", "coordinates": [ [ [ 121.498872580000011, 31.279431092500033 ], [ 121.498840280000081, 31.27939433290004 ], [ 121.498528002000171, 31.279595044300095 ], [ 121.498743332, 31.279861494000102 ], [ 121.498872549999987, 31.279788555100026 ], [ 121.498872580000011, 31.279431092500033 ] ] ] } },
{ "type": "Feature", "properties": { "Id": 0, "Floor": 7, "height": 21 }, "geometry": { "type": "Polygon", "coordinates": [ [ [ 121.49940016100004, 31.279817630400032 ], [ 121.498872528999982, 31.280026862799957 ], [ 121.498872520999953, 31.2801276852 ], [ 121.499443224000174, 31.279900250399976 ], [ 121.49940016100004, 31.279817630400032 ] ] ] } },
{ "type": "Feature", "properties": { "Id": 0, "Floor": 7, "height": 21 }, "geometry": { "type": "Polygon", "coordinates": [ [ [ 121.498872528999982, 31.280026862799957 ], [ 121.498732546000042, 31.280081437999968 ], [ 121.498775608999949, 31.28016405780005 ], [ 121.498872520999953, 31.2801276852 ], [ 121.498872528999982, 31.280026862799957 ] ] ] } },
{ "type": "Feature", "properties": { "Id": 0, "Floor": 15, "height": 45 }, "geometry": { "type": "Polygon", "coordinates": [ [ [ 121.498990946000049, 31.280348015200104 ], [ 121.49908785699995, 31.280320808200088 ], [ 121.499055560000102, 31.280256552000083 ], [ 121.499184775, 31.280211110300058 ], [ 121.499217071999965, 31.280275366400076 ], [ 121.499357056, 31.280220791200065 ], [ 121.49928169400016, 31.280092246500033 ], [ 121.498883278999983, 31.280237705300067 ], [ 121.498926343, 31.280311159300084 ], [ 121.498958647, 31.280302090299983 ], [ 121.498990946000049, 31.280348015200104 ] ] ] } },
{ "type": "Feature", "properties": { "Id": 0, "Floor": 22, "height": 66 }, "geometry": { "type": "Polygon", "coordinates": [ [ [ 121.498323358999983, 31.280281857800048 ], [ 121.498269519000132, 31.280300028000113 ], [ 121.49822645800009, 31.280189911200011 ], [ 121.498054170000046, 31.280253555000115 ], [ 121.498097231999964, 31.280354506100025 ], [ 121.498032623999961, 31.280381809600101 ], [ 121.498097217000122, 31.280528653100134 ], [ 121.498377183, 31.280437834900056 ], [ 121.498323358999983, 31.280281857800048 ] ] ] } },
{ "type": "Feature", "properties": { "Id": 0, "Floor": 4, "height": 12 }, "geometry": { "type": "Polygon", "coordinates": [ [ [ 121.498743288000014, 31.280383936800035 ], [ 121.498614073000113, 31.280420212600006 ], [ 121.498646367999982, 31.280511965600056 ], [ 121.498775582, 31.280484855400118 ], [ 121.498743288000014, 31.280383936800035 ] ] ] } },
{ "type": "Feature", "properties": { "Id": 0, "Floor": 6, "height": 18 }, "geometry": { "type": "Polygon", "coordinates": [ [ [ 121.499195525, 31.280421952300117 ], [ 121.498872486999971, 31.280521807900016 ], [ 121.498872484, 31.280558470400081 ], [ 121.499260119000041, 31.280559629999914 ], [ 121.499195525, 31.280421952300117 ] ] ] } },
{ "type": "Feature", "properties": { "Id": 0, "Floor": 1, "height": 3 }, "geometry": { "type": "Polygon", "coordinates": [ [ [ 121.498301800000036, 31.280556762500112 ], [ 121.498527920000129, 31.280557439300026 ], [ 121.498517158000141, 31.280493247700122 ], [ 121.498301800000036, 31.280556762500112 ] ] ] } },
{ "type": "Feature", "properties": { "Id": 0, "Floor": 27, "height": 81 }, "geometry": { "type": "Polygon", "coordinates": [ [ [ 121.500552281000068, 31.27995855879999 ], [ 121.500584589000027, 31.279903661200137 ], [ 121.500659959000018, 31.279931383299925 ], [ 121.500713809999979, 31.279784893100043 ], [ 121.500649206000162, 31.279766368800097 ], [ 121.500681514, 31.279702305400008 ], [ 121.500520006000102, 31.279637663100118 ], [ 121.500487698000143, 31.279701726600081 ], [ 121.500401559000011, 31.279673972200044 ], [ 121.500347709000152, 31.279820462499913 ], [ 121.500423080000132, 31.279848184699915 ], [ 121.50039077200006, 31.279903082399983 ], [ 121.500552281000068, 31.27995855879999 ] ] ] } },
{ "type": "Feature", "properties": { "Id": 0, "Floor": 9, "height": 27 }, "geometry": { "type": "Polygon", "coordinates": [ [ [ 121.500293836999958, 31.280223591299944 ], [ 121.500240004000034, 31.280168436500105 ], [ 121.500218474, 31.280104212500135 ], [ 121.500240015000145, 31.280030951500009 ], [ 121.500304625000126, 31.279985316200055 ], [ 121.50036923100015, 31.279976343499925 ], [ 121.500218518, 31.279590934000055 ], [ 121.499895481000067, 31.279699957200137 ], [ 121.500196921000111, 31.280314958299982 ], [ 121.500369208000052, 31.280242147799925 ], [ 121.500293836999958, 31.280223591299944 ] ] ] } },
{ "type": "Feature", "properties": { "Id": 0, "Floor": 6, "height": 18 }, "geometry": { "type": "Polygon", "coordinates": [ [ [ 121.499400151000032, 31.279927618600084 ], [ 121.499281703999941, 31.279973092799992 ], [ 121.49943242400002, 31.280285176199982 ], [ 121.49955087100011, 31.280248867699981 ], [ 121.499400151000032, 31.279927618600084 ] ] ] } },
{ "type": "Feature", "properties": { "Id": 0, "Floor": 34, "height": 102 }, "geometry": { "type": "Polygon", "coordinates": [ [ [ 121.500369208000052, 31.280242147799925 ], [ 121.500444582000114, 31.280233207200013 ], [ 121.500498423999943, 31.280187539800067 ], [ 121.500519965999956, 31.280105113100092 ], [ 121.500509202999979, 31.28005008699995 ], [ 121.500455370000054, 31.279994932100124 ], [ 121.50036923100015, 31.279976343499925 ], [ 121.500304625000126, 31.279985316200055 ], [ 121.500240015000145, 31.280030951500009 ], [ 121.500218474, 31.280104212500135 ], [ 121.500240004000034, 31.280168436500105 ], [ 121.500293836999958, 31.280223591299944 ], [ 121.500369208000052, 31.280242147799925 ] ] ] } },
{ "type": "Feature", "properties": { "Id": 0, "Floor": 7, "height": 21 }, "geometry": { "type": "Polygon", "coordinates": [ [ [ 121.500649147, 31.280453793700019 ], [ 121.500692225999956, 31.280353100200102 ], [ 121.500584553000067, 31.28032528180006 ], [ 121.50034765800001, 31.280416230700041 ], [ 121.500315348999948, 31.280498624900133 ], [ 121.500401486999976, 31.280526379100138 ], [ 121.500595310000108, 31.280444467300129 ], [ 121.500649147, 31.280453793700019 ] ] ] } },
{ "type": "Feature", "properties": { "Id": 0, "Floor": 10, "height": 30 }, "geometry": { "type": "Polygon", "coordinates": [ [ [ 121.49943240000016, 31.280560145300115 ], [ 121.499712368000019, 31.280441829100084 ], [ 121.499658540000041, 31.280322514899922 ], [ 121.499281662000158, 31.280468038200013 ], [ 121.49931395800013, 31.28054145980002 ], [ 121.49941087000002, 31.280505087099982 ], [ 121.49943240000016, 31.280560145300115 ] ] ] } },
{ "type": "Feature", "properties": { "Id": 0, "Floor": 17, "height": 51 }, "geometry": { "type": "Polygon", "coordinates": [ [ [ 121.500627608000173, 31.28050872310007 ], [ 121.5005953000001, 31.28056362040013 ], [ 121.500702975999957, 31.280563942000128 ], [ 121.500713745999974, 31.280536477200087 ], [ 121.500627608000173, 31.28050872310007 ] ] ] } },
{ "type": "Feature", "properties": { "Id": 0, "Floor": 6, "height": 18 }, "geometry": { "type": "Polygon", "coordinates": [ [ [ 121.499540076000017, 31.280560467200132 ], [ 121.499270878000175, 31.28066048410011 ], [ 121.499303173000044, 31.280743071200106 ], [ 121.499572371999989, 31.280643054400116 ], [ 121.499540076000017, 31.280560467200132 ] ] ] } },
{ "type": "Feature", "properties": { "Id": 0, "Floor": 17, "height": 51 }, "geometry": { "type": "Polygon", "coordinates": [ [ [ 121.500573743000018, 31.280820193299917 ], [ 121.500595283000052, 31.280765264000081 ], [ 121.500681426000142, 31.280738024399966 ], [ 121.500756797000122, 31.280756580599927 ], [ 121.500789108000163, 31.280665021000061 ], [ 121.500670668, 31.280628004899995 ], [ 121.500702975999957, 31.280563942000128 ], [ 121.5005953000001, 31.28056362040013 ], [ 121.500519922999956, 31.280609223500107 ], [ 121.500444552999966, 31.28058150150008 ], [ 121.500401476000093, 31.280654697799946 ], [ 121.500509148999981, 31.280691681900009 ], [ 121.500476836999951, 31.280792407100137 ], [ 121.500573743000018, 31.280820193299917 ] ] ] } },
{ "type": "Feature", "properties": { "Id": 0, "Floor": 9, "height": 27 }, "geometry": { "type": "Polygon", "coordinates": [ [ [ 121.499755429000174, 31.280561111099985 ], [ 121.499712358000124, 31.280560982300074 ], [ 121.499604678999958, 31.280597322900121 ], [ 121.499669274000098, 31.280716669100059 ], [ 121.499518522000017, 31.280789543200058 ], [ 121.499604652000016, 31.280918119200066 ], [ 121.499895387000038, 31.280799835500034 ], [ 121.499755429000174, 31.280561111099985 ] ] ] } },
{ "type": "Feature", "properties": { "Id": 0, "Floor": 4, "height": 12 }, "geometry": { "type": "Polygon", "coordinates": [ [ [ 121.496395973000062, 31.280001115200037 ], [ 121.496116006999955, 31.280082767400017 ], [ 121.496115996000071, 31.280220252200138 ], [ 121.496439034, 31.280120397900021 ], [ 121.496395973000062, 31.280001115200037 ] ] ] } },
{ "type": "Feature", "properties": { "Id": 0, "Floor": 16, "height": 48 }, "geometry": { "type": "Polygon", "coordinates": [ [ [ 121.497601948000124, 31.280023059200062 ], [ 121.497214301000099, 31.280168548900008 ], [ 121.497278896000012, 31.280287895900017 ], [ 121.497655776999977, 31.28014237410008 ], [ 121.497601948000124, 31.280023059200062 ] ] ] } },
{ "type": "Feature", "properties": { "Id": 0, "Floor": 4, "height": 12 }, "geometry": { "type": "Polygon", "coordinates": [ [ [ 121.497871123000095, 31.280216344299959 ], [ 121.497731140000155, 31.280261753400112 ], [ 121.497763437, 31.280335175300138 ], [ 121.497903419000068, 31.280298931900006 ], [ 121.497871123000095, 31.280216344299959 ] ] ] } },
{ "type": "Feature", "properties": { "Id": 0, "Floor": 5, "height": 15 }, "geometry": { "type": "Polygon", "coordinates": [ [ [ 121.496417490000113, 31.280221155599975 ], [ 121.496115989000145, 31.280293577500061 ], [ 121.496115979000137, 31.280412730800094 ], [ 121.496449783, 31.280331240200042 ], [ 121.496417490000113, 31.280221155599975 ] ] ] } },
{ "type": "Feature", "properties": { "Id": 0, "Floor": 15, "height": 45 }, "geometry": { "type": "Polygon", "coordinates": [ [ [ 121.497063547000039, 31.280241422500126 ], [ 121.496654371000091, 31.280304356200133 ], [ 121.496686662, 31.280441937600131 ], [ 121.497095839000053, 31.280369838300089 ], [ 121.497063547000039, 31.280241422500126 ] ] ] } },
{ "type": "Feature", "properties": { "Id": 0, "Floor": 7, "height": 21 }, "geometry": { "type": "Polygon", "coordinates": [ [ [ 121.497720362999985, 31.280371708900077 ], [ 121.497569611000131, 31.280426251300014 ], [ 121.497623438000119, 31.280554731300015 ], [ 121.497795720999989, 31.280555247300072 ], [ 121.497720362999985, 31.280371708900077 ] ] ] } },
{ "type": "Feature", "properties": { "Id": 0, "Floor": 17, "height": 51 }, "geometry": { "type": "Polygon", "coordinates": [ [ [ 121.497515746999966, 31.280728555600035 ], [ 121.497063493000041, 31.280873850600074 ], [ 121.497095786000159, 31.28099310010009 ], [ 121.497569574999943, 31.280847869699983 ], [ 121.497515746999966, 31.280728555600035 ] ] ] } },
{ "type": "Feature", "properties": { "Id": 0, "Floor": 7, "height": 21 }, "geometry": { "type": "Polygon", "coordinates": [ [ [ 121.497935674000132, 31.280858131600098 ], [ 121.497860299000081, 31.280876237100131 ], [ 121.497828003999985, 31.280784484400101 ], [ 121.497881845000052, 31.280757148800035 ], [ 121.497795720999989, 31.280555247300072 ], [ 121.497623438000119, 31.280554731300015 ], [ 121.497946397999954, 31.28137143610013 ], [ 121.498107917000084, 31.281326091900098 ], [ 121.497935674000132, 31.280858131600098 ] ] ] } },
{ "type": "Feature", "properties": { "Id": 0, "Floor": 23, "height": 69 }, "geometry": { "type": "Polygon", "coordinates": [ [ [ 121.496718912, 31.281074461300022 ], [ 121.496697381999979, 31.281010237700059 ], [ 121.496438979, 31.280761992300029 ], [ 121.496288226000047, 31.280834865500083 ], [ 121.496331269000052, 31.281155790000071 ], [ 121.496374335000041, 31.281210912500057 ], [ 121.496718912, 31.281074461300022 ] ] ] } },
{ "type": "Feature", "properties": { "Id": 0, "Floor": 16, "height": 48 }, "geometry": { "type": "Polygon", "coordinates": [ [ [ 121.497709536000116, 31.281068263 ], [ 121.49718190800013, 31.281222497500039 ], [ 121.497224967999955, 31.28135094440006 ], [ 121.497763363, 31.281196742300097 ], [ 121.497709536000116, 31.281068263 ] ] ] } },
{ "type": "Feature", "properties": { "Id": 0, "Floor": 6, "height": 18 }, "geometry": { "type": "Polygon", "coordinates": [ [ [ 121.498872486999971, 31.280521807900016 ], [ 121.498840184000073, 31.280530876900116 ], [ 121.498850949000143, 31.280558406000011 ], [ 121.498872484, 31.280558470400081 ], [ 121.498872486999971, 31.280521807900016 ] ] ] } },
{ "type": "Feature", "properties": { "Id": 0, "Floor": 6, "height": 18 }, "geometry": { "type": "Polygon", "coordinates": [ [ [ 121.498850949000143, 31.280558406000011 ], [ 121.498872480000045, 31.280604298500123 ], [ 121.498872484, 31.280558470400081 ], [ 121.498850949000143, 31.280558406000011 ] ] ] } },
{ "type": "Feature", "properties": { "Id": 0, "Floor": 1, "height": 3 }, "geometry": { "type": "Polygon", "coordinates": [ [ [ 121.498301800000036, 31.280556762500112 ], [ 121.498237192000033, 31.280574900299996 ], [ 121.49825872200006, 31.280648289700139 ], [ 121.498527920000129, 31.280557439300026 ], [ 121.498301800000036, 31.280556762500112 ] ] ] } },
{ "type": "Feature", "properties": { "Id": 0, "Floor": 6, "height": 18 }, "geometry": { "type": "Polygon", "coordinates": [ [ [ 121.499260119000041, 31.280559629999914 ], [ 121.498872484, 31.280558470400081 ], [ 121.498872480000045, 31.280604298500123 ], [ 121.498904777000121, 31.28067772010013 ], [ 121.499260119000041, 31.280559629999914 ] ] ] } },
{ "type": "Feature", "properties": { "Id": 0, "Floor": 2, "height": 6 }, "geometry": { "type": "Polygon", "coordinates": [ [ [ 121.498194122000086, 31.280574771400097 ], [ 121.498043371000108, 31.280620148200001 ], [ 121.49807566700008, 31.280702735399984 ], [ 121.498226416999955, 31.280666524300102 ], [ 121.498194122000086, 31.280574771400097 ] ] ] } },
{ "type": "Feature", "properties": { "Id": 0, "Floor": 6, "height": 18 }, "geometry": { "type": "Polygon", "coordinates": [ [ [ 121.499217042000168, 31.280632826200133 ], [ 121.498947844000099, 31.280714511400106 ], [ 121.49899090800011, 31.280797130800124 ], [ 121.499249338000141, 31.280715413299959 ], [ 121.499217042000168, 31.280632826200133 ] ] ] } },
{ "type": "Feature", "properties": { "Id": 0, "Floor": 2, "height": 6 }, "geometry": { "type": "Polygon", "coordinates": [ [ [ 121.498743259999969, 31.28070473370002 ], [ 121.498678651999967, 31.280732037200096 ], [ 121.498646356, 31.280658615600089 ], [ 121.498398692000137, 31.280749530500088 ], [ 121.498430990000088, 31.280813786400017 ], [ 121.498280238, 31.280868328799954 ], [ 121.498323301000141, 31.280960113700019 ], [ 121.498786323000104, 31.280796518600027 ], [ 121.498743259999969, 31.28070473370002 ] ] ] } },
{ "type": "Feature", "properties": { "Id": 0, "Floor": 8, "height": 24 }, "geometry": { "type": "Polygon", "coordinates": [ [ [ 121.498829387000114, 31.280879137900058 ], [ 121.498872448000043, 31.280989253899975 ], [ 121.498872459000154, 31.280860935599947 ], [ 121.498829387000114, 31.280879137900058 ] ] ] } },
{ "type": "Feature", "properties": { "Id": 0, "Floor": 8, "height": 24 }, "geometry": { "type": "Polygon", "coordinates": [ [ [ 121.499238563000063, 31.2807978716001 ], [ 121.499012434999941, 31.280898016800109 ], [ 121.499098560999983, 31.28107242060014 ], [ 121.499335458000132, 31.280963142200108 ], [ 121.499238563000063, 31.2807978716001 ] ] ] } },
{ "type": "Feature", "properties": { "Id": 0, "Floor": 5, "height": 15 }, "geometry": { "type": "Polygon", "coordinates": [ [ [ 121.498075661000144, 31.280776060300127 ], [ 121.497967981999977, 31.280803234700102 ], [ 121.498107932000039, 31.281151946200112 ], [ 121.498215609999988, 31.281124771800137 ], [ 121.498075661000144, 31.280776060300127 ] ] ] } },
{ "type": "Feature", "properties": { "Id": 0, "Floor": 6, "height": 18 }, "geometry": { "type": "Polygon", "coordinates": [ [ [ 121.496374294000134, 31.281696686400096 ], [ 121.496115915000132, 31.281164310300085 ], [ 121.496115893000137, 31.281430111499958 ], [ 121.496277381000027, 31.281742223700064 ], [ 121.496374294000134, 31.281696686400096 ] ] ] } },
{ "type": "Feature", "properties": { "Id": 0, "Floor": 2, "height": 6 }, "geometry": { "type": "Polygon", "coordinates": [ [ [ 121.49667580300013, 31.281523444599998 ], [ 121.497041914999954, 31.28137789270005 ], [ 121.496998853000036, 31.281276942500028 ], [ 121.496406615000069, 31.281476810400022 ], [ 121.496492741999987, 31.281651213700002 ], [ 121.496697333000043, 31.281578502400066 ], [ 121.49667580300013, 31.281523444599998 ] ] ] } },
{ "type": "Feature", "properties": { "Id": 0, "Floor": 4, "height": 12 }, "geometry": { "type": "Polygon", "coordinates": [ [ [ 121.497838721, 31.281380279200107 ], [ 121.497289555999942, 31.281552779900039 ], [ 121.497354149999978, 31.281699621900088 ], [ 121.497903314000155, 31.281536286900007 ], [ 121.497838721, 31.281380279200107 ] ] ] } },
{ "type": "Feature", "properties": { "Id": 0, "Floor": 11, "height": 33 }, "geometry": { "type": "Polygon", "coordinates": [ [ [ 121.497343375000128, 31.281782079300115 ], [ 121.497268014000156, 31.281635205200018 ], [ 121.497074190000149, 31.281707948799976 ], [ 121.497084955, 31.281735477700011 ], [ 121.497138783999958, 31.28185479060005 ], [ 121.497343375000128, 31.281782079300115 ] ] ] } },
{ "type": "Feature", "properties": { "Id": 0, "Floor": 6, "height": 18 }, "geometry": { "type": "Polygon", "coordinates": [ [ [ 121.496223548000103, 31.281677903700086 ], [ 121.496115868000061, 31.281714243099998 ], [ 121.496115853999981, 31.281879222400107 ], [ 121.496288142000026, 31.281815580099931 ], [ 121.496223548000103, 31.281677903700086 ] ] ] } },
{ "type": "Feature", "properties": { "Id": 0, "Floor": 6, "height": 18 }, "geometry": { "type": "Polygon", "coordinates": [ [ [ 121.496406590000106, 31.281779272900053 ], [ 121.496341981, 31.281806575900077 ], [ 121.496428108000146, 31.281971813099972 ], [ 121.496492716000148, 31.281953675699981 ], [ 121.496406590000106, 31.281779272900053 ] ] ] } },
{ "type": "Feature", "properties": { "Id": 0, "Floor": 9, "height": 27 }, "geometry": { "type": "Polygon", "coordinates": [ [ [ 121.497106478999967, 31.281873024899994 ], [ 121.497041882999952, 31.281753679700103 ], [ 121.496589628000152, 31.281917304 ], [ 121.496654223000064, 31.282045814600053 ], [ 121.497106478000092, 31.281882190399983 ], [ 121.497106478999967, 31.281873024899994 ] ] ] } },
{ "type": "Feature", "properties": { "Id": 0, "Floor": 2, "height": 6 }, "geometry": { "type": "Polygon", "coordinates": [ [ [ 121.496363503, 31.281971619500041 ], [ 121.496385038999961, 31.281953353000063 ], [ 121.496363509000048, 31.281898295500014 ], [ 121.496245060000092, 31.281952933600053 ], [ 121.496331188000113, 31.282109005099983 ], [ 121.496417331999965, 31.282072601300001 ], [ 121.496363503, 31.281971619500041 ] ] ] } },
{ "type": "Feature", "properties": { "Id": 0, "Floor": 5, "height": 15 }, "geometry": { "type": "Polygon", "coordinates": [ [ [ 121.49650348199998, 31.281972038899994 ], [ 121.496428105999939, 31.281999309599996 ], [ 121.496481937, 31.28209112579998 ], [ 121.496546545, 31.282063822900113 ], [ 121.49650348199998, 31.281972038899994 ] ] ] } },
{ "type": "Feature", "properties": { "Id": 0, "Floor": 12, "height": 36 }, "geometry": { "type": "Polygon", "coordinates": [ [ [ 121.496245060000092, 31.281952933600053 ], [ 121.496115844000087, 31.281998373900137 ], [ 121.496115828000029, 31.282190849199992 ], [ 121.496331188000113, 31.282109005099983 ], [ 121.496245060000092, 31.281952933600053 ] ] ] } },
{ "type": "Feature", "properties": { "Id": 0, "Floor": 7, "height": 21 }, "geometry": { "type": "Polygon", "coordinates": [ [ [ 121.503761232999977, 31.277135882600021 ], [ 121.503675088000023, 31.277208954200034 ], [ 121.503901183000039, 31.277438773200117 ], [ 121.503987328000107, 31.277365701599933 ], [ 121.503761232999977, 31.277135882600021 ] ] ] } },
{ "type": "Feature", "properties": { "Id": 0, "Floor": 7, "height": 21 }, "geometry": { "type": "Polygon", "coordinates": [ [ [ 121.504321092000055, 31.277660000300045 ], [ 121.504385690000049, 31.27772435300011 ], [ 121.504385700000057, 31.277614362500003 ], [ 121.504321092000055, 31.277660000300045 ] ] ] } },
{ "type": "Feature", "properties": { "Id": 0, "Floor": 7, "height": 21 }, "geometry": { "type": "Polygon", "coordinates": [ [ [ 121.503998078000109, 31.277576549199978 ], [ 121.503911934000143, 31.277640454800064 ], [ 121.504256459000089, 31.277998945799993 ], [ 121.504342602999941, 31.27793504020002 ], [ 121.503998078000109, 31.277576549199978 ] ] ] } },
{ "type": "Feature", "properties": { "Id": 0, "Floor": 7, "height": 21 }, "geometry": { "type": "Polygon", "coordinates": [ [ [ 121.5037719500001, 31.277731698100069 ], [ 121.503675037999983, 31.277795571399963 ], [ 121.504030331000081, 31.278154094400065 ], [ 121.50412724399996, 31.278081055200118 ], [ 121.5037719500001, 31.277731698100069 ] ] ] } },
{ "type": "Feature", "properties": { "Id": 0, "Floor": 7, "height": 21 }, "geometry": { "type": "Polygon", "coordinates": [ [ [ 121.503470445000062, 31.277941617599993 ], [ 121.503395067000042, 31.278005554600043 ], [ 121.503599630000167, 31.278226142499989 ], [ 121.50377190800009, 31.278226654100024 ], [ 121.503470445000062, 31.277941617599993 ] ] ] } },
{ "type": "Feature", "properties": { "Id": 0, "Floor": 7, "height": 21 }, "geometry": { "type": "Polygon", "coordinates": [ [ [ 121.50377190800009, 31.278226654100024 ], [ 121.503599630000167, 31.278226142499989 ], [ 121.503728827000145, 31.27836401360014 ], [ 121.50383650699996, 31.278291006700044 ], [ 121.50377190800009, 31.278226654100024 ] ] ] } },
{ "type": "Feature", "properties": { "Id": 0, "Floor": 7, "height": 21 }, "geometry": { "type": "Polygon", "coordinates": [ [ [ 121.504321025000081, 31.278448263100131 ], [ 121.504385622999962, 31.278512615299974 ], [ 121.50438563299997, 31.278402625599938 ], [ 121.504321025000081, 31.278448263100131 ] ] ] } },
{ "type": "Feature", "properties": { "Id": 0, "Floor": 5, "height": 15 }, "geometry": { "type": "Polygon", "coordinates": [ [ [ 121.503793408000092, 31.278630013800125 ], [ 121.503685726999947, 31.278712186200039 ], [ 121.50376109299998, 31.278785736300108 ], [ 121.503879541000174, 31.278703595900026 ], [ 121.503793408000092, 31.278630013800125 ] ] ] } },
{ "type": "Feature", "properties": { "Id": 0, "Floor": 7, "height": 21 }, "geometry": { "type": "Polygon", "coordinates": [ [ [ 121.504170273999989, 31.278539474100114 ], [ 121.504073361, 31.278621678900095 ], [ 121.50438558999997, 31.278906744199958 ], [ 121.504385604000049, 31.278741760199978 ], [ 121.504170273999989, 31.278539474100114 ] ] ] } },
{ "type": "Feature", "properties": { "Id": 0, "Floor": 7, "height": 21 }, "geometry": { "type": "Polygon", "coordinates": [ [ [ 121.504504034999968, 31.278852100600091 ], [ 121.504385604000049, 31.278741760199978 ], [ 121.50438558999997, 31.278906744199958 ], [ 121.504407122999964, 31.278925139600005 ], [ 121.504504034999968, 31.278852100600091 ] ] ] } },
{ "type": "Feature", "properties": { "Id": 0, "Floor": 8, "height": 24 }, "geometry": { "type": "Polygon", "coordinates": [ [ [ 121.502867494000043, 31.27764651730007 ], [ 121.502781347000109, 31.277728753900021 ], [ 121.503093574000104, 31.278068819400005 ], [ 121.503190488000087, 31.277986614900101 ], [ 121.502867494000043, 31.27764651730007 ] ] ] } },
{ "type": "Feature", "properties": { "Id": 0, "Floor": 7, "height": 21 }, "geometry": { "type": "Polygon", "coordinates": [ [ [ 121.502006079000012, 31.277836436100074 ], [ 121.501919936000149, 31.277872842900138 ], [ 121.502092187000017, 31.278221658399957 ], [ 121.502210629000047, 31.278222011200057 ], [ 121.502006079000012, 31.277836436100074 ] ] ] } },
{ "type": "Feature", "properties": { "Id": 0, "Floor": 8, "height": 24 }, "geometry": { "type": "Polygon", "coordinates": [ [ [ 121.502813611000079, 31.27817797689994 ], [ 121.502759783000101, 31.278076992500075 ], [ 121.502425980000112, 31.2782043208 ], [ 121.502436746000058, 31.278222684500065 ], [ 121.502684398000156, 31.278223421600046 ], [ 121.502813611000079, 31.27817797689994 ] ] ] } },
{ "type": "Feature", "properties": { "Id": 0, "Floor": 7, "height": 21 }, "geometry": { "type": "Polygon", "coordinates": [ [ [ 121.503255083, 31.278105962900042 ], [ 121.50315817000012, 31.278169835700055 ], [ 121.503212003000158, 31.278224990800084 ], [ 121.503373514000145, 31.278225470799953 ], [ 121.503255083, 31.278105962900042 ] ] ] } },
{ "type": "Feature", "properties": { "Id": 0, "Floor": 8, "height": 24 }, "geometry": { "type": "Polygon", "coordinates": [ [ [ 121.502436746000058, 31.278222684500065 ], [ 121.50246904200003, 31.27829610729998 ], [ 121.502684398000156, 31.278223421600046 ], [ 121.502436746000058, 31.278222684500065 ] ] ] } },
{ "type": "Feature", "properties": { "Id": 0, "Floor": 7, "height": 21 }, "geometry": { "type": "Polygon", "coordinates": [ [ [ 121.502210629000047, 31.278222011200057 ], [ 121.502092187000017, 31.278221658399957 ], [ 121.502232140000046, 31.27850621570002 ], [ 121.502339818, 31.278469873099993 ], [ 121.502210629000047, 31.278222011200057 ] ] ] } },
{ "type": "Feature", "properties": { "Id": 0, "Floor": 7, "height": 21 }, "geometry": { "type": "Polygon", "coordinates": [ [ [ 121.503373514000145, 31.278225470799953 ], [ 121.503212003000158, 31.278224990800084 ], [ 121.503502697000044, 31.278528326699984 ], [ 121.503599610000038, 31.278455288100076 ], [ 121.503373514000145, 31.278225470799953 ] ] ] } },
{ "type": "Feature", "properties": { "Id": 0, "Floor": 7, "height": 21 }, "geometry": { "type": "Polygon", "coordinates": [ [ [ 121.50310432699996, 31.278243002299973 ], [ 121.502996646000042, 31.278316008800005 ], [ 121.503351942000108, 31.278665365800066 ], [ 121.503448855000102, 31.278592327299975 ], [ 121.50310432699996, 31.278243002299973 ] ] ] } },
{ "type": "Feature", "properties": { "Id": 0, "Floor": 7, "height": 21 }, "geometry": { "type": "Polygon", "coordinates": [ [ [ 121.502899736000018, 31.278352383800097 ], [ 121.502598233000072, 31.278525637199948 ], [ 121.502673596000136, 31.278626685400013 ], [ 121.502964332000033, 31.278453400000103 ], [ 121.502899736000018, 31.278352383800097 ] ] ] } },
{ "type": "Feature", "properties": { "Id": 0, "Floor": 5, "height": 15 }, "geometry": { "type": "Polygon", "coordinates": [ [ [ 121.502059855000084, 31.278560697300065 ], [ 121.501995247999957, 31.278588002200081 ], [ 121.502049078000141, 31.278679820600075 ], [ 121.50211368500004, 31.27865251570006 ], [ 121.502059855000084, 31.278560697300065 ] ] ] } },
{ "type": "Feature", "properties": { "Id": 0, "Floor": 7, "height": 21 }, "geometry": { "type": "Polygon", "coordinates": [ [ [ 121.501424601000053, 31.27821966839997 ], [ 121.501338461000046, 31.278219411500061 ], [ 121.501198478000106, 31.278273988900082 ], [ 121.501166180000155, 31.278218897600027 ], [ 121.501026202000048, 31.278218479900033 ], [ 121.501133860000095, 31.278420449300143 ], [ 121.501456898000015, 31.278283925600078 ], [ 121.501424601000053, 31.27821966839997 ] ] ] } },
{ "type": "Feature", "properties": { "Id": 0, "Floor": 7, "height": 21 }, "geometry": { "type": "Polygon", "coordinates": [ [ [ 121.501629157000139, 31.278541082100105 ], [ 121.501629166000043, 31.278431092400069 ], [ 121.501446113000043, 31.278494707200082 ], [ 121.501489173999971, 31.278595659500127 ], [ 121.501629157000139, 31.278541082100105 ] ] ] } },
{ "type": "Feature", "properties": { "Id": 0, "Floor": 7, "height": 21 }, "geometry": { "type": "Polygon", "coordinates": [ [ [ 121.501779893000162, 31.278651521000086 ], [ 121.50162914200007, 31.278715232200113 ], [ 121.501629130999959, 31.278843553099989 ], [ 121.501962935000051, 31.278707061300054 ], [ 121.501769148000108, 31.278376514800016 ], [ 121.501629166000043, 31.278431092400069 ], [ 121.501629157000139, 31.278541082100105 ], [ 121.501715299000011, 31.278513841500114 ], [ 121.501779893000162, 31.278651521000086 ] ] ] } },
{ "type": "Feature", "properties": { "Id": 0, "Floor": 7, "height": 21 }, "geometry": { "type": "Polygon", "coordinates": [ [ [ 121.501381506000143, 31.278512846200044 ], [ 121.500896950000083, 31.278703882100046 ], [ 121.500940011000125, 31.278814000100112 ], [ 121.501435334, 31.27862299629993 ], [ 121.501381506000143, 31.278512846200044 ] ] ] } },
{ "type": "Feature", "properties": { "Id": 0, "Floor": 7, "height": 21 }, "geometry": { "type": "Polygon", "coordinates": [ [ [ 121.501629130999959, 31.278843553099989 ], [ 121.50162914200007, 31.278715232200113 ], [ 121.501424551000127, 31.278806279999969 ], [ 121.50147837999998, 31.278907264099985 ], [ 121.501629130999959, 31.278843553099989 ] ] ] } },
{ "type": "Feature", "properties": { "Id": 0, "Floor": 4, "height": 12 }, "geometry": { "type": "Polygon", "coordinates": [ [ [ 121.501338418000159, 31.278723530999969 ], [ 121.501101524999967, 31.278805316300122 ], [ 121.501198415999966, 31.279007252399936 ], [ 121.501446075999979, 31.278925499300044 ], [ 121.501338418000159, 31.278723530999969 ] ] ] } },
{ "type": "Feature", "properties": { "Id": 0, "Floor": 7, "height": 21 }, "geometry": { "type": "Polygon", "coordinates": [ [ [ 121.501123051000036, 31.278915369900119 ], [ 121.500756941999953, 31.279051763600023 ], [ 121.50068158199997, 31.278904886400028 ], [ 121.500886172000037, 31.278832170900102 ], [ 121.500832341999967, 31.278731186600055 ], [ 121.500509304000161, 31.2788585431 ], [ 121.50069232400017, 31.279198222800005 ], [ 121.501166112000078, 31.279016321799929 ], [ 121.501123051000036, 31.278915369900119 ] ] ] } },
{ "type": "Feature", "properties": { "Id": 0, "Floor": 8, "height": 24 }, "geometry": { "type": "Polygon", "coordinates": [ [ [ 121.501726025000153, 31.278999660099998 ], [ 121.501629115000128, 31.27903603430002 ], [ 121.501629104000017, 31.279155189099981 ], [ 121.501769086999957, 31.279100611800004 ], [ 121.501726025000153, 31.278999660099998 ] ] ] } },
{ "type": "Feature", "properties": { "Id": 0, "Floor": 8, "height": 24 }, "geometry": { "type": "Polygon", "coordinates": [ [ [ 121.501629115000128, 31.27903603430002 ], [ 121.501424525000061, 31.279117916000018 ], [ 121.501467587000093, 31.279209701900129 ], [ 121.501629104000017, 31.279155189099981 ], [ 121.501629115000128, 31.27903603430002 ] ] ] } },
{ "type": "Feature", "properties": { "Id": 0, "Floor": 8, "height": 24 }, "geometry": { "type": "Polygon", "coordinates": [ [ [ 121.501370687999952, 31.279108589700115 ], [ 121.500670775, 31.279363141800047 ], [ 121.500724603000094, 31.279482456900041 ], [ 121.501424516000156, 31.279218739200132 ], [ 121.501370687999952, 31.279108589700115 ] ] ] } },
{ "type": "Feature", "properties": { "Id": 0, "Floor": 7, "height": 21 }, "geometry": { "type": "Polygon", "coordinates": [ [ [ 121.502975095000124, 31.278508426800101 ], [ 121.502867413999979, 31.278581433000113 ], [ 121.503093510000099, 31.278820416000087 ], [ 121.503190424000081, 31.278747377800073 ], [ 121.502975095000124, 31.278508426800101 ] ] ] } },
{ "type": "Feature", "properties": { "Id": 0, "Floor": 7, "height": 21 }, "geometry": { "type": "Polygon", "coordinates": [ [ [ 121.502770503000079, 31.278636139500065 ], [ 121.502662823000037, 31.278690813900027 ], [ 121.502845848, 31.278957166000055 ], [ 121.502953527000159, 31.278893325900071 ], [ 121.502770503000079, 31.278636139500065 ] ] ] } },
{ "type": "Feature", "properties": { "Id": 0, "Floor": 7, "height": 21 }, "geometry": { "type": "Polygon", "coordinates": [ [ [ 121.502415176999989, 31.278625916199985 ], [ 121.50230749800005, 31.278680590300098 ], [ 121.50253358000009, 31.279093723300093 ], [ 121.502641258000153, 31.279048215000046 ], [ 121.502415176999989, 31.278625916199985 ] ] ] } },
{ "type": "Feature", "properties": { "Id": 0, "Floor": 8, "height": 24 }, "geometry": { "type": "Polygon", "coordinates": [ [ [ 121.502210540999954, 31.279257744900121 ], [ 121.502339756000083, 31.279203135300065 ], [ 121.502135206000162, 31.278817564000065 ], [ 121.501812170999983, 31.278935756500118 ], [ 121.501876766000123, 31.279055103999951 ], [ 121.502070585999945, 31.278991521199998 ], [ 121.502210540999954, 31.279257744900121 ] ] ] } },
{ "type": "Feature", "properties": { "Id": 0, "Floor": 6, "height": 18 }, "geometry": { "type": "Polygon", "coordinates": [ [ [ 121.503728786000011, 31.278840635100096 ], [ 121.503265758999987, 31.279178392900121 ], [ 121.50334112500002, 31.279251942799988 ], [ 121.503814918999979, 31.278914217000136 ], [ 121.503728786000011, 31.278840635100096 ] ] ] } },
{ "type": "Feature", "properties": { "Id": 0, "Floor": 7, "height": 21 }, "geometry": { "type": "Polygon", "coordinates": [ [ [ 121.503104243000166, 31.279232907200026 ], [ 121.503147308000052, 31.279288029700012 ], [ 121.503222683, 31.279251590800129 ], [ 121.503147322000018, 31.279123046300128 ], [ 121.502985804, 31.279195892000075 ], [ 121.503007334000017, 31.279250950500057 ], [ 121.503018100000077, 31.279269313999919 ], [ 121.503104243000166, 31.279232907200026 ] ] ] } },
{ "type": "Feature", "properties": { "Id": 0, "Floor": 7, "height": 21 }, "geometry": { "type": "Polygon", "coordinates": [ [ [ 121.502985784999964, 31.279415869700131 ], [ 121.503061161000119, 31.279370265200043 ], [ 121.503018100000077, 31.279269313999919 ], [ 121.503007334000017, 31.279250950500057 ], [ 121.502921192000031, 31.27928735730012 ], [ 121.502899661000129, 31.279241464599977 ], [ 121.502705839999976, 31.2793233796001 ], [ 121.502759669000056, 31.279415197100036 ], [ 121.502953489999982, 31.279333282100083 ], [ 121.502985784999964, 31.279415869700131 ] ] ] } },
{ "type": "Feature", "properties": { "Id": 0, "Floor": 8, "height": 24 }, "geometry": { "type": "Polygon", "coordinates": [ [ [ 121.502436656999976, 31.279276749699989 ], [ 121.502307442000074, 31.279331359400032 ], [ 121.502458161000163, 31.279634277000014 ], [ 121.502587375999951, 31.279579667399958 ], [ 121.502436656999976, 31.279276749699989 ] ] ] } },
{ "type": "Feature", "properties": { "Id": 0, "Floor": 3, "height": 9 }, "geometry": { "type": "Polygon", "coordinates": [ [ [ 121.503071926999951, 31.279388628700076 ], [ 121.502996551000138, 31.279443398900014 ], [ 121.50314728, 31.279617995699994 ], [ 121.503222657000151, 31.279554059800034 ], [ 121.503071926999951, 31.279388628700076 ] ] ] } },
{ "type": "Feature", "properties": { "Id": 0, "Floor": 7, "height": 21 }, "geometry": { "type": "Polygon", "coordinates": [ [ [ 121.503244215, 31.279288317800081 ], [ 121.50315807000004, 31.279352221800025 ], [ 121.503577965999966, 31.279738429699989 ], [ 121.503664111000148, 31.279674525600058 ], [ 121.503244215, 31.279288317800081 ] ] ] } },
{ "type": "Feature", "properties": { "Id": 0, "Floor": 7, "height": 21 }, "geometry": { "type": "Polygon", "coordinates": [ [ [ 121.50396566500001, 31.278878001300029 ], [ 121.503857984999968, 31.278951007900048 ], [ 121.504073317, 31.279144127900054 ], [ 121.504180996000173, 31.279071121299978 ], [ 121.50396566500001, 31.278878001300029 ] ] ] } },
{ "type": "Feature", "properties": { "Id": 0, "Floor": 7, "height": 21 }, "geometry": { "type": "Polygon", "coordinates": [ [ [ 121.50376107, 31.279051543700007 ], [ 121.503653390000068, 31.279133715700084 ], [ 121.503879486999949, 31.279345199100078 ], [ 121.503987167, 31.279263027000013 ], [ 121.50376107, 31.279051543700007 ] ] ] } },
{ "type": "Feature", "properties": { "Id": 0, "Floor": 7, "height": 21 }, "geometry": { "type": "Polygon", "coordinates": [ [ [ 121.504267127000048, 31.279172200100106 ], [ 121.50418098199998, 31.279236104800077 ], [ 121.50438554599998, 31.279420026099956 ], [ 121.504385557999967, 31.279282540099985 ], [ 121.504267127000048, 31.279172200100106 ] ] ] } },
{ "type": "Feature", "properties": { "Id": 0, "Floor": 7, "height": 21 }, "geometry": { "type": "Polygon", "coordinates": [ [ [ 121.50356724400001, 31.279206785900101 ], [ 121.503459563000092, 31.279288957699919 ], [ 121.503674893000152, 31.279500409100137 ], [ 121.503782572999967, 31.279427402999943 ], [ 121.50356724400001, 31.279206785900101 ] ] ] } },
{ "type": "Feature", "properties": { "Id": 0, "Floor": 7, "height": 21 }, "geometry": { "type": "Polygon", "coordinates": [ [ [ 121.504482457, 31.279365319000135 ], [ 121.504385557999967, 31.279282540099985 ], [ 121.50438554599998, 31.279420026099956 ], [ 121.504396313000143, 31.27942922379998 ], [ 121.504482457, 31.279365319000135 ] ] ] } },
{ "type": "Feature", "properties": { "Id": 0, "Floor": 4, "height": 12 }, "geometry": { "type": "Polygon", "coordinates": [ [ [ 121.504159436000123, 31.279373527000132 ], [ 121.504116363000094, 31.279410062100055 ], [ 121.504256328, 31.279538797399994 ], [ 121.504310167999961, 31.279502294200029 ], [ 121.504159436000123, 31.279373527000132 ] ] ] } },
{ "type": "Feature", "properties": { "Id": 0, "Floor": 7, "height": 21 }, "geometry": { "type": "Polygon", "coordinates": [ [ [ 121.503987156000107, 31.279400513000041 ], [ 121.503890243, 31.279473551200056 ], [ 121.504105574000164, 31.279666670200129 ], [ 121.504191719, 31.279593600099929 ], [ 121.503987156000107, 31.279400513000041 ] ] ] } },
{ "type": "Feature", "properties": { "Id": 0, "Floor": 7, "height": 21 }, "geometry": { "type": "Polygon", "coordinates": [ [ [ 121.503836402000047, 31.27951922 ], [ 121.503728722, 31.279601391800043 ], [ 121.503944052999941, 31.279794510800116 ], [ 121.504040966000161, 31.279712307100112 ], [ 121.503836402000047, 31.27951922 ] ] ] } },
{ "type": "Feature", "properties": { "Id": 0, "Floor": 7, "height": 21 }, "geometry": { "type": "Polygon", "coordinates": [ [ [ 121.504320905999975, 31.279850622799984 ], [ 121.504385504999959, 31.279905808500075 ], [ 121.504385513999978, 31.2798049859 ], [ 121.504320905999975, 31.279850622799984 ] ] ] } },
{ "type": "Feature", "properties": { "Id": 0, "Floor": 7, "height": 21 }, "geometry": { "type": "Polygon", "coordinates": [ [ [ 121.503771777999987, 31.279757336600028 ], [ 121.503685633000146, 31.279821240700016 ], [ 121.504105527999968, 31.280216611000071 ], [ 121.504191673000037, 31.280143541300106 ], [ 121.503771777999987, 31.279757336600028 ] ] ] } },
{ "type": "Feature", "properties": { "Id": 0, "Floor": 8, "height": 24 }, "geometry": { "type": "Polygon", "coordinates": [ [ [ 121.501833681, 31.279229124900041 ], [ 121.501629091000154, 31.279311006700084 ], [ 121.501629082000022, 31.279420995400017 ], [ 121.501876743000025, 31.279320910600006 ], [ 121.501833681, 31.279229124900041 ] ] ] } },
{ "type": "Feature", "properties": { "Id": 0, "Floor": 8, "height": 24 }, "geometry": { "type": "Polygon", "coordinates": [ [ [ 121.501629091000154, 31.279311006700084 ], [ 121.501542948000065, 31.279347412800064 ], [ 121.501575243000161, 31.279439166399982 ], [ 121.501629082000022, 31.279420995400017 ], [ 121.501629091000154, 31.279311006700084 ] ] ] } },
{ "type": "Feature", "properties": { "Id": 0, "Floor": 7, "height": 21 }, "geometry": { "type": "Polygon", "coordinates": [ [ [ 121.502210534000028, 31.279340236499991 ], [ 121.501629070000035, 31.279558481200013 ], [ 121.501682898000013, 31.279668630199978 ], [ 121.502275130000044, 31.279450417699991 ], [ 121.502210534000028, 31.279340236499991 ] ] ] } },
{ "type": "Feature", "properties": { "Id": 0, "Floor": 8, "height": 24 }, "geometry": { "type": "Polygon", "coordinates": [ [ [ 121.501446040000019, 31.279347123799937 ], [ 121.500789199999986, 31.27958347270004 ], [ 121.500843028999952, 31.279684456200016 ], [ 121.501499869999975, 31.279438941600063 ], [ 121.501446040000019, 31.279347123799937 ] ] ] } },
{ "type": "Feature", "properties": { "Id": 0, "Floor": 8, "height": 24 }, "geometry": { "type": "Polygon", "coordinates": [ [ [ 121.50157523200005, 31.27956748640014 ], [ 121.501133750000122, 31.279721986600123 ], [ 121.501176811000164, 31.279822937800077 ], [ 121.501629061000131, 31.279668469700084 ], [ 121.50157523200005, 31.27956748640014 ] ] ] } },
{ "type": "Feature", "properties": { "Id": 0, "Floor": 8, "height": 24 }, "geometry": { "type": "Polygon", "coordinates": [ [ [ 121.501661360000071, 31.279705228800026 ], [ 121.501629056999946, 31.27971429820002 ], [ 121.501629044999959, 31.279860949299973 ], [ 121.501715188000048, 31.279824543399968 ], [ 121.501661360000071, 31.279705228800026 ] ] ] } },
{ "type": "Feature", "properties": { "Id": 0, "Floor": 7, "height": 21 }, "geometry": { "type": "Polygon", "coordinates": [ [ [ 121.501101445000018, 31.27974022159998 ], [ 121.500853783000139, 31.279840305100038 ], [ 121.500896846000046, 31.279932090500097 ], [ 121.501144509000028, 31.279822841400005 ], [ 121.501101445000018, 31.27974022159998 ] ] ] } },
{ "type": "Feature", "properties": { "Id": 0, "Floor": 8, "height": 24 }, "geometry": { "type": "Polygon", "coordinates": [ [ [ 121.501629056999946, 31.27971429820002 ], [ 121.501101430000062, 31.27992353540003 ], [ 121.501166024999975, 31.280042881999975 ], [ 121.501629044999959, 31.279860949299973 ], [ 121.501629056999946, 31.27971429820002 ] ] ] } },
{ "type": "Feature", "properties": { "Id": 0, "Floor": 5, "height": 15 }, "geometry": { "type": "Polygon", "coordinates": [ [ [ 121.500961448999988, 31.279959780400077 ], [ 121.500821464999945, 31.280023522300041 ], [ 121.500864525999987, 31.280133638900111 ], [ 121.501015278000068, 31.280060763499989 ], [ 121.500961448999988, 31.279959780400077 ] ] ] } },
{ "type": "Feature", "properties": { "Id": 0, "Floor": 8, "height": 24 }, "geometry": { "type": "Polygon", "coordinates": [ [ [ 121.501801316999945, 31.279953119699996 ], [ 121.501629031000107, 31.280016765899973 ], [ 121.50162902, 31.280145085200047 ], [ 121.501855146000139, 31.280054102600104 ], [ 121.501801316999945, 31.279953119699996 ] ] ] } },
{ "type": "Feature", "properties": { "Id": 0, "Floor": 7, "height": 21 }, "geometry": { "type": "Polygon", "coordinates": [ [ [ 121.50229666000007, 31.279505476099928 ], [ 121.501725963000126, 31.279732918499974 ], [ 121.501769024000055, 31.279843035200088 ], [ 121.502361256000086, 31.279615657100067 ], [ 121.50229666000007, 31.279505476099928 ] ] ] } },
{ "type": "Feature", "properties": { "Id": 0, "Floor": 7, "height": 21 }, "geometry": { "type": "Polygon", "coordinates": [ [ [ 121.503244194000104, 31.279535792399997 ], [ 121.503222657000151, 31.279554059800034 ], [ 121.50314728, 31.279617995699994 ], [ 121.503384141000083, 31.279884504999927 ], [ 121.503491822, 31.279802333699934 ], [ 121.503244194000104, 31.279535792399997 ] ] ] } },
{ "type": "Feature", "properties": { "Id": 0, "Floor": 7, "height": 21 }, "geometry": { "type": "Polygon", "coordinates": [ [ [ 121.502931947999969, 31.27941570960013 ], [ 121.502802733000067, 31.279479485300044 ], [ 121.503093407000165, 31.280039457399994 ], [ 121.503233388000126, 31.279984879499921 ], [ 121.502931947999969, 31.27941570960013 ] ] ] } },
{ "type": "Feature", "properties": { "Id": 0, "Floor": 7, "height": 21 }, "geometry": { "type": "Polygon", "coordinates": [ [ [ 121.502641204000156, 31.279689816100074 ], [ 121.502533525, 31.279735324099931 ], [ 121.502695010000139, 31.280056603700018 ], [ 121.502824223000061, 31.28001115980004 ], [ 121.502641204000156, 31.279689816100074 ] ] ] } },
{ "type": "Feature", "properties": { "Id": 0, "Floor": 8, "height": 24 }, "geometry": { "type": "Polygon", "coordinates": [ [ [ 121.502436612999986, 31.27979002980004 ], [ 121.50205973900006, 31.279935558400041 ], [ 121.502113568000141, 31.280036541200104 ], [ 121.502490442000067, 31.279891012700091 ], [ 121.502436612999986, 31.27979002980004 ] ] ] } },
{ "type": "Feature", "properties": { "Id": 0, "Floor": 8, "height": 24 }, "geometry": { "type": "Polygon", "coordinates": [ [ [ 121.502544270000044, 31.280001161100017 ], [ 121.502188931000092, 31.280146753800068 ], [ 121.502242758999955, 31.280256902000133 ], [ 121.502598097000032, 31.280120475000103 ], [ 121.502544270000044, 31.280001161100017 ] ] ] } },
{ "type": "Feature", "properties": { "Id": 0, "Floor": 7, "height": 21 }, "geometry": { "type": "Polygon", "coordinates": [ [ [ 121.502845753000088, 31.280075383599979 ], [ 121.502738073000046, 31.28013005720004 ], [ 121.502867260000016, 31.280396245500071 ], [ 121.503007241000091, 31.280350833600039 ], [ 121.502845753000088, 31.280075383599979 ] ] ] } },
{ "type": "Feature", "properties": { "Id": 0, "Floor": 8, "height": 24 }, "geometry": { "type": "Polygon", "coordinates": [ [ [ 121.502651926000112, 31.280221457499977 ], [ 121.502318123000123, 31.280357948599999 ], [ 121.502361185000154, 31.280449733199987 ], [ 121.502705755999955, 31.280313274200012 ], [ 121.502651926000112, 31.280221457499977 ] ] ] } },
{ "type": "Feature", "properties": { "Id": 0, "Floor": 7, "height": 21 }, "geometry": { "type": "Polygon", "coordinates": [ [ [ 121.503534825999964, 31.280572377 ], [ 121.503319513999941, 31.28014095190008 ], [ 121.503190300000028, 31.280204727500006 ], [ 121.50339484999995, 31.280571961100009 ], [ 121.503513291000104, 31.280572313 ], [ 121.503534825999964, 31.280572377 ] ] ] } },
{ "type": "Feature", "properties": { "Id": 0, "Floor": 9, "height": 27 }, "geometry": { "type": "Polygon", "coordinates": [ [ [ 121.503018004000069, 31.280405859499979 ], [ 121.502899557999967, 31.28045133539996 ], [ 121.502964153000107, 31.280570680800054 ], [ 121.503104129000121, 31.280571097000063 ], [ 121.503018004000069, 31.280405859499979 ] ] ] } },
{ "type": "Feature", "properties": { "Id": 0, "Floor": 7, "height": 21 }, "geometry": { "type": "Polygon", "coordinates": [ [ [ 121.504385493999962, 31.280043293599988 ], [ 121.504245529000059, 31.279914559100121 ], [ 121.504159384, 31.279987629099935 ], [ 121.504385482999965, 31.28017161300005 ], [ 121.504385482999965, 31.280162447300029 ], [ 121.504385493999962, 31.280043293599988 ] ] ] } },
{ "type": "Feature", "properties": { "Id": 0, "Floor": 4, "height": 12 }, "geometry": { "type": "Polygon", "coordinates": [ [ [ 121.503610260999949, 31.279830182600051 ], [ 121.503502581000021, 31.279903188300011 ], [ 121.50392247000002, 31.280362718300012 ], [ 121.504019382000138, 31.280289680700037 ], [ 121.503610260999949, 31.279830182600051 ] ] ] } },
{ "type": "Feature", "properties": { "Id": 0, "Floor": 7, "height": 21 }, "geometry": { "type": "Polygon", "coordinates": [ [ [ 121.504385493999962, 31.280043293599988 ], [ 121.504385482999965, 31.280162447300029 ], [ 121.504460859000119, 31.280107676800071 ], [ 121.504385493999962, 31.280043293599988 ] ] ] } },
{ "type": "Feature", "properties": { "Id": 0, "Floor": 7, "height": 21 }, "geometry": { "type": "Polygon", "coordinates": [ [ [ 121.503545642000176, 31.279994973000044 ], [ 121.503437962000135, 31.280067978500142 ], [ 121.503760952999983, 31.280435563999959 ], [ 121.503868633000138, 31.28036255850003 ], [ 121.503545642000176, 31.279994973000044 ] ] ] } },
{ "type": "Feature", "properties": { "Id": 0, "Floor": 7, "height": 21 }, "geometry": { "type": "Polygon", "coordinates": [ [ [ 121.50424549100012, 31.280363676600132 ], [ 121.504137813000057, 31.280409185500048 ], [ 121.504245473000083, 31.280574486200123 ], [ 121.504385448, 31.280574901200055 ], [ 121.50424549100012, 31.280363676600132 ] ] ] } },
{ "type": "Feature", "properties": { "Id": 0, "Floor": 7, "height": 21 }, "geometry": { "type": "Polygon", "coordinates": [ [ [ 121.504008600000134, 31.280463796 ], [ 121.503911690000109, 31.280509336500074 ], [ 121.503943986999957, 31.280573591800021 ], [ 121.504062428000111, 31.280573943200011 ], [ 121.504008600000134, 31.280463796 ] ] ] } },
{ "type": "Feature", "properties": { "Id": 0, "Floor": 7, "height": 21 }, "geometry": { "type": "Polygon", "coordinates": [ [ [ 121.503739407000126, 31.280572984499997 ], [ 121.503793243000132, 31.280573144400023 ], [ 121.503782478000062, 31.280554781099966 ], [ 121.503739407000126, 31.280572984499997 ] ] ] } },
{ "type": "Feature", "properties": { "Id": 0, "Floor": 7, "height": 21 }, "geometry": { "type": "Polygon", "coordinates": [ [ [ 121.504385448, 31.280574901200055 ], [ 121.504385443000047, 31.280639060599981 ], [ 121.504417747000161, 31.280620825100129 ], [ 121.504385448, 31.280574901200055 ] ] ] } },
{ "type": "Feature", "properties": { "Id": 0, "Floor": 7, "height": 21 }, "geometry": { "type": "Polygon", "coordinates": [ [ [ 121.504385448, 31.280574901200055 ], [ 121.504245473000083, 31.280574486200123 ], [ 121.504310068, 31.280675499600079 ], [ 121.504385443000047, 31.280639060599981 ], [ 121.504385448, 31.280574901200055 ] ] ] } },
{ "type": "Feature", "properties": { "Id": 0, "Floor": 7, "height": 21 }, "geometry": { "type": "Polygon", "coordinates": [ [ [ 121.504062428000111, 31.280573943200011 ], [ 121.503943986999957, 31.280573591800021 ], [ 121.504083940999976, 31.280830644300011 ], [ 121.504180851, 31.280785103800099 ], [ 121.504062428000111, 31.280573943200011 ] ] ] } },
{ "type": "Feature", "properties": { "Id": 0, "Floor": 7, "height": 21 }, "geometry": { "type": "Polygon", "coordinates": [ [ [ 121.504353135999963, 31.28069395850008 ], [ 121.504385434000028, 31.280749047999961 ], [ 121.504385439999965, 31.280675723100046 ], [ 121.504353135999963, 31.28069395850008 ] ] ] } },
{ "type": "Feature", "properties": { "Id": 0, "Floor": 7, "height": 21 }, "geometry": { "type": "Polygon", "coordinates": [ [ [ 121.503793243000132, 31.280573144400023 ], [ 121.503739407000126, 31.280572984499997 ], [ 121.5036748, 31.280600289600045 ], [ 121.50384705099998, 31.280921597299994 ], [ 121.503954728000053, 31.280885254500106 ], [ 121.503793243000132, 31.280573144400023 ] ] ] } },
{ "type": "Feature", "properties": { "Id": 0, "Floor": 7, "height": 21 }, "geometry": { "type": "Polygon", "coordinates": [ [ [ 121.504213147999963, 31.280849358800026 ], [ 121.504116237000062, 31.280894899300108 ], [ 121.504288489000032, 31.281207040100071 ], [ 121.504385397999954, 31.281170665099978 ], [ 121.504213147999963, 31.280849358800026 ] ] ] } },
{ "type": "Feature", "properties": { "Id": 0, "Floor": 7, "height": 21 }, "geometry": { "type": "Polygon", "coordinates": [ [ [ 121.503987025000015, 31.280940343999987 ], [ 121.503879348000055, 31.280985852400079 ], [ 121.504051598000046, 31.281307158700031 ], [ 121.504148507999957, 31.281261618399981 ], [ 121.503987025000015, 31.280940343999987 ] ] ] } },
{ "type": "Feature", "properties": { "Id": 0, "Floor": 7, "height": 21 }, "geometry": { "type": "Polygon", "coordinates": [ [ [ 121.503750135000132, 31.281031296700121 ], [ 121.503653225000107, 31.281076836900013 ], [ 121.50381470800005, 31.28139811129995 ], [ 121.503922386000113, 31.281352603100117 ], [ 121.503750135000132, 31.281031296700121 ] ] ] } },
{ "type": "Feature", "properties": { "Id": 0, "Floor": 7, "height": 21 }, "geometry": { "type": "Polygon", "coordinates": [ [ [ 121.504342307000115, 31.281427173200086 ], [ 121.504385368000044, 31.281518956299919 ], [ 121.504385378000165, 31.281408969800054 ], [ 121.504342307000115, 31.281427173200086 ] ] ] } },
{ "type": "Feature", "properties": { "Id": 0, "Floor": 8, "height": 24 }, "geometry": { "type": "Polygon", "coordinates": [ [ [ 121.504288468000141, 31.281445344600115 ], [ 121.50390083100001, 31.281590843400124 ], [ 121.503933125, 31.281682594500012 ], [ 121.504342297000107, 31.281537159699951 ], [ 121.504288468000141, 31.281445344600115 ] ] ] } },
{ "type": "Feature", "properties": { "Id": 0, "Floor": 8, "height": 24 }, "geometry": { "type": "Polygon", "coordinates": [ [ [ 121.504396123000106, 31.281665636800028 ], [ 121.504385356000171, 31.28166560490007 ], [ 121.504385347000039, 31.28177559120013 ], [ 121.504439185000138, 31.281757419700057 ], [ 121.504396123000106, 31.281665636800028 ] ] ] } },
{ "type": "Feature", "properties": { "Id": 0, "Floor": 8, "height": 24 }, "geometry": { "type": "Polygon", "coordinates": [ [ [ 121.504385356000171, 31.28166560490007 ], [ 121.503997719000154, 31.281811103600091 ], [ 121.504040780000082, 31.281912052000109 ], [ 121.504385347000039, 31.28177559120013 ], [ 121.504385356000171, 31.28166560490007 ] ] ] } },
{ "type": "Feature", "properties": { "Id": 0, "Floor": 8, "height": 24 }, "geometry": { "type": "Polygon", "coordinates": [ [ [ 121.50438533, 31.281968066900049 ], [ 121.504169973999979, 31.282077414299977 ], [ 121.504234568000129, 31.282196757199983 ], [ 121.504385317000128, 31.282123880300048 ], [ 121.50438533, 31.281968066900049 ] ] ] } },
{ "type": "Feature", "properties": { "Id": 0, "Floor": 5, "height": 15 }, "geometry": { "type": "Polygon", "coordinates": [ [ [ 121.502587292000044, 31.280569559500009 ], [ 121.5028780130001, 31.2805704246 ], [ 121.502845719000106, 31.280469506499969 ], [ 121.502587292000044, 31.280569559500009 ] ] ] } },
{ "type": "Feature", "properties": { "Id": 0, "Floor": 7, "height": 21 }, "geometry": { "type": "Polygon", "coordinates": [ [ [ 121.50339484999995, 31.280571961100009 ], [ 121.503416381000079, 31.280617853200056 ], [ 121.503513291000104, 31.280572313 ], [ 121.50339484999995, 31.280571961100009 ] ] ] } },
{ "type": "Feature", "properties": { "Id": 0, "Floor": 9, "height": 27 }, "geometry": { "type": "Polygon", "coordinates": [ [ [ 121.503104129000121, 31.280571097000063 ], [ 121.502964153000107, 31.280570680800054 ], [ 121.503039511999987, 31.280717554800106 ], [ 121.503157956999985, 31.280681244500101 ], [ 121.503104129000121, 31.280571097000063 ] ] ] } },
{ "type": "Feature", "properties": { "Id": 0, "Floor": 5, "height": 15 }, "geometry": { "type": "Polygon", "coordinates": [ [ [ 121.5028780130001, 31.2805704246 ], [ 121.502587292000044, 31.280569559500009 ], [ 121.502404238000054, 31.280642339599979 ], [ 121.502458066000031, 31.280761652900026 ], [ 121.502888779000045, 31.280588787800014 ], [ 121.5028780130001, 31.2805704246 ] ] ] } },
{ "type": "Feature", "properties": { "Id": 0, "Floor": 7, "height": 21 }, "geometry": { "type": "Polygon", "coordinates": [ [ [ 121.503545585999973, 31.280654899500121 ], [ 121.503437909000013, 31.280691242099977 ], [ 121.50361016, 31.281012549900083 ], [ 121.503717838000057, 31.280976207300057 ], [ 121.503545585999973, 31.280654899500121 ] ] ] } },
{ "type": "Feature", "properties": { "Id": 0, "Floor": 4, "height": 12 }, "geometry": { "type": "Polygon", "coordinates": [ [ [ 121.503007193000144, 31.280919102000041 ], [ 121.502264213000103, 31.281210189600074 ], [ 121.502339571999983, 31.28136622860012 ], [ 121.503093318999959, 31.281075173100078 ], [ 121.503007193000144, 31.280919102000041 ] ] ] } },
{ "type": "Feature", "properties": { "Id": 0, "Floor": 6, "height": 18 }, "geometry": { "type": "Polygon", "coordinates": [ [ [ 121.502888703000053, 31.281477849499993 ], [ 121.502899469000113, 31.281505378200052 ], [ 121.502824093000072, 31.281541816100059 ], [ 121.502920986000163, 31.281707084 ], [ 121.503340930000149, 31.281543352800043 ], [ 121.503405522999969, 31.281681027800005 ], [ 121.503653182, 31.281580942600101 ], [ 121.503265619, 31.280828214299959 ], [ 121.503190244000052, 31.280864652700018 ], [ 121.503287133999947, 31.28105741810009 ], [ 121.502705672000161, 31.281293993900135 ], [ 121.502748733999965, 31.281385777600065 ], [ 121.502824109000017, 31.281358505200046 ], [ 121.502888703000053, 31.281477849499993 ] ] ] } },
{ "type": "Feature", "properties": { "Id": 0, "Floor": 2, "height": 6 }, "geometry": { "type": "Polygon", "coordinates": [ [ [ 121.502587229000028, 31.281311972500077 ], [ 121.502501084999949, 31.281357543900072 ], [ 121.502673337000033, 31.281678850600031 ], [ 121.502759481, 31.281633279300081 ], [ 121.502587229000028, 31.281311972500077 ] ] ] } },
{ "type": "Feature", "properties": { "Id": 0, "Floor": 2, "height": 6 }, "geometry": { "type": "Polygon", "coordinates": [ [ [ 121.502641036999989, 31.281651257900023 ], [ 121.502178019000098, 31.281842355299943 ], [ 121.502210315999946, 31.281906610100009 ], [ 121.50266256600014, 31.281724646200075 ], [ 121.502641036999989, 31.281651257900023 ] ] ] } },
{ "type": "Feature", "properties": { "Id": 0, "Floor": 7, "height": 21 }, "geometry": { "type": "Polygon", "coordinates": [ [ [ 121.503803826999956, 31.282736241400016 ], [ 121.50336243400011, 31.281910037800117 ], [ 121.501908778000029, 31.282473971800016 ], [ 121.502134857999977, 31.282914586599986 ], [ 121.503330046000087, 31.282918142700112 ], [ 121.503803826999956, 31.282736241400016 ] ] ] } },
{ "type": "Feature", "properties": { "Id": 0, "Floor": 6, "height": 18 }, "geometry": { "type": "Polygon", "coordinates": [ [ [ 121.502059732000134, 31.280018049500029 ], [ 121.501908981000042, 31.28008176000003 ], [ 121.501995109000063, 31.280228667300037 ], [ 121.502135092, 31.280164924700046 ], [ 121.502059732000134, 31.280018049500029 ] ] ] } },
{ "type": "Feature", "properties": { "Id": 0, "Floor": 8, "height": 24 }, "geometry": { "type": "Polygon", "coordinates": [ [ [ 121.501629031000107, 31.280016765899973 ], [ 121.501187548000075, 31.280189596800142 ], [ 121.501241377000042, 31.280290579700022 ], [ 121.50162902, 31.280145085200047 ], [ 121.501629031000107, 31.280016765899973 ] ] ] } },
{ "type": "Feature", "properties": { "Id": 0, "Floor": 8, "height": 24 }, "geometry": { "type": "Polygon", "coordinates": [ [ [ 121.501898210000149, 31.280127556300101 ], [ 121.501629012999956, 31.280236741800024 ], [ 121.501629002000072, 31.280355895200046 ], [ 121.501952039, 31.280228539 ], [ 121.501898210000149, 31.280127556300101 ] ] ] } },
{ "type": "Feature", "properties": { "Id": 0, "Floor": 8, "height": 24 }, "geometry": { "type": "Polygon", "coordinates": [ [ [ 121.501629012999956, 31.280236741800024 ], [ 121.501273672000139, 31.280373166800018 ], [ 121.501327501999981, 31.280474149400106 ], [ 121.501629002000072, 31.280355895200046 ], [ 121.501629012999956, 31.280236741800024 ] ] ] } },
{ "type": "Feature", "properties": { "Id": 0, "Floor": 17, "height": 51 }, "geometry": { "type": "Polygon", "coordinates": [ [ [ 121.500875260000043, 31.280527793799934 ], [ 121.500886032000039, 31.280472832100031 ], [ 121.500982943000167, 31.280436458800125 ], [ 121.501047546999985, 31.280454982900039 ], [ 121.501090624000085, 31.280372620700007 ], [ 121.500972185000137, 31.280326439000078 ], [ 121.501004494999961, 31.280244044600011 ], [ 121.50091835700016, 31.28020712489996 ], [ 121.500896816000022, 31.280280385800097 ], [ 121.500821439999982, 31.280316823400028 ], [ 121.500746069000115, 31.280289101400058 ], [ 121.500702993, 31.280362298000114 ], [ 121.500810666, 31.280390116399985 ], [ 121.500778353999976, 31.280500007599926 ], [ 121.500875260000043, 31.280527793799934 ] ] ] } },
{ "type": "Feature", "properties": { "Id": 0, "Floor": 7, "height": 21 }, "geometry": { "type": "Polygon", "coordinates": [ [ [ 121.502167377000092, 31.28036666530005 ], [ 121.50165052, 31.280566769000075 ], [ 121.501984312000104, 31.280567763900081 ], [ 121.502221205000069, 31.28047681330014 ], [ 121.502167377000092, 31.28036666530005 ] ] ] } },
{ "type": "Feature", "properties": { "Id": 0, "Floor": 4, "height": 12 }, "geometry": { "type": "Polygon", "coordinates": [ [ [ 121.501219821999939, 31.280528822000065 ], [ 121.501176758000042, 31.280455368500043 ], [ 121.501058310999952, 31.280500843200002 ], [ 121.501101374999962, 31.280565131099934 ], [ 121.501122910000049, 31.280565195400015 ], [ 121.501219821999939, 31.280528822000065 ] ] ] } },
{ "type": "Feature", "properties": { "Id": 0, "Floor": 7, "height": 21 }, "geometry": { "type": "Polygon", "coordinates": [ [ [ 121.50165052, 31.280566769000075 ], [ 121.501704348000089, 31.280676916999937 ], [ 121.501984312000104, 31.280567763900081 ], [ 121.50165052, 31.280566769000075 ] ] ] } },
{ "type": "Feature", "properties": { "Id": 0, "Floor": 10, "height": 30 }, "geometry": { "type": "Polygon", "coordinates": [ [ [ 121.500864289999981, 31.28291079770014 ], [ 121.500681241000052, 31.282910251200008 ], [ 121.500692007, 31.282928614200046 ], [ 121.500875056000154, 31.282929160700121 ], [ 121.500864289999981, 31.28291079770014 ] ] ] } },
{ "type": "Feature", "properties": { "Id": 0, "Floor": 2, "height": 6 }, "geometry": { "type": "Polygon", "coordinates": [ [ [ 121.500842705999958, 31.283478987800038 ], [ 121.500627346999977, 31.283569998600001 ], [ 121.500702708000176, 31.283716869300008 ], [ 121.500928833999978, 31.283625890800067 ], [ 121.500842705999958, 31.283478987800038 ] ] ] } },
{ "type": "Feature", "properties": { "Id": 0, "Floor": 5, "height": 15 }, "geometry": { "type": "Polygon", "coordinates": [ [ [ 121.503825425000173, 31.281993902399961 ], [ 121.50370698100005, 31.282030212800009 ], [ 121.503900760999954, 31.282415738300074 ], [ 121.504019206000066, 31.282370262400036 ], [ 121.503825425000173, 31.281993902399961 ] ] ] } },
{ "type": "Feature", "properties": { "Id": 0, "Floor": 8, "height": 24 }, "geometry": { "type": "Polygon", "coordinates": [ [ [ 121.504385305000142, 31.282270528000083 ], [ 121.504245325000056, 31.282315940399997 ], [ 121.504288387999964, 31.282398557299985 ], [ 121.504385297000113, 31.282362182800114 ], [ 121.504385305000142, 31.282270528000083 ] ] ] } },
{ "type": "Feature", "properties": { "Id": 0, "Floor": 8, "height": 24 }, "geometry": { "type": "Polygon", "coordinates": [ [ [ 121.504363750000152, 31.282508766300111 ], [ 121.504385280999941, 31.282545492000111 ], [ 121.504385285000126, 31.28249966470014 ], [ 121.504363750000152, 31.282508766300111 ] ] ] } },
{ "type": "Feature", "properties": { "Id": 0, "Floor": 8, "height": 24 }, "geometry": { "type": "Polygon", "coordinates": [ [ [ 121.504245291000075, 31.28271922039994 ], [ 121.504105310999989, 31.282773797799962 ], [ 121.504169902000172, 31.28292063620006 ], [ 121.504342179999981, 31.282921147100012 ], [ 121.504245291000075, 31.28271922039994 ] ] ] } },
{ "type": "Feature", "properties": { "Id": 0, "Floor": 8, "height": 24 }, "geometry": { "type": "Polygon", "coordinates": [ [ [ 121.504342179999981, 31.282921147100012 ], [ 121.504169902000172, 31.28292063620006 ], [ 121.504212965000079, 31.283003252700041 ], [ 121.504352944999937, 31.28294867530002 ], [ 121.504342179999981, 31.282921147100012 ] ] ] } },
{ "type": "Feature", "properties": { "Id": 0, "Floor": 7, "height": 21 }, "geometry": { "type": "Polygon", "coordinates": [ [ [ 121.504417542000169, 31.283031355499929 ], [ 121.504385239000044, 31.283040425199943 ], [ 121.504385231000128, 31.283141244600074 ], [ 121.504460603999974, 31.283113971800049 ], [ 121.504417542000169, 31.283031355499929 ] ] ] } },
{ "type": "Feature", "properties": { "Id": 0, "Floor": 7, "height": 21 }, "geometry": { "type": "Polygon", "coordinates": [ [ [ 121.504385239000044, 31.283040425199943 ], [ 121.504116047000025, 31.283140446299967 ], [ 121.504169876000105, 31.283232260000091 ], [ 121.504385231000128, 31.283141244600074 ], [ 121.504385239000044, 31.283040425199943 ] ] ] } },
{ "type": "Feature", "properties": { "Id": 0, "Floor": 9, "height": 27 }, "geometry": { "type": "Polygon", "coordinates": [ [ [ 121.503792998, 31.283469441599948 ], [ 121.503900676000058, 31.283414769 ], [ 121.503976051, 31.283378331200026 ], [ 121.503760742000054, 31.282919422000134 ], [ 121.503459243000066, 31.283056007800042 ], [ 121.503588440000158, 31.283203038000011 ], [ 121.503749932, 31.283423486900006 ], [ 121.503792998, 31.283469441599948 ] ] ] } },
{ "type": "Feature", "properties": { "Id": 0, "Floor": 7, "height": 21 }, "geometry": { "type": "Polygon", "coordinates": [ [ [ 121.504385217000049, 31.2832970563 ], [ 121.504223703000093, 31.283351569700017 ], [ 121.504266765000011, 31.283434185800104 ], [ 121.50438521, 31.283388710100098 ], [ 121.504385217000049, 31.2832970563 ] ] ] } },
{ "type": "Feature", "properties": { "Id": 0, "Floor": 7, "height": 21 }, "geometry": { "type": "Polygon", "coordinates": [ [ [ 121.504385176000028, 31.283782820600038 ], [ 121.504385165000031, 31.283911135300059 ], [ 121.504417477000061, 31.283792081700028 ], [ 121.504385176000028, 31.283782820600038 ] ] ] } },
{ "type": "Feature", "properties": { "Id": 0, "Floor": 7, "height": 21 }, "geometry": { "type": "Polygon", "coordinates": [ [ [ 121.502134857999977, 31.282914586599986 ], [ 121.502339408000012, 31.283300142700114 ], [ 121.503330046000087, 31.282918142700112 ], [ 121.502134857999977, 31.282914586599986 ] ] ] } },
{ "type": "Feature", "properties": { "Id": 0, "Floor": 2, "height": 6 }, "geometry": { "type": "Polygon", "coordinates": [ [ [ 121.503459243000066, 31.283056007800042 ], [ 121.503276192000044, 31.283119621699996 ], [ 121.503383848999988, 31.283321580300026 ], [ 121.503588440000158, 31.283203038000011 ], [ 121.503459243000066, 31.283056007800042 ] ] ] } },
{ "type": "Feature", "properties": { "Id": 0, "Floor": 8, "height": 24 }, "geometry": { "type": "Polygon", "coordinates": [ [ [ 121.503276192000044, 31.283119621699996 ], [ 121.502770105000081, 31.283319755500031 ], [ 121.502910058, 31.283604298400007 ], [ 121.503383848999988, 31.283321580300026 ], [ 121.503276192000044, 31.283119621699996 ] ] ] } },
{ "type": "Feature", "properties": { "Id": 0, "Floor": 5, "height": 15 }, "geometry": { "type": "Polygon", "coordinates": [ [ [ 121.503900676000058, 31.283414769 ], [ 121.503792998, 31.283469441599948 ], [ 121.503749932, 31.283423486900006 ], [ 121.50301772399996, 31.283696272099974 ], [ 121.503071549999959, 31.283833912399984 ], [ 121.503932971000154, 31.28350651860012 ], [ 121.503900676000058, 31.283414769 ] ] ] } },
{ "type": "Feature", "properties": { "Id": 0, "Floor": 6, "height": 18 }, "geometry": { "type": "Polygon", "coordinates": [ [ [ 121.502576253000143, 31.283768281499988 ], [ 121.502468596999961, 31.283538827200005 ], [ 121.502134796000178, 31.283647817500139 ], [ 121.502253217000089, 31.283895634500141 ], [ 121.502490110000053, 31.283804686500048 ], [ 121.502576253000143, 31.283768281499988 ] ] ] } },
{ "type": "Feature", "properties": { "Id": 0, "Floor": 2, "height": 6 }, "geometry": { "type": "Polygon", "coordinates": [ [ [ 121.502759296000136, 31.283805487600034 ], [ 121.502447029999985, 31.283923707600081 ], [ 121.502500858000076, 31.284024686500004 ], [ 121.502813124000113, 31.283915631800141 ], [ 121.502759296000136, 31.283805487600034 ] ] ] } },
{ "type": "Feature", "properties": { "Id": 0, "Floor": 8, "height": 24 }, "geometry": { "type": "Polygon", "coordinates": [ [ [ 121.503459157999941, 31.28406419769999 ], [ 121.503416076000121, 31.284210714700123 ], [ 121.503588351000076, 31.284247887700076 ], [ 121.50363143300001, 31.284101370700114 ], [ 121.503459157999941, 31.28406419769999 ] ] ] } },
{ "type": "Feature", "properties": { "Id": 0, "Floor": 7, "height": 21 }, "geometry": { "type": "Polygon", "coordinates": [ [ [ 121.50331917699998, 31.284109608300071 ], [ 121.503146894, 31.284164088100113 ], [ 121.503286846000037, 31.284448628400071 ], [ 121.503459131, 31.284384983300015 ], [ 121.50331917699998, 31.284109608300071 ] ] ] } },
{ "type": "Feature", "properties": { "Id": 0, "Floor": 2, "height": 6 }, "geometry": { "type": "Polygon", "coordinates": [ [ [ 121.502974567000024, 31.284731823500124 ], [ 121.503146851999986, 31.284659013699979 ], [ 121.502974601000119, 31.28432855129995 ], [ 121.502737708000154, 31.28442866490002 ], [ 121.502802300999974, 31.284575501500001 ], [ 121.502619245, 31.284675774800064 ], [ 121.502737666000144, 31.284923589100003 ], [ 121.503006862, 31.284814406900011 ], [ 121.502974567000024, 31.284731823500124 ] ] ] } },
{ "type": "Feature", "properties": { "Id": 0, "Floor": 7, "height": 21 }, "geometry": { "type": "Polygon", "coordinates": [ [ [ 121.503512893, 31.285265007400028 ], [ 121.503308305000132, 31.285346886400134 ], [ 121.503340601, 31.285420304000127 ], [ 121.503717473000052, 31.285265615000014 ], [ 121.503512893, 31.285265007400028 ] ] ] } },
{ "type": "Feature", "properties": { "Id": 0, "Floor": 7, "height": 21 }, "geometry": { "type": "Polygon", "coordinates": [ [ [ 121.504385176000028, 31.283782820600038 ], [ 121.504245202, 31.283764074899921 ], [ 121.504202119999945, 31.283910592600137 ], [ 121.504385162000176, 31.283947796700033 ], [ 121.504385165000031, 31.283911135300059 ], [ 121.504385176000028, 31.283782820600038 ] ] ] } },
{ "type": "Feature", "properties": { "Id": 0, "Floor": 8, "height": 24 }, "geometry": { "type": "Polygon", "coordinates": [ [ [ 121.503986778000012, 31.283854961700058 ], [ 121.503943696000078, 31.284001479200072 ], [ 121.504115971000033, 31.284038651599985 ], [ 121.504159052999967, 31.283892134200016 ], [ 121.503986778000012, 31.283854961700058 ] ] ] } },
{ "type": "Feature", "properties": { "Id": 0, "Floor": 8, "height": 24 }, "geometry": { "type": "Polygon", "coordinates": [ [ [ 121.503739119999977, 31.28395504529999 ], [ 121.503696038000157, 31.284101562499927 ], [ 121.503868313000112, 31.284138735200088 ], [ 121.503911395000159, 31.28398305270008 ], [ 121.503739119999977, 31.28395504529999 ] ] ] } },
{ "type": "Feature", "properties": { "Id": 0, "Floor": 7, "height": 21 }, "geometry": { "type": "Polygon", "coordinates": [ [ [ 121.504223647, 31.284011475 ], [ 121.504202105, 31.284093899000084 ], [ 121.504385147000107, 31.28413110309998 ], [ 121.504385154000147, 31.284039449900092 ], [ 121.504223647, 31.284011475 ] ] ] } },
{ "type": "Feature", "properties": { "Id": 0, "Floor": 7, "height": 21 }, "geometry": { "type": "Polygon", "coordinates": [ [ [ 121.503954452000016, 31.284129825600075 ], [ 121.50393291, 31.284221414800129 ], [ 121.504342063000081, 31.284305116200073 ], [ 121.504363604, 31.284222692299977 ], [ 121.503954452000016, 31.284129825600075 ] ] ] } },
{ "type": "Feature", "properties": { "Id": 0, "Floor": 7, "height": 21 }, "geometry": { "type": "Polygon", "coordinates": [ [ [ 121.503642189999937, 31.284220551700116 ], [ 121.503620649000027, 31.28430297540001 ], [ 121.504019029, 31.284450802700064 ], [ 121.504040571000019, 31.284368379000057 ], [ 121.503642189999937, 31.284220551700116 ] ] ] } },
{ "type": "Feature", "properties": { "Id": 0, "Floor": 5, "height": 15 }, "geometry": { "type": "Polygon", "coordinates": [ [ [ 121.50438512300002, 31.284415227400018 ], [ 121.50434205199997, 31.284433430300055 ], [ 121.504363582, 31.284488485800125 ], [ 121.504385117000083, 31.284479384400129 ], [ 121.50438512300002, 31.284415227400018 ] ] ] } },
{ "type": "Feature", "properties": { "Id": 0, "Floor": 6, "height": 18 }, "geometry": { "type": "Polygon", "coordinates": [ [ [ 121.503771384000061, 31.284404241300024 ], [ 121.503340673000025, 31.284577102300034 ], [ 121.503394502000106, 31.284668915000054 ], [ 121.503825213000141, 31.2844960539 ], [ 121.503771384000061, 31.284404241300024 ] ] ] } },
{ "type": "Feature", "properties": { "Id": 0, "Floor": 5, "height": 15 }, "geometry": { "type": "Polygon", "coordinates": [ [ [ 121.504245136000122, 31.284543126300036 ], [ 121.503997478999963, 31.284634044399922 ], [ 121.504029777000142, 31.284689131800008 ], [ 121.50427743399996, 31.284598213700122 ], [ 121.504245136000122, 31.284543126300036 ] ] ] } },
{ "type": "Feature", "properties": { "Id": 0, "Floor": 4, "height": 12 }, "geometry": { "type": "Polygon", "coordinates": [ [ [ 121.503922105000129, 31.284661316500092 ], [ 121.503685214000143, 31.284761431200081 ], [ 121.50371751199998, 31.284816518599939 ], [ 121.503954402999966, 31.28471640390012 ], [ 121.503922105000129, 31.284661316500092 ] ] ] } },
{ "type": "Feature", "properties": { "Id": 0, "Floor": 6, "height": 18 }, "geometry": { "type": "Polygon", "coordinates": [ [ [ 121.501305668999976, 31.283975298200119 ], [ 121.501424115999953, 31.283929824899985 ], [ 121.501327223999965, 31.283737063700073 ], [ 121.501208778000091, 31.28378253710008 ], [ 121.501219543000161, 31.283810065300031 ], [ 121.501294904000133, 31.283947770099985 ], [ 121.501305668999976, 31.283975298200119 ] ] ] } },
{ "type": "Feature", "properties": { "Id": 0, "Floor": 7, "height": 21 }, "geometry": { "type": "Polygon", "coordinates": [ [ [ 121.501144152000052, 31.284020643000019 ], [ 121.501294904000133, 31.283947770099985 ], [ 121.501219543000161, 31.283810065300031 ], [ 121.500982648, 31.283910177099983 ], [ 121.501036476999957, 31.284011156400084 ], [ 121.501133388000085, 31.283983949600099 ], [ 121.501144152000052, 31.284020643000019 ] ] ] } },
{ "type": "Feature", "properties": { "Id": 0, "Floor": 6, "height": 18 }, "geometry": { "type": "Polygon", "coordinates": [ [ [ 121.500982648, 31.283910177099983 ], [ 121.500853433000088, 31.283964783400052 ], [ 121.500907262000169, 31.284065762700038 ], [ 121.501036476999957, 31.284011156400084 ], [ 121.500982648, 31.283910177099983 ] ] ] } },
{ "type": "Feature", "properties": { "Id": 0, "Floor": 5, "height": 15 }, "geometry": { "type": "Polygon", "coordinates": [ [ [ 121.501079532999938, 31.284176260600077 ], [ 121.501079530999959, 31.284203756500062 ], [ 121.501079528999981, 31.284231252399991 ], [ 121.501101062000089, 31.284249647299987 ], [ 121.501165668000112, 31.284249840000086 ], [ 121.501197966000063, 31.284304928200072 ], [ 121.501251794000041, 31.284415072300135 ], [ 121.501327168999978, 31.284387801300056 ], [ 121.501262576000045, 31.284240963800073 ], [ 121.501531773000011, 31.284140948299978 ], [ 121.501477945000033, 31.28403080400011 ], [ 121.501208748000067, 31.284130819499978 ], [ 121.501187216000062, 31.284094094000011 ], [ 121.50121951899996, 31.284085025100069 ], [ 121.501230288000102, 31.284066726600088 ], [ 121.501230290999956, 31.284039230600115 ], [ 121.501219524000021, 31.284030033200111 ], [ 121.501208758000075, 31.284011670399934 ], [ 121.50117645499995, 31.284011574100077 ], [ 121.501144152000052, 31.284020643000019 ], [ 121.501133388000085, 31.283983949600099 ], [ 121.501036476999957, 31.284011156400084 ], [ 121.501111838000043, 31.284148861 ], [ 121.50110107, 31.284157994199973 ], [ 121.501079532999938, 31.284176260600077 ] ] ] } },
{ "type": "Feature", "properties": { "Id": 0, "Floor": 6, "height": 18 }, "geometry": { "type": "Polygon", "coordinates": [ [ [ 121.501531773000011, 31.284140948299978 ], [ 121.501262576000045, 31.284240963800073 ], [ 121.501327168999978, 31.284387801300056 ], [ 121.501607133000107, 31.284287818000053 ], [ 121.501531773000011, 31.284140948299978 ] ] ] } },
{ "type": "Feature", "properties": { "Id": 0, "Floor": 6, "height": 18 }, "geometry": { "type": "Polygon", "coordinates": [ [ [ 121.501197966000063, 31.284304928200072 ], [ 121.501025679000122, 31.284368571200048 ], [ 121.501090275000138, 31.284478747399987 ], [ 121.501251794000041, 31.284415072300135 ], [ 121.501197966000063, 31.284304928200072 ] ] ] } },
{ "type": "Feature", "properties": { "Id": 0, "Floor": 6, "height": 18 }, "geometry": { "type": "Polygon", "coordinates": [ [ [ 121.501639353000087, 31.285259431400107 ], [ 121.501779330999966, 31.285259848600049 ], [ 121.501725503000102, 31.285149705500089 ], [ 121.502016236000145, 31.285031424000124 ], [ 121.501962406000075, 31.284939611200059 ], [ 121.501628601999982, 31.285066929599964 ], [ 121.501628588000017, 31.285241068800133 ], [ 121.501639353000087, 31.285259431400107 ] ] ] } },
{ "type": "Feature", "properties": { "Id": 0, "Floor": 6, "height": 18 }, "geometry": { "type": "Polygon", "coordinates": [ [ [ 121.501628588000017, 31.285241068800133 ], [ 121.501628601999982, 31.285066929599964 ], [ 121.501434781000057, 31.285139673500112 ], [ 121.501488610000138, 31.285240651399931 ], [ 121.501607056000012, 31.285195178500032 ], [ 121.501628588000017, 31.285241068800133 ] ] ] } },
{ "type": "Feature", "properties": { "Id": 0, "Floor": 4, "height": 12 }, "geometry": { "type": "Polygon", "coordinates": [ [ [ 121.502070056999969, 31.28522405410007 ], [ 121.50200546300016, 31.285095548500124 ], [ 121.501811642, 31.285168292700121 ], [ 121.501854704000039, 31.285260073299924 ], [ 121.501973146000068, 31.285260426200068 ], [ 121.502070056999969, 31.28522405410007 ] ] ] } },
{ "type": "Feature", "properties": { "Id": 0, "Floor": 4, "height": 12 }, "geometry": { "type": "Polygon", "coordinates": [ [ [ 121.501854704000039, 31.285260073299924 ], [ 121.501876236000044, 31.285296798300067 ], [ 121.501973146000068, 31.285260426200068 ], [ 121.501854704000039, 31.285260073299924 ] ] ] } },
{ "type": "Feature", "properties": { "Id": 0, "Floor": 5, "height": 15 }, "geometry": { "type": "Polygon", "coordinates": [ [ [ 121.504342027, 31.284726719000048 ], [ 121.50410513700001, 31.284817669000063 ], [ 121.504137434999961, 31.284872756399977 ], [ 121.504385091000017, 31.284781838200047 ], [ 121.504342027, 31.284726719000048 ] ] ] } },
{ "type": "Feature", "properties": { "Id": 0, "Floor": 5, "height": 15 }, "geometry": { "type": "Polygon", "coordinates": [ [ [ 121.504029763000176, 31.284854106400019 ], [ 121.503792871999963, 31.284945055800051 ], [ 121.503814403000092, 31.285000111200077 ], [ 121.504062060000024, 31.284909193700059 ], [ 121.504029763000176, 31.284854106400019 ] ] ] } },
{ "type": "Feature", "properties": { "Id": 0, "Floor": 5, "height": 15 }, "geometry": { "type": "Polygon", "coordinates": [ [ [ 121.504449685000054, 31.284901177999984 ], [ 121.504385079000031, 31.284928482200144 ], [ 121.504385072, 31.285010969399934 ], [ 121.504481982000016, 31.284965430400007 ], [ 121.504449685000054, 31.284901177999984 ] ] ] } },
{ "type": "Feature", "properties": { "Id": 0, "Floor": 5, "height": 15 }, "geometry": { "type": "Polygon", "coordinates": [ [ [ 121.504385079000031, 31.284928482200144 ], [ 121.504158956999959, 31.285019464100003 ], [ 121.504202020999969, 31.285083748500028 ], [ 121.504385072, 31.285010969399934 ], [ 121.504385079000031, 31.284928482200144 ] ] ] } },
{ "type": "Feature", "properties": { "Id": 0, "Floor": 5, "height": 15 }, "geometry": { "type": "Polygon", "coordinates": [ [ [ 121.504137421, 31.285037730700139 ], [ 121.503900531000113, 31.285128680100001 ], [ 121.503932826999971, 31.285192932500024 ], [ 121.504169716999968, 31.285101983099992 ], [ 121.504137421, 31.285037730700139 ] ] ] } },
{ "type": "Feature", "properties": { "Id": 0, "Floor": 7, "height": 21 }, "geometry": { "type": "Polygon", "coordinates": [ [ [ 121.503771318999952, 31.28516495740007 ], [ 121.503512893, 31.285265007400028 ], [ 121.503717473000052, 31.285265615000014 ], [ 121.503803616000027, 31.285229209900137 ], [ 121.503771318999952, 31.28516495740007 ] ] ] } },
{ "type": "Feature", "properties": { "Id": 0, "Floor": 5, "height": 15 }, "geometry": { "type": "Polygon", "coordinates": [ [ [ 121.504385058000139, 31.285175943500121 ], [ 121.504309683999963, 31.285203215700051 ], [ 121.504341981000039, 31.285267468000086 ], [ 121.504385053000078, 31.285240100000124 ], [ 121.504385058000139, 31.285175943500121 ] ] ] } },
{ "type": "Feature", "properties": { "Id": 0, "Floor": 5, "height": 15 }, "geometry": { "type": "Polygon", "coordinates": [ [ [ 121.504126634000045, 31.285266829299985 ], [ 121.504266609000069, 31.285267244500119 ], [ 121.504234311, 31.28522132260008 ], [ 121.504126634000045, 31.285266829299985 ] ] ] } },
{ "type": "Feature", "properties": { "Id": 0, "Floor": 5, "height": 15 }, "geometry": { "type": "Polygon", "coordinates": [ [ [ 121.504126634000045, 31.285266829299985 ], [ 121.503997421, 31.285321437200025 ], [ 121.504018951000148, 31.285376492400076 ], [ 121.504266609000069, 31.285267244500119 ], [ 121.504126634000045, 31.285266829299985 ] ] ] } },
{ "type": "Feature", "properties": { "Id": 0, "Floor": 7, "height": 21 }, "geometry": { "type": "Polygon", "coordinates": [ [ [ 121.503889742000069, 31.285376108900095 ], [ 121.503426728000136, 31.285567203100129 ], [ 121.503459024999984, 31.28563145530012 ], [ 121.503922038000042, 31.2854495264001 ], [ 121.503889742000069, 31.285376108900095 ] ] ] } },
{ "type": "Feature", "properties": { "Id": 0, "Floor": 6, "height": 18 }, "geometry": { "type": "Polygon", "coordinates": [ [ [ 121.502177721000066, 31.285352687800014 ], [ 121.502134659000035, 31.285260907400016 ], [ 121.502113124000061, 31.285260843300023 ], [ 121.501833158999943, 31.285369991600021 ], [ 121.501779330999966, 31.285259848600049 ], [ 121.501639353000087, 31.285259431400107 ], [ 121.501714712999956, 31.285415464600135 ], [ 121.50162856999998, 31.285442703300134 ], [ 121.501628565000033, 31.285506859699979 ], [ 121.501650095000059, 31.285561915000017 ], [ 121.502177721000066, 31.285352687800014 ] ] ] } },
{ "type": "Feature", "properties": { "Id": 0, "Floor": 6, "height": 18 }, "geometry": { "type": "Polygon", "coordinates": [ [ [ 121.50160703500012, 31.285451804300067 ], [ 121.501628565000033, 31.285506859699979 ], [ 121.50162856999998, 31.285442703300134 ], [ 121.50160703500012, 31.285451804300067 ] ] ] } },
{ "type": "Feature", "properties": { "Id": 0, "Floor": 2, "height": 6 }, "geometry": { "type": "Polygon", "coordinates": [ [ [ 121.50123016200007, 31.28555149750008 ], [ 121.501014803999965, 31.285642506700071 ], [ 121.50109016600004, 31.285771044100045 ], [ 121.501305524000031, 31.285680034899997 ], [ 121.50123016200007, 31.28555149750008 ] ] ] } },
{ "type": "Feature", "properties": { "Id": 0, "Floor": 6, "height": 18 }, "geometry": { "type": "Polygon", "coordinates": [ [ [ 121.501628515999982, 31.286084265200088 ], [ 121.501628507000078, 31.286194246800108 ], [ 121.501671578000014, 31.286176044900003 ], [ 121.501628515999982, 31.286084265200088 ] ] ] } },
{ "type": "Feature", "properties": { "Id": 0, "Floor": 6, "height": 18 }, "geometry": { "type": "Polygon", "coordinates": [ [ [ 121.501628502000017, 31.286249237600089 ], [ 121.501628515999982, 31.286084265200088 ], [ 121.50159622000001, 31.286010847700084 ], [ 121.501294719000157, 31.286129095400099 ], [ 121.501391609000052, 31.286331017300085 ], [ 121.501606967000043, 31.286249173300064 ], [ 121.501628502000017, 31.286249237600089 ] ] ] } },
{ "type": "Feature", "properties": { "Id": 0, "Floor": 6, "height": 18 }, "geometry": { "type": "Polygon", "coordinates": [ [ [ 121.501628507000078, 31.286194246800108 ], [ 121.501628502000017, 31.286249237600089 ], [ 121.50165003799998, 31.286240136599986 ], [ 121.501628507000078, 31.286194246800108 ] ] ] } },
{ "type": "Feature", "properties": { "Id": 0, "Floor": 1, "height": 3 }, "geometry": { "type": "Polygon", "coordinates": [ [ [ 121.501606967000043, 31.286249173300064 ], [ 121.50162849700007, 31.286304228300082 ], [ 121.501628502000017, 31.286249237600089 ], [ 121.501606967000043, 31.286249173300064 ] ] ] } },
{ "type": "Feature", "properties": { "Id": 0, "Floor": 1, "height": 3 }, "geometry": { "type": "Polygon", "coordinates": [ [ [ 121.501628493000112, 31.286359219000076 ], [ 121.501628485000083, 31.286450870099941 ], [ 121.501703861000124, 31.286414434400001 ], [ 121.501768468000023, 31.286387131599952 ], [ 121.501703871000132, 31.28628612280005 ], [ 121.501682336000158, 31.286295223699994 ], [ 121.50165003799998, 31.286240136599986 ], [ 121.501628502000017, 31.286249237600089 ], [ 121.50162849700007, 31.286304228300082 ], [ 121.501650027999972, 31.286350118100131 ], [ 121.501628493000112, 31.286359219000076 ] ] ] } },
{ "type": "Feature", "properties": { "Id": 0, "Floor": 1, "height": 3 }, "geometry": { "type": "Polygon", "coordinates": [ [ [ 121.501628485000083, 31.286450870099941 ], [ 121.501628493000112, 31.286359219000076 ], [ 121.501434670000094, 31.286441127099977 ], [ 121.501466965999953, 31.286514544300076 ], [ 121.501628485000083, 31.286450870099941 ] ] ] } },
{ "type": "Feature", "properties": { "Id": 0, "Floor": 4, "height": 12 }, "geometry": { "type": "Polygon", "coordinates": [ [ [ 121.501768468000023, 31.286387131599952 ], [ 121.501703861000124, 31.286414434400001 ], [ 121.501746924000031, 31.286487883699976 ], [ 121.501800764, 31.286460548800108 ], [ 121.501768468000023, 31.286387131599952 ] ] ] } },
{ "type": "Feature", "properties": { "Id": 0, "Floor": 4, "height": 12 }, "geometry": { "type": "Polygon", "coordinates": [ [ [ 121.503943556000081, 31.285651224400056 ], [ 121.50345900700006, 31.285842254300064 ], [ 121.503491304000136, 31.285897341200098 ], [ 121.503975853000156, 31.285706311400133 ], [ 121.503943556000081, 31.285651224400056 ] ] ] } },
{ "type": "Feature", "properties": { "Id": 0, "Floor": 7, "height": 21 }, "geometry": { "type": "Polygon", "coordinates": [ [ [ 121.504385006, 31.285790011500126 ], [ 121.504245027000024, 31.285835422300011 ], [ 121.504288087000077, 31.28594553190004 ], [ 121.504384996, 31.285909158600134 ], [ 121.504385006, 31.285790011500126 ] ] ] } },
{ "type": "Feature", "properties": { "Id": 0, "Floor": 7, "height": 21 }, "geometry": { "type": "Polygon", "coordinates": [ [ [ 121.504105052000114, 31.285816676799925 ], [ 121.503728181000042, 31.285971366000069 ], [ 121.503771244000177, 31.286044815000025 ], [ 121.504148115000021, 31.285899291000078 ], [ 121.504105052000114, 31.285816676799925 ] ] ] } },
{ "type": "Feature", "properties": { "Id": 0, "Floor": 7, "height": 21 }, "geometry": { "type": "Polygon", "coordinates": [ [ [ 121.504331149, 31.286028145899934 ], [ 121.504384977000086, 31.286129122099965 ], [ 121.504384987000094, 31.286009975299976 ], [ 121.504331149, 31.286028145899934 ] ] ] } },
{ "type": "Feature", "properties": { "Id": 0, "Floor": 5, "height": 15 }, "geometry": { "type": "Polygon", "coordinates": [ [ [ 121.503706643999976, 31.285998797499985 ], [ 121.503458985999941, 31.286089713400031 ], [ 121.503502049999952, 31.286153997300005 ], [ 121.503738940999938, 31.286063049400127 ], [ 121.503706643999976, 31.285998797499985 ] ] ] } },
{ "type": "Feature", "properties": { "Id": 0, "Floor": 7, "height": 21 }, "geometry": { "type": "Polygon", "coordinates": [ [ [ 121.504223473000025, 31.286055322100083 ], [ 121.503835835000132, 31.286209979300054 ], [ 121.503889664999974, 31.28628346009998 ], [ 121.504266536000159, 31.286137936099976 ], [ 121.504223473000025, 31.286055322100083 ] ] ] } },
{ "type": "Feature", "properties": { "Id": 0, "Floor": 5, "height": 15 }, "geometry": { "type": "Polygon", "coordinates": [ [ [ 121.503803532, 31.286219048500016 ], [ 121.50356664100002, 31.286309996400064 ], [ 121.503588171000047, 31.286365051000018 ], [ 121.503835827999978, 31.286283300299942 ], [ 121.503803532, 31.286219048500016 ] ] ] } },
{ "type": "Feature", "properties": { "Id": 0, "Floor": 8, "height": 24 }, "geometry": { "type": "Polygon", "coordinates": [ [ [ 121.504363429000023, 31.286284865500022 ], [ 121.504169611999941, 31.286348446600073 ], [ 121.504201907000038, 31.28642186329995 ], [ 121.504384957999946, 31.286358250300111 ], [ 121.504363429000023, 31.286284865500022 ] ] ] } },
{ "type": "Feature", "properties": { "Id": 0, "Floor": 5, "height": 15 }, "geometry": { "type": "Polygon", "coordinates": [ [ [ 121.504126542000108, 31.286348318800037 ], [ 121.503652761000012, 31.286539379999965 ], [ 121.503685059000077, 31.286594466499992 ], [ 121.504158838999956, 31.286403405300064 ], [ 121.504126542000108, 31.286348318800037 ] ] ] } },
{ "type": "Feature", "properties": { "Id": 0, "Floor": 8, "height": 24 }, "geometry": { "type": "Polygon", "coordinates": [ [ [ 121.504180358000099, 31.28659593640009 ], [ 121.503814256000055, 31.286732326499987 ], [ 121.503857318999962, 31.286805775000119 ], [ 121.504223422000109, 31.286660219800012 ], [ 121.504180358000099, 31.28659593640009 ] ] ] } },
{ "type": "Feature", "properties": { "Id": 0, "Floor": 5, "height": 15 }, "geometry": { "type": "Polygon", "coordinates": [ [ [ 121.503254466000044, 31.28537422200003 ], [ 121.503017573999955, 31.285465169800091 ], [ 121.50304987200002, 31.285520257000144 ], [ 121.503286763, 31.285429309300071 ], [ 121.503254466000044, 31.28537422200003 ] ] ] } },
{ "type": "Feature", "properties": { "Id": 0, "Floor": 5, "height": 15 }, "geometry": { "type": "Polygon", "coordinates": [ [ [ 121.503372889000161, 31.285585373500055 ], [ 121.503135998000175, 31.285676321200071 ], [ 121.503157527999974, 31.285731376300134 ], [ 121.503405186000123, 31.285649625700046 ], [ 121.503372889000161, 31.285585373500055 ] ] ] } },
{ "type": "Feature", "properties": { "Id": 0, "Floor": 6, "height": 18 }, "geometry": { "type": "Polygon", "coordinates": [ [ [ 121.502242312000135, 31.285517853800002 ], [ 121.502102329999957, 31.28557242800008 ], [ 121.50228534900009, 31.285902919300042 ], [ 121.502425331000154, 31.285848345200122 ], [ 121.502242312000135, 31.285517853800002 ] ] ] } },
{ "type": "Feature", "properties": { "Id": 0, "Floor": 8, "height": 24 }, "geometry": { "type": "Polygon", "coordinates": [ [ [ 121.503437470999984, 31.285851355500029 ], [ 121.503146741000137, 31.285960473300008 ], [ 121.503179037999985, 31.286033890499937 ], [ 121.503469766999956, 31.285924772700014 ], [ 121.503437470999984, 31.285851355500029 ] ] ] } },
{ "type": "Feature", "properties": { "Id": 0, "Floor": 8, "height": 24 }, "geometry": { "type": "Polygon", "coordinates": [ [ [ 121.503426680999951, 31.286117112800127 ], [ 121.50326516500013, 31.286171623700113 ], [ 121.503297460999988, 31.286254205900036 ], [ 121.503469744000085, 31.286199727000053 ], [ 121.503426680999951, 31.286117112800127 ] ] ] } },
{ "type": "Feature", "properties": { "Id": 0, "Floor": 29, "height": 87 }, "geometry": { "type": "Polygon", "coordinates": [ [ [ 121.502468379000106, 31.286105097600057 ], [ 121.502016129000026, 31.286287053400031 ], [ 121.502220677000082, 31.286690927400059 ], [ 121.502683694999973, 31.286509003899937 ], [ 121.502468379000106, 31.286105097600057 ] ] ] } },
{ "type": "Feature", "properties": { "Id": 0, "Floor": 8, "height": 24 }, "geometry": { "type": "Polygon", "coordinates": [ [ [ 121.503534337000019, 31.286337395799933 ], [ 121.50336205300016, 31.286391874600099 ], [ 121.503405116000067, 31.286474488599993 ], [ 121.503566632000116, 31.286419977800051 ], [ 121.503534337000019, 31.286337395799933 ] ] ] } },
{ "type": "Feature", "properties": { "Id": 0, "Floor": 8, "height": 24 }, "geometry": { "type": "Polygon", "coordinates": [ [ [ 121.503652759000033, 31.2865577102001 ], [ 121.50348047600005, 31.286612189100083 ], [ 121.503523539000071, 31.286694802800127 ], [ 121.503685055, 31.286640292000016 ], [ 121.503652759000033, 31.2865577102001 ] ] ] } },
{ "type": "Feature", "properties": { "Id": 0, "Floor": 6, "height": 18 }, "geometry": { "type": "Polygon", "coordinates": [ [ [ 121.503049715999964, 31.287353279000115 ], [ 121.503114321999988, 31.287344306000136 ], [ 121.503135860000043, 31.287298544900011 ], [ 121.503146632000039, 31.287252751700009 ], [ 121.503135869000062, 31.287197729500065 ], [ 121.503114338000159, 31.287151840200067 ], [ 121.503071271000067, 31.287124216999985 ], [ 121.503017435000061, 31.287105726800007 ], [ 121.502931296000156, 31.287096305600016 ], [ 121.502877457000068, 31.287123640600043 ], [ 121.502834384000153, 31.287151007700118 ], [ 121.502812846000097, 31.287196768800072 ], [ 121.502812841000036, 31.287251759100059 ], [ 121.50284514000009, 31.287288515300077 ], [ 121.503049715999964, 31.287353279000115 ] ] ] } },
{ "type": "Feature", "properties": { "Id": 0, "Floor": 4, "height": 12 }, "geometry": { "type": "Polygon", "coordinates": [ [ [ 121.502328309000063, 31.287204491700095 ], [ 121.50219909600014, 31.287240767100059 ], [ 121.502209859, 31.287295789399991 ], [ 121.502339072000154, 31.287250349000089 ], [ 121.502328309000063, 31.287204491700095 ] ] ] } },
{ "type": "Feature", "properties": { "Id": 0, "Floor": 8, "height": 24 }, "geometry": { "type": "Polygon", "coordinates": [ [ [ 121.501262405000148, 31.286257310899998 ], [ 121.500745544999972, 31.286457401000064 ], [ 121.500788608999983, 31.286530850400027 ], [ 121.500680930000044, 31.28657635440004 ], [ 121.500637866000034, 31.286493739900095 ], [ 121.500433276000081, 31.286575614900073 ], [ 121.500497871, 31.286694954000097 ], [ 121.501316233000011, 31.28637661800002 ], [ 121.501262405000148, 31.286257310899998 ] ] ] } },
{ "type": "Feature", "properties": { "Id": 0, "Floor": 7, "height": 21 }, "geometry": { "type": "Polygon", "coordinates": [ [ [ 121.50189766699998, 31.286515828300026 ], [ 121.501886902000024, 31.286488300900089 ], [ 121.501854599000126, 31.286497369700044 ], [ 121.501833068, 31.286451479999982 ], [ 121.501779228000032, 31.286478814800034 ], [ 121.501811524, 31.286552231899975 ], [ 121.501876131000131, 31.286534094300123 ], [ 121.50189766699998, 31.286515828300026 ] ] ] } },
{ "type": "Feature", "properties": { "Id": 0, "Floor": 6, "height": 18 }, "geometry": { "type": "Polygon", "coordinates": [ [ [ 121.501876131000131, 31.286534094300123 ], [ 121.501811524, 31.286552231899975 ], [ 121.501779228000032, 31.286478814800034 ], [ 121.501628477000054, 31.286542521199976 ], [ 121.501628461999985, 31.286716657900058 ], [ 121.501908426999989, 31.286607511300076 ], [ 121.501876131000131, 31.286534094300123 ] ] ] } },
{ "type": "Feature", "properties": { "Id": 0, "Floor": 6, "height": 18 }, "geometry": { "type": "Polygon", "coordinates": [ [ [ 121.501628477000054, 31.286542521199976 ], [ 121.501531566000153, 31.286578892600119 ], [ 121.501606926000136, 31.286725758800003 ], [ 121.501628461999985, 31.286716657900058 ], [ 121.501628477000054, 31.286542521199976 ] ] ] } },
{ "type": "Feature", "properties": { "Id": 0, "Floor": 8, "height": 24 }, "geometry": { "type": "Polygon", "coordinates": [ [ [ 121.501391587000057, 31.286587640300127 ], [ 121.500616299000171, 31.286878609300118 ], [ 121.500680892999981, 31.28700711310006 ], [ 121.50145618199997, 31.286706979100074 ], [ 121.501391587000057, 31.286587640300127 ] ] ] } },
{ "type": "Feature", "properties": { "Id": 0, "Floor": 11, "height": 33 }, "geometry": { "type": "Polygon", "coordinates": [ [ [ 121.501197716000092, 31.287246947000028 ], [ 121.501165418000028, 31.287191860300027 ], [ 121.50154229400016, 31.287046343600139 ], [ 121.501466934000064, 31.286890312799983 ], [ 121.500993146000155, 31.287081365700033 ], [ 121.501100802, 31.287310813100135 ], [ 121.501208481000162, 31.287274474200103 ], [ 121.501197716000092, 31.287246947000028 ] ] ] } },
{ "type": "Feature", "properties": { "Id": 0, "Floor": 8, "height": 24 }, "geometry": { "type": "Polygon", "coordinates": [ [ [ 121.50154229400016, 31.287046343600139 ], [ 121.501165418000028, 31.287191860300027 ], [ 121.501197716000092, 31.287246947000028 ], [ 121.501574592, 31.28710143030014 ], [ 121.50154229400016, 31.287046343600139 ] ] ] } },
{ "type": "Feature", "properties": { "Id": 0, "Floor": 6, "height": 18 }, "geometry": { "type": "Polygon", "coordinates": [ [ [ 121.500917773000083, 31.287090305800064 ], [ 121.500734718999979, 31.28715391470007 ], [ 121.500777782000114, 31.287236528700021 ], [ 121.50090699600014, 31.287191089200007 ], [ 121.500950059000047, 31.287282868100078 ], [ 121.500831611000081, 31.287337504800007 ], [ 121.500734701000056, 31.287364710500128 ], [ 121.500659325000015, 31.287401145600029 ], [ 121.50069162200009, 31.287465397199981 ], [ 121.501036195000097, 31.287338115400132 ], [ 121.500917773000083, 31.287090305800064 ] ] ] } },
{ "type": "Feature", "properties": { "Id": 0, "Floor": 10, "height": 30 }, "geometry": { "type": "Polygon", "coordinates": [ [ [ 121.501628360000154, 31.287917277200052 ], [ 121.501628359000051, 31.287935607099996 ], [ 121.501639125999986, 31.287935639199986 ], [ 121.501628360000154, 31.287917277200052 ] ] ] } },
{ "type": "Feature", "properties": { "Id": 0, "Floor": 10, "height": 30 }, "geometry": { "type": "Polygon", "coordinates": [ [ [ 121.501628360000154, 31.287917277200052 ], [ 121.501574533000053, 31.287797971900034 ], [ 121.501089979999961, 31.287952331300119 ], [ 121.50116534100016, 31.288099195700056 ], [ 121.501628359000051, 31.287935607099996 ], [ 121.501628360000154, 31.287917277200052 ] ] ] } },
{ "type": "Feature", "properties": { "Id": 0, "Floor": 8, "height": 24 }, "geometry": { "type": "Polygon", "coordinates": [ [ [ 121.499044719000153, 31.281108921900056 ], [ 121.498937066000053, 31.280842797700075 ], [ 121.498872459000154, 31.280860935599947 ], [ 121.498872448000043, 31.280989253899975 ], [ 121.498937040000101, 31.281145262100097 ], [ 121.499044719000153, 31.281108921900056 ] ] ] } },
{ "type": "Feature", "properties": { "Id": 0, "Floor": 9, "height": 27 }, "geometry": { "type": "Polygon", "coordinates": [ [ [ 121.498463250999976, 31.281299658900139 ], [ 121.498829360000059, 31.281190767700082 ], [ 121.498764767000125, 31.281043925199981 ], [ 121.498355585000013, 31.281180184299956 ], [ 121.498387880999985, 31.281262771099932 ], [ 121.498430953000025, 31.281244568799991 ], [ 121.498463250999976, 31.281299658900139 ] ] ] } },
{ "type": "Feature", "properties": { "Id": 0, "Floor": 2, "height": 6 }, "geometry": { "type": "Polygon", "coordinates": [ [ [ 121.498312514000077, 31.281189220900046 ], [ 121.498150999000131, 31.281188737400043 ], [ 121.498150991999978, 31.281271227499985 ], [ 121.498312507000151, 31.281262545400125 ], [ 121.498312514000077, 31.281189220900046 ] ] ] } },
{ "type": "Feature", "properties": { "Id": 0, "Floor": 2, "height": 6 }, "geometry": { "type": "Polygon", "coordinates": [ [ [ 121.498301735000155, 31.281317506599976 ], [ 121.498054072000173, 31.281408420700075 ], [ 121.498064834000161, 31.281472611799984 ], [ 121.498323264999954, 31.28138172990009 ], [ 121.498301735000155, 31.281317506599976 ] ] ] } },
{ "type": "Feature", "properties": { "Id": 0, "Floor": 2, "height": 6 }, "geometry": { "type": "Polygon", "coordinates": [ [ [ 121.498527756000158, 31.282491368200112 ], [ 121.498441612000079, 31.282527772200069 ], [ 121.498549269000023, 31.282748065100122 ], [ 121.498646181000026, 31.282711693400131 ], [ 121.498807700000043, 31.282657184100117 ], [ 121.498872308000045, 31.282629881100092 ], [ 121.498872312, 31.282584053800065 ], [ 121.498517037000056, 31.281913910699984 ], [ 121.498193996000055, 31.282050426300032 ], [ 121.498409314000128, 31.282463517300016 ], [ 121.498495458000093, 31.282427113300002 ], [ 121.498527756000158, 31.282491368200112 ] ] ] } },
{ "type": "Feature", "properties": { "Id": 0, "Floor": 2, "height": 6 }, "geometry": { "type": "Polygon", "coordinates": [ [ [ 121.498872312, 31.282584053800065 ], [ 121.498872308000045, 31.282629881100092 ], [ 121.498893844, 31.282620780099933 ], [ 121.498872312, 31.282584053800065 ] ] ] } },
{ "type": "Feature", "properties": { "Id": 0, "Floor": 2, "height": 6 }, "geometry": { "type": "Polygon", "coordinates": [ [ [ 121.498872294999956, 31.282785693500045 ], [ 121.498872308000045, 31.282629881100092 ], [ 121.498807700000043, 31.282657184100117 ], [ 121.498872294999956, 31.282785693500045 ] ] ] } },
{ "type": "Feature", "properties": { "Id": 0, "Floor": 2, "height": 6 }, "geometry": { "type": "Polygon", "coordinates": [ [ [ 121.498893844, 31.282620780099933 ], [ 121.498872308000045, 31.282629881100092 ], [ 121.498872287000154, 31.282877347700037 ], [ 121.499001503000159, 31.282822741799919 ], [ 121.498893844, 31.282620780099933 ] ] ] } },
{ "type": "Feature", "properties": { "Id": 0, "Floor": 2, "height": 6 }, "geometry": { "type": "Polygon", "coordinates": [ [ [ 121.498872287000154, 31.282877347700037 ], [ 121.498872294999956, 31.282785693500045 ], [ 121.498710776000166, 31.28284020280006 ], [ 121.498646181000026, 31.282711693400131 ], [ 121.498549269000023, 31.282748065100122 ], [ 121.498635397000044, 31.282904135100068 ], [ 121.498796911000113, 31.282904618500027 ], [ 121.498872287000154, 31.282877347700037 ] ] ] } },
{ "type": "Feature", "properties": { "Id": 0, "Floor": 2, "height": 6 }, "geometry": { "type": "Polygon", "coordinates": [ [ [ 121.498635397000044, 31.282904135100068 ], [ 121.498667695000108, 31.2829592243001 ], [ 121.498796911000113, 31.282904618500027 ], [ 121.498635397000044, 31.282904135100068 ] ] ] } },
{ "type": "Feature", "properties": { "Id": 0, "Floor": 2, "height": 6 }, "geometry": { "type": "Polygon", "coordinates": [ [ [ 121.500670649999961, 31.280838813900118 ], [ 121.500595274000148, 31.28087525120003 ], [ 121.500627571999985, 31.280930341300007 ], [ 121.500692179, 31.280903037400037 ], [ 121.500670649999961, 31.280838813900118 ] ] ] } },
{ "type": "Feature", "properties": { "Id": 0, "Floor": 2, "height": 6 }, "geometry": { "type": "Polygon", "coordinates": [ [ [ 121.500003027000048, 31.281221774200048 ], [ 121.499970729999973, 31.28115751870007 ], [ 121.499938432000135, 31.281102428700137 ], [ 121.499733840999966, 31.28117514180002 ], [ 121.499798436000106, 31.281303652800091 ], [ 121.49997072400015, 31.281230843199978 ], [ 121.500003027000048, 31.281221774200048 ] ] ] } },
{ "type": "Feature", "properties": { "Id": 0, "Floor": 4, "height": 12 }, "geometry": { "type": "Polygon", "coordinates": [ [ [ 121.500035337999975, 31.281130214999962 ], [ 121.499970729999973, 31.28115751870007 ], [ 121.500003027000048, 31.281221774200048 ], [ 121.49997072400015, 31.281230843199978 ], [ 121.500024552000127, 31.281340990899992 ], [ 121.499949175999973, 31.281377427800066 ], [ 121.500024537000058, 31.281515136299959 ], [ 121.499830714000041, 31.28159704690006 ], [ 121.49987377900004, 31.281661334299997 ], [ 121.500239889000113, 31.281515779699987 ], [ 121.500035337999975, 31.281130214999962 ] ] ] } },
{ "type": "Feature", "properties": { "Id": 0, "Floor": 1, "height": 3 }, "geometry": { "type": "Polygon", "coordinates": [ [ [ 121.500239867000118, 31.28178158009996 ], [ 121.500336779000122, 31.281736042000091 ], [ 121.500229119000096, 31.281543244200009 ], [ 121.499895312000149, 31.281679729700045 ], [ 121.499959907999937, 31.281799074600031 ], [ 121.500196803000108, 31.281698961700044 ], [ 121.500239867000118, 31.28178158009996 ] ] ] } },
{ "type": "Feature", "properties": { "Id": 0, "Floor": 4, "height": 12 }, "geometry": { "type": "Polygon", "coordinates": [ [ [ 121.499776872000098, 31.281642713599979 ], [ 121.499733800000058, 31.28166091590009 ], [ 121.50003524300007, 31.282239243700133 ], [ 121.50007831500011, 31.282221041400021 ], [ 121.499776872000098, 31.281642713599979 ] ] ] } },
{ "type": "Feature", "properties": { "Id": 0, "Floor": 2, "height": 6 }, "geometry": { "type": "Polygon", "coordinates": [ [ [ 121.500293696999961, 31.281873396100139 ], [ 121.500207553000109, 31.281909800800008 ], [ 121.500433632000068, 31.282377916000087 ], [ 121.500530544000071, 31.282341543600069 ], [ 121.500293696999961, 31.281873396100139 ] ] ] } },
{ "type": "Feature", "properties": { "Id": 0, "Floor": 10, "height": 30 }, "geometry": { "type": "Polygon", "coordinates": [ [ [ 121.500422830000048, 31.282790329000022 ], [ 121.500605883000048, 31.282735883099974 ], [ 121.500681241000052, 31.282910251200008 ], [ 121.500864289999981, 31.28291079770014 ], [ 121.500724339000044, 31.282589589700024 ], [ 121.500175177000074, 31.282771258299988 ], [ 121.500239771999986, 31.282890601900078 ], [ 121.500444362000053, 31.282827055000041 ], [ 121.500422830000048, 31.282790329000022 ] ] ] } },
{ "type": "Feature", "properties": { "Id": 0, "Floor": 8, "height": 24 }, "geometry": { "type": "Polygon", "coordinates": [ [ [ 121.500605856999982, 31.283038342000054 ], [ 121.500831975999972, 31.283039017100009 ], [ 121.500950400999955, 31.283259340200061 ], [ 121.500799649000101, 31.283323047900126 ], [ 121.500875011000062, 31.283460753499924 ], [ 121.501144209000131, 31.283351572400079 ], [ 121.500918125999988, 31.282929289200013 ], [ 121.500487422999981, 31.282928003300071 ], [ 121.500487412999973, 31.283056319100012 ], [ 121.500358196999969, 31.283110925599942 ], [ 121.50037972500013, 31.283193478499925 ], [ 121.500616618000095, 31.28312086279999 ], [ 121.500605856999982, 31.283038342000054 ] ] ] } },
{ "type": "Feature", "properties": { "Id": 0, "Floor": 2, "height": 6 }, "geometry": { "type": "Polygon", "coordinates": [ [ [ 121.499432141000057, 31.283612253700085 ], [ 121.500024379000024, 31.283375724599921 ], [ 121.500013613999954, 31.283348196200109 ], [ 121.500196669000047, 31.283275420099926 ], [ 121.500035183000023, 31.282954148500039 ], [ 121.499841359000015, 31.283036057900006 ], [ 121.499938250000127, 31.283237986400081 ], [ 121.49934601200016, 31.283465350300048 ], [ 121.499356779000095, 31.283483713200042 ], [ 121.499421375000111, 31.283593890800091 ], [ 121.499432141000057, 31.283612253700085 ] ] ] } },
{ "type": "Feature", "properties": { "Id": 0, "Floor": 2, "height": 6 }, "geometry": { "type": "Polygon", "coordinates": [ [ [ 121.500207435000107, 31.283293783100135 ], [ 121.500056684000128, 31.283357490299977 ], [ 121.50007821500003, 31.28340338160001 ], [ 121.500228967000112, 31.283339674300123 ], [ 121.500207435000107, 31.283293783100135 ] ] ] } },
{ "type": "Feature", "properties": { "Id": 0, "Floor": 9, "height": 27 }, "geometry": { "type": "Polygon", "coordinates": [ [ [ 121.497149523000076, 31.28218478079998 ], [ 121.496934163, 31.282266624900046 ], [ 121.497074118000114, 31.282551173600041 ], [ 121.497300246, 31.282469361799997 ], [ 121.497149523000076, 31.28218478079998 ] ] ] } },
{ "type": "Feature", "properties": { "Id": 0, "Floor": 1, "height": 3 }, "geometry": { "type": "Polygon", "coordinates": [ [ [ 121.496449597000037, 31.282521806200123 ], [ 121.496546509000041, 31.282485434699993 ], [ 121.496524978000139, 31.282430377500134 ], [ 121.496686499000134, 31.282366703099967 ], [ 121.496654199999966, 31.282311613600086 ], [ 121.496115799999984, 31.282520806000036 ], [ 121.496115794000048, 31.282584964199998 ], [ 121.496428066000135, 31.282466748900049 ], [ 121.496449597000037, 31.282521806200123 ] ] ] } },
{ "type": "Feature", "properties": { "Id": 0, "Floor": 8, "height": 24 }, "geometry": { "type": "Polygon", "coordinates": [ [ [ 121.496783383999968, 31.282641957099997 ], [ 121.496826456, 31.28262375520012 ], [ 121.496847988000013, 31.282660481499988 ], [ 121.496998740000095, 31.282605940499991 ], [ 121.496837252000091, 31.282293831 ], [ 121.496708035000097, 31.282348436700033 ], [ 121.496815695000123, 31.282550399400122 ], [ 121.496740319000082, 31.282577669900093 ], [ 121.496783383999968, 31.282641957099997 ] ] ] } },
{ "type": "Feature", "properties": { "Id": 0, "Floor": 4, "height": 12 }, "geometry": { "type": "Polygon", "coordinates": [ [ [ 121.496675725000046, 31.28243999459994 ], [ 121.496546509000041, 31.282485434699993 ], [ 121.496449597000037, 31.282521806200123 ], [ 121.496331148999957, 31.282567278499982 ], [ 121.496374212999967, 31.282640731100116 ], [ 121.496718788999942, 31.282513447300062 ], [ 121.496675725000046, 31.28243999459994 ] ] ] } },
{ "type": "Feature", "properties": { "Id": 0, "Floor": 7, "height": 21 }, "geometry": { "type": "Polygon", "coordinates": [ [ [ 121.496309592999978, 31.282814680800072 ], [ 121.496352656000113, 31.282897298699993 ], [ 121.496460333000073, 31.282897621300037 ], [ 121.496503405, 31.282879419499977 ], [ 121.496438808000107, 31.282769240800064 ], [ 121.496783383999968, 31.282641957099997 ], [ 121.496740319000082, 31.282577669900093 ], [ 121.496718788999942, 31.282513447300062 ], [ 121.496374212999967, 31.282640731100116 ], [ 121.496331148999957, 31.282567278499982 ], [ 121.496201932999952, 31.282612718600035 ], [ 121.496244996000087, 31.282704502099932 ], [ 121.496115780000082, 31.282759107499999 ], [ 121.496115773000156, 31.28283243089993 ], [ 121.496137305000161, 31.282878322499982 ], [ 121.496309592999978, 31.282814680800072 ] ] ] } },
{ "type": "Feature", "properties": { "Id": 0, "Floor": 1, "height": 3 }, "geometry": { "type": "Polygon", "coordinates": [ [ [ 121.497677077000162, 31.282901266200099 ], [ 121.49754789300016, 31.282580089000021 ], [ 121.497171015000049, 31.282698111000059 ], [ 121.497192545000075, 31.282753168100101 ], [ 121.497257139, 31.28290000840002 ], [ 121.497677077000162, 31.282901266200099 ] ] ] } },
{ "type": "Feature", "properties": { "Id": 0, "Floor": 1, "height": 3 }, "geometry": { "type": "Polygon", "coordinates": [ [ [ 121.497192545000075, 31.282753168100101 ], [ 121.497138706000101, 31.282771337700126 ], [ 121.497106409000025, 31.282697917400071 ], [ 121.496998728999984, 31.282734256599952 ], [ 121.497031026000059, 31.282807676800019 ], [ 121.496966418000056, 31.282825814100022 ], [ 121.496998715000018, 31.282899234300089 ], [ 121.497257139, 31.28290000840002 ], [ 121.497192545000075, 31.282753168100101 ] ] ] } },
{ "type": "Feature", "properties": { "Id": 0, "Floor": 7, "height": 21 }, "geometry": { "type": "Polygon", "coordinates": [ [ [ 121.496352656000113, 31.282897298699993 ], [ 121.496374188000118, 31.282934024899987 ], [ 121.496460333000073, 31.282897621300037 ], [ 121.496352656000113, 31.282897298699993 ] ] ] } },
{ "type": "Feature", "properties": { "Id": 0, "Floor": 1, "height": 3 }, "geometry": { "type": "Polygon", "coordinates": [ [ [ 121.497784732000127, 31.283149054600017 ], [ 121.497677077000162, 31.282901266200099 ], [ 121.497257139, 31.28290000840002 ], [ 121.497375559000034, 31.283184490800124 ], [ 121.49740785500012, 31.283267076099946 ], [ 121.497784732000127, 31.283149054600017 ] ] ] } },
{ "type": "Feature", "properties": { "Id": 0, "Floor": 1, "height": 3 }, "geometry": { "type": "Polygon", "coordinates": [ [ [ 121.497235570000157, 31.283294056200077 ], [ 121.497332482000161, 31.283257684899979 ], [ 121.497310951000031, 31.283211793500129 ], [ 121.497375559000034, 31.283184490800124 ], [ 121.497257139, 31.28290000840002 ], [ 121.496998715000018, 31.282899234300089 ], [ 121.497149432000128, 31.283257136600071 ], [ 121.497203271999979, 31.283238967100033 ], [ 121.497235570000157, 31.283294056200077 ] ] ] } },
{ "type": "Feature", "properties": { "Id": 0, "Floor": 2, "height": 6 }, "geometry": { "type": "Polygon", "coordinates": [ [ [ 121.499356779000095, 31.283483713200042 ], [ 121.498979899000119, 31.283638397100049 ], [ 121.499033726999983, 31.283748542400019 ], [ 121.499421375000111, 31.283593890800091 ], [ 121.499356779000095, 31.283483713200042 ] ] ] } },
{ "type": "Feature", "properties": { "Id": 0, "Floor": 4, "height": 12 }, "geometry": { "type": "Polygon", "coordinates": [ [ [ 121.498990650999986, 31.283812570900068 ], [ 121.498872203000133, 31.283867208500112 ], [ 121.498872190000043, 31.284023019100061 ], [ 121.499055246000012, 31.283941078800012 ], [ 121.498990650999986, 31.283812570900068 ] ] ] } },
{ "type": "Feature", "properties": { "Id": 0, "Floor": 4, "height": 12 }, "geometry": { "type": "Polygon", "coordinates": [ [ [ 121.498872203000133, 31.283867208500112 ], [ 121.498667611000087, 31.283949084300104 ], [ 121.498742973000049, 31.284077624400084 ], [ 121.498872190000043, 31.284023019100061 ], [ 121.498872203000133, 31.283867208500112 ] ] ] } },
{ "type": "Feature", "properties": { "Id": 0, "Floor": 2, "height": 6 }, "geometry": { "type": "Polygon", "coordinates": [ [ [ 121.498624533, 31.284031443400067 ], [ 121.498495317, 31.284086048500058 ], [ 121.498538379000024, 31.284186995900029 ], [ 121.498678363000067, 31.284132422900029 ], [ 121.498624533, 31.284031443400067 ] ] ] } },
{ "type": "Feature", "properties": { "Id": 0, "Floor": 4, "height": 12 }, "geometry": { "type": "Polygon", "coordinates": [ [ [ 121.499205971000038, 31.284198158600134 ], [ 121.499055246000012, 31.283941078800012 ], [ 121.498872190000043, 31.284023019100061 ], [ 121.49887216500008, 31.284316309000019 ], [ 121.498882931000139, 31.284334671799968 ], [ 121.499205971000038, 31.284198158600134 ] ] ] } },
{ "type": "Feature", "properties": { "Id": 0, "Floor": 5, "height": 15 }, "geometry": { "type": "Polygon", "coordinates": [ [ [ 121.497666206000076, 31.284120227499955 ], [ 121.498064621000026, 31.283974775399997 ], [ 121.498139982, 31.284121646099948 ], [ 121.498549164999986, 31.283967060500004 ], [ 121.498495337, 31.283856915400008 ], [ 121.498139993999985, 31.283984166399989 ], [ 121.498064633000126, 31.283837295400019 ], [ 121.497547769000107, 31.284028219600032 ], [ 121.497623130000079, 31.284184255699984 ], [ 121.497267785999952, 31.284320670900001 ], [ 121.497321614000157, 31.284439980900117 ], [ 121.497741566000059, 31.284276263400102 ], [ 121.497666206000076, 31.284120227499955 ] ] ] } },
{ "type": "Feature", "properties": { "Id": 0, "Floor": 4, "height": 12 }, "geometry": { "type": "Polygon", "coordinates": [ [ [ 121.498742973000049, 31.284077624400084 ], [ 121.49887216500008, 31.284316309000019 ], [ 121.498872190000043, 31.284023019100061 ], [ 121.498742973000049, 31.284077624400084 ] ] ] } },
{ "type": "Feature", "properties": { "Id": 0, "Floor": 4, "height": 12 }, "geometry": { "type": "Polygon", "coordinates": [ [ [ 121.499205971000038, 31.284198158600134 ], [ 121.498882931000139, 31.284334671799968 ], [ 121.498958293000101, 31.284463211300078 ], [ 121.49927056599995, 31.284326666100071 ], [ 121.499205971000038, 31.284198158600134 ] ] ] } },
{ "type": "Feature", "properties": { "Id": 0, "Floor": 6, "height": 18 }, "geometry": { "type": "Polygon", "coordinates": [ [ [ 121.498613718000115, 31.28459049410003 ], [ 121.498872151000114, 31.284481284100082 ], [ 121.498732195000116, 31.284205906500063 ], [ 121.498366082999951, 31.284351455600131 ], [ 121.498441445000026, 31.284489160500016 ], [ 121.498538356000154, 31.28445278940012 ], [ 121.498613718000115, 31.28459049410003 ] ] ] } },
{ "type": "Feature", "properties": { "Id": 0, "Floor": 2, "height": 6 }, "geometry": { "type": "Polygon", "coordinates": [ [ [ 121.49818301300013, 31.284589204899987 ], [ 121.498247620000029, 31.284571067800016 ], [ 121.498215322999954, 31.284506814200029 ], [ 121.498344538999959, 31.284452209300071 ], [ 121.498376837000137, 31.284516462900001 ], [ 121.498441445000026, 31.284489160500016 ], [ 121.498366082999951, 31.284351455600131 ], [ 121.498010737999948, 31.284497036399955 ], [ 121.498096865000093, 31.284671434400025 ], [ 121.498204544000032, 31.284635095799956 ], [ 121.49818301300013, 31.284589204899987 ] ] ] } },
{ "type": "Feature", "properties": { "Id": 0, "Floor": 8, "height": 24 }, "geometry": { "type": "Polygon", "coordinates": [ [ [ 121.496826391000127, 31.2833936496001 ], [ 121.496804854999937, 31.283402750500045 ], [ 121.496890986000039, 31.283522158300116 ], [ 121.496934058999955, 31.283494791300086 ], [ 121.496966364000059, 31.28346739189999 ], [ 121.497041740999975, 31.283421790900036 ], [ 121.496955610999976, 31.283293217500102 ], [ 121.496869464000042, 31.283357117100024 ], [ 121.496837165999978, 31.283302028100024 ], [ 121.496944848999988, 31.283229027599987 ], [ 121.496869485000161, 31.283109651600057 ], [ 121.496772570999951, 31.283173519099932 ], [ 121.496729507000055, 31.283100066800046 ], [ 121.496837188999962, 31.283036231600022 ], [ 121.49677259300006, 31.282916887700082 ], [ 121.496611069999972, 31.283017223300021 ], [ 121.496729498000036, 31.283200886200007 ], [ 121.496707961999959, 31.283209987100122 ], [ 121.496826391000127, 31.2833936496001 ] ] ] } },
{ "type": "Feature", "properties": { "Id": 0, "Floor": 6, "height": 18 }, "geometry": { "type": "Polygon", "coordinates": [ [ [ 121.496966364000059, 31.28346739189999 ], [ 121.496934058999955, 31.283494791300086 ], [ 121.496998654000095, 31.283614134500112 ], [ 121.49704172700001, 31.283586767500083 ], [ 121.496966364000059, 31.28346739189999 ] ] ] } },
{ "type": "Feature", "properties": { "Id": 0, "Floor": 16, "height": 48 }, "geometry": { "type": "Polygon", "coordinates": [ [ [ 121.497278629999983, 31.28342250050008 ], [ 121.49704172700001, 31.283586767500083 ], [ 121.496998654000095, 31.283614134500112 ], [ 121.496654068, 31.283860566600083 ], [ 121.496761731999982, 31.284007534400132 ], [ 121.497375525000052, 31.283578601999977 ], [ 121.497278629999983, 31.28342250050008 ] ] ] } },
{ "type": "Feature", "properties": { "Id": 0, "Floor": 2, "height": 6 }, "geometry": { "type": "Polygon", "coordinates": [ [ [ 121.496115671000098, 31.284033094599977 ], [ 121.496126437000157, 31.284051457500141 ], [ 121.496374101000015, 31.28396054640001 ], [ 121.496363336000059, 31.283923852800001 ], [ 121.496406408999974, 31.283905651200143 ], [ 121.496384876000093, 31.283868925300112 ], [ 121.496331037, 31.283887094699992 ], [ 121.496277208000038, 31.28376778400002 ], [ 121.496180297000137, 31.283794989600096 ], [ 121.496169530999964, 31.283776626700103 ], [ 121.496115691000114, 31.28380396140011 ], [ 121.496158753000145, 31.283895743800088 ], [ 121.496115681000106, 31.283913945400116 ], [ 121.496115671000098, 31.284033094599977 ] ] ] } },
{ "type": "Feature", "properties": { "Id": 0, "Floor": 7, "height": 21 }, "geometry": { "type": "Polygon", "coordinates": [ [ [ 121.496470994999981, 31.284134977799965 ], [ 121.496115650999968, 31.284271392599976 ], [ 121.496115639999971, 31.284399706700128 ], [ 121.496524824000176, 31.284245122700099 ], [ 121.496470994999981, 31.284134977799965 ] ] ] } },
{ "type": "Feature", "properties": { "Id": 0, "Floor": 7, "height": 21 }, "geometry": { "type": "Polygon", "coordinates": [ [ [ 121.49774151400004, 31.284881171300015 ], [ 121.497763047000149, 31.284908731600012 ], [ 121.498032247000083, 31.284808719900127 ], [ 121.497967651000067, 31.284698543400054 ], [ 121.497558466999976, 31.284853127400027 ], [ 121.497612298000035, 31.284935775799966 ], [ 121.497676906000038, 31.284908473600012 ], [ 121.49774151400004, 31.284881171300015 ] ] ] } },
{ "type": "Feature", "properties": { "Id": 0, "Floor": 8, "height": 24 }, "geometry": { "type": "Polygon", "coordinates": [ [ [ 121.497763047000149, 31.284908731600012 ], [ 121.49774151400004, 31.284881171300015 ], [ 121.497676906000038, 31.284908473600012 ], [ 121.497709204000103, 31.284972727000138 ], [ 121.49778458000003, 31.284945457 ], [ 121.497763047000149, 31.284908731600012 ] ] ] } },
{ "type": "Feature", "properties": { "Id": 0, "Floor": 5, "height": 15 }, "geometry": { "type": "Polygon", "coordinates": [ [ [ 121.49721385700002, 31.285383678400137 ], [ 121.49680466999996, 31.285565756499921 ], [ 121.49690156600002, 31.285721854800101 ], [ 121.497310751999976, 31.285539776900123 ], [ 121.49721385700002, 31.285383678400137 ] ] ] } },
{ "type": "Feature", "properties": { "Id": 0, "Floor": 5, "height": 15 }, "geometry": { "type": "Polygon", "coordinates": [ [ [ 121.497052298000085, 31.285896444500111 ], [ 121.497343035999961, 31.285769003099915 ], [ 121.497407643999964, 31.285741701099994 ], [ 121.497343047000072, 31.28564069070012 ], [ 121.496923092999964, 31.285822736200032 ], [ 121.496987690000083, 31.285923746500089 ], [ 121.496998458, 31.285923778700123 ], [ 121.497052298000085, 31.285896444500111 ] ] ] } },
{ "type": "Feature", "properties": { "Id": 0, "Floor": 4, "height": 12 }, "geometry": { "type": "Polygon", "coordinates": [ [ [ 121.497407643999964, 31.285741701099994 ], [ 121.497343035999961, 31.285769003099915 ], [ 121.497439931000031, 31.285925101100077 ], [ 121.497493771999984, 31.285897766900121 ], [ 121.497407643999964, 31.285741701099994 ] ] ] } },
{ "type": "Feature", "properties": { "Id": 0, "Floor": 2, "height": 6 }, "geometry": { "type": "Polygon", "coordinates": [ [ [ 121.500368918000049, 31.283660880300033 ], [ 121.500250470999958, 31.283706353299976 ], [ 121.500282769000137, 31.283761441799982 ], [ 121.500239697000097, 31.283779643900061 ], [ 121.500336590000074, 31.283954074700034 ], [ 121.500487342000042, 31.283890367699996 ], [ 121.500368918000049, 31.283660880300033 ] ] ] } },
{ "type": "Feature", "properties": { "Id": 0, "Floor": 2, "height": 6 }, "geometry": { "type": "Polygon", "coordinates": [ [ [ 121.499668996000082, 31.283988741000087 ], [ 121.499970499000028, 31.283870492900064 ], [ 121.500272001000098, 31.283761409699991 ], [ 121.500218171000142, 31.283669595399999 ], [ 121.499625935000154, 31.283878628299931 ], [ 121.499518277999982, 31.283658338099997 ], [ 121.499399830000129, 31.283703810600059 ], [ 121.499625910000077, 31.284171918500078 ], [ 121.499744358000044, 31.284126446100004 ], [ 121.499668996000082, 31.283988741000087 ] ] ] } },
{ "type": "Feature", "properties": { "Id": 0, "Floor": 1, "height": 3 }, "geometry": { "type": "Polygon", "coordinates": [ [ [ 121.499970499000028, 31.283870492900064 ], [ 121.499668996000082, 31.283988741000087 ], [ 121.499744358000044, 31.284126446100004 ], [ 121.500035093000065, 31.284008165899991 ], [ 121.499970499000028, 31.283870492900064 ] ] ] } },
{ "type": "Feature", "properties": { "Id": 0, "Floor": 2, "height": 6 }, "geometry": { "type": "Polygon", "coordinates": [ [ [ 121.500476553, 31.284137799199982 ], [ 121.500271963000046, 31.284210510600076 ], [ 121.500336556999969, 31.284339017799994 ], [ 121.500541148000025, 31.284257141100056 ], [ 121.500476553, 31.284137799199982 ] ] ] } },
{ "type": "Feature", "properties": { "Id": 0, "Floor": 2, "height": 6 }, "geometry": { "type": "Polygon", "coordinates": [ [ [ 121.499130544999957, 31.284821172100123 ], [ 121.500293485000157, 31.284366385000055 ], [ 121.500282718, 31.284357187500063 ], [ 121.500228890000017, 31.284237877800138 ], [ 121.500218123000082, 31.284228680299975 ], [ 121.499044416000061, 31.284674270300059 ], [ 121.499055183, 31.28468346780005 ], [ 121.499119779000011, 31.284802809399935 ], [ 121.499130544999957, 31.284821172100123 ] ] ] } },
{ "type": "Feature", "properties": { "Id": 0, "Floor": 5, "height": 15 }, "geometry": { "type": "Polygon", "coordinates": [ [ [ 121.49924895200013, 31.285252292300129 ], [ 121.499388936000173, 31.285197719599978 ], [ 121.499399705999963, 31.285170256200047 ], [ 121.499442777000013, 31.285161219700001 ], [ 121.499475079000035, 31.285170481600005 ], [ 121.499571991000039, 31.285124945199925 ], [ 121.499615054000174, 31.285216726200019 ], [ 121.499636586000065, 31.285253451400138 ], [ 121.499787332000096, 31.285253902100067 ], [ 121.499636610000039, 31.284969329400042 ], [ 121.499141284000075, 31.285160318000123 ], [ 121.499184346000106, 31.285252099 ], [ 121.49924895200013, 31.285252292300129 ] ] ] } },
{ "type": "Feature", "properties": { "Id": 0, "Floor": 14, "height": 42 }, "geometry": { "type": "Polygon", "coordinates": [ [ [ 121.499475079000035, 31.285170481600005 ], [ 121.499442777000013, 31.285161219700001 ], [ 121.499399705999963, 31.285170256200047 ], [ 121.499388936000173, 31.285197719599978 ], [ 121.499367396000139, 31.285252646499998 ], [ 121.499636586000065, 31.285253451400138 ], [ 121.499615054000174, 31.285216726200019 ], [ 121.499475079000035, 31.285170481600005 ] ] ] } },
{ "type": "Feature", "properties": { "Id": 0, "Floor": 14, "height": 42 }, "geometry": { "type": "Polygon", "coordinates": [ [ [ 121.499561199000141, 31.28541819980012 ], [ 121.499625814999945, 31.285290080100026 ], [ 121.499636586000065, 31.285253451400138 ], [ 121.499367396000139, 31.285252646499998 ], [ 121.499335087000077, 31.285325871600094 ], [ 121.499356619000082, 31.285362596800042 ], [ 121.499539663000064, 31.28542730060002 ], [ 121.499561199000141, 31.28541819980012 ] ] ] } },
{ "type": "Feature", "properties": { "Id": 0, "Floor": 5, "height": 15 }, "geometry": { "type": "Polygon", "coordinates": [ [ [ 121.49972270700016, 31.285492004200023 ], [ 121.499701174000052, 31.28545527910012 ], [ 121.499733479000156, 31.285437045200013 ], [ 121.499668884000016, 31.285308539300047 ], [ 121.499636580000015, 31.28531760790014 ], [ 121.499625814999945, 31.285290080100026 ], [ 121.499561199000141, 31.28541819980012 ], [ 121.499593501000049, 31.285418296399996 ], [ 121.499582731000146, 31.285454925000067 ], [ 121.49972270700016, 31.285492004200023 ] ] ] } },
{ "type": "Feature", "properties": { "Id": 0, "Floor": 12, "height": 36 }, "geometry": { "type": "Polygon", "coordinates": [ [ [ 121.499593501000049, 31.285418296399996 ], [ 121.499561199000141, 31.28541819980012 ], [ 121.499539663000064, 31.28542730060002 ], [ 121.499518125000122, 31.285454731799916 ], [ 121.499550427000031, 31.28546399359999 ], [ 121.499582731000146, 31.285454925000067 ], [ 121.499593501000049, 31.285418296399996 ] ] ] } },
{ "type": "Feature", "properties": { "Id": 0, "Floor": 5, "height": 15 }, "geometry": { "type": "Polygon", "coordinates": [ [ [ 121.49785999300002, 31.284478254500016 ], [ 121.49829071299996, 31.284314568800028 ], [ 121.498247648000074, 31.284241117500017 ], [ 121.498215345000062, 31.28425018610011 ], [ 121.498193812000068, 31.28421346039994 ], [ 121.49770925200005, 31.284404480799992 ], [ 121.497806145000027, 31.284588076500029 ], [ 121.497483105000128, 31.284715422899978 ], [ 121.49754770200002, 31.284825599400051 ], [ 121.497956885, 31.284671015300034 ], [ 121.49785999300002, 31.284478254500016 ] ] ] } },
{ "type": "Feature", "properties": { "Id": 0, "Floor": 3, "height": 9 }, "geometry": { "type": "Polygon", "coordinates": [ [ [ 121.498613718000115, 31.28459049410003 ], [ 121.498538356000154, 31.28445278940012 ], [ 121.498441445000026, 31.284489160500016 ], [ 121.498376837000137, 31.284516462900001 ], [ 121.498247620000029, 31.284571067800016 ], [ 121.49818301300013, 31.284589204899987 ], [ 121.498204544000032, 31.284635095799956 ], [ 121.498258373999988, 31.284736074800094 ], [ 121.498613718000115, 31.28459049410003 ] ] ] } },
{ "type": "Feature", "properties": { "Id": 0, "Floor": 2, "height": 6 }, "geometry": { "type": "Polygon", "coordinates": [ [ [ 121.499055183, 31.28468346780005 ], [ 121.498882894999952, 31.284756274400081 ], [ 121.498947490999967, 31.284866450700008 ], [ 121.499119779000011, 31.284802809399935 ], [ 121.499055183, 31.28468346780005 ] ] ] } },
{ "type": "Feature", "properties": { "Id": 0, "Floor": 4, "height": 12 }, "geometry": { "type": "Polygon", "coordinates": [ [ [ 121.498333718000026, 31.285084579700026 ], [ 121.498279886999967, 31.284992766200105 ], [ 121.497730716000092, 31.285247748300094 ], [ 121.49796760400011, 31.285248457600062 ], [ 121.498333718000026, 31.285084579700026 ] ] ] } },
{ "type": "Feature", "properties": { "Id": 0, "Floor": 4, "height": 12 }, "geometry": { "type": "Polygon", "coordinates": [ [ [ 121.498419844999944, 31.285249811500023 ], [ 121.498409079, 31.285231448800005 ], [ 121.498366006000083, 31.285249650300045 ], [ 121.498419844999944, 31.285249811500023 ] ] ] } },
{ "type": "Feature", "properties": { "Id": 0, "Floor": 5, "height": 15 }, "geometry": { "type": "Polygon", "coordinates": [ [ [ 121.499184346000106, 31.285252099 ], [ 121.499195112000052, 31.285270461700122 ], [ 121.49924895200013, 31.285252292300129 ], [ 121.499184346000106, 31.285252099 ] ] ] } },
{ "type": "Feature", "properties": { "Id": 0, "Floor": 4, "height": 12 }, "geometry": { "type": "Polygon", "coordinates": [ [ [ 121.497881448000157, 31.285422338599972 ], [ 121.497569173999977, 31.285568046499975 ], [ 121.49763377, 31.285678222199977 ], [ 121.497913741000048, 31.285541582800079 ], [ 121.497978337000063, 31.285651758399922 ], [ 121.498075249000067, 31.285615387900066 ], [ 121.498021418000121, 31.28553274 ], [ 121.498236778999967, 31.285432567600026 ], [ 121.498279844000081, 31.285496852899939 ], [ 121.498172164000039, 31.285542356499946 ], [ 121.498204463000093, 31.285588279200113 ], [ 121.497730669000134, 31.285797659600064 ], [ 121.497784498000101, 31.285907802700024 ], [ 121.498613638000165, 31.285534512800041 ], [ 121.498419844999944, 31.285249811500023 ], [ 121.498366006000083, 31.285249650300045 ], [ 121.497978357000079, 31.285422628700019 ], [ 121.497892226999966, 31.285284892800007 ], [ 121.49796760400011, 31.285248457600062 ], [ 121.497730716000092, 31.285247748300094 ], [ 121.497450746000027, 31.285375222699997 ], [ 121.497504575999983, 31.285467035900069 ], [ 121.497827618000088, 31.285321360100113 ], [ 121.497881448000157, 31.285422338599972 ] ] ] } },
{ "type": "Feature", "properties": { "Id": 0, "Floor": 6, "height": 18 }, "geometry": { "type": "Polygon", "coordinates": [ [ [ 121.499184238999987, 31.286507725700005 ], [ 121.499130409000145, 31.286415913500036 ], [ 121.498925817000099, 31.286497787500082 ], [ 121.49895811500005, 31.286552874700078 ], [ 121.498990415000094, 31.286589631800041 ], [ 121.499184238999987, 31.286507725700005 ] ] ] } },
{ "type": "Feature", "properties": { "Id": 0, "Floor": 7, "height": 21 }, "geometry": { "type": "Polygon", "coordinates": [ [ [ 121.49867817300003, 31.286368734900009 ], [ 121.498365898999964, 31.286514442000055 ], [ 121.498441261000153, 31.286642979000135 ], [ 121.498753534, 31.286506437100002 ], [ 121.49867817300003, 31.286368734900009 ] ] ] } },
{ "type": "Feature", "properties": { "Id": 0, "Floor": 1, "height": 3 }, "geometry": { "type": "Polygon", "coordinates": [ [ [ 121.498085945999946, 31.286449448200017 ], [ 121.497945961000028, 31.286513184800015 ], [ 121.497989026000141, 31.28657746950006 ], [ 121.498118243000022, 31.286513700700084 ], [ 121.498085945999946, 31.286449448200017 ] ] ] } },
{ "type": "Feature", "properties": { "Id": 0, "Floor": 2, "height": 6 }, "geometry": { "type": "Polygon", "coordinates": [ [ [ 121.499507341000026, 31.285647168500134 ], [ 121.499485807000042, 31.285628773800113 ], [ 121.499356619000082, 31.285362596800042 ], [ 121.499335087000077, 31.285325871600094 ], [ 121.499313556000061, 31.285270815899992 ], [ 121.498990516000049, 31.285407327700113 ], [ 121.499216598999965, 31.285838767600069 ], [ 121.499539639000091, 31.285702256200011 ], [ 121.499507341000026, 31.285647168500134 ] ] ] } },
{ "type": "Feature", "properties": { "Id": 0, "Floor": 5, "height": 15 }, "geometry": { "type": "Polygon", "coordinates": [ [ [ 121.499776543000166, 31.285510495500091 ], [ 121.499787307000133, 31.285547188500004 ], [ 121.499830371000144, 31.285629803900065 ], [ 121.49973345900014, 31.285666174900143 ], [ 121.499722689000123, 31.285693638300017 ], [ 121.499690385000122, 31.285711872000093 ], [ 121.499658083000099, 31.285702610300063 ], [ 121.499475027000017, 31.285775384300052 ], [ 121.499539624000022, 31.285885559500002 ], [ 121.500024182000061, 31.285694539400026 ], [ 121.499862694000058, 31.285391605500024 ], [ 121.499905766000097, 31.285373403800122 ], [ 121.499841170000082, 31.285254063000139 ], [ 121.499808868000059, 31.285253966500079 ], [ 121.499787332000096, 31.285253902100067 ], [ 121.499636586000065, 31.285253451400138 ], [ 121.499668884000016, 31.285308539300047 ], [ 121.499733479000156, 31.285437045200013 ], [ 121.499776543000166, 31.285510495500091 ] ] ] } },
{ "type": "Feature", "properties": { "Id": 0, "Floor": 14, "height": 42 }, "geometry": { "type": "Polygon", "coordinates": [ [ [ 121.499690385000122, 31.285711872000093 ], [ 121.499722689000123, 31.285693638300017 ], [ 121.49973345900014, 31.285666174900143 ], [ 121.499787307000133, 31.285547188500004 ], [ 121.499776543000166, 31.285510495500091 ], [ 121.49972270700016, 31.285492004200023 ], [ 121.499582731000146, 31.285454925000067 ], [ 121.499550427000031, 31.28546399359999 ], [ 121.499485807000042, 31.285628773800113 ], [ 121.499507341000026, 31.285647168500134 ], [ 121.499658083000099, 31.285702610300063 ], [ 121.499690385000122, 31.285711872000093 ] ] ] } },
{ "type": "Feature", "properties": { "Id": 0, "Floor": 3, "height": 9 }, "geometry": { "type": "Polygon", "coordinates": [ [ [ 121.499841082999978, 31.286280561800027 ], [ 121.49987338699998, 31.286262328100008 ], [ 121.500013371000023, 31.286207755700048 ], [ 121.501100931999986, 31.285789406499987 ], [ 121.50109016600004, 31.285771044100045 ], [ 121.501014803999965, 31.285642506700071 ], [ 121.501004038000019, 31.285624144200142 ], [ 121.500013387999957, 31.286006122699973 ], [ 121.499873404000027, 31.286069860300074 ], [ 121.499765724999975, 31.28610619900013 ], [ 121.499776491000148, 31.28612456150006 ], [ 121.499830317000146, 31.286262199400085 ], [ 121.499841082999978, 31.286280561800027 ] ] ] } },
{ "type": "Feature", "properties": { "Id": 0, "Floor": 2, "height": 6 }, "geometry": { "type": "Polygon", "coordinates": [ [ [ 121.499776491000148, 31.28612456150006 ], [ 121.499582666000038, 31.286215633399991 ], [ 121.499647262000053, 31.286334973200042 ], [ 121.499830317000146, 31.286262199400085 ], [ 121.499776491000148, 31.28612456150006 ] ] ] } },
{ "type": "Feature", "properties": { "Id": 0, "Floor": 11, "height": 33 }, "geometry": { "type": "Polygon", "coordinates": [ [ [ 121.500788608999983, 31.286530850400027 ], [ 121.500745544999972, 31.286457401000064 ], [ 121.50072401500006, 31.286402346000045 ], [ 121.500616335000018, 31.286447850100046 ], [ 121.500637866000034, 31.286493739900095 ], [ 121.500680930000044, 31.28657635440004 ], [ 121.500788608999983, 31.286530850400027 ] ] ] } },
{ "type": "Feature", "properties": { "Id": 0, "Floor": 9, "height": 27 }, "geometry": { "type": "Polygon", "coordinates": [ [ [ 121.49931344200013, 31.286618093300035 ], [ 121.499345739999967, 31.286673180500088 ], [ 121.499421116000121, 31.286636745500005 ], [ 121.499399583000013, 31.286609185800046 ], [ 121.499431887000014, 31.286600117299997 ], [ 121.499410355, 31.286554227400075 ], [ 121.499378052000111, 31.28656329590001 ], [ 121.499248858000101, 31.28636127710007 ], [ 121.499130409000145, 31.286415913500036 ], [ 121.499184238999987, 31.286507725700005 ], [ 121.499259600999949, 31.286645427600035 ], [ 121.49931344200013, 31.286618093300035 ] ] ] } },
{ "type": "Feature", "properties": { "Id": 0, "Floor": 3, "height": 9 }, "geometry": { "type": "Polygon", "coordinates": [ [ [ 121.500411722999957, 31.286786347600128 ], [ 121.500250203000064, 31.286850020600014 ], [ 121.50031479900008, 31.286960194400024 ], [ 121.500476318999972, 31.286896521400024 ], [ 121.500411722999957, 31.286786347600128 ] ] ] } },
{ "type": "Feature", "properties": { "Id": 0, "Floor": 4, "height": 12 }, "geometry": { "type": "Polygon", "coordinates": [ [ [ 121.50031479900008, 31.286960194400024 ], [ 121.500250203000064, 31.286850020600014 ], [ 121.500228672000162, 31.286804130900123 ], [ 121.500142529000072, 31.286831368800051 ], [ 121.500174827000023, 31.286886455700085 ], [ 121.500228656, 31.286996597300117 ], [ 121.50031479900008, 31.286960194400024 ] ] ] } },
{ "type": "Feature", "properties": { "Id": 0, "Floor": 3, "height": 9 }, "geometry": { "type": "Polygon", "coordinates": [ [ [ 121.499636441000121, 31.286958167100124 ], [ 121.499787192000099, 31.286903627400079 ], [ 121.499744130000067, 31.28681184790014 ], [ 121.499388788000147, 31.286939096500078 ], [ 121.499431849999951, 31.287030875899973 ], [ 121.49956106500008, 31.286985437000055 ], [ 121.499636441000121, 31.286958167100124 ] ] ] } },
{ "type": "Feature", "properties": { "Id": 0, "Floor": 6, "height": 18 }, "geometry": { "type": "Polygon", "coordinates": [ [ [ 121.496384692999982, 31.286022756500074 ], [ 121.496320099000172, 31.285885085699988 ], [ 121.496535460000132, 31.285784914200121 ], [ 121.496503161999954, 31.285729826400029 ], [ 121.496158584, 31.285884601699991 ], [ 121.496180115000129, 31.285939657200061 ], [ 121.496137041999987, 31.285957858400025 ], [ 121.496212404000062, 31.286095561399975 ], [ 121.496363157000019, 31.286031857099999 ], [ 121.496384692999982, 31.286022756500074 ] ] ] } },
{ "type": "Feature", "properties": { "Id": 0, "Floor": 4, "height": 12 }, "geometry": { "type": "Polygon", "coordinates": [ [ [ 121.497052298000085, 31.285896444500111 ], [ 121.496998458, 31.285923778700123 ], [ 121.497073818000104, 31.286079812000139 ], [ 121.497138426000106, 31.286052510100035 ], [ 121.497052298000085, 31.285896444500111 ] ] ] } },
{ "type": "Feature", "properties": { "Id": 0, "Floor": 11, "height": 33 }, "geometry": { "type": "Polygon", "coordinates": [ [ [ 121.497493771999984, 31.285897766900121 ], [ 121.497439931000031, 31.285925101100077 ], [ 121.497138426000106, 31.286052510100035 ], [ 121.497073818000104, 31.286079812000139 ], [ 121.497030746000064, 31.286098013299977 ], [ 121.49709534200008, 31.286217353499922 ], [ 121.497569135000163, 31.286017139600062 ], [ 121.497493771999984, 31.285897766900121 ] ] ] } },
{ "type": "Feature", "properties": { "Id": 0, "Floor": 5, "height": 15 }, "geometry": { "type": "Polygon", "coordinates": [ [ [ 121.496707697000033, 31.286326173700104 ], [ 121.496890754, 31.286244236000073 ], [ 121.496826157999976, 31.286124895800128 ], [ 121.496481580000136, 31.286279670600038 ], [ 121.496578475999968, 31.286435767900116 ], [ 121.496729228000163, 31.286372063800002 ], [ 121.496707697000033, 31.286326173700104 ] ] ] } },
{ "type": "Feature", "properties": { "Id": 0, "Floor": 3, "height": 9 }, "geometry": { "type": "Polygon", "coordinates": [ [ [ 121.496406206000074, 31.286279444800073 ], [ 121.496320062000109, 31.286315847200058 ], [ 121.49644925400014, 31.286554527100122 ], [ 121.496535398000105, 31.286518124800068 ], [ 121.496406206000074, 31.286279444800073 ] ] ] } },
{ "type": "Feature", "properties": { "Id": 0, "Floor": 3, "height": 9 }, "geometry": { "type": "Polygon", "coordinates": [ [ [ 121.497601381999971, 31.286677124700077 ], [ 121.497612149000133, 31.286686322100081 ], [ 121.497633684, 31.286695551600076 ], [ 121.497665987000119, 31.286695648399984 ], [ 121.497687522999968, 31.286686547800059 ], [ 121.497698290000017, 31.286686580000094 ], [ 121.497709059000158, 31.286677447200134 ], [ 121.497719826000093, 31.286677479399998 ], [ 121.497730595, 31.286668346600038 ], [ 121.497741362000056, 31.286668378800073 ], [ 121.49775213099997, 31.286659245999942 ], [ 121.497762899, 31.286650113200039 ], [ 121.497773668000036, 31.286640980300092 ], [ 121.497784436000074, 31.286631847500132 ], [ 121.497784437000178, 31.28662268239998 ], [ 121.497795206000092, 31.28660438440005 ], [ 121.497795206999967, 31.286595219300125 ], [ 121.49779520800007, 31.286586054200143 ], [ 121.497795209000174, 31.286567724 ], [ 121.497784442000125, 31.286558526700048 ], [ 121.497762908000027, 31.286549297100009 ], [ 121.497698302, 31.286549103600066 ], [ 121.497676766000041, 31.286558204299979 ], [ 121.497665997000126, 31.286567337100109 ], [ 121.497644462000039, 31.286567272600053 ], [ 121.497633694, 31.2865764055 ], [ 121.497622924999973, 31.286594703400056 ], [ 121.497612156000059, 31.286603836300003 ], [ 121.497601388000021, 31.286612969100133 ], [ 121.497590618, 31.286631267000018 ], [ 121.497590617000128, 31.286649597199983 ], [ 121.497590616000025, 31.286658762300135 ], [ 121.497601381999971, 31.286677124700077 ] ] ] } },
{ "type": "Feature", "properties": { "Id": 0, "Floor": 2, "height": 6 }, "geometry": { "type": "Polygon", "coordinates": [ [ [ 121.497741362000056, 31.286668378800073 ], [ 121.497730595, 31.286668346600038 ], [ 121.497719826000093, 31.286677479399998 ], [ 121.497709059000158, 31.286677447200134 ], [ 121.497719825, 31.286695809600133 ], [ 121.497752128000116, 31.286686741300059 ], [ 121.497741362000056, 31.286668378800073 ] ] ] } },
{ "type": "Feature", "properties": { "Id": 0, "Floor": 8, "height": 24 }, "geometry": { "type": "Polygon", "coordinates": [ [ [ 121.497170644000107, 31.287051602599945 ], [ 121.49736446999998, 31.286960532600062 ], [ 121.49721374000012, 31.286758449499928 ], [ 121.496793784000033, 31.286958823000134 ], [ 121.496933746000082, 31.287170038599982 ], [ 121.497095268000066, 31.287088037 ], [ 121.497170644000107, 31.287051602599945 ] ] ] } },
{ "type": "Feature", "properties": { "Id": 0, "Floor": 2, "height": 6 }, "geometry": { "type": "Polygon", "coordinates": [ [ [ 121.497170644000107, 31.287051602599945 ], [ 121.497095268000066, 31.287088037 ], [ 121.497149099000012, 31.28717068370014 ], [ 121.497224475000053, 31.287134249299925 ], [ 121.497170644000107, 31.287051602599945 ] ] ] } },
{ "type": "Feature", "properties": { "Id": 0, "Floor": 6, "height": 18 }, "geometry": { "type": "Polygon", "coordinates": [ [ [ 121.497407533000114, 31.287043147100007 ], [ 121.497224475000053, 31.287134249299925 ], [ 121.497149099000012, 31.28717068370014 ], [ 121.496976810000092, 31.287243488 ], [ 121.497084472999973, 31.287408781100055 ], [ 121.497515197000098, 31.287199275399985 ], [ 121.497407533000114, 31.287043147100007 ] ] ] } },
{ "type": "Feature", "properties": { "Id": 0, "Floor": 5, "height": 15 }, "geometry": { "type": "Polygon", "coordinates": [ [ [ 121.498990415000094, 31.286589631800041 ], [ 121.49895811500005, 31.286552874700078 ], [ 121.498871971000085, 31.28658927740014 ], [ 121.498871963000056, 31.286690093399955 ], [ 121.499011947000099, 31.286626356599982 ], [ 121.498990415000094, 31.286589631800041 ] ] ] } },
{ "type": "Feature", "properties": { "Id": 0, "Floor": 5, "height": 15 }, "geometry": { "type": "Polygon", "coordinates": [ [ [ 121.498818132, 31.2866074465 ], [ 121.498871963000056, 31.286690093399955 ], [ 121.498871971000085, 31.28658927740014 ], [ 121.498818132, 31.2866074465 ] ] ] } },
{ "type": "Feature", "properties": { "Id": 0, "Floor": 2, "height": 6 }, "geometry": { "type": "Polygon", "coordinates": [ [ [ 121.498290508999958, 31.286706683400098 ], [ 121.498290511000164, 31.286679188100038 ], [ 121.49827974699997, 31.286642495500132 ], [ 121.498258213999975, 31.286614935800003 ], [ 121.49823668, 31.286596541100039 ], [ 121.498204379000072, 31.28657811420004 ], [ 121.498150536000026, 31.286632943600068 ], [ 121.498215135000123, 31.286715622800102 ], [ 121.498279741000147, 31.286706651200063 ], [ 121.498290508999958, 31.286706683400098 ] ] ] } },
{ "type": "Feature", "properties": { "Id": 0, "Floor": 6, "height": 18 }, "geometry": { "type": "Polygon", "coordinates": [ [ [ 121.498871961000077, 31.286708423600089 ], [ 121.498871963000056, 31.286690093399955 ], [ 121.498818132, 31.2866074465 ], [ 121.498796599000116, 31.286579886800041 ], [ 121.498764295, 31.286588955200102 ], [ 121.498742761000017, 31.286570560600126 ], [ 121.498699689000091, 31.286588761899964 ], [ 121.498796581999954, 31.286772353600043 ], [ 121.498871958, 31.286745083899973 ], [ 121.498871961000077, 31.286708423600089 ] ] ] } },
{ "type": "Feature", "properties": { "Id": 0, "Floor": 6, "height": 18 }, "geometry": { "type": "Polygon", "coordinates": [ [ [ 121.498871961000077, 31.286708423600089 ], [ 121.498871958, 31.286745083899973 ], [ 121.498893493999958, 31.286735983200003 ], [ 121.498871961000077, 31.286708423600089 ] ] ] } },
{ "type": "Feature", "properties": { "Id": 0, "Floor": 6, "height": 18 }, "geometry": { "type": "Polygon", "coordinates": [ [ [ 121.498602769000058, 31.286725948200001 ], [ 121.498667377999936, 31.286689481200085 ], [ 121.49862431300005, 31.286625196700072 ], [ 121.498462792000055, 31.286698033999983 ], [ 121.498559686000135, 31.286872460500035 ], [ 121.498656599000014, 31.286826925200103 ], [ 121.498602769000058, 31.286725948200001 ] ] ] } },
{ "type": "Feature", "properties": { "Id": 0, "Floor": 6, "height": 18 }, "geometry": { "type": "Polygon", "coordinates": [ [ [ 121.49935650600014, 31.286691542800042 ], [ 121.499345739999967, 31.286673180500088 ], [ 121.49931344200013, 31.286618093300035 ], [ 121.499259600999949, 31.286645427600035 ], [ 121.498871953000048, 31.286809239400043 ], [ 121.498871946, 31.286891725100133 ], [ 121.499151914000095, 31.286773416700044 ], [ 121.49935650600014, 31.286691542800042 ] ] ] } },
{ "type": "Feature", "properties": { "Id": 0, "Floor": 11, "height": 33 }, "geometry": { "type": "Polygon", "coordinates": [ [ [ 121.498247428000013, 31.286825700500117 ], [ 121.498322805000157, 31.286789265800053 ], [ 121.498279741000147, 31.286706651200063 ], [ 121.498215135000123, 31.286715622800102 ], [ 121.498150536000026, 31.286632943600068 ], [ 121.498204379000072, 31.28657811420004 ], [ 121.498150547000023, 31.286504632299966 ], [ 121.498118243000022, 31.286513700700084 ], [ 121.497989026000141, 31.28657746950006 ], [ 121.497752128000116, 31.286686741300059 ], [ 121.497719825, 31.286695809600133 ], [ 121.497644448000074, 31.286732244199982 ], [ 121.497816706000094, 31.287016877300005 ], [ 121.498182820000011, 31.286853002300006 ], [ 121.498247428000013, 31.286825700500117 ] ] ] } },
{ "type": "Feature", "properties": { "Id": 0, "Floor": 6, "height": 18 }, "geometry": { "type": "Polygon", "coordinates": [ [ [ 121.498871953000048, 31.286809239400043 ], [ 121.498818111999981, 31.286836573600056 ], [ 121.498850410000159, 31.286900825700002 ], [ 121.498871946, 31.286891725100133 ], [ 121.498871953000048, 31.286809239400043 ] ] ] } },
{ "type": "Feature", "properties": { "Id": 0, "Floor": 4, "height": 12 }, "geometry": { "type": "Polygon", "coordinates": [ [ [ 121.498818111999981, 31.286836573600056 ], [ 121.498796579999976, 31.286799848800115 ], [ 121.498645828000122, 31.286863553300122 ], [ 121.498699657000088, 31.286973695199947 ], [ 121.498850410000159, 31.286900825700002 ], [ 121.498818111999981, 31.286836573600056 ] ] ] } },
{ "type": "Feature", "properties": { "Id": 0, "Floor": 16, "height": 48 }, "geometry": { "type": "Polygon", "coordinates": [ [ [ 121.504589829, 31.282921881100094 ], [ 121.504568294000023, 31.282921817300121 ], [ 121.504601337642953, 31.28298810904478 ], [ 121.504602382433319, 31.282921918287521 ], [ 121.504589829, 31.282921881100094 ] ] ] } },
{ "type": "Feature", "properties": { "Id": 0, "Floor": 7, "height": 21 }, "geometry": { "type": "Polygon", "coordinates": [ [ [ 121.504525197000135, 31.283242478899979 ], [ 121.504385217000049, 31.2832970563 ], [ 121.50438521, 31.283388710100098 ], [ 121.504568260000042, 31.283325095000066 ], [ 121.504525197000135, 31.283242478899979 ] ] ] } },
{ "type": "Feature", "properties": { "Id": 0, "Floor": 7, "height": 21 }, "geometry": { "type": "Polygon", "coordinates": [ [ [ 121.504503629000055, 31.283645691499999 ], [ 121.504460547000122, 31.283792209400019 ], [ 121.50458821048818, 31.283819755602117 ], [ 121.504590661589162, 31.283664470642488 ], [ 121.504503629000055, 31.283645691499999 ] ] ] } },
{ "type": "Feature", "properties": { "Id": 0, "Floor": 7, "height": 21 }, "geometry": { "type": "Polygon", "coordinates": [ [ [ 121.504546667000113, 31.284012432700024 ], [ 121.504585070623989, 31.284018675877583 ], [ 121.504587498166686, 31.283864883410356 ], [ 121.504546667000113, 31.284012432700024 ] ] ] } },
{ "type": "Feature", "properties": { "Id": 0, "Floor": 7, "height": 21 }, "geometry": { "type": "Polygon", "coordinates": [ [ [ 121.504449745000102, 31.284204617099988 ], [ 121.504581720240239, 31.284230933229932 ], [ 121.504583128072554, 31.284141742622808 ], [ 121.504492821000099, 31.284122256900105 ], [ 121.504503593000095, 31.284067296899991 ], [ 121.504385154000147, 31.284039449900092 ], [ 121.504385147000107, 31.28413110309998 ], [ 121.504471284000033, 31.28414968900006 ], [ 121.504449745000102, 31.284204617099988 ] ] ] } },
{ "type": "Feature", "properties": { "Id": 0, "Floor": 5, "height": 15 }, "geometry": { "type": "Polygon", "coordinates": [ [ [ 121.50438512300002, 31.284415227400018 ], [ 121.504385117000083, 31.284479384400129 ], [ 121.504579001085574, 31.284403200233371 ], [ 121.504580046106014, 31.284336994900354 ], [ 121.50438512300002, 31.284415227400018 ] ] ] } },
{ "type": "Feature", "properties": { "Id": 0, "Floor": 6, "height": 18 }, "geometry": { "type": "Polygon", "coordinates": [ [ [ 121.504546624, 31.284516524199944 ], [ 121.504395876, 31.284580234300108 ], [ 121.504438938000021, 31.284662849400092 ], [ 121.504575815750457, 31.284605001235061 ], [ 121.504576313243831, 31.284573483464431 ], [ 121.504546624, 31.284516524199944 ] ] ] } },
{ "type": "Feature", "properties": { "Id": 0, "Floor": 6, "height": 18 }, "geometry": { "type": "Polygon", "coordinates": [ [ [ 121.504546600000026, 31.284800647499992 ], [ 121.50457195960611, 31.284849300112185 ], [ 121.504572903031828, 31.284789531124211 ], [ 121.504546600000026, 31.284800647499992 ] ] ] } },
{ "type": "Feature", "properties": { "Id": 0, "Floor": 5, "height": 15 }, "geometry": { "type": "Polygon", "coordinates": [ [ [ 121.504546574000074, 31.285103100400022 ], [ 121.504385058000139, 31.285175943500121 ], [ 121.504385053000078, 31.285240100000124 ], [ 121.504567004796954, 31.285163202861181 ], [ 121.504567392998894, 31.285138609046793 ], [ 121.504546574000074, 31.285103100400022 ] ] ] } },
{ "type": "Feature", "properties": { "Id": 0, "Floor": 7, "height": 21 }, "geometry": { "type": "Polygon", "coordinates": [ [ [ 121.504385006, 31.285790011500126 ], [ 121.504384996, 31.285909158600134 ], [ 121.504556208070781, 31.285847209434777 ], [ 121.504558107092294, 31.285726900447319 ], [ 121.504385006, 31.285790011500126 ] ] ] } },
{ "type": "Feature", "properties": { "Id": 0, "Floor": 7, "height": 21 }, "geometry": { "type": "Polygon", "coordinates": [ [ [ 121.504384987000094, 31.286009975299976 ], [ 121.504384977000086, 31.286129122099965 ], [ 121.504552699173374, 31.286069509125827 ], [ 121.504554619992817, 31.285947819170715 ], [ 121.504384987000094, 31.286009975299976 ] ] ] } },
{ "type": "Feature", "properties": { "Id": 0, "Floor": 8, "height": 24 }, "geometry": { "type": "Polygon", "coordinates": [ [ [ 121.50443880399996, 31.286248428399915 ], [ 121.504492632000051, 31.286349404300097 ], [ 121.504548608393691, 31.286328672889535 ], [ 121.504550516734554, 31.28620777349197 ], [ 121.50443880399996, 31.286248428399915 ] ] ] } },
{ "type": "Feature", "properties": { "Id": 0, "Floor": 7, "height": 21 }, "geometry": { "type": "Polygon", "coordinates": [ [ [ 121.504492579000043, 31.286972630499974 ], [ 121.504536951055769, 31.287067201924796 ], [ 121.504538717165033, 31.286955313345896 ], [ 121.504492579000043, 31.286972630499974 ] ] ] } },
{ "type": "Feature", "properties": { "Id": 0, "Floor": 12, "height": 36 }, "geometry": { "type": "Polygon", "coordinates": [ [ [ 121.495103647000064, 31.282453614900078 ], [ 121.494532941999978, 31.282681041100034 ], [ 121.494586771000058, 31.282791187600139 ], [ 121.495168241999977, 31.282572959300012 ], [ 121.495103647000064, 31.282453614900078 ] ] ] } },
{ "type": "Feature", "properties": { "Id": 0, "Floor": 10, "height": 30 }, "geometry": { "type": "Polygon", "coordinates": [ [ [ 121.494532941999978, 31.282681041100034 ], [ 121.494489877999968, 31.282607588500127 ], [ 121.494360661999963, 31.282662194000011 ], [ 121.494457555000054, 31.282845792999979 ], [ 121.494586771000058, 31.282791187600139 ], [ 121.494532941999978, 31.282681041100034 ] ] ] } },
{ "type": "Feature", "properties": { "Id": 0, "Floor": 2, "height": 6 }, "geometry": { "type": "Polygon", "coordinates": [ [ [ 121.494102238000096, 31.282670585300082 ], [ 121.493994558000054, 31.282716089900021 ], [ 121.494091452000021, 31.282890523300011 ], [ 121.494231431, 31.282890942699964 ], [ 121.494102238000096, 31.282670585300082 ] ] ] } },
{ "type": "Feature", "properties": { "Id": 0, "Floor": 20, "height": 60 }, "geometry": { "type": "Polygon", "coordinates": [ [ [ 121.493994543000099, 31.282890232999932 ], [ 121.493940715000122, 31.28277092120004 ], [ 121.493854572000146, 31.282798159500032 ], [ 121.49383304000014, 31.282761433299981 ], [ 121.493649985000047, 31.282825043000059 ], [ 121.493671515000074, 31.282889265400058 ], [ 121.493973008000012, 31.282890168500103 ], [ 121.493994543000099, 31.282890232999932 ] ] ] } },
{ "type": "Feature", "properties": { "Id": 0, "Floor": 20, "height": 60 }, "geometry": { "type": "Polygon", "coordinates": [ [ [ 121.493746875000056, 31.283045303200026 ], [ 121.493929931000139, 31.282972528200105 ], [ 121.4939084, 31.282917471200108 ], [ 121.493973008000012, 31.282890168500103 ], [ 121.4936499800001, 31.282889200900058 ], [ 121.493596140000136, 31.282907370500084 ], [ 121.493649968000113, 31.283026682099944 ], [ 121.493714576000116, 31.282999379399939 ], [ 121.493746875000056, 31.283045303200026 ] ] ] } },
{ "type": "Feature", "properties": { "Id": 0, "Floor": 2, "height": 6 }, "geometry": { "type": "Polygon", "coordinates": [ [ [ 121.494231431, 31.282890942699964 ], [ 121.494091452000021, 31.282890523300011 ], [ 121.49410221800008, 31.282908886400037 ], [ 121.493929931000139, 31.282972528200105 ], [ 121.493746875000056, 31.283045303200026 ], [ 121.493660731999967, 31.283072541399974 ], [ 121.493703795999977, 31.283145993600044 ], [ 121.494252962000132, 31.282936834300017 ], [ 121.494231431, 31.282890942699964 ] ] ] } },
{ "type": "Feature", "properties": { "Id": 0, "Floor": 11, "height": 33 }, "geometry": { "type": "Polygon", "coordinates": [ [ [ 121.49460825999995, 31.283332010900097 ], [ 121.495114356000158, 31.28314105420003 ], [ 121.495049762000122, 31.283003379499917 ], [ 121.494403683000087, 31.283248909500003 ], [ 121.494489813000087, 31.283377482999924 ], [ 121.494565188000024, 31.283350212599942 ], [ 121.49460825999995, 31.283332010900097 ] ] ] } },
{ "type": "Feature", "properties": { "Id": 0, "Floor": 5, "height": 15 }, "geometry": { "type": "Polygon", "coordinates": [ [ [ 121.49429598800009, 31.283468556000116 ], [ 121.494349824000096, 31.28348704800004 ], [ 121.494414431, 31.283478076200026 ], [ 121.494457504000138, 31.283441543799995 ], [ 121.494489813000087, 31.283377482999924 ], [ 121.494403683000087, 31.283248909500003 ], [ 121.494339077000063, 31.28324871600006 ], [ 121.494274468999947, 31.283266853200018 ], [ 121.49424216400007, 31.283294252600115 ], [ 121.494220625000025, 31.283340015000022 ], [ 121.494220620999954, 31.283385841799998 ], [ 121.494242152999959, 31.283431733200018 ], [ 121.49429598800009, 31.283468556000116 ] ] ] } },
{ "type": "Feature", "properties": { "Id": 0, "Floor": 5, "height": 15 }, "geometry": { "type": "Polygon", "coordinates": [ [ [ 121.493962191000151, 31.283467556 ], [ 121.494112943000118, 31.28340385000007 ], [ 121.494059112000059, 31.283321200300009 ], [ 121.493822217000115, 31.283412144500119 ], [ 121.493908341000065, 31.283614040600128 ], [ 121.49401602, 31.28357770170004 ], [ 121.493962191000151, 31.283467556 ] ] ] } },
{ "type": "Feature", "properties": { "Id": 0, "Floor": 10, "height": 30 }, "geometry": { "type": "Polygon", "coordinates": [ [ [ 121.49460825999995, 31.283332010900097 ], [ 121.494565188000024, 31.283350212599942 ], [ 121.494651321999982, 31.283432959100082 ], [ 121.494371345, 31.2836520890001 ], [ 121.494414411999969, 31.283698044799962 ], [ 121.494726695000168, 31.283442350300106 ], [ 121.49460825999995, 31.283332010900097 ] ] ] } },
{ "type": "Feature", "properties": { "Id": 0, "Floor": 7, "height": 21 }, "geometry": { "type": "Polygon", "coordinates": [ [ [ 121.496083475999967, 31.282768176100092 ], [ 121.496115773000156, 31.28283243089993 ], [ 121.496115780000082, 31.282759107499999 ], [ 121.496083475999967, 31.282768176100092 ] ] ] } },
{ "type": "Feature", "properties": { "Id": 0, "Floor": 8, "height": 24 }, "geometry": { "type": "Polygon", "coordinates": [ [ [ 121.495738913999958, 31.282730481899932 ], [ 121.495286659000044, 31.282894104400043 ], [ 121.495685062000121, 31.282895298200117 ], [ 121.495803509999973, 31.282849826100062 ], [ 121.495738913999958, 31.282730481899932 ] ] ] } },
{ "type": "Feature", "properties": { "Id": 0, "Floor": 8, "height": 24 }, "geometry": { "type": "Polygon", "coordinates": [ [ [ 121.495685062000121, 31.282895298200117 ], [ 121.495835809000027, 31.282895750000137 ], [ 121.495803509999973, 31.282849826100062 ], [ 121.495685062000121, 31.282895298200117 ] ] ] } },
{ "type": "Feature", "properties": { "Id": 0, "Floor": 8, "height": 24 }, "geometry": { "type": "Polygon", "coordinates": [ [ [ 121.495286659000044, 31.282894104400043 ], [ 121.495211283000117, 31.282921374800026 ], [ 121.495275878000029, 31.283049884100137 ], [ 121.495685062000121, 31.282895298200117 ], [ 121.495286659000044, 31.282894104400043 ] ] ] } },
{ "type": "Feature", "properties": { "Id": 0, "Floor": 8, "height": 24 }, "geometry": { "type": "Polygon", "coordinates": [ [ [ 121.495394321000163, 31.283059404500023 ], [ 121.495437391999985, 31.283059533500136 ], [ 121.495480462000046, 31.283068828000069 ], [ 121.495512762000089, 31.283096420999982 ], [ 121.49553429499997, 31.283133147099988 ], [ 121.495846577000066, 31.282895782200001 ], [ 121.495835809000027, 31.282895750000137 ], [ 121.495685062000121, 31.282895298200117 ], [ 121.495275878000029, 31.283049884100137 ], [ 121.49531894200004, 31.283123336400024 ], [ 121.49535124800002, 31.283086771600097 ], [ 121.495394321000163, 31.283059404500023 ] ] ] } },
{ "type": "Feature", "properties": { "Id": 0, "Floor": 8, "height": 24 }, "geometry": { "type": "Polygon", "coordinates": [ [ [ 121.495405071000164, 31.283270240800107 ], [ 121.495448141999987, 31.283261204500036 ], [ 121.495501982000064, 31.283243035100043 ], [ 121.49552352, 31.283215603400095 ], [ 121.495534291000126, 31.28317897409994 ], [ 121.49553429499997, 31.283133147099988 ], [ 121.495512762000089, 31.283096420999982 ], [ 121.495480462000046, 31.283068828000069 ], [ 121.495437391999985, 31.283059533500136 ], [ 121.495394321000163, 31.283059404500023 ], [ 121.49535124800002, 31.283086771600097 ], [ 121.49531894200004, 31.283123336400024 ], [ 121.495308170000158, 31.283178296500125 ], [ 121.495329700999946, 31.283224188000133 ], [ 121.495362001999979, 31.283251781000047 ], [ 121.495405071000164, 31.283270240800107 ] ] ] } },
{ "type": "Feature", "properties": { "Id": 0, "Floor": 16, "height": 48 }, "geometry": { "type": "Polygon", "coordinates": [ [ [ 121.495975747999978, 31.283372770100016 ], [ 121.495943451000016, 31.283299350300013 ], [ 121.496040365000113, 31.283235483000112 ], [ 121.495965, 31.283134437799959 ], [ 121.495771171, 31.283271337899919 ], [ 121.495512732000066, 31.283453871000063 ], [ 121.495555794999973, 31.283545653800047 ], [ 121.495631171000014, 31.283518383500109 ], [ 121.495975747999978, 31.283372770100016 ] ] ] } },
{ "type": "Feature", "properties": { "Id": 0, "Floor": 16, "height": 48 }, "geometry": { "type": "Polygon", "coordinates": [ [ [ 121.495555794999973, 31.283545653800047 ], [ 121.495512732000066, 31.283453871000063 ], [ 121.495771171, 31.283271337899919 ], [ 121.495566580000059, 31.283334882500128 ], [ 121.495491204000018, 31.283362152800066 ], [ 121.49545890100012, 31.283371221300001 ], [ 121.495448131000103, 31.283398685200098 ], [ 121.495448129000124, 31.283417016000101 ], [ 121.495523490000096, 31.283563887699984 ], [ 121.495555794999973, 31.283545653800047 ] ] ] } },
{ "type": "Feature", "properties": { "Id": 0, "Floor": 16, "height": 48 }, "geometry": { "type": "Polygon", "coordinates": [ [ [ 121.496051124000019, 31.283345499800021 ], [ 121.495975747999978, 31.283372770100016 ], [ 121.495631171000014, 31.283518383500109 ], [ 121.495663466999986, 31.283591803200125 ], [ 121.496094188000029, 31.283418951900103 ], [ 121.496051124000019, 31.283345499800021 ] ] ] } },
{ "type": "Feature", "properties": { "Id": 0, "Floor": 7, "height": 21 }, "geometry": { "type": "Polygon", "coordinates": [ [ [ 121.496115702, 31.283666481200044 ], [ 121.49611569800004, 31.283721473300034 ], [ 121.496137234, 31.283712372500077 ], [ 121.496115702, 31.283666481200044 ] ] ] } },
{ "type": "Feature", "properties": { "Id": 0, "Floor": 6, "height": 18 }, "geometry": { "type": "Polygon", "coordinates": [ [ [ 121.492207117000021, 31.282967370300071 ], [ 121.492196338999975, 31.283095653700116 ], [ 121.492379386000152, 31.283105366799987 ], [ 121.492390163999971, 31.282986248800057 ], [ 121.492207117000021, 31.282967370300071 ] ] ] } },
{ "type": "Feature", "properties": { "Id": 0, "Floor": 18, "height": 54 }, "geometry": { "type": "Polygon", "coordinates": [ [ [ 121.493370006999953, 31.283062505299995 ], [ 121.493423847000145, 31.28304433570014 ], [ 121.493391550000069, 31.282980081100106 ], [ 121.493359246000068, 31.282989149800017 ], [ 121.493359229000134, 31.283190788600109 ], [ 121.493423836000034, 31.283172651300049 ], [ 121.493370006999953, 31.283062505299995 ] ] ] } },
{ "type": "Feature", "properties": { "Id": 0, "Floor": 18, "height": 54 }, "geometry": { "type": "Polygon", "coordinates": [ [ [ 121.493337693000171, 31.283199889500054 ], [ 121.493359229000134, 31.283190788600109 ], [ 121.493359246000068, 31.282989149800017 ], [ 121.49320849500009, 31.283043690900001 ], [ 121.493186965000064, 31.282988633900004 ], [ 121.493111589000023, 31.283015904500019 ], [ 121.493165418, 31.283126050500073 ], [ 121.493100809999987, 31.283153353300065 ], [ 121.493133107000062, 31.283217607700124 ], [ 121.493316162000042, 31.283153998100033 ], [ 121.493337693000171, 31.283199889500054 ] ] ] } },
{ "type": "Feature", "properties": { "Id": 0, "Floor": 18, "height": 54 }, "geometry": { "type": "Polygon", "coordinates": [ [ [ 121.492939290999971, 31.283217027500029 ], [ 121.493014666000136, 31.283189756900015 ], [ 121.492960837000055, 31.283079611 ], [ 121.493014677000019, 31.283061441399923 ], [ 121.492982380000171, 31.28299718680006 ], [ 121.492810093, 31.283060828900034 ], [ 121.492788562000101, 31.283005772000024 ], [ 121.492713187000163, 31.283033042599982 ], [ 121.492767016000016, 31.283143188600036 ], [ 121.492702408000014, 31.283170491400085 ], [ 121.492734704999975, 31.283234745800087 ], [ 121.492917758999965, 31.283171136000021 ], [ 121.492939290999971, 31.283217027500029 ] ] ] } },
{ "type": "Feature", "properties": { "Id": 0, "Floor": 18, "height": 54 }, "geometry": { "type": "Polygon", "coordinates": [ [ [ 121.492573163999964, 31.283555050500013 ], [ 121.492648539000129, 31.283527780000043 ], [ 121.492627009000103, 31.283472723300008 ], [ 121.492594711000152, 31.283417634399996 ], [ 121.492648551000116, 31.283390299499956 ], [ 121.49261625400004, 31.283326045100125 ], [ 121.492443967000099, 31.283389687200099 ], [ 121.49242243599997, 31.283343795800079 ], [ 121.492347061000032, 31.283371066400093 ], [ 121.49240088900001, 31.283481212000083 ], [ 121.492325515000061, 31.283499317200096 ], [ 121.492357811000034, 31.28357273670008 ], [ 121.492551634000051, 31.283499993900023 ], [ 121.492573163999964, 31.283555050500013 ] ] ] } },
{ "type": "Feature", "properties": { "Id": 0, "Floor": 4, "height": 12 }, "geometry": { "type": "Polygon", "coordinates": [ [ [ 121.493542241, 31.283622109399971 ], [ 121.493488412000033, 31.283521129199926 ], [ 121.493359196000029, 31.283575734400131 ], [ 121.493359170000076, 31.283878190800124 ], [ 121.493617600999983, 31.283778145999975 ], [ 121.493542241, 31.283622109399971 ] ] ] } },
{ "type": "Feature", "properties": { "Id": 0, "Floor": 4, "height": 12 }, "geometry": { "type": "Polygon", "coordinates": [ [ [ 121.493359170000076, 31.283878190800124 ], [ 121.493359196000029, 31.283575734400131 ], [ 121.493025389999957, 31.283703049899941 ], [ 121.493068453999967, 31.28377650160013 ], [ 121.49315458, 31.283950900800107 ], [ 121.493359170000076, 31.283878190800124 ] ] ] } },
{ "type": "Feature", "properties": { "Id": 0, "Floor": 1, "height": 3 }, "geometry": { "type": "Polygon", "coordinates": [ [ [ 121.492680808000046, 31.28392198649999 ], [ 121.492745416000048, 31.28389468390003 ], [ 121.492777714999988, 31.283940607200009 ], [ 121.49297153800012, 31.283867864800015 ], [ 121.492950006000115, 31.283831138999972 ], [ 121.493068453999967, 31.28377650160013 ], [ 121.493025389999957, 31.283703049899941 ], [ 121.492379314000118, 31.283957745500061 ], [ 121.492443909000031, 31.284077088 ], [ 121.492713106999986, 31.283967909800026 ], [ 121.492680808000046, 31.28392198649999 ] ] ] } },
{ "type": "Feature", "properties": { "Id": 0, "Floor": 5, "height": 15 }, "geometry": { "type": "Polygon", "coordinates": [ [ [ 121.493606764999981, 31.284584660699977 ], [ 121.493359103000103, 31.284666406399936 ], [ 121.493359096999939, 31.284739728499972 ], [ 121.493628295, 31.284639716800086 ], [ 121.493606764999981, 31.284584660699977 ] ] ] } },
{ "type": "Feature", "properties": { "Id": 0, "Floor": 4, "height": 12 }, "geometry": { "type": "Polygon", "coordinates": [ [ [ 121.49317607, 31.284482552800057 ], [ 121.492788424999958, 31.284618871400028 ], [ 121.492928380999956, 31.284885082900132 ], [ 121.493305257999964, 31.28474873250002 ], [ 121.49317607, 31.284482552800057 ] ] ] } },
{ "type": "Feature", "properties": { "Id": 0, "Floor": 12, "height": 36 }, "geometry": { "type": "Polygon", "coordinates": [ [ [ 121.494726695000168, 31.283442350300106 ], [ 121.494414411999969, 31.283698044799962 ], [ 121.49447901200017, 31.283762395800068 ], [ 121.494791295000141, 31.283506701500016 ], [ 121.494726695000168, 31.283442350300106 ] ] ] } },
{ "type": "Feature", "properties": { "Id": 0, "Floor": 5, "height": 15 }, "geometry": { "type": "Polygon", "coordinates": [ [ [ 121.493876003000082, 31.284026384000072 ], [ 121.494177506000028, 31.283908137900028 ], [ 121.49401602, 31.28357770170004 ], [ 121.493908341000065, 31.283614040600128 ], [ 121.493822217000115, 31.283412144500119 ], [ 121.493553016999954, 31.283521322700096 ], [ 121.493596081999954, 31.283594774599919 ], [ 121.493660688999967, 31.283576637300087 ], [ 121.493876003000082, 31.284026384000072 ] ] ] } },
{ "type": "Feature", "properties": { "Id": 0, "Floor": 3, "height": 9 }, "geometry": { "type": "Polygon", "coordinates": [ [ [ 121.493768329999966, 31.283989400200028 ], [ 121.493800627000041, 31.284053654200022 ], [ 121.493876003000082, 31.284026384000072 ], [ 121.493660688999967, 31.283576637300087 ], [ 121.493596081999954, 31.283594774599919 ], [ 121.493542241, 31.283622109399971 ], [ 121.493617600999983, 31.283778145999975 ], [ 121.493736025000089, 31.28400763399992 ], [ 121.493768329999966, 31.283989400200028 ] ] ] } },
{ "type": "Feature", "properties": { "Id": 0, "Floor": 4, "height": 12 }, "geometry": { "type": "Polygon", "coordinates": [ [ [ 121.494414401999961, 31.283817194300013 ], [ 121.494274417000156, 31.283880932200134 ], [ 121.494295947999944, 31.283935988700136 ], [ 121.494220572000017, 31.283963258900087 ], [ 121.494263635000152, 31.284045875800075 ], [ 121.494489763000047, 31.283954900100014 ], [ 121.494414401999961, 31.283817194300013 ] ] ] } },
{ "type": "Feature", "properties": { "Id": 0, "Floor": 6, "height": 18 }, "geometry": { "type": "Polygon", "coordinates": [ [ [ 121.493994405999956, 31.284503334299927 ], [ 121.493919044, 31.284374794499968 ], [ 121.493563700999971, 31.284502044199996 ], [ 121.493606764999981, 31.284584660699977 ], [ 121.493628295, 31.284639716800086 ], [ 121.493994405999956, 31.284503334299927 ] ] ] } },
{ "type": "Feature", "properties": { "Id": 0, "Floor": 8, "height": 24 }, "geometry": { "type": "Polygon", "coordinates": [ [ [ 121.494543527000019, 31.284825763700098 ], [ 121.49417741600007, 31.284962145500003 ], [ 121.494220478000102, 31.285063092100074 ], [ 121.494715806000045, 31.284872106100067 ], [ 121.494575851000036, 31.284578398400129 ], [ 121.494661995000115, 31.284551160700062 ], [ 121.494608166000148, 31.284441016100118 ], [ 121.494371270000102, 31.284531959100093 ], [ 121.494317442000124, 31.284421814499979 ], [ 121.494543570000133, 31.28433083900012 ], [ 121.494478974000117, 31.284211496599994 ], [ 121.494091325999989, 31.284366145300055 ], [ 121.49414515400008, 31.2844854553 ], [ 121.494285138000123, 31.284430883000084 ], [ 121.494360498999981, 31.284577753199983 ], [ 121.494058995000159, 31.284695998500126 ], [ 121.494102058000067, 31.284787779999988 ], [ 121.494457399999988, 31.284660531000043 ], [ 121.494543527000019, 31.284825763700098 ] ] ] } },
{ "type": "Feature", "properties": { "Id": 0, "Floor": 6, "height": 18 }, "geometry": { "type": "Polygon", "coordinates": [ [ [ 121.493832861999977, 31.284851130399943 ], [ 121.493811329000096, 31.28482357019999 ], [ 121.493789795, 31.284814340399919 ], [ 121.493757491999986, 31.284814243700055 ], [ 121.493434454000067, 31.284932424400097 ], [ 121.493369846000064, 31.284959726600107 ], [ 121.49347750600009, 31.285143353700107 ], [ 121.493897457000116, 31.284979637300012 ], [ 121.493832861999977, 31.284851130399943 ] ] ] } },
{ "type": "Feature", "properties": { "Id": 0, "Floor": 9, "height": 27 }, "geometry": { "type": "Polygon", "coordinates": [ [ [ 121.494015890000014, 31.285108305300014 ], [ 121.493951295999977, 31.284961468099993 ], [ 121.493897457000116, 31.284979637300012 ], [ 121.49347750600009, 31.285143353700107 ], [ 121.49340213000005, 31.285179788800008 ], [ 121.493423660000076, 31.285234844600097 ], [ 121.493682083000067, 31.285235618599984 ], [ 121.494015890000014, 31.285108305300014 ] ] ] } },
{ "type": "Feature", "properties": { "Id": 0, "Floor": 5, "height": 15 }, "geometry": { "type": "Polygon", "coordinates": [ [ [ 121.494898836999937, 31.285092620200032 ], [ 121.494834241000149, 31.284973278599978 ], [ 121.494295840000063, 31.285200796200115 ], [ 121.494317372000069, 31.285237521600038 ], [ 121.49457579500006, 31.285238295900001 ], [ 121.494898836999937, 31.285092620200032 ] ] ] } },
{ "type": "Feature", "properties": { "Id": 0, "Floor": 9, "height": 27 }, "geometry": { "type": "Polygon", "coordinates": [ [ [ 121.493423660000076, 31.285234844600097 ], [ 121.493466724000086, 31.285317460499982 ], [ 121.493682083000067, 31.285235618599984 ], [ 121.493423660000076, 31.285234844600097 ] ] ] } },
{ "type": "Feature", "properties": { "Id": 0, "Floor": 7, "height": 21 }, "geometry": { "type": "Polygon", "coordinates": [ [ [ 121.49611569800004, 31.283721473300034 ], [ 121.496115702, 31.283666481200044 ], [ 121.496083405000149, 31.28360222690003 ], [ 121.495684988999983, 31.283747678699967 ], [ 121.495749585, 31.283867021700019 ], [ 121.495986481000045, 31.283776078199992 ], [ 121.49611569800004, 31.283721473300034 ] ] ] } },
{ "type": "Feature", "properties": { "Id": 0, "Floor": 5, "height": 15 }, "geometry": { "type": "Polygon", "coordinates": [ [ [ 121.496137234, 31.283712372500077 ], [ 121.49611569800004, 31.283721473300034 ], [ 121.496115691000114, 31.28380396140011 ], [ 121.496169530999964, 31.283776626700103 ], [ 121.496137234, 31.283712372500077 ] ] ] } },
{ "type": "Feature", "properties": { "Id": 0, "Floor": 5, "height": 15 }, "geometry": { "type": "Polygon", "coordinates": [ [ [ 121.49611569800004, 31.283721473300034 ], [ 121.495986481000045, 31.283776078199992 ], [ 121.49601877900011, 31.283840332400018 ], [ 121.496115691000114, 31.28380396140011 ], [ 121.49611569800004, 31.283721473300034 ] ] ] } },
{ "type": "Feature", "properties": { "Id": 0, "Floor": 2, "height": 6 }, "geometry": { "type": "Polygon", "coordinates": [ [ [ 121.496061841000142, 31.283932114699951 ], [ 121.496115671000098, 31.284033094599977 ], [ 121.496115681000106, 31.283913945400116 ], [ 121.496061841000142, 31.283932114699951 ] ] ] } },
{ "type": "Feature", "properties": { "Id": 0, "Floor": 8, "height": 24 }, "geometry": { "type": "Polygon", "coordinates": [ [ [ 121.495631108999987, 31.2842424448001 ], [ 121.49602952500004, 31.284087828400061 ], [ 121.495964929000024, 31.283968485600042 ], [ 121.495631120999974, 31.284095799900115 ], [ 121.49555576, 31.283948928899974 ], [ 121.495749585, 31.283867021700019 ], [ 121.495684988999983, 31.283747678699967 ], [ 121.495372717000123, 31.283865892400001 ], [ 121.495544972000062, 31.284196360199928 ], [ 121.49559881100015, 31.284178190900093 ], [ 121.495631108999987, 31.2842424448001 ] ] ] } },
{ "type": "Feature", "properties": { "Id": 0, "Floor": 8, "height": 24 }, "geometry": { "type": "Polygon", "coordinates": [ [ [ 121.495146563000048, 31.284268488700093 ], [ 121.494715842, 31.284441338699992 ], [ 121.494780438000021, 31.284560680899972 ], [ 121.495200389000047, 31.284406129399997 ], [ 121.495254218000014, 31.284516274100099 ], [ 121.494834266, 31.284679990700056 ], [ 121.494888094000089, 31.284799300300108 ], [ 121.495351118000031, 31.284617382500016 ], [ 121.495243461000086, 31.284387927900127 ], [ 121.495448053000132, 31.284306053400087 ], [ 121.4954049910001, 31.284205106000115 ], [ 121.49518963200012, 31.284277783100038 ], [ 121.495103507000067, 31.284094218900066 ], [ 121.495297331000074, 31.284012311799984 ], [ 121.495232735000059, 31.283902134299922 ], [ 121.494597421000094, 31.284175190300004 ], [ 121.494662017999985, 31.284276202099988 ], [ 121.495071203000066, 31.284103287400001 ], [ 121.495146563000048, 31.284268488700093 ] ] ] } },
{ "type": "Feature", "properties": { "Id": 0, "Floor": 7, "height": 21 }, "geometry": { "type": "Polygon", "coordinates": [ [ [ 121.496115650999968, 31.284271392599976 ], [ 121.495437266999943, 31.284525987899997 ], [ 121.495491095000148, 31.284645297800125 ], [ 121.496115639999971, 31.284399706700128 ], [ 121.496115650999968, 31.284271392599976 ] ] ] } },
{ "type": "Feature", "properties": { "Id": 0, "Floor": 7, "height": 21 }, "geometry": { "type": "Polygon", "coordinates": [ [ [ 121.495372642, 31.284745760699991 ], [ 121.494898848000048, 31.284955141699982 ], [ 121.494963444999939, 31.285065318100067 ], [ 121.495437238000022, 31.284865102600065 ], [ 121.495372642, 31.284745760699991 ] ] ] } },
{ "type": "Feature", "properties": { "Id": 0, "Floor": 4, "height": 12 }, "geometry": { "type": "Polygon", "coordinates": [ [ [ 121.495491066, 31.284984411999915 ], [ 121.495351081000081, 31.285057314399978 ], [ 121.495447975000161, 31.285222578800017 ], [ 121.495598729, 31.28514970880002 ], [ 121.495491066, 31.284984411999915 ] ] ] } },
{ "type": "Feature", "properties": { "Id": 0, "Floor": 7, "height": 21 }, "geometry": { "type": "Polygon", "coordinates": [ [ [ 121.496137041999987, 31.285957858400025 ], [ 121.496115506000024, 31.28596695899995 ], [ 121.496115492000058, 31.286141096700135 ], [ 121.496212404000062, 31.286095561399975 ], [ 121.496137041999987, 31.285957858400025 ] ] ] } },
{ "type": "Feature", "properties": { "Id": 0, "Floor": 5, "height": 15 }, "geometry": { "type": "Polygon", "coordinates": [ [ [ 121.493316030999949, 31.284684607899976 ], [ 121.493359096999939, 31.284739728499972 ], [ 121.493359103000103, 31.284666406399936 ], [ 121.493316030999949, 31.284684607899976 ] ] ] } },
{ "type": "Feature", "properties": { "Id": 0, "Floor": 4, "height": 12 }, "geometry": { "type": "Polygon", "coordinates": [ [ [ 121.493122175000053, 31.285142289600003 ], [ 121.493337534000034, 31.285060447499973 ], [ 121.493359066000039, 31.285097172900123 ], [ 121.493359082999973, 31.284895537700038 ], [ 121.492992973000014, 31.285041085300122 ], [ 121.493025268999986, 31.285114503800003 ], [ 121.493089876999989, 31.285087201600049 ], [ 121.493122175000053, 31.285142289600003 ] ] ] } },
{ "type": "Feature", "properties": { "Id": 0, "Floor": 4, "height": 12 }, "geometry": { "type": "Polygon", "coordinates": [ [ [ 121.49347750600009, 31.285143353700107 ], [ 121.493369846000064, 31.284959726600107 ], [ 121.493434454000067, 31.284932424400097 ], [ 121.493402155000126, 31.284877336199997 ], [ 121.493359082999973, 31.284895537700038 ], [ 121.493359066000039, 31.285097172900123 ], [ 121.49340213000005, 31.285179788800008 ], [ 121.49347750600009, 31.285143353700107 ] ] ] } },
{ "type": "Feature", "properties": { "Id": 0, "Floor": 15, "height": 45 }, "geometry": { "type": "Polygon", "coordinates": [ [ [ 121.492788386000029, 31.285077133799973 ], [ 121.492702245000146, 31.285076875900131 ], [ 121.492702250999969, 31.285012719300084 ], [ 121.492497667000066, 31.285012107 ], [ 121.492497661000016, 31.285076263600047 ], [ 121.492400753000084, 31.285075973600044 ], [ 121.492400743000076, 31.285195121500124 ], [ 121.492788376000021, 31.285196281600008 ], [ 121.492788386000029, 31.285077133799973 ] ] ] } },
{ "type": "Feature", "properties": { "Id": 0, "Floor": 5, "height": 15 }, "geometry": { "type": "Polygon", "coordinates": [ [ [ 121.493089865, 31.285233845100095 ], [ 121.493262146, 31.28523436090012 ], [ 121.49324061599998, 31.285179305200018 ], [ 121.493089865, 31.285233845100095 ] ] ] } },
{ "type": "Feature", "properties": { "Id": 0, "Floor": 5, "height": 15 }, "geometry": { "type": "Polygon", "coordinates": [ [ [ 121.493262146, 31.28523436090012 ], [ 121.493089865, 31.285233845100095 ], [ 121.493154460000142, 31.285353186200098 ], [ 121.493294443000082, 31.2853077794 ], [ 121.493262146, 31.28523436090012 ] ] ] } },
{ "type": "Feature", "properties": { "Id": 0, "Floor": 6, "height": 18 }, "geometry": { "type": "Polygon", "coordinates": [ [ [ 121.492605314, 31.285351542300134 ], [ 121.492443795000099, 31.28541521530002 ], [ 121.492497623999952, 31.285516193600017 ], [ 121.492659142999969, 31.285452520600018 ], [ 121.492605314, 31.285351542300134 ] ] ] } },
{ "type": "Feature", "properties": { "Id": 0, "Floor": 6, "height": 18 }, "geometry": { "type": "Polygon", "coordinates": [ [ [ 121.49259451, 31.285773108500052 ], [ 121.492626814, 31.285764040099991 ], [ 121.492648345000134, 31.285809930300047 ], [ 121.492928311000014, 31.285700786400071 ], [ 121.492949843000019, 31.285737511500031 ], [ 121.49302521900006, 31.285701076500118 ], [ 121.493079059000024, 31.285682907300099 ], [ 121.492992932000107, 31.285517676200016 ], [ 121.492863716999977, 31.285563115300135 ], [ 121.492799120000086, 31.285462104800104 ], [ 121.49255145799998, 31.285562180600039 ], [ 121.492616052000017, 31.285690686500004 ], [ 121.492572977000123, 31.285745548600062 ], [ 121.49259451, 31.285773108500052 ] ] ] } },
{ "type": "Feature", "properties": { "Id": 0, "Floor": 2, "height": 6 }, "geometry": { "type": "Polygon", "coordinates": [ [ [ 121.49302521900006, 31.285701076500118 ], [ 121.492949843000019, 31.285737511500031 ], [ 121.492928311000014, 31.285700786400071 ], [ 121.492648345000134, 31.285809930300047 ], [ 121.492626814, 31.285764040099991 ], [ 121.49259451, 31.285773108500052 ], [ 121.492680637000149, 31.285938339200129 ], [ 121.493079050000119, 31.28578372420003 ], [ 121.49302521900006, 31.285701076500118 ] ] ] } },
{ "type": "Feature", "properties": { "Id": 0, "Floor": 5, "height": 15 }, "geometry": { "type": "Polygon", "coordinates": [ [ [ 121.492852902999971, 31.286112992600124 ], [ 121.492949814999974, 31.286067457100103 ], [ 121.492895986000121, 31.28596647929993 ], [ 121.492723698000077, 31.286039284800097 ], [ 121.492766762999963, 31.286103569699947 ], [ 121.492831370999966, 31.286076267599981 ], [ 121.492852902999971, 31.286112992600124 ] ] ] } },
{ "type": "Feature", "properties": { "Id": 0, "Floor": 5, "height": 15 }, "geometry": { "type": "Polygon", "coordinates": [ [ [ 121.494511187000057, 31.285265597900093 ], [ 121.49457579500006, 31.285238295900001 ], [ 121.494317372000069, 31.285237521600038 ], [ 121.4944465640001, 31.285467038799993 ], [ 121.494586549000019, 31.285403301800102 ], [ 121.494511187000057, 31.285265597900093 ] ] ] } },
{ "type": "Feature", "properties": { "Id": 0, "Floor": 5, "height": 15 }, "geometry": { "type": "Polygon", "coordinates": [ [ [ 121.49466191, 31.285550170700105 ], [ 121.494586549000019, 31.285403301800102 ], [ 121.4944465640001, 31.285467038799993 ], [ 121.494425028000137, 31.285476139500076 ], [ 121.494500389, 31.285623008300036 ], [ 121.494521925000072, 31.285613907600123 ], [ 121.49466191, 31.285550170700105 ] ] ] } },
{ "type": "Feature", "properties": { "Id": 0, "Floor": 4, "height": 12 }, "geometry": { "type": "Polygon", "coordinates": [ [ [ 121.4938220250001, 31.285666801900106 ], [ 121.494080457000109, 31.28555759390008 ], [ 121.494015861000094, 31.285438252900065 ], [ 121.493692820999968, 31.285574763100044 ], [ 121.493735885999968, 31.285648213600098 ], [ 121.493789726000159, 31.285620879299984 ], [ 121.4938220250001, 31.285666801900106 ] ] ] } },
{ "type": "Feature", "properties": { "Id": 0, "Floor": 6, "height": 18 }, "geometry": { "type": "Polygon", "coordinates": [ [ [ 121.494037381999988, 31.285612456000024 ], [ 121.493886630000134, 31.285676160600019 ], [ 121.493940459999976, 31.285767973600059 ], [ 121.494091210999954, 31.285713434200034 ], [ 121.494037381999988, 31.285612456000024 ] ] ] } },
{ "type": "Feature", "properties": { "Id": 0, "Floor": 4, "height": 12 }, "geometry": { "type": "Polygon", "coordinates": [ [ [ 121.493768185000022, 31.28568497100008 ], [ 121.493735885999968, 31.285648213600098 ], [ 121.493692820999968, 31.285574763100044 ], [ 121.493369780999956, 31.285720438499936 ], [ 121.493434376999971, 31.285830614000133 ], [ 121.493552824000062, 31.285785142900011 ], [ 121.493768185000022, 31.28568497100008 ] ] ] } },
{ "type": "Feature", "properties": { "Id": 0, "Floor": 4, "height": 12 }, "geometry": { "type": "Polygon", "coordinates": [ [ [ 121.494360393999955, 31.285805892300061 ], [ 121.494231205, 31.285539715099958 ], [ 121.494037381999988, 31.285612456000024 ], [ 121.494091210999954, 31.285713434200034 ], [ 121.4941773380001, 31.28587866520013 ], [ 121.494360393999955, 31.285805892300061 ] ] ] } },
{ "type": "Feature", "properties": { "Id": 0, "Floor": 5, "height": 15 }, "geometry": { "type": "Polygon", "coordinates": [ [ [ 121.494823398, 31.28586227049999 ], [ 121.495211047, 31.28569845909999 ], [ 121.495146450999982, 31.285579118200133 ], [ 121.494758802999968, 31.285733764600025 ], [ 121.49466191, 31.285550170700105 ], [ 121.494521925000072, 31.285613907600123 ], [ 121.494769541999972, 31.286063742500119 ], [ 121.494898758999966, 31.285999973600099 ], [ 121.494823398, 31.28586227049999 ] ] ] } },
{ "type": "Feature", "properties": { "Id": 0, "Floor": 4, "height": 12 }, "geometry": { "type": "Polygon", "coordinates": [ [ [ 121.493725109000025, 31.285758163399976 ], [ 121.493628196000031, 31.285803698999985 ], [ 121.493703558000107, 31.285932236900123 ], [ 121.493800470999986, 31.285886701400102 ], [ 121.493725109000025, 31.285758163399976 ] ] ] } },
{ "type": "Feature", "properties": { "Id": 0, "Floor": 5, "height": 15 }, "geometry": { "type": "Polygon", "coordinates": [ [ [ 121.494058899000152, 31.285823319400038 ], [ 121.493703555000025, 31.285978062699996 ], [ 121.493757384999981, 31.286069875400017 ], [ 121.494112729000108, 31.285924297400015 ], [ 121.494058899000152, 31.285823319400038 ] ] ] } },
{ "type": "Feature", "properties": { "Id": 0, "Floor": 5, "height": 15 }, "geometry": { "type": "Polygon", "coordinates": [ [ [ 121.493552824000062, 31.285785142900011 ], [ 121.493434376999971, 31.285830614000133 ], [ 121.493606632000024, 31.28614274500012 ], [ 121.493725080000104, 31.286097273999985 ], [ 121.493552824000062, 31.285785142900011 ] ] ] } },
{ "type": "Feature", "properties": { "Id": 0, "Floor": 6, "height": 18 }, "geometry": { "type": "Polygon", "coordinates": [ [ [ 121.494048098, 31.286217388400019 ], [ 121.494101937999972, 31.286199219400032 ], [ 121.494543427000053, 31.286008074100096 ], [ 121.494468063, 31.285888701300109 ], [ 121.493940429999952, 31.286116249400095 ], [ 121.493972728000017, 31.286180502100137 ], [ 121.494015800000057, 31.286162300800129 ], [ 121.494048098, 31.286217388400019 ] ] ] } },
{ "type": "Feature", "properties": { "Id": 0, "Floor": 5, "height": 15 }, "geometry": { "type": "Polygon", "coordinates": [ [ [ 121.494984888999966, 31.286137708900071 ], [ 121.494898758999966, 31.285999973600099 ], [ 121.494769541999972, 31.286063742500119 ], [ 121.494748006, 31.286072843100044 ], [ 121.494823366999981, 31.286219711100102 ], [ 121.494844904000047, 31.286201445300037 ], [ 121.494984888999966, 31.286137708900071 ] ] ] } },
{ "type": "Feature", "properties": { "Id": 0, "Floor": 2, "height": 6 }, "geometry": { "type": "Polygon", "coordinates": [ [ [ 121.494101937999972, 31.286199219400032 ], [ 121.494048098, 31.286217388400019 ], [ 121.494015800000057, 31.286162300800129 ], [ 121.493972728000017, 31.286180502100137 ], [ 121.493865047999975, 31.286226005200092 ], [ 121.493929643000115, 31.286345345200004 ], [ 121.494134235000161, 31.286263472000087 ], [ 121.494101937999972, 31.286199219400032 ] ] ] } },
{ "type": "Feature", "properties": { "Id": 0, "Floor": 4, "height": 12 }, "geometry": { "type": "Polygon", "coordinates": [ [ [ 121.494672601000048, 31.286448387300027 ], [ 121.494780281000089, 31.286402884400104 ], [ 121.494704918000025, 31.286274346899972 ], [ 121.494597237999983, 31.28631984990011 ], [ 121.494629536000161, 31.286384102499994 ], [ 121.494295727, 31.286529744100108 ], [ 121.494349556999964, 31.286621556400064 ], [ 121.494683365000128, 31.28648507999992 ], [ 121.494672601000048, 31.286448387300027 ] ] ] } },
{ "type": "Feature", "properties": { "Id": 0, "Floor": 4, "height": 12 }, "geometry": { "type": "Polygon", "coordinates": [ [ [ 121.493746585000054, 31.286445613199987 ], [ 121.493358937000153, 31.286609424000119 ], [ 121.493358927000145, 31.286728570200012 ], [ 121.49380041500001, 31.286537425499944 ], [ 121.493746585000054, 31.286445613199987 ] ] ] } },
{ "type": "Feature", "properties": { "Id": 0, "Floor": 2, "height": 6 }, "geometry": { "type": "Polygon", "coordinates": [ [ [ 121.49396190799996, 31.286794531700139 ], [ 121.493951142000014, 31.28677616930014 ], [ 121.49392960900002, 31.286748609600011 ], [ 121.493897307999987, 31.286730182600024 ], [ 121.493875772000138, 31.28673928320012 ], [ 121.493757323999944, 31.286784753800021 ], [ 121.493821921000063, 31.286885763099974 ], [ 121.493961905000106, 31.286822026899983 ], [ 121.49396190799996, 31.286794531700139 ] ] ] } },
{ "type": "Feature", "properties": { "Id": 0, "Floor": 11, "height": 33 }, "geometry": { "type": "Polygon", "coordinates": [ [ [ 121.493585024000026, 31.286995034400093 ], [ 121.493821921000063, 31.286885763099974 ], [ 121.493757323999944, 31.286784753800021 ], [ 121.493358907000129, 31.286966861999986 ], [ 121.49342350400002, 31.287067871100135 ], [ 121.493531184999938, 31.287013203300035 ], [ 121.493585024000026, 31.286995034400093 ] ] ] } },
{ "type": "Feature", "properties": { "Id": 0, "Floor": 5, "height": 15 }, "geometry": { "type": "Polygon", "coordinates": [ [ [ 121.494220313000142, 31.287006102400085 ], [ 121.494144950000077, 31.286877565700081 ], [ 121.49416648600004, 31.286868465199973 ], [ 121.494080358000019, 31.286721565899938 ], [ 121.494004981000103, 31.286758000399971 ], [ 121.494069577000118, 31.286877339900059 ], [ 121.493725000000154, 31.287032113900068 ], [ 121.493821895, 31.287188210000011 ], [ 121.494112632, 31.287060770199957 ], [ 121.494220313000142, 31.287006102400085 ] ] ] } },
{ "type": "Feature", "properties": { "Id": 0, "Floor": 1, "height": 3 }, "geometry": { "type": "Polygon", "coordinates": [ [ [ 121.493585024000026, 31.286995034400093 ], [ 121.493531184999938, 31.287013203300035 ], [ 121.493552716000067, 31.287059093000096 ], [ 121.493606555000156, 31.287040924200141 ], [ 121.493585024000026, 31.286995034400093 ] ] ] } },
{ "type": "Feature", "properties": { "Id": 0, "Floor": 2, "height": 6 }, "geometry": { "type": "Polygon", "coordinates": [ [ [ 121.494220313000142, 31.287006102400085 ], [ 121.494112632, 31.287060770199957 ], [ 121.49415569700011, 31.287125054499995 ], [ 121.494263378000028, 31.28707038680011 ], [ 121.494220313000142, 31.287006102400085 ] ] ] } },
{ "type": "Feature", "properties": { "Id": 0, "Floor": 5, "height": 15 }, "geometry": { "type": "Polygon", "coordinates": [ [ [ 121.493229768, 31.286114121000082 ], [ 121.493089809000026, 31.285884573200121 ], [ 121.492939058000047, 31.285948277900104 ], [ 121.493003652000084, 31.286076783400006 ], [ 121.492842132999954, 31.286140455800023 ], [ 121.492852898000024, 31.286167983400105 ], [ 121.492906728000094, 31.286259795899923 ], [ 121.493229768, 31.286114121000082 ] ] ] } },
{ "type": "Feature", "properties": { "Id": 0, "Floor": 6, "height": 18 }, "geometry": { "type": "Polygon", "coordinates": [ [ [ 121.492583689999947, 31.286387140600084 ], [ 121.492906728000094, 31.286259795899923 ], [ 121.492852898000024, 31.286167983400105 ], [ 121.492809826000098, 31.286186184799988 ], [ 121.492766762999963, 31.286103569699947 ], [ 121.492723698000077, 31.286039284800097 ], [ 121.492411427999969, 31.286166662100072 ], [ 121.492519088, 31.28635028680003 ], [ 121.492551392, 31.286332053199999 ], [ 121.492583689999947, 31.286387140600084 ] ] ] } },
{ "type": "Feature", "properties": { "Id": 0, "Floor": 6, "height": 18 }, "geometry": { "type": "Polygon", "coordinates": [ [ [ 121.493542012000034, 31.286307523699975 ], [ 121.493358956000066, 31.286389461599981 ], [ 121.493358943999965, 31.286536103300023 ], [ 121.493617374999985, 31.28642689600008 ], [ 121.493542012000034, 31.286307523699975 ] ] ] } },
{ "type": "Feature", "properties": { "Id": 0, "Floor": 6, "height": 18 }, "geometry": { "type": "Polygon", "coordinates": [ [ [ 121.493358956000066, 31.286389461599981 ], [ 121.493175901000086, 31.286462234300018 ], [ 121.493251264000151, 31.286581606299933 ], [ 121.493358943999965, 31.286536103300023 ], [ 121.493358956000066, 31.286389461599981 ] ] ] } },
{ "type": "Feature", "properties": { "Id": 0, "Floor": 7, "height": 21 }, "geometry": { "type": "Polygon", "coordinates": [ [ [ 121.493132815999957, 31.286627077100036 ], [ 121.493078987, 31.286526099900129 ], [ 121.492669804, 31.28669901180001 ], [ 121.492734400000018, 31.286809186100129 ], [ 121.492788240000095, 31.286781852 ], [ 121.493132815999957, 31.286627077100036 ] ] ] } },
{ "type": "Feature", "properties": { "Id": 0, "Floor": 8, "height": 24 }, "geometry": { "type": "Polygon", "coordinates": [ [ [ 121.492508287000078, 31.286744353800032 ], [ 121.492454446000124, 31.2867716879 ], [ 121.492497510000135, 31.286845137400007 ], [ 121.492594422000025, 31.286799602100018 ], [ 121.492572890000019, 31.286762877300134 ], [ 121.492605195000124, 31.286744643800091 ], [ 121.492454468000119, 31.286515065400067 ], [ 121.492422164000118, 31.28653329890011 ], [ 121.492400632000113, 31.286496574099999 ], [ 121.492303720000109, 31.28654210960002 ], [ 121.492357552000158, 31.286615591500038 ], [ 121.492411392000122, 31.286588257300082 ], [ 121.492508287000078, 31.286744353800032 ] ] ] } },
{ "type": "Feature", "properties": { "Id": 0, "Floor": 4, "height": 12 }, "geometry": { "type": "Polygon", "coordinates": [ [ [ 121.493358937000153, 31.286609424000119 ], [ 121.493294329000037, 31.286636725900053 ], [ 121.493358926000042, 31.286737735299994 ], [ 121.493358927000145, 31.286728570200012 ], [ 121.493358937000153, 31.286609424000119 ] ] ] } },
{ "type": "Feature", "properties": { "Id": 0, "Floor": 4, "height": 12 }, "geometry": { "type": "Polygon", "coordinates": [ [ [ 121.492788240000095, 31.286781852 ], [ 121.492734400000018, 31.286809186100129 ], [ 121.492669804, 31.28669901180001 ], [ 121.492605207000111, 31.286598002400069 ], [ 121.492551367000033, 31.286625336600025 ], [ 121.492648261000113, 31.286790598100026 ], [ 121.492475973000069, 31.286872568200067 ], [ 121.492529803000025, 31.286964379899985 ], [ 121.492820538000046, 31.286836939200043 ], [ 121.492788240000095, 31.286781852 ] ] ] } },
{ "type": "Feature", "properties": { "Id": 0, "Floor": 4, "height": 12 }, "geometry": { "type": "Polygon", "coordinates": [ [ [ 121.493068201000028, 31.28673686470006 ], [ 121.492820538000046, 31.286836939200043 ], [ 121.492949728999974, 31.287075617600067 ], [ 121.493197391999956, 31.286975543499977 ], [ 121.493068201000028, 31.28673686470006 ] ] ] } },
{ "type": "Feature", "properties": { "Id": 0, "Floor": 2, "height": 6 }, "geometry": { "type": "Polygon", "coordinates": [ [ [ 121.493283519000101, 31.287140772300063 ], [ 121.493197391999956, 31.286975543499977 ], [ 121.492949728999974, 31.287075617600067 ], [ 121.492992792000109, 31.287158232000024 ], [ 121.492895880000106, 31.287203767099982 ], [ 121.492938944000116, 31.28727721630014 ], [ 121.49303585600012, 31.287240846299994 ], [ 121.493283519000101, 31.287140772300063 ] ] ] } },
{ "type": "Feature", "properties": { "Id": 0, "Floor": 7, "height": 21 }, "geometry": { "type": "Polygon", "coordinates": [ [ [ 121.496115506000024, 31.28596695899995 ], [ 121.495997058000171, 31.286012429900097 ], [ 121.496029357000111, 31.286067517499987 ], [ 121.495964748, 31.286094819400091 ], [ 121.496007811000027, 31.286186599800089 ], [ 121.496115492000058, 31.286141096700135 ], [ 121.496115506000024, 31.28596695899995 ] ] ] } },
{ "type": "Feature", "properties": { "Id": 0, "Floor": 8, "height": 24 }, "geometry": { "type": "Polygon", "coordinates": [ [ [ 121.496029357000111, 31.286067517499987 ], [ 121.495997058000171, 31.286012429900097 ], [ 121.495975527000041, 31.285966539599997 ], [ 121.49565248600004, 31.286103048800044 ], [ 121.495706315, 31.286204026599989 ], [ 121.495964748, 31.286094819400091 ], [ 121.496029357000111, 31.286067517499987 ] ] ] } },
{ "type": "Feature", "properties": { "Id": 0, "Floor": 5, "height": 15 }, "geometry": { "type": "Polygon", "coordinates": [ [ [ 121.495458661000157, 31.286184954199996 ], [ 121.495092549, 31.286330499200062 ], [ 121.494984888999966, 31.286137708900071 ], [ 121.494844904000047, 31.286201445300037 ], [ 121.495027927000024, 31.286513607699987 ], [ 121.49552325600007, 31.286313459500093 ], [ 121.495458661000157, 31.286184954199996 ] ] ] } },
{ "type": "Feature", "properties": { "Id": 0, "Floor": 4, "height": 12 }, "geometry": { "type": "Polygon", "coordinates": [ [ [ 121.496115413999973, 31.287048441100126 ], [ 121.496115399000132, 31.287222577000136 ], [ 121.496190775000059, 31.287195307700074 ], [ 121.496115413999973, 31.287048441100126 ] ] ] } },
{ "type": "Feature", "properties": { "Id": 0, "Floor": 4, "height": 12 }, "geometry": { "type": "Polygon", "coordinates": [ [ [ 121.496115413999973, 31.287048441100126 ], [ 121.49601852100011, 31.286864849400047 ], [ 121.495372441000086, 31.287110370099981 ], [ 121.495544695000149, 31.287440827600108 ], [ 121.496115399000132, 31.287222577000136 ], [ 121.496115413999973, 31.287048441100126 ] ] ] } },
{ "type": "Feature", "properties": { "Id": 0, "Floor": 1, "height": 3 }, "geometry": { "type": "Polygon", "coordinates": [ [ [ 121.495372441000086, 31.287110370099981 ], [ 121.495124777, 31.287210443500044 ], [ 121.495297032000167, 31.287531735699986 ], [ 121.495544695000149, 31.287440827600108 ], [ 121.495372441000086, 31.287110370099981 ] ] ] } },
{ "type": "Feature", "properties": { "Id": 0, "Floor": 6, "height": 18 }, "geometry": { "type": "Polygon", "coordinates": [ [ [ 121.496115355000029, 31.287744982899994 ], [ 121.496115367000129, 31.287607507900077 ], [ 121.495910783, 31.287588564900034 ], [ 121.495803106000039, 31.287588242200115 ], [ 121.495781553000029, 31.287798972600001 ], [ 121.495318548, 31.287751760300125 ], [ 121.495297002000143, 31.287880005500028 ], [ 121.495921520000138, 31.287946031800004 ], [ 121.495943074000138, 31.28772613670003 ], [ 121.496115355000029, 31.287744982899994 ] ] ] } },
{ "type": "Feature", "properties": { "Id": 0, "Floor": 2, "height": 6 }, "geometry": { "type": "Polygon", "coordinates": [ [ [ 121.496115292000013, 31.288478179799995 ], [ 121.49611531100004, 31.288258221300055 ], [ 121.495964566000112, 31.288239439700135 ], [ 121.495943015999956, 31.288404344100115 ], [ 121.496072227000013, 31.288413896200041 ], [ 121.496061454000142, 31.28847801850003 ], [ 121.496115292000013, 31.288478179799995 ] ] ] } },
{ "type": "Feature", "properties": { "Id": 0, "Floor": 7, "height": 21 }, "geometry": { "type": "Polygon", "coordinates": [ [ [ 121.495318471000019, 31.288659090600106 ], [ 121.495340017999979, 31.288521681299983 ], [ 121.495587670999953, 31.28854991820009 ], [ 121.495609215000172, 31.288449168599982 ], [ 121.495243119000065, 31.28840224679999 ], [ 121.495232343, 31.288503028799994 ], [ 121.49481240800003, 31.288465110800075 ], [ 121.494812404999948, 31.288501770500034 ], [ 121.494769335000115, 31.288492476499982 ], [ 121.49475856100014, 31.288565763699921 ], [ 121.495232333999979, 31.288613007899983 ], [ 121.495221562999973, 31.288649635300089 ], [ 121.495318471000019, 31.288659090600106 ] ] ] } },
{ "type": "Feature", "properties": { "Id": 0, "Floor": 5, "height": 15 }, "geometry": { "type": "Polygon", "coordinates": [ [ [ 121.496007607000024, 31.288587836300053 ], [ 121.495964513, 31.288853489500127 ], [ 121.496115259000021, 31.288872271 ], [ 121.496115282, 31.288597323800047 ], [ 121.496007607000024, 31.288587836300053 ] ] ] } },
{ "type": "Feature", "properties": { "Id": 0, "Floor": 8, "height": 24 }, "geometry": { "type": "Polygon", "coordinates": [ [ [ 121.50377118200015, 31.286778024 ], [ 121.503598899000053, 31.286832502899983 ], [ 121.503631195000025, 31.286905919400056 ], [ 121.503803478, 31.286851440500072 ], [ 121.50377118200015, 31.286778024 ] ] ] } },
{ "type": "Feature", "properties": { "Id": 0, "Floor": 8, "height": 24 }, "geometry": { "type": "Polygon", "coordinates": [ [ [ 121.504277247, 31.286797855700058 ], [ 121.504029590000073, 31.286888771900124 ], [ 121.504061887000148, 31.286953023200056 ], [ 121.504309543999966, 31.286862107099978 ], [ 121.504277247, 31.286797855700058 ] ] ] } },
{ "type": "Feature", "properties": { "Id": 0, "Floor": 8, "height": 24 }, "geometry": { "type": "Polygon", "coordinates": [ [ [ 121.50438490199997, 31.287018136600068 ], [ 121.504384897000023, 31.287073126999985 ], [ 121.504406433000099, 31.287064025800021 ], [ 121.50438490199997, 31.287018136600068 ] ] ] } },
{ "type": "Feature", "properties": { "Id": 0, "Floor": 8, "height": 24 }, "geometry": { "type": "Polygon", "coordinates": [ [ [ 121.503878839000095, 31.286979975199984 ], [ 121.503706556, 31.28703445410008 ], [ 121.503738851000094, 31.287117035499932 ], [ 121.503911134000077, 31.287062556600006 ], [ 121.503878839000095, 31.286979975199984 ] ] ] } },
{ "type": "Feature", "properties": { "Id": 0, "Floor": 8, "height": 24 }, "geometry": { "type": "Polygon", "coordinates": [ [ [ 121.50438490199997, 31.287018136600068 ], [ 121.504384903000073, 31.286999806499921 ], [ 121.504126478000103, 31.287099855799966 ], [ 121.504158774999951, 31.287164107000081 ], [ 121.504384897000023, 31.287073126999985 ], [ 121.50438490199997, 31.287018136600068 ] ] ] } },
{ "type": "Feature", "properties": { "Id": 0, "Floor": 8, "height": 24 }, "geometry": { "type": "Polygon", "coordinates": [ [ [ 121.503986495000163, 31.287181926000017 ], [ 121.503814212999941, 31.2872364049 ], [ 121.503846509000141, 31.287309821100052 ], [ 121.504018791000135, 31.287255342100082 ], [ 121.503986495000163, 31.287181926000017 ] ] ] } },
{ "type": "Feature", "properties": { "Id": 0, "Floor": 7, "height": 21 }, "geometry": { "type": "Polygon", "coordinates": [ [ [ 121.504384881999954, 31.28725642789999 ], [ 121.503911104000053, 31.287419993199933 ], [ 121.503943400000026, 31.287484244200016 ], [ 121.504384875000028, 31.287329748200023 ], [ 121.504384881999954, 31.28725642789999 ] ] ] } },
{ "type": "Feature", "properties": { "Id": 0, "Floor": 7, "height": 21 }, "geometry": { "type": "Polygon", "coordinates": [ [ [ 121.504384863000041, 31.287476388600112 ], [ 121.504007994000062, 31.287612746099967 ], [ 121.504223341000056, 31.287613384900112 ], [ 121.504384856, 31.287558873700107 ], [ 121.504384863000041, 31.287476388600112 ] ] ] } },
{ "type": "Feature", "properties": { "Id": 0, "Floor": 7, "height": 21 }, "geometry": { "type": "Polygon", "coordinates": [ [ [ 121.504007994000062, 31.287612746099967 ], [ 121.504040290000034, 31.287676996900075 ], [ 121.504223341000056, 31.287613384900112 ], [ 121.504007994000062, 31.287612746099967 ] ] ] } },
{ "type": "Feature", "properties": { "Id": 0, "Floor": 6, "height": 18 }, "geometry": { "type": "Polygon", "coordinates": [ [ [ 121.503867934000027, 31.288602146700043 ], [ 121.503534133000016, 31.288738629299985 ], [ 121.50360949100002, 31.28889465650002 ], [ 121.503943291000155, 31.288767338900016 ], [ 121.503867934000027, 31.288602146700043 ] ] ] } },
{ "type": "Feature", "properties": { "Id": 0, "Floor": 14, "height": 42 }, "geometry": { "type": "Polygon", "coordinates": [ [ [ 121.503017401999955, 31.287499823299981 ], [ 121.503103541999963, 31.287490914400053 ], [ 121.503265056000032, 31.28746389950004 ], [ 121.503211230000034, 31.287326264100102 ], [ 121.503146625000113, 31.287335237100024 ], [ 121.503114321999988, 31.287344306000136 ], [ 121.503049715999964, 31.287353279000115 ], [ 121.50284514000009, 31.287288515300077 ], [ 121.502812841000036, 31.287251759100059 ], [ 121.502737476000107, 31.287169049400006 ], [ 121.502575958000079, 31.287232724099965 ], [ 121.502683622999939, 31.287352190000092 ], [ 121.502748223000026, 31.287407372400082 ], [ 121.503017401999955, 31.287499823299981 ] ] ] } },
{ "type": "Feature", "properties": { "Id": 0, "Floor": 9, "height": 27 }, "geometry": { "type": "Polygon", "coordinates": [ [ [ 121.502414442000031, 31.287287233500024 ], [ 121.501994498000045, 31.287423458299997 ], [ 121.502048325000032, 31.287542763900035 ], [ 121.502468269000133, 31.287406539200106 ], [ 121.502414442000031, 31.287287233500024 ] ] ] } },
{ "type": "Feature", "properties": { "Id": 0, "Floor": 2, "height": 6 }, "geometry": { "type": "Polygon", "coordinates": [ [ [ 121.50285587999997, 31.287609323099957 ], [ 121.502758987, 31.287444064500107 ], [ 121.502640540000016, 31.287507867200134 ], [ 121.502694368999983, 31.287608842600093 ], [ 121.50285587999997, 31.287609323099957 ] ] ] } },
{ "type": "Feature", "properties": { "Id": 0, "Floor": 7, "height": 21 }, "geometry": { "type": "Polygon", "coordinates": [ [ [ 121.502166770000144, 31.287515621700095 ], [ 121.502048324000043, 31.287561093900138 ], [ 121.502069854999945, 31.287606983099977 ], [ 121.502220599999987, 31.28760743210006 ], [ 121.502166770000144, 31.287515621700095 ] ] ] } },
{ "type": "Feature", "properties": { "Id": 0, "Floor": 2, "height": 6 }, "geometry": { "type": "Polygon", "coordinates": [ [ [ 121.503071229000057, 31.287609963500074 ], [ 121.503114301000096, 31.28759176159997 ], [ 121.503082004000021, 31.28752751050007 ], [ 121.502877415000057, 31.287609387099963 ], [ 121.503071229000057, 31.287609963500074 ] ] ] } },
{ "type": "Feature", "properties": { "Id": 0, "Floor": 2, "height": 6 }, "geometry": { "type": "Polygon", "coordinates": [ [ [ 121.502877415000057, 31.287609387099963 ], [ 121.50285587999997, 31.287609323099957 ], [ 121.502694368999983, 31.287608842600093 ], [ 121.50275896200003, 31.287746509800002 ], [ 121.503071229000057, 31.287609963500074 ], [ 121.502877415000057, 31.287609387099963 ] ] ] } },
{ "type": "Feature", "properties": { "Id": 0, "Floor": 7, "height": 21 }, "geometry": { "type": "Polygon", "coordinates": [ [ [ 121.502554386000043, 31.287672581000038 ], [ 121.502532857000119, 31.28760836189997 ], [ 121.502263662000132, 31.287699210400092 ], [ 121.502220599999987, 31.28760743210006 ], [ 121.502069854999945, 31.287606983099977 ], [ 121.502123679999954, 31.287753783500079 ], [ 121.502231351999967, 31.287781599200002 ], [ 121.502554386000043, 31.287672581000038 ] ] ] } },
{ "type": "Feature", "properties": { "Id": 0, "Floor": 14, "height": 42 }, "geometry": { "type": "Polygon", "coordinates": [ [ [ 121.503372714000079, 31.287647519699988 ], [ 121.502683576000095, 31.287902090299951 ], [ 121.502769700000044, 31.288085646100058 ], [ 121.503458837000153, 31.287840240600019 ], [ 121.503372714000079, 31.287647519699988 ] ] ] } },
{ "type": "Feature", "properties": { "Id": 0, "Floor": 5, "height": 15 }, "geometry": { "type": "Polygon", "coordinates": [ [ [ 121.502543587000105, 31.288048313300067 ], [ 121.502425171000141, 31.287736351400042 ], [ 121.502231351999967, 31.287790764199997 ], [ 121.502242113999955, 31.28784578620008 ], [ 121.502123668999957, 31.287882093300027 ], [ 121.502005220000115, 31.287955060300078 ], [ 121.502048281000157, 31.288056003300028 ], [ 121.502102105999938, 31.288211968100029 ], [ 121.502543587000105, 31.288048313300067 ] ] ] } },
{ "type": "Feature", "properties": { "Id": 0, "Floor": 4, "height": 12 }, "geometry": { "type": "Polygon", "coordinates": [ [ [ 121.503178711000032, 31.289883180699974 ], [ 121.503523280999957, 31.289737567600071 ], [ 121.503437155000142, 31.289572344800035 ], [ 121.503006443, 31.289754361099995 ], [ 121.503103332000137, 31.289956275099996 ], [ 121.503221774000053, 31.28995662720007 ], [ 121.503178711000032, 31.289883180699974 ] ] ] } },
{ "type": "Feature", "properties": { "Id": 0, "Floor": 8, "height": 24 }, "geometry": { "type": "Polygon", "coordinates": [ [ [ 121.501639115000103, 31.288063948900117 ], [ 121.50162834799994, 31.28806391680007 ], [ 121.501628337000056, 31.28819222620001 ], [ 121.501692943999956, 31.288164924 ], [ 121.501639115000103, 31.288063948900117 ] ] ] } },
{ "type": "Feature", "properties": { "Id": 0, "Floor": 8, "height": 24 }, "geometry": { "type": "Polygon", "coordinates": [ [ [ 121.50162834799994, 31.28806391680007 ], [ 121.501251473000139, 31.288191102300061 ], [ 121.501305301, 31.288301242300122 ], [ 121.501628337000056, 31.28819222620001 ], [ 121.50162834799994, 31.28806391680007 ] ] ] } },
{ "type": "Feature", "properties": { "Id": 0, "Floor": 1, "height": 3 }, "geometry": { "type": "Polygon", "coordinates": [ [ [ 121.500917719000086, 31.28772269250004 ], [ 121.500874647000046, 31.287740893900093 ], [ 121.501283736, 31.288658610300047 ], [ 121.501326808000044, 31.288640409000038 ], [ 121.500917719000086, 31.28772269250004 ] ] ] } },
{ "type": "Feature", "properties": { "Id": 0, "Floor": 10, "height": 30 }, "geometry": { "type": "Polygon", "coordinates": [ [ [ 121.501875986000073, 31.288238789200022 ], [ 121.501628325999945, 31.288320535500077 ], [ 121.501628315000062, 31.288448844699928 ], [ 121.501919047000115, 31.288348896900061 ], [ 121.501875986000073, 31.288238789200022 ] ] ] } },
{ "type": "Feature", "properties": { "Id": 0, "Floor": 16, "height": 48 }, "geometry": { "type": "Polygon", "coordinates": [ [ [ 121.500982285000077, 31.288181134100114 ], [ 121.500820766000174, 31.288253971600057 ], [ 121.500853061000043, 31.288336552600072 ], [ 121.500551560999952, 31.288436466699977 ], [ 121.500648448999982, 31.288665879199982 ], [ 121.50113300299995, 31.288511521900091 ], [ 121.500982285000077, 31.288181134100114 ] ] ] } },
{ "type": "Feature", "properties": { "Id": 0, "Floor": 10, "height": 30 }, "geometry": { "type": "Polygon", "coordinates": [ [ [ 121.501628325999945, 31.288320535500077 ], [ 121.501326826000081, 31.288429615700068 ], [ 121.501380654000059, 31.288539755400052 ], [ 121.501628315000062, 31.288448844699928 ], [ 121.501628325999945, 31.288320535500077 ] ] ] } },
{ "type": "Feature", "properties": { "Id": 0, "Floor": 1, "height": 3 }, "geometry": { "type": "Polygon", "coordinates": [ [ [ 121.501466716000095, 31.289456500800043 ], [ 121.501359041, 31.289456179700096 ], [ 121.501359032000096, 31.289556993000019 ], [ 121.501466707999953, 31.289557314100136 ], [ 121.501466716000095, 31.289456500800043 ] ] ] } },
{ "type": "Feature", "properties": { "Id": 0, "Floor": 8, "height": 24 }, "geometry": { "type": "Polygon", "coordinates": [ [ [ 121.50162817599994, 31.290089354799989 ], [ 121.501477425999951, 31.290134729300064 ], [ 121.501563549000025, 31.290345775999981 ], [ 121.501628156000152, 31.290318474300079 ], [ 121.50162817599994, 31.290089354799989 ] ] ] } },
{ "type": "Feature", "properties": { "Id": 0, "Floor": 4, "height": 12 }, "geometry": { "type": "Polygon", "coordinates": [ [ [ 121.501563533999956, 31.29051990640005 ], [ 121.501445086000103, 31.290574541700039 ], [ 121.501450229805371, 31.290587693916354 ], [ 121.501554802207238, 31.29058891776614 ], [ 121.501585063999983, 31.290574959100013 ], [ 121.501563533999956, 31.29051990640005 ] ] ] } },
{ "type": "Feature", "properties": { "Id": 0, "Floor": 1, "height": 3 }, "geometry": { "type": "Polygon", "coordinates": [ [ [ 121.501402018000022, 31.29055608379997 ], [ 121.501348180000036, 31.290555923200088 ], [ 121.501348177378688, 31.290586499558778 ], [ 121.501404622497489, 31.290587160157035 ], [ 121.501402018000022, 31.29055608379997 ] ] ] } },
{ "type": "Feature", "properties": { "Id": 0, "Floor": 31, "height": 93 }, "geometry": { "type": "Polygon", "coordinates": [ [ [ 121.503523280999957, 31.289737567600071 ], [ 121.503178711000032, 31.289883180699974 ], [ 121.503221774000053, 31.28995662720007 ], [ 121.50363093600015, 31.289957842800106 ], [ 121.503523280999957, 31.289737567600071 ] ] ] } },
{ "type": "Feature", "properties": { "Id": 0, "Floor": 8, "height": 24 }, "geometry": { "type": "Polygon", "coordinates": [ [ [ 121.502285011000026, 31.289889686400102 ], [ 121.502134260000048, 31.289953391099971 ], [ 121.502500354999938, 31.289954481200027 ], [ 121.502435762, 31.289816816799998 ], [ 121.502285011000026, 31.289889686400102 ] ] ] } },
{ "type": "Feature", "properties": { "Id": 0, "Floor": 31, "height": 93 }, "geometry": { "type": "Polygon", "coordinates": [ [ [ 121.50363093600015, 31.289957842800106 ], [ 121.503221774000053, 31.28995662720007 ], [ 121.503318665000165, 31.29014937580007 ], [ 121.503652467000052, 31.290003730799981 ], [ 121.50363093600015, 31.289957842800106 ] ] ] } },
{ "type": "Feature", "properties": { "Id": 0, "Floor": 4, "height": 12 }, "geometry": { "type": "Polygon", "coordinates": [ [ [ 121.503652467000052, 31.290003730799981 ], [ 121.503318665000165, 31.29014937580007 ], [ 121.503221774000053, 31.28995662720007 ], [ 121.503103332000137, 31.289956275099996 ], [ 121.503243286000043, 31.29023163490001 ], [ 121.503673999000057, 31.290040453900133 ], [ 121.503652467000052, 31.290003730799981 ] ] ] } },
{ "type": "Feature", "properties": { "Id": 0, "Floor": 8, "height": 24 }, "geometry": { "type": "Polygon", "coordinates": [ [ [ 121.502177313000061, 31.29015514480011 ], [ 121.502403437999988, 31.290064170299956 ], [ 121.502521885000078, 31.290009534100079 ], [ 121.502500354999938, 31.289954481200027 ], [ 121.502134260000048, 31.289953391099971 ], [ 121.502091189, 31.289971592399979 ], [ 121.501994280000076, 31.289989633200094 ], [ 121.501875836000067, 31.290007609900044 ], [ 121.50162817599994, 31.290089354799989 ], [ 121.501628156000152, 31.290318474300079 ], [ 121.501994264000018, 31.290172929 ], [ 121.502177313000061, 31.29015514480011 ] ] ] } },
{ "type": "Feature", "properties": { "Id": 0, "Floor": 8, "height": 24 }, "geometry": { "type": "Polygon", "coordinates": [ [ [ 121.502898735000031, 31.290138962499952 ], [ 121.502446487000043, 31.290311747599958 ], [ 121.502489549000074, 31.290403523500117 ], [ 121.502941797999938, 31.290221573699966 ], [ 121.502898735000031, 31.290138962499952 ] ] ] } },
{ "type": "Feature", "properties": { "Id": 0, "Floor": 8, "height": 24 }, "geometry": { "type": "Polygon", "coordinates": [ [ [ 121.502360343999953, 31.290348150200032 ], [ 121.502123452000092, 31.290439092300119 ], [ 121.502166514000123, 31.290530868200051 ], [ 121.502414175000013, 31.290430793400049 ], [ 121.502360343999953, 31.290348150200032 ] ] ] } },
{ "type": "Feature", "properties": { "Id": 0, "Floor": 8, "height": 24 }, "geometry": { "type": "Polygon", "coordinates": [ [ [ 121.503070991000072, 31.290414418099999 ], [ 121.502607976000036, 31.290587171099958 ], [ 121.502614615342452, 31.29060132115416 ], [ 121.502847093958749, 31.290604041938032 ], [ 121.503103285999941, 31.29050616170008 ], [ 121.503070991000072, 31.290414418099999 ] ] ] } },
{ "type": "Feature", "properties": { "Id": 0, "Floor": 8, "height": 24 }, "geometry": { "type": "Polygon", "coordinates": [ [ [ 121.50362012100004, 31.290516862199922 ], [ 121.503387136411334, 31.290610362256082 ], [ 121.5036717422458, 31.290613693104213 ], [ 121.50362012100004, 31.290516862199922 ] ] ] } },
{ "type": "Feature", "properties": { "Id": 0, "Floor": 7, "height": 21 }, "geometry": { "type": "Polygon", "coordinates": [ [ [ 121.504384655000081, 31.289923420100024 ], [ 121.504384661000017, 31.289850101599995 ], [ 121.504190879000021, 31.289492098700123 ], [ 121.503867847000038, 31.289619447900122 ], [ 121.503943207000134, 31.289757144000134 ], [ 121.50377092400015, 31.289820786400128 ], [ 121.503846284000019, 31.28995848220012 ], [ 121.504309281000019, 31.289959855800021 ], [ 121.504384655000081, 31.289923420100024 ] ] ] } },
{ "type": "Feature", "properties": { "Id": 0, "Floor": 7, "height": 21 }, "geometry": { "type": "Polygon", "coordinates": [ [ [ 121.504384661000017, 31.289850101599995 ], [ 121.504384655000081, 31.289923420100024 ], [ 121.504416957999979, 31.289914351000107 ], [ 121.504384661000017, 31.289850101599995 ] ] ] } },
{ "type": "Feature", "properties": { "Id": 0, "Floor": 7, "height": 21 }, "geometry": { "type": "Polygon", "coordinates": [ [ [ 121.503846284000019, 31.28995848220012 ], [ 121.503921642000023, 31.290114507400006 ], [ 121.504309281000019, 31.289959855800021 ], [ 121.503846284000019, 31.28995848220012 ] ] ] } },
{ "type": "Feature", "properties": { "Id": 0, "Floor": 1, "height": 3 }, "geometry": { "type": "Polygon", "coordinates": [ [ [ 121.503706287999989, 31.290187186400033 ], [ 121.503555539, 31.290250892199992 ], [ 121.503598602000125, 31.29033350309993 ], [ 121.503760117999946, 31.290278994099992 ], [ 121.503706287999989, 31.290187186400033 ] ] ] } },
{ "type": "Feature", "properties": { "Id": 0, "Floor": 1, "height": 3 }, "geometry": { "type": "Polygon", "coordinates": [ [ [ 121.50438462000011, 31.290335835500002 ], [ 121.504384630000118, 31.290225858200017 ], [ 121.504266185, 31.290271330900111 ], [ 121.504320014000086, 31.290363138200007 ], [ 121.50438462000011, 31.290335835500002 ] ] ] } },
{ "type": "Feature", "properties": { "Id": 0, "Floor": 5, "height": 15 }, "geometry": { "type": "Polygon", "coordinates": [ [ [ 121.504083133, 31.290353270900141 ], [ 121.503695494000112, 31.290498756600073 ], [ 121.503749323999955, 31.290590563900139 ], [ 121.50412619500014, 31.290435881500116 ], [ 121.504083133, 31.290353270900141 ] ] ] } },
{ "type": "Feature", "properties": { "Id": 0, "Floor": 6, "height": 18 }, "geometry": { "type": "Polygon", "coordinates": [ [ [ 121.504093890000036, 31.290472444700072 ], [ 121.503889302000175, 31.290563485199982 ], [ 121.503916218804505, 31.290616554304474 ], [ 121.504170246164222, 31.290619527281319 ], [ 121.504093890000036, 31.290472444700072 ] ] ] } },
{ "type": "Feature", "properties": { "Id": 0, "Floor": 1, "height": 3 }, "geometry": { "type": "Polygon", "coordinates": [ [ [ 121.499690269999974, 31.287068308799974 ], [ 121.499636441000121, 31.286958167100124 ], [ 121.49956106500008, 31.286985437000055 ], [ 121.499614892999944, 31.287104743700013 ], [ 121.499636429000134, 31.2870956430001 ], [ 121.499690269999974, 31.287068308799974 ] ] ] } },
{ "type": "Feature", "properties": { "Id": 0, "Floor": 3, "height": 9 }, "geometry": { "type": "Polygon", "coordinates": [ [ [ 121.500228656, 31.286996597300117 ], [ 121.500174827000023, 31.286886455700085 ], [ 121.499690269999974, 31.287068308799974 ], [ 121.499636429000134, 31.2870956430001 ], [ 121.499657961000139, 31.287132367600009 ], [ 121.499701026000025, 31.287205816700123 ], [ 121.500228656, 31.286996597300117 ] ] ] } },
{ "type": "Feature", "properties": { "Id": 0, "Floor": 2, "height": 6 }, "geometry": { "type": "Polygon", "coordinates": [ [ [ 121.499657961000139, 31.287132367600009 ], [ 121.49952874600001, 31.287177806500097 ], [ 121.499561043000085, 31.287251223400062 ], [ 121.499701026000025, 31.287205816700123 ], [ 121.499657961000139, 31.287132367600009 ] ] ] } },
{ "type": "Feature", "properties": { "Id": 0, "Floor": 6, "height": 18 }, "geometry": { "type": "Polygon", "coordinates": [ [ [ 121.500734701000056, 31.287364710500128 ], [ 121.500831611000081, 31.287337504800007 ], [ 121.500777782000114, 31.287236528700021 ], [ 121.500734718999979, 31.28715391470007 ], [ 121.500540896000075, 31.287226656300049 ], [ 121.500487056999987, 31.287244825600055 ], [ 121.500530121, 31.287318274500024 ], [ 121.500680872000089, 31.287254569399977 ], [ 121.500734701000056, 31.287364710500128 ] ] ] } },
{ "type": "Feature", "properties": { "Id": 0, "Floor": 6, "height": 18 }, "geometry": { "type": "Polygon", "coordinates": [ [ [ 121.500487056999987, 31.287244825600055 ], [ 121.500540896000075, 31.287226656300049 ], [ 121.500487066, 31.287134845099956 ], [ 121.499970204999954, 31.287334931800046 ], [ 121.500024034000148, 31.287435908000077 ], [ 121.500110178000114, 31.287399505300016 ], [ 121.500487056999987, 31.287244825600055 ] ] ] } },
{ "type": "Feature", "properties": { "Id": 0, "Floor": 8, "height": 24 }, "geometry": { "type": "Polygon", "coordinates": [ [ [ 121.500530121, 31.287318274500024 ], [ 121.500487056999987, 31.287244825600055 ], [ 121.500110178000114, 31.287399505300016 ], [ 121.500185537999982, 31.287555535800038 ], [ 121.500573184000018, 31.2874008884001 ], [ 121.500530121, 31.287318274500024 ] ] ] } },
{ "type": "Feature", "properties": { "Id": 0, "Floor": 6, "height": 18 }, "geometry": { "type": "Polygon", "coordinates": [ [ [ 121.50069162200009, 31.287465397199981 ], [ 121.500659325000015, 31.287401145600029 ], [ 121.500648558999956, 31.287373618400125 ], [ 121.500573184000018, 31.2874008884001 ], [ 121.500185537999982, 31.287555535800038 ], [ 121.500099393000028, 31.287601103500037 ], [ 121.500390118000041, 31.287601972 ], [ 121.50070238800015, 31.287483759400118 ], [ 121.50069162200009, 31.287465397199981 ] ] ] } },
{ "type": "Feature", "properties": { "Id": 0, "Floor": 2, "height": 6 }, "geometry": { "type": "Polygon", "coordinates": [ [ [ 121.500110178000114, 31.287399505300016 ], [ 121.500024034000148, 31.287435908000077 ], [ 121.500099393000028, 31.287601103500037 ], [ 121.500185537999982, 31.287555535800038 ], [ 121.500110178000114, 31.287399505300016 ] ] ] } },
{ "type": "Feature", "properties": { "Id": 0, "Floor": 6, "height": 18 }, "geometry": { "type": "Polygon", "coordinates": [ [ [ 121.499528714, 31.287553572600132 ], [ 121.499539479999953, 31.287571934800042 ], [ 121.49970099899997, 31.287517427700038 ], [ 121.499722530999975, 31.287554152100142 ], [ 121.49963638600002, 31.287599719600109 ], [ 121.499830202999988, 31.287600299000133 ], [ 121.499733311000114, 31.287407544000075 ], [ 121.499345665999954, 31.287543860200003 ], [ 121.499367196000094, 31.28759891469997 ], [ 121.499421033999965, 31.287599075700086 ], [ 121.499528714, 31.287553572600132 ] ] ] } },
{ "type": "Feature", "properties": { "Id": 0, "Floor": 6, "height": 18 }, "geometry": { "type": "Polygon", "coordinates": [ [ [ 121.499367196000094, 31.28759891469997 ], [ 121.499377962000153, 31.287617276900107 ], [ 121.499421033999965, 31.287599075700086 ], [ 121.499367196000094, 31.28759891469997 ] ] ] } },
{ "type": "Feature", "properties": { "Id": 0, "Floor": 6, "height": 18 }, "geometry": { "type": "Polygon", "coordinates": [ [ [ 121.498107431000108, 31.287036077900041 ], [ 121.498139732000141, 31.287063669800034 ], [ 121.498236646, 31.286999804500113 ], [ 121.498344326000051, 31.286954301600019 ], [ 121.498441236999952, 31.28692709640012 ], [ 121.498441240000034, 31.28689043620011 ], [ 121.498430474999964, 31.286862908700016 ], [ 121.498408942000083, 31.286835349000057 ], [ 121.498387408000099, 31.286816954400081 ], [ 121.498301263000144, 31.28687168700003 ], [ 121.498268959000143, 31.28688075539992 ], [ 121.498247428000013, 31.286825700500117 ], [ 121.498182820000011, 31.286853002300006 ], [ 121.498215117999962, 31.286908089400072 ], [ 121.498193582, 31.28691719 ], [ 121.498075136000125, 31.286944330600136 ], [ 121.498075133000043, 31.28698099090002 ], [ 121.498085898, 31.287008518300127 ], [ 121.498107431000108, 31.287036077900041 ] ] ] } },
{ "type": "Feature", "properties": { "Id": 0, "Floor": 5, "height": 15 }, "geometry": { "type": "Polygon", "coordinates": [ [ [ 121.498495072000082, 31.286963917800108 ], [ 121.498215103000121, 31.28709139060004 ], [ 121.498290467000061, 31.287201596799946 ], [ 121.498559668999974, 31.287074091899967 ], [ 121.498495072000082, 31.286963917800108 ] ] ] } },
{ "type": "Feature", "properties": { "Id": 0, "Floor": 4, "height": 12 }, "geometry": { "type": "Polygon", "coordinates": [ [ [ 121.498032060000128, 31.287008357099978 ], [ 121.497935147000021, 31.287053892200106 ], [ 121.498032045000059, 31.287182493100033 ], [ 121.498118189000024, 31.287146090799979 ], [ 121.498032060000128, 31.287008357099978 ] ] ] } },
{ "type": "Feature", "properties": { "Id": 0, "Floor": 5, "height": 15 }, "geometry": { "type": "Polygon", "coordinates": [ [ [ 121.498172029999978, 31.287118756800055 ], [ 121.498118189000024, 31.287146090799979 ], [ 121.498032045000059, 31.287182493100033 ], [ 121.49798897300002, 31.28720069420001 ], [ 121.497956675000069, 31.287145607199989 ], [ 121.497848994000037, 31.287191110000094 ], [ 121.497956656000156, 31.287365568099972 ], [ 121.498247394000032, 31.287228963000132 ], [ 121.498172029999978, 31.287118756800055 ] ] ] } },
{ "type": "Feature", "properties": { "Id": 0, "Floor": 7, "height": 21 }, "geometry": { "type": "Polygon", "coordinates": [ [ [ 121.499087203000158, 31.288010501799988 ], [ 121.49887184399995, 31.288092342200059 ], [ 121.498871829999985, 31.288248146499996 ], [ 121.499151798000071, 31.288139004600055 ], [ 121.499087203000158, 31.288010501799988 ] ] ] } },
{ "type": "Feature", "properties": { "Id": 0, "Floor": 7, "height": 21 }, "geometry": { "type": "Polygon", "coordinates": [ [ [ 121.498871829999985, 31.288248146499996 ], [ 121.49887184399995, 31.288092342200059 ], [ 121.498688788000095, 31.288165114200069 ], [ 121.498731850000127, 31.288256892600032 ], [ 121.498742615000083, 31.288293584600069 ], [ 121.498871829999985, 31.288248146499996 ] ] ] } },
{ "type": "Feature", "properties": { "Id": 0, "Floor": 2, "height": 6 }, "geometry": { "type": "Polygon", "coordinates": [ [ [ 121.498688788000095, 31.288165114200069 ], [ 121.498548803999938, 31.288219685 ], [ 121.498591866000083, 31.288311463400021 ], [ 121.498731850000127, 31.288256892600032 ], [ 121.498688788000095, 31.288165114200069 ] ] ] } },
{ "type": "Feature", "properties": { "Id": 0, "Floor": 6, "height": 18 }, "geometry": { "type": "Polygon", "coordinates": [ [ [ 121.49793501900001, 31.288556950399993 ], [ 121.498548793000168, 31.288347994300068 ], [ 121.498494964999963, 31.288228688800018 ], [ 121.497978102000161, 31.288410440500115 ], [ 121.497945804999972, 31.288346189200013 ], [ 121.497676606000027, 31.288437032500042 ], [ 121.497730435, 31.288547172800122 ], [ 121.497902723000038, 31.288483534200111 ], [ 121.49793501900001, 31.288556950399993 ] ] ] } },
{ "type": "Feature", "properties": { "Id": 0, "Floor": 21, "height": 63 }, "geometry": { "type": "Polygon", "coordinates": [ [ [ 121.49950711300005, 31.288332531299943 ], [ 121.498871805000022, 31.288550589400074 ], [ 121.498871794000138, 31.288669733400013 ], [ 121.499550173999978, 31.288442639300001 ], [ 121.49950711300005, 31.288332531299943 ] ] ] } },
{ "type": "Feature", "properties": { "Id": 0, "Floor": 21, "height": 63 }, "geometry": { "type": "Polygon", "coordinates": [ [ [ 121.498871805000022, 31.288550589400074 ], [ 121.498796429000095, 31.288577858700137 ], [ 121.498839491000012, 31.288678801600042 ], [ 121.498871794000138, 31.288669733400013 ], [ 121.498871805000022, 31.288550589400074 ] ] ] } },
{ "type": "Feature", "properties": { "Id": 0, "Floor": 8, "height": 24 }, "geometry": { "type": "Polygon", "coordinates": [ [ [ 121.497676686000091, 31.287502205099997 ], [ 121.497590555000102, 31.287373636799998 ], [ 121.49718136599995, 31.287592371700043 ], [ 121.497192133, 31.287592403900078 ], [ 121.497493628000029, 31.287593307000066 ], [ 121.497676686000091, 31.287502205099997 ] ] ] } },
{ "type": "Feature", "properties": { "Id": 0, "Floor": 6, "height": 18 }, "geometry": { "type": "Polygon", "coordinates": [ [ [ 121.496761427000024, 31.287591113700103 ], [ 121.496847569000124, 31.287591371699989 ], [ 121.496869114, 31.287472291100016 ], [ 121.496244596, 31.28740626480004 ], [ 121.496223044999965, 31.287589500600063 ], [ 121.496406095, 31.28759004900013 ], [ 121.49640609800008, 31.287553388999982 ], [ 121.496761427000024, 31.287591113700103 ] ] ] } },
{ "type": "Feature", "properties": { "Id": 0, "Floor": 4, "height": 12 }, "geometry": { "type": "Polygon", "coordinates": [ [ [ 121.496869103999984, 31.287591436199989 ], [ 121.496998316000031, 31.287591823299977 ], [ 121.496966016999977, 31.287536736499931 ], [ 121.496869103999984, 31.287591436199989 ] ] ] } },
{ "type": "Feature", "properties": { "Id": 0, "Floor": 8, "height": 24 }, "geometry": { "type": "Polygon", "coordinates": [ [ [ 121.497192133, 31.287592403900078 ], [ 121.497256729000014, 31.287711742500051 ], [ 121.497493628000029, 31.287593307000066 ], [ 121.497192133, 31.287592403900078 ] ] ] } },
{ "type": "Feature", "properties": { "Id": 0, "Floor": 4, "height": 12 }, "geometry": { "type": "Polygon", "coordinates": [ [ [ 121.49700907600004, 31.287674340600006 ], [ 121.497041381000145, 31.287656107399982 ], [ 121.496998316000031, 31.287591823299977 ], [ 121.496869103999984, 31.287591436199989 ], [ 121.496858336000173, 31.287591404000011 ], [ 121.496955231000129, 31.287756664299991 ], [ 121.497030608000046, 31.287720230099978 ], [ 121.49700907600004, 31.287674340600006 ] ] ] } },
{ "type": "Feature", "properties": { "Id": 0, "Floor": 6, "height": 18 }, "geometry": { "type": "Polygon", "coordinates": [ [ [ 121.496115355000029, 31.287744982899994 ], [ 121.496373776000041, 31.287773252199941 ], [ 121.496406095, 31.28759004900013 ], [ 121.496223044999965, 31.287589500600063 ], [ 121.496223042, 31.287616995600104 ], [ 121.496115367000129, 31.287607507900077 ], [ 121.496115355000029, 31.287744982899994 ] ] ] } },
{ "type": "Feature", "properties": { "Id": 0, "Floor": 8, "height": 24 }, "geometry": { "type": "Polygon", "coordinates": [ [ [ 121.497784346000117, 31.287685827699988 ], [ 121.497364392000122, 31.28787703480009 ], [ 121.497418221000089, 31.287978010800089 ], [ 121.497848944000111, 31.287786836099997 ], [ 121.497784346000117, 31.287685827699988 ] ] ] } },
{ "type": "Feature", "properties": { "Id": 0, "Floor": 8, "height": 24 }, "geometry": { "type": "Polygon", "coordinates": [ [ [ 121.497945839000067, 31.287942931000032 ], [ 121.497525885000073, 31.288134137800114 ], [ 121.49757971400004, 31.288235113500093 ], [ 121.498010437000062, 31.288043939100078 ], [ 121.497945839000067, 31.287942931000032 ] ] ] } },
{ "type": "Feature", "properties": { "Id": 0, "Floor": 2, "height": 6 }, "geometry": { "type": "Polygon", "coordinates": [ [ [ 121.496406016000037, 31.288515710699983 ], [ 121.496427561000019, 31.288405796000063 ], [ 121.496524468999951, 31.28841525130008 ], [ 121.496556790000113, 31.288195389400016 ], [ 121.496362974000021, 31.288176478799983 ], [ 121.49634143000003, 31.28827722869994 ], [ 121.49611531100004, 31.288258221300055 ], [ 121.496115292000013, 31.288478179799995 ], [ 121.496179898000037, 31.288487538300103 ], [ 121.496406016000037, 31.288515710699983 ] ] ] } },
{ "type": "Feature", "properties": { "Id": 0, "Floor": 6, "height": 18 }, "geometry": { "type": "Polygon", "coordinates": [ [ [ 121.497558149000042, 31.288592481500018 ], [ 121.497568925999985, 31.288473369700114 ], [ 121.497159760000045, 31.288417154599983 ], [ 121.497181316000137, 31.288178930499953 ], [ 121.496707543999946, 31.288122521399998 ], [ 121.496685997999975, 31.288250766300052 ], [ 121.497030559, 31.288297623300082 ], [ 121.496998234999978, 31.288535814800071 ], [ 121.497558149000042, 31.288592481500018 ] ] ] } },
{ "type": "Feature", "properties": { "Id": 0, "Floor": 6, "height": 18 }, "geometry": { "type": "Polygon", "coordinates": [ [ [ 121.49963638600002, 31.287599719600109 ], [ 121.499679451000134, 31.287673168400033 ], [ 121.499830202999988, 31.287600299000133 ], [ 121.49963638600002, 31.287599719600109 ] ] ] } },
{ "type": "Feature", "properties": { "Id": 0, "Floor": 6, "height": 18 }, "geometry": { "type": "Polygon", "coordinates": [ [ [ 121.500099393000028, 31.287601103500037 ], [ 121.500153223000098, 31.287692914400054 ], [ 121.500390118000041, 31.287601972 ], [ 121.500099393000028, 31.287601103500037 ] ] ] } },
{ "type": "Feature", "properties": { "Id": 0, "Floor": 12, "height": 36 }, "geometry": { "type": "Polygon", "coordinates": [ [ [ 121.499604075000093, 31.287700438099989 ], [ 121.499561013000061, 31.287599494199981 ], [ 121.499313350000079, 31.287699568700134 ], [ 121.499130294, 31.287772341099981 ], [ 121.499173356000028, 31.287864119900007 ], [ 121.499313339999958, 31.287809548600137 ], [ 121.499604075000093, 31.287700438099989 ] ] ] } },
{ "type": "Feature", "properties": { "Id": 0, "Floor": 4, "height": 12 }, "geometry": { "type": "Polygon", "coordinates": [ [ [ 121.500034775000017, 31.287747550399956 ], [ 121.499991702999978, 31.287765751700022 ], [ 121.499948638999967, 31.287692303000085 ], [ 121.499711743000148, 31.287792409900078 ], [ 121.499787103000131, 31.287948439900049 ], [ 121.500077839000028, 31.287830164100058 ], [ 121.500034775000017, 31.287747550399956 ] ] ] } },
{ "type": "Feature", "properties": { "Id": 0, "Floor": 4, "height": 12 }, "geometry": { "type": "Polygon", "coordinates": [ [ [ 121.49959328, 31.288021180300063 ], [ 121.4997548, 31.287957508399927 ], [ 121.499711736, 31.287874894800098 ], [ 121.499571753000055, 31.287929466200069 ], [ 121.499539455000104, 31.287865214699991 ], [ 121.499324096000123, 31.287947055600057 ], [ 121.4993779240001, 31.288066361199981 ], [ 121.499582516000146, 31.287984488200038 ], [ 121.49959328, 31.288021180300063 ] ] ] } },
{ "type": "Feature", "properties": { "Id": 0, "Floor": 8, "height": 24 }, "geometry": { "type": "Polygon", "coordinates": [ [ [ 121.500853091999943, 31.287979119200031 ], [ 121.500562358000025, 31.288088230799985 ], [ 121.50062695400004, 31.288198403300044 ], [ 121.500917687999959, 31.288089291699976 ], [ 121.500853091999943, 31.287979119200031 ] ] ] } },
{ "type": "Feature", "properties": { "Id": 0, "Floor": 22, "height": 66 }, "geometry": { "type": "Polygon", "coordinates": [ [ [ 121.500303931000076, 31.288142448799988 ], [ 121.499840910000103, 31.288315199299973 ], [ 121.499883970000042, 31.288434472199981 ], [ 121.500357759000053, 31.288261754000018 ], [ 121.500303931000076, 31.288142448799988 ] ] ] } },
{ "type": "Feature", "properties": { "Id": 0, "Floor": 21, "height": 63 }, "geometry": { "type": "Polygon", "coordinates": [ [ [ 121.500303879000057, 31.288756499200019 ], [ 121.500217751000037, 31.28860960329996 ], [ 121.499776266000026, 31.288773252400119 ], [ 121.499334790000148, 31.28881775690013 ], [ 121.499356309999939, 31.288991954300059 ], [ 121.499830090000046, 31.288938381500031 ], [ 121.500303879000057, 31.288756499200019 ] ] ] } },
{ "type": "Feature", "properties": { "Id": 0, "Floor": 4, "height": 12 }, "geometry": { "type": "Polygon", "coordinates": [ [ [ 121.50077760399995, 31.289326136700083 ], [ 121.500282277999986, 31.28953544899997 ], [ 121.500314573999958, 31.289618029000053 ], [ 121.500820666999971, 31.289408749000017 ], [ 121.50077760399995, 31.289326136700083 ] ] ] } },
{ "type": "Feature", "properties": { "Id": 0, "Floor": 1, "height": 3 }, "geometry": { "type": "Polygon", "coordinates": [ [ [ 121.499323954000033, 31.289615068000103 ], [ 121.499173208, 31.289614617100142 ], [ 121.499173200000087, 31.289706265400127 ], [ 121.499323946000118, 31.289706716300088 ], [ 121.499323954000033, 31.289615068000103 ] ] ] } },
{ "type": "Feature", "properties": { "Id": 0, "Floor": 5, "height": 15 }, "geometry": { "type": "Polygon", "coordinates": [ [ [ 121.496158343000047, 31.2887165968001 ], [ 121.496276784999964, 31.288735281500067 ], [ 121.496599812999989, 31.288763744100038 ], [ 121.496610589000056, 31.288662962300066 ], [ 121.496642891000079, 31.288672224000095 ], [ 121.496664437000049, 31.28854397970008 ], [ 121.496406016000037, 31.288515710699983 ], [ 121.496179898000037, 31.288487538300103 ], [ 121.49616912, 31.288606650100007 ], [ 121.496115282, 31.288597323800047 ], [ 121.496115259000021, 31.288872271 ], [ 121.496126027000059, 31.288872303300025 ], [ 121.496158343000047, 31.2887165968001 ] ] ] } },
{ "type": "Feature", "properties": { "Id": 0, "Floor": 5, "height": 15 }, "geometry": { "type": "Polygon", "coordinates": [ [ [ 121.498096515000043, 31.288777391900055 ], [ 121.498225715000103, 31.288915252200127 ], [ 121.49831185700009, 31.288906345099974 ], [ 121.498128827000073, 31.28867667460014 ], [ 121.497407383999985, 31.288793657999975 ], [ 121.497407377000059, 31.288876142100094 ], [ 121.497708874999944, 31.288840385500066 ], [ 121.498096515000043, 31.288777391900055 ] ] ] } },
{ "type": "Feature", "properties": { "Id": 0, "Floor": 5, "height": 15 }, "geometry": { "type": "Polygon", "coordinates": [ [ [ 121.496492132000071, 31.288809246000028 ], [ 121.496449049000148, 31.288955755199993 ], [ 121.496556724000129, 31.288974407599994 ], [ 121.496589040000117, 31.288827866100007 ], [ 121.496492132000071, 31.288809246000028 ] ] ] } },
{ "type": "Feature", "properties": { "Id": 0, "Floor": 5, "height": 15 }, "geometry": { "type": "Polygon", "coordinates": [ [ [ 121.496395225000128, 31.288790625800061 ], [ 121.496266014000071, 31.288781073699965 ], [ 121.496276784999964, 31.288735281500067 ], [ 121.496158343000047, 31.2887165968001 ], [ 121.496126027000059, 31.288872303300025 ], [ 121.496255238, 31.28888185540012 ], [ 121.496233692000033, 31.289000934400121 ], [ 121.496115249000127, 31.288991414600048 ], [ 121.496115239000119, 31.289101393199985 ], [ 121.496341358999985, 31.289111235600103 ], [ 121.496395225000128, 31.288790625800061 ] ] ] } },
{ "type": "Feature", "properties": { "Id": 0, "Floor": 13, "height": 39 }, "geometry": { "type": "Polygon", "coordinates": [ [ [ 121.497708874999944, 31.288840385500066 ], [ 121.497407377000059, 31.288876142100094 ], [ 121.497267396999973, 31.288884887700078 ], [ 121.497288911000055, 31.289141568900106 ], [ 121.497730386000057, 31.289115396499994 ], [ 121.497708874999944, 31.288840385500066 ] ] ] } },
{ "type": "Feature", "properties": { "Id": 0, "Floor": 27, "height": 81 }, "geometry": { "type": "Polygon", "coordinates": [ [ [ 121.497267396999973, 31.288884887700078 ], [ 121.496912061000103, 31.288920482900096 ], [ 121.496922808000022, 31.289167966899981 ], [ 121.497288911000055, 31.289141568900106 ], [ 121.497267396999973, 31.288884887700078 ] ] ] } },
{ "type": "Feature", "properties": { "Id": 0, "Floor": 3, "height": 9 }, "geometry": { "type": "Polygon", "coordinates": [ [ [ 121.496567466000101, 31.289276880700072 ], [ 121.496567475, 31.289166902299996 ], [ 121.496115233999944, 31.289165547299945 ], [ 121.496115228, 31.289238866200094 ], [ 121.496362880999982, 31.289276267700131 ], [ 121.496567466000101, 31.289276880700072 ] ] ] } },
{ "type": "Feature", "properties": { "Id": 0, "Floor": 2, "height": 6 }, "geometry": { "type": "Polygon", "coordinates": [ [ [ 121.497579579000103, 31.289820638000037 ], [ 121.497579574000156, 31.28988479169999 ], [ 121.497601108000026, 31.289903185799915 ], [ 121.497676481000099, 31.28990341150012 ], [ 121.497676484000067, 31.289866752299986 ], [ 121.497676491999982, 31.289775104100045 ], [ 121.497482674000139, 31.289774523699919 ], [ 121.49748267200016, 31.28980201809992 ], [ 121.497493438, 31.289820380000037 ], [ 121.497579579000103, 31.289820638000037 ] ] ] } },
{ "type": "Feature", "properties": { "Id": 0, "Floor": 4, "height": 12 }, "geometry": { "type": "Polygon", "coordinates": [ [ [ 121.496470500999976, 31.289936458100044 ], [ 121.496632016000149, 31.289936942000111 ], [ 121.496481279000022, 31.289817347900112 ], [ 121.496513585, 31.289780785400069 ], [ 121.496459750000099, 31.289743964799982 ], [ 121.496265919000052, 31.289890021100007 ], [ 121.496319754000069, 31.289936006400069 ], [ 121.496395132999965, 31.289872078600126 ], [ 121.496470500999976, 31.289936458100044 ] ] ] } },
{ "type": "Feature", "properties": { "Id": 0, "Floor": 4, "height": 12 }, "geometry": { "type": "Polygon", "coordinates": [ [ [ 121.496632016000149, 31.289936942000111 ], [ 121.496470500999976, 31.289936458100044 ], [ 121.496588936999956, 31.290028461000134 ], [ 121.496664315999965, 31.289964533199964 ], [ 121.496632016000149, 31.289936942000111 ] ] ] } },
{ "type": "Feature", "properties": { "Id": 0, "Floor": 4, "height": 12 }, "geometry": { "type": "Polygon", "coordinates": [ [ [ 121.499205588999985, 31.288689061800028 ], [ 121.498904086000152, 31.288807303600038 ], [ 121.49894714900006, 31.288889916599999 ], [ 121.499248653, 31.288762509900096 ], [ 121.499205588999985, 31.288689061800028 ] ] ] } },
{ "type": "Feature", "properties": { "Id": 0, "Floor": 5, "height": 15 }, "geometry": { "type": "Polygon", "coordinates": [ [ [ 121.498699494000107, 31.28888917550006 ], [ 121.49831185700009, 31.288906345099974 ], [ 121.498225715000103, 31.288915252200127 ], [ 121.497805774000085, 31.288950654400026 ], [ 121.497816528000044, 31.289106489600101 ], [ 121.498710249000055, 31.289035845999933 ], [ 121.498699494000107, 31.28888917550006 ] ] ] } },
{ "type": "Feature", "properties": { "Id": 0, "Floor": 5, "height": 15 }, "geometry": { "type": "Polygon", "coordinates": [ [ [ 121.497762622000096, 31.289903669400132 ], [ 121.498204096, 31.289904991300034 ], [ 121.498204107000106, 31.289776683900129 ], [ 121.497676491999982, 31.289775104100045 ], [ 121.497676484000067, 31.289866752299986 ], [ 121.49776262499995, 31.289867010199998 ], [ 121.497762622000096, 31.289903669400132 ] ] ] } },
{ "type": "Feature", "properties": { "Id": 0, "Floor": 3, "height": 9 }, "geometry": { "type": "Polygon", "coordinates": [ [ [ 121.49911930899998, 31.290320145599935 ], [ 121.499043941999957, 31.290255766700056 ], [ 121.49887164900008, 31.290374393299999 ], [ 121.498871645, 31.29042938190014 ], [ 121.498914711000111, 31.290475334500115 ], [ 121.49911930899998, 31.290320145599935 ] ] ] } },
{ "type": "Feature", "properties": { "Id": 0, "Floor": 3, "height": 9 }, "geometry": { "type": "Polygon", "coordinates": [ [ [ 121.498839343999975, 31.290401790900091 ], [ 121.498871645, 31.29042938190014 ], [ 121.49887164900008, 31.290374393299999 ], [ 121.498839343999975, 31.290401790900091 ] ] ] } },
{ "type": "Feature", "properties": { "Id": 0, "Floor": 4, "height": 12 }, "geometry": { "type": "Polygon", "coordinates": [ [ [ 121.497913318999963, 31.290490666700123 ], [ 121.497999468000103, 31.290408441800025 ], [ 121.497924098999988, 31.290353227600008 ], [ 121.497859487000142, 31.290426352200086 ], [ 121.497805652000011, 31.2903803672001 ], [ 121.497708737000153, 31.290462559800062 ], [ 121.497813907257708, 31.290545136678634 ], [ 121.497985160893677, 31.290547140923746 ], [ 121.497913318999963, 31.290490666700123 ] ] ] } },
{ "type": "Feature", "properties": { "Id": 0, "Floor": 3, "height": 9 }, "geometry": { "type": "Polygon", "coordinates": [ [ [ 121.498742429, 31.29047481900011 ], [ 121.498636337301292, 31.290554761883882 ], [ 121.49878270722202, 31.290556474905603 ], [ 121.498817798000118, 31.290530033100026 ], [ 121.498742429, 31.29047481900011 ] ] ] } },
{ "type": "Feature", "properties": { "Id": 0, "Floor": 1, "height": 3 }, "geometry": { "type": "Polygon", "coordinates": [ [ [ 121.499593143000084, 31.289634202599984 ], [ 121.49952853700006, 31.289634009400004 ], [ 121.49952852399997, 31.289789811400112 ], [ 121.49959313, 31.289790004600036 ], [ 121.499593143000084, 31.289634202599984 ] ] ] } },
{ "type": "Feature", "properties": { "Id": 0, "Floor": 3, "height": 9 }, "geometry": { "type": "Polygon", "coordinates": [ [ [ 121.499991535000163, 31.289745371399988 ], [ 121.499937702000011, 31.289681056699919 ], [ 121.499873093000133, 31.289726687800055 ], [ 121.49984079900014, 31.289625778100117 ], [ 121.499743894999938, 31.289570499500087 ], [ 121.499646985000027, 31.289588539400143 ], [ 121.499722337000094, 31.289836214899992 ], [ 121.499582349000093, 31.28994577409992 ], [ 121.499593117000018, 31.289945806300125 ], [ 121.499711560000037, 31.289946160400007 ], [ 121.499991535000163, 31.289745371399988 ] ] ] } },
{ "type": "Feature", "properties": { "Id": 0, "Floor": 2, "height": 6 }, "geometry": { "type": "Polygon", "coordinates": [ [ [ 121.499506997000026, 31.289698098800102 ], [ 121.499367018000044, 31.289697680200049 ], [ 121.499367007000046, 31.289825987700112 ], [ 121.499506987000018, 31.289817241500089 ], [ 121.499506997000026, 31.289698098800102 ] ] ] } },
{ "type": "Feature", "properties": { "Id": 0, "Floor": 2, "height": 6 }, "geometry": { "type": "Polygon", "coordinates": [ [ [ 121.499571589000084, 31.289854093899976 ], [ 121.499323933000028, 31.289862518099994 ], [ 121.499323928999956, 31.289908342100034 ], [ 121.499571584000137, 31.289909082699978 ], [ 121.499571589000084, 31.289854093899976 ] ] ] } },
{ "type": "Feature", "properties": { "Id": 0, "Floor": 3, "height": 9 }, "geometry": { "type": "Polygon", "coordinates": [ [ [ 121.499593117000018, 31.289945806300125 ], [ 121.499636182000017, 31.290000923900038 ], [ 121.499711560000037, 31.289946160400007 ], [ 121.499593117000018, 31.289945806300125 ] ] ] } },
{ "type": "Feature", "properties": { "Id": 0, "Floor": 3, "height": 9 }, "geometry": { "type": "Polygon", "coordinates": [ [ [ 121.499410064000131, 31.289981918200112 ], [ 121.499119320999966, 31.290182674 ], [ 121.499194688000102, 31.290256217700005 ], [ 121.499485431000039, 31.290055461900124 ], [ 121.499410064000131, 31.289981918200112 ] ] ] } },
{ "type": "Feature", "properties": { "Id": 0, "Floor": 8, "height": 24 }, "geometry": { "type": "Polygon", "coordinates": [ [ [ 121.501003627000046, 31.290454082899942 ], [ 121.500949803000026, 31.290298121200067 ], [ 121.50030373300001, 31.290479487399978 ], [ 121.500379099000043, 31.290562195300083 ], [ 121.500349249445023, 31.290574808732956 ], [ 121.500564594303754, 31.290577328994079 ], [ 121.501003627000046, 31.290454082899942 ] ] ] } },
{ "type": "Feature", "properties": { "Id": 0, "Floor": 6, "height": 18 }, "geometry": { "type": "Polygon", "coordinates": [ [ [ 121.500152979000063, 31.290570684499983 ], [ 121.500131445999955, 31.290543125899944 ], [ 121.500109910999981, 31.290533896800014 ], [ 121.500056074000099, 31.290524571200137 ], [ 121.500034539000012, 31.290524506800125 ], [ 121.499991466000097, 31.290551872400044 ], [ 121.499980506603123, 31.290570493198079 ], [ 121.500152978800685, 31.290572511704472 ], [ 121.500152979000063, 31.290570684499983 ] ] ] } },
{ "type": "Feature", "properties": { "Id": 0, "Floor": 7, "height": 21 }, "geometry": { "type": "Polygon", "coordinates": [ [ [ 121.496438158000046, 31.290403765200097 ], [ 121.496115150000151, 31.290155348400049 ], [ 121.496115135999958, 31.290320314400049 ], [ 121.496341240999982, 31.290495122400102 ], [ 121.496438158000046, 31.290403765200097 ] ] ] } },
{ "type": "Feature", "properties": { "Id": 0, "Floor": 3, "height": 9 }, "geometry": { "type": "Polygon", "coordinates": [ [ [ 121.496535058000063, 31.290514032600129 ], [ 121.49648122300016, 31.290468047500099 ], [ 121.496414587881262, 31.290528759922566 ], [ 121.496517321707103, 31.290529962254809 ], [ 121.496535058000063, 31.290514032600129 ] ] ] } },
{ "type": "Feature", "properties": { "Id": 0, "Floor": 7, "height": 21 }, "geometry": { "type": "Polygon", "coordinates": [ [ [ 121.504492558000152, 31.287220086900106 ], [ 121.504384881999954, 31.28725642789999 ], [ 121.504384875000028, 31.287329748200023 ], [ 121.504524855000113, 31.287284337899962 ], [ 121.504492558000152, 31.287220086900106 ] ] ] } },
{ "type": "Feature", "properties": { "Id": 0, "Floor": 7, "height": 21 }, "geometry": { "type": "Polygon", "coordinates": [ [ [ 121.504384863000041, 31.287476388600112 ], [ 121.504384856, 31.287558873700107 ], [ 121.504529981095416, 31.28750877084267 ], [ 121.504531313846044, 31.287424336897661 ], [ 121.504384863000041, 31.287476388600112 ] ] ] } },
{ "type": "Feature", "properties": { "Id": 0, "Floor": 9, "height": 27 }, "geometry": { "type": "Polygon", "coordinates": [ [ [ 121.504427867, 31.28824637510013 ], [ 121.504515610194389, 31.288419212639223 ], [ 121.504518894622663, 31.288211133774176 ], [ 121.504427867, 31.28824637510013 ] ] ] } },
{ "type": "Feature", "properties": { "Id": 0, "Floor": 1, "height": 3 }, "geometry": { "type": "Polygon", "coordinates": [ [ [ 121.50448576549303, 31.290309968371798 ], [ 121.504487781216838, 31.29018226592602 ], [ 121.504384630000118, 31.290225858200017 ], [ 121.50438462000011, 31.290335835500002 ], [ 121.504481529000032, 31.290299463600036 ], [ 121.50448576549303, 31.290309968371798 ] ] ] } },
{ "type": "Feature", "properties": { "Id": 0, "Floor": 11, "height": 33 }, "geometry": { "type": "Polygon", "coordinates": [ [ [ 121.493606555000156, 31.287040924200141 ], [ 121.493552716000067, 31.287059093000096 ], [ 121.493466571999988, 31.287095495300093 ], [ 121.493541932000085, 31.287251526700004 ], [ 121.493692683000177, 31.287196988000062 ], [ 121.493606555000156, 31.287040924200141 ] ] ] } },
{ "type": "Feature", "properties": { "Id": 0, "Floor": 5, "height": 15 }, "geometry": { "type": "Polygon", "coordinates": [ [ [ 121.494661778000022, 31.287089910600116 ], [ 121.494327968999983, 31.287235551200126 ], [ 121.494371033, 31.287318165500096 ], [ 121.494704842000033, 31.287172525000074 ], [ 121.494661778000022, 31.287089910600116 ] ] ] } },
{ "type": "Feature", "properties": { "Id": 0, "Floor": 6, "height": 18 }, "geometry": { "type": "Polygon", "coordinates": [ [ [ 121.494263378000028, 31.28707038680011 ], [ 121.49415569700011, 31.287125054499995 ], [ 121.493811121000022, 31.287270663000015 ], [ 121.493886483000097, 31.287399199200024 ], [ 121.494349507000152, 31.287208120599928 ], [ 121.494263378000028, 31.28707038680011 ] ] ] } },
{ "type": "Feature", "properties": { "Id": 0, "Floor": 2, "height": 6 }, "geometry": { "type": "Polygon", "coordinates": [ [ [ 121.494823269999983, 31.287356180600113 ], [ 121.494715591000045, 31.287392518100091 ], [ 121.494780183999978, 31.287539352000124 ], [ 121.494898632000059, 31.28749388180006 ], [ 121.494823269999983, 31.287356180600113 ] ] ] } },
{ "type": "Feature", "properties": { "Id": 0, "Floor": 5, "height": 15 }, "geometry": { "type": "Polygon", "coordinates": [ [ [ 121.493714195000052, 31.287472003300024 ], [ 121.493638832000102, 31.287352632299985 ], [ 121.493358864000015, 31.287470939200091 ], [ 121.49335885500011, 31.287580919300126 ], [ 121.493466530999967, 31.287581241800012 ], [ 121.493714195000052, 31.287472003300024 ] ] ] } },
{ "type": "Feature", "properties": { "Id": 0, "Floor": 4, "height": 12 }, "geometry": { "type": "Polygon", "coordinates": [ [ [ 121.494080288999953, 31.287528090100068 ], [ 121.494069516999957, 31.2875830479 ], [ 121.494209496000053, 31.287583467200136 ], [ 121.494371016000059, 31.287519796000083 ], [ 121.494284889000141, 31.287354567600062 ], [ 121.4941126, 31.287427371600074 ], [ 121.494155665000108, 31.287500820800005 ], [ 121.494080288999953, 31.287528090100068 ] ] ] } },
{ "type": "Feature", "properties": { "Id": 0, "Floor": 4, "height": 12 }, "geometry": { "type": "Polygon", "coordinates": [ [ [ 121.493681883000022, 31.287581886700139 ], [ 121.494069516999957, 31.2875830479 ], [ 121.493628048000119, 31.28753590040003 ], [ 121.493617277, 31.287581693200025 ], [ 121.493681883000022, 31.287581886700139 ] ] ] } },
{ "type": "Feature", "properties": { "Id": 0, "Floor": 4, "height": 12 }, "geometry": { "type": "Polygon", "coordinates": [ [ [ 121.49410181099995, 31.287683959699962 ], [ 121.49411258300006, 31.287638166900024 ], [ 121.494198722999954, 31.287638425000068 ], [ 121.494209496000053, 31.287583467200136 ], [ 121.493735721000235, 31.287582047987826 ], [ 121.493724948000136, 31.287646170799974 ], [ 121.49410181099995, 31.287683959699962 ] ] ] } },
{ "type": "Feature", "properties": { "Id": 0, "Floor": 6, "height": 18 }, "geometry": { "type": "Polygon", "coordinates": [ [ [ 121.493735721, 31.287582048000104 ], [ 121.493681883000022, 31.287581886700139 ], [ 121.493617277, 31.287581693200025 ], [ 121.493584956000063, 31.287792391500034 ], [ 121.493703398999969, 31.28780191120012 ], [ 121.493724948000136, 31.287646170799974 ], [ 121.493735721, 31.287582048000104 ] ] ] } },
{ "type": "Feature", "properties": { "Id": 0, "Floor": 8, "height": 24 }, "geometry": { "type": "Polygon", "coordinates": [ [ [ 121.495027808000032, 31.287915858800091 ], [ 121.495027816999936, 31.287805879000075 ], [ 121.494640184, 31.287786387600079 ], [ 121.494629398000143, 31.287997149899979 ], [ 121.494737074, 31.288006637400031 ], [ 121.494747849999953, 31.287905854999963 ], [ 121.495027808000032, 31.287915858800091 ] ] ] } },
{ "type": "Feature", "properties": { "Id": 0, "Floor": 14, "height": 42 }, "geometry": { "type": "Polygon", "coordinates": [ [ [ 121.492497477000029, 31.287239234700053 ], [ 121.492497481999976, 31.287175079400129 ], [ 121.492368276000093, 31.287128867600074 ], [ 121.492282134999982, 31.28712860980005 ], [ 121.492282123, 31.2872752504 ], [ 121.492368263, 31.287275508199968 ], [ 121.492497477000029, 31.287239234700053 ] ] ] } },
{ "type": "Feature", "properties": { "Id": 0, "Floor": 4, "height": 12 }, "geometry": { "type": "Polygon", "coordinates": [ [ [ 121.49335887999996, 31.287278473599997 ], [ 121.493283519000101, 31.287140772300063 ], [ 121.49303585600012, 31.287240846299994 ], [ 121.493132748999983, 31.287415271999976 ], [ 121.493358876, 31.287324298800002 ], [ 121.49335887999996, 31.287278473599997 ] ] ] } },
{ "type": "Feature", "properties": { "Id": 0, "Floor": 4, "height": 12 }, "geometry": { "type": "Polygon", "coordinates": [ [ [ 121.49335887999996, 31.287278473599997 ], [ 121.493358876, 31.287324298800002 ], [ 121.493380411999965, 31.287315198300064 ], [ 121.49335887999996, 31.287278473599997 ] ] ] } },
{ "type": "Feature", "properties": { "Id": 0, "Floor": 5, "height": 15 }, "geometry": { "type": "Polygon", "coordinates": [ [ [ 121.493294256000013, 31.287498240800005 ], [ 121.49335885500011, 31.287580919300126 ], [ 121.493358864000015, 31.287470939200091 ], [ 121.493294256000013, 31.287498240800005 ] ] ] } },
{ "type": "Feature", "properties": { "Id": 0, "Floor": 5, "height": 15 }, "geometry": { "type": "Polygon", "coordinates": [ [ [ 121.493466530999967, 31.287581241800012 ], [ 121.49335885500011, 31.287580919300126 ], [ 121.493358852000028, 31.287608414299996 ], [ 121.493369617999974, 31.287626776600121 ], [ 121.493466530999967, 31.287581241800012 ] ] ] } },
{ "type": "Feature", "properties": { "Id": 0, "Floor": 7, "height": 21 }, "geometry": { "type": "Polygon", "coordinates": [ [ [ 121.492755810000062, 31.288275652200127 ], [ 121.492325108000045, 31.288274363200117 ], [ 121.492325101, 31.288356847700072 ], [ 121.492745035000098, 31.288367269399998 ], [ 121.492755810000062, 31.288275652200127 ] ] ] } },
{ "type": "Feature", "properties": { "Id": 0, "Floor": 16, "height": 48 }, "geometry": { "type": "Polygon", "coordinates": [ [ [ 121.493143417000056, 31.288579255499997 ], [ 121.493261856, 31.28863459960013 ], [ 121.493315701000029, 31.288561441500121 ], [ 121.493240330000162, 31.288533721100066 ], [ 121.4932295750001, 31.288377884999989 ], [ 121.492981920000034, 31.28838630840005 ], [ 121.492981908000047, 31.288532947300041 ], [ 121.492906531000131, 31.288569381400009 ], [ 121.492960364000055, 31.288633696999966 ], [ 121.49308957900007, 31.288579094300019 ], [ 121.493143417000056, 31.288579255499997 ] ] ] } },
{ "type": "Feature", "properties": { "Id": 0, "Floor": 7, "height": 21 }, "geometry": { "type": "Polygon", "coordinates": [ [ [ 121.492745018000051, 31.288568897900063 ], [ 121.492325082999969, 31.28855847620008 ], [ 121.492325077000032, 31.288631795500066 ], [ 121.492745011000125, 31.288642217199993 ], [ 121.492745018000051, 31.288568897900063 ] ] ] } },
{ "type": "Feature", "properties": { "Id": 0, "Floor": 7, "height": 21 }, "geometry": { "type": "Polygon", "coordinates": [ [ [ 121.492841896000073, 31.288917454300133 ], [ 121.492217376000099, 31.28892475020001 ], [ 121.49221736800007, 31.289025563899997 ], [ 121.49284188699994, 31.289027433000058 ], [ 121.492841896000073, 31.288917454300133 ] ] ] } },
{ "type": "Feature", "properties": { "Id": 0, "Floor": 7, "height": 21 }, "geometry": { "type": "Polygon", "coordinates": [ [ [ 121.492992619, 31.289192851999985 ], [ 121.493100294999977, 31.28919317430001 ], [ 121.493100310000159, 31.289019041699987 ], [ 121.492992632999972, 31.289027884300026 ], [ 121.492992628000025, 31.289082873500092 ], [ 121.492917254999952, 31.289082647900102 ], [ 121.492917249000129, 31.289155966800024 ], [ 121.492992622000088, 31.289156192500002 ], [ 121.492992619, 31.289192851999985 ] ] ] } },
{ "type": "Feature", "properties": { "Id": 0, "Floor": 10, "height": 30 }, "geometry": { "type": "Polygon", "coordinates": [ [ [ 121.494231008000042, 31.287849316600045 ], [ 121.49383261000014, 31.287811463200001 ], [ 121.493811063000066, 31.287948873400012 ], [ 121.494123320999961, 31.287977303700075 ], [ 121.494209460999969, 31.287986726700069 ], [ 121.494231008000042, 31.287849316600045 ] ] ] } },
{ "type": "Feature", "properties": { "Id": 0, "Floor": 4, "height": 12 }, "geometry": { "type": "Polygon", "coordinates": [ [ [ 121.494123320999961, 31.287977303700075 ], [ 121.494112544000018, 31.28808725110008 ], [ 121.494198684000025, 31.288096674100075 ], [ 121.494209460999969, 31.287986726700069 ], [ 121.494123320999961, 31.287977303700075 ] ] ] } },
{ "type": "Feature", "properties": { "Id": 0, "Floor": 6, "height": 18 }, "geometry": { "type": "Polygon", "coordinates": [ [ [ 121.494198684000025, 31.288096674100075 ], [ 121.494112544000018, 31.28808725110008 ], [ 121.494090998000047, 31.288215496000134 ], [ 121.494360186999984, 31.288234632299975 ], [ 121.494381732999955, 31.288115552400029 ], [ 121.494198684000025, 31.288096674100075 ] ] ] } },
{ "type": "Feature", "properties": { "Id": 0, "Floor": 7, "height": 21 }, "geometry": { "type": "Polygon", "coordinates": [ [ [ 121.494898560000024, 31.288337059800028 ], [ 121.49499546800007, 31.288346515100045 ], [ 121.495017015000144, 31.288209105500073 ], [ 121.495264669, 31.288237342400009 ], [ 121.495275446000164, 31.288127395200036 ], [ 121.494920117, 31.288089670600073 ], [ 121.494909340000049, 31.288190452900096 ], [ 121.494489405999957, 31.288143369900013 ], [ 121.494489402999989, 31.288189194700124 ], [ 121.494435565, 31.28817986840005 ], [ 121.494435558999953, 31.288253188000056 ], [ 121.494898563000106, 31.288300400000026 ], [ 121.494898560000024, 31.288337059800028 ] ] ] } },
{ "type": "Feature", "properties": { "Id": 0, "Floor": 16, "height": 48 }, "geometry": { "type": "Polygon", "coordinates": [ [ [ 121.493595625000125, 31.288956370800008 ], [ 121.493724831, 31.289011747100005 ], [ 121.493767908000109, 31.288938557 ], [ 121.493692537000015, 31.288910836599996 ], [ 121.493692550000105, 31.288755033300106 ], [ 121.493444895000152, 31.288763456500021 ], [ 121.493444882000063, 31.288910094900132 ], [ 121.493369506000022, 31.28894652870008 ], [ 121.493423337999957, 31.289010844100005 ], [ 121.49354178700014, 31.2889562095001 ], [ 121.493595625000125, 31.288956370800008 ] ] ] } },
{ "type": "Feature", "properties": { "Id": 0, "Floor": 16, "height": 48 }, "geometry": { "type": "Polygon", "coordinates": [ [ [ 121.494047833000081, 31.289324320200024 ], [ 121.494177038999965, 31.289388861299983 ], [ 121.494230884, 31.289306538900064 ], [ 121.494144745999961, 31.289278786199986 ], [ 121.494144758999937, 31.289122983500022 ], [ 121.493897103, 31.289131406500076 ], [ 121.493897090000132, 31.289287209200097 ], [ 121.493821714000092, 31.289314478000108 ], [ 121.49387554600014, 31.289387958099951 ], [ 121.494004763000021, 31.289324191200137 ], [ 121.494047833000081, 31.289324320200024 ] ] ] } },
{ "type": "Feature", "properties": { "Id": 0, "Floor": 7, "height": 21 }, "geometry": { "type": "Polygon", "coordinates": [ [ [ 121.494812314, 31.289564896600098 ], [ 121.494618497000033, 31.289564315899952 ], [ 121.494618486000149, 31.289692623500059 ], [ 121.494812303000117, 31.289693204200034 ], [ 121.494812314, 31.289564896600098 ] ] ] } },
{ "type": "Feature", "properties": { "Id": 0, "Floor": 7, "height": 21 }, "geometry": { "type": "Polygon", "coordinates": [ [ [ 121.493714017, 31.28956160630014 ], [ 121.493638638000107, 31.289625534400102 ], [ 121.493875509999953, 31.289809540300041 ], [ 121.493950889000075, 31.289745612400111 ], [ 121.493714017, 31.28956160630014 ] ] ] } },
{ "type": "Feature", "properties": { "Id": 0, "Floor": 7, "height": 21 }, "geometry": { "type": "Polygon", "coordinates": [ [ [ 121.494575407999946, 31.289774977799993 ], [ 121.494381590999978, 31.289774397100075 ], [ 121.494381580000095, 31.289902704399935 ], [ 121.494575398000165, 31.289903285100081 ], [ 121.494575407999946, 31.289774977799993 ] ] ] } },
{ "type": "Feature", "properties": { "Id": 0, "Floor": 7, "height": 21 }, "geometry": { "type": "Polygon", "coordinates": [ [ [ 121.494338504999973, 31.289957564200051 ], [ 121.494144688, 31.289956983600121 ], [ 121.494144677000122, 31.290085290700006 ], [ 121.49433849400009, 31.290085871300107 ], [ 121.494338504999973, 31.289957564200051 ] ] ] } },
{ "type": "Feature", "properties": { "Id": 0, "Floor": 7, "height": 21 }, "geometry": { "type": "Polygon", "coordinates": [ [ [ 121.495576869000161, 31.28895314180005 ], [ 121.495587648999958, 31.288815700600082 ], [ 121.495856839, 31.288825672200005 ], [ 121.495867615000066, 31.288724890500021 ], [ 121.495490750000044, 31.288696266499983 ], [ 121.495479973999977, 31.288797048200138 ], [ 121.495060037000144, 31.288777460000063 ], [ 121.495060034000062, 31.288814119600033 ], [ 121.495016964000115, 31.288813990599976 ], [ 121.495006190000026, 31.288878112600116 ], [ 121.495479963999969, 31.288907026900063 ], [ 121.495479961000115, 31.288943686500033 ], [ 121.495576869000161, 31.28895314180005 ] ] ] } },
{ "type": "Feature", "properties": { "Id": 0, "Floor": 5, "height": 15 }, "geometry": { "type": "Polygon", "coordinates": [ [ [ 121.496115239000119, 31.289101393199985 ], [ 121.496115249000127, 31.288991414600048 ], [ 121.495996805, 31.288981894800031 ], [ 121.495996801000047, 31.289027719200078 ], [ 121.495953731999975, 31.289018425300071 ], [ 121.495942954000157, 31.289137536400062 ], [ 121.496018327, 31.289146927100035 ], [ 121.496018331000073, 31.289091937900139 ], [ 121.496115239000119, 31.289101393199985 ] ] ] } },
{ "type": "Feature", "properties": { "Id": 0, "Floor": 3, "height": 9 }, "geometry": { "type": "Polygon", "coordinates": [ [ [ 121.496115233999944, 31.289165547299945 ], [ 121.495953719, 31.289165063300118 ], [ 121.495953714000166, 31.289220052500127 ], [ 121.496115228, 31.289238866200094 ], [ 121.496115233999944, 31.289165547299945 ] ] ] } },
{ "type": "Feature", "properties": { "Id": 0, "Floor": 4, "height": 12 }, "geometry": { "type": "Polygon", "coordinates": [ [ [ 121.495038438000051, 31.289528914800144 ], [ 121.495124586000088, 31.289446689399995 ], [ 121.494920014000058, 31.289290273900065 ], [ 121.494866172, 31.289335936800001 ], [ 121.494812337000099, 31.289299116100096 ], [ 121.4947369570001, 31.289372209100009 ], [ 121.494952297000168, 31.289528656700099 ], [ 121.494995370999959, 31.289492126400091 ], [ 121.495038438000051, 31.289528914800144 ] ] ] } },
{ "type": "Feature", "properties": { "Id": 0, "Floor": 7, "height": 21 }, "geometry": { "type": "Polygon", "coordinates": [ [ [ 121.495372233000012, 31.289557409600093 ], [ 121.495178415000169, 31.28955682880013 ], [ 121.495178403999944, 31.289685136400067 ], [ 121.495372222000128, 31.28968571720003 ], [ 121.495372233000012, 31.289557409600093 ] ] ] } },
{ "type": "Feature", "properties": { "Id": 0, "Floor": 7, "height": 21 }, "geometry": { "type": "Polygon", "coordinates": [ [ [ 121.495081498000104, 31.289648186700049 ], [ 121.494887681000137, 31.289647605899916 ], [ 121.494887670000026, 31.289775913400035 ], [ 121.495081487, 31.289776494199998 ], [ 121.495081498000104, 31.289648186700049 ] ] ] } },
{ "type": "Feature", "properties": { "Id": 0, "Floor": 7, "height": 21 }, "geometry": { "type": "Polygon", "coordinates": [ [ [ 121.495598338000036, 31.289741383700061 ], [ 121.495404519999965, 31.289740802900099 ], [ 121.495404509000082, 31.289869110300003 ], [ 121.495598327000152, 31.289869690999922 ], [ 121.495598338000036, 31.289741383700061 ] ] ] } },
{ "type": "Feature", "properties": { "Id": 0, "Floor": 7, "height": 21 }, "geometry": { "type": "Polygon", "coordinates": [ [ [ 121.495329137999988, 31.28984139 ], [ 121.495135320000031, 31.28984080920003 ], [ 121.495135312000116, 31.289932457199995 ], [ 121.495329129999959, 31.289933038000129 ], [ 121.495329137999988, 31.28984139 ] ] ] } },
{ "type": "Feature", "properties": { "Id": 0, "Floor": 7, "height": 21 }, "geometry": { "type": "Polygon", "coordinates": [ [ [ 121.495641392000039, 31.289933973699988 ], [ 121.495835209, 31.289934554500121 ], [ 121.495727540000075, 31.289851748600029 ], [ 121.495641392000039, 31.289933973699988 ] ] ] } },
{ "type": "Feature", "properties": { "Id": 0, "Floor": 7, "height": 21 }, "geometry": { "type": "Polygon", "coordinates": [ [ [ 121.495329129999959, 31.289933038000129 ], [ 121.495135312000116, 31.289932457199995 ], [ 121.495135309000034, 31.28996911640013 ], [ 121.495329127, 31.289969697200036 ], [ 121.495329129999959, 31.289933038000129 ] ] ] } },
{ "type": "Feature", "properties": { "Id": 0, "Floor": 7, "height": 21 }, "geometry": { "type": "Polygon", "coordinates": [ [ [ 121.492561916, 31.289191562700125 ], [ 121.492141982000021, 31.289181141299991 ], [ 121.492141974, 31.289272789899996 ], [ 121.492561909000074, 31.289274046499997 ], [ 121.492561916, 31.289191562700125 ] ] ] } },
{ "type": "Feature", "properties": { "Id": 0, "Floor": 5, "height": 15 }, "geometry": { "type": "Polygon", "coordinates": [ [ [ 121.492755727000144, 31.289247132000014 ], [ 121.492841868000028, 31.289247389900027 ], [ 121.492841872999975, 31.289183235800067 ], [ 121.492637289999948, 31.289182623399995 ], [ 121.492637281000043, 31.289283436900121 ], [ 121.492755724000176, 31.28928379140001 ], [ 121.492755727000144, 31.289247132000014 ] ] ] } },
{ "type": "Feature", "properties": { "Id": 0, "Floor": 7, "height": 21 }, "geometry": { "type": "Polygon", "coordinates": [ [ [ 121.493240255000046, 31.289404385199987 ], [ 121.493358699000055, 31.289404739800091 ], [ 121.493358713000134, 31.289239772500025 ], [ 121.49324027, 31.289239417800104 ], [ 121.493240265000054, 31.289294406900126 ], [ 121.493164891999982, 31.289294181300136 ], [ 121.493164885000056, 31.28936750010007 ], [ 121.493240259, 31.289367725800048 ], [ 121.493240255000046, 31.289404385199987 ] ] ] } },
{ "type": "Feature", "properties": { "Id": 0, "Floor": 7, "height": 21 }, "geometry": { "type": "Polygon", "coordinates": [ [ [ 121.492992592000064, 31.28950445690009 ], [ 121.493100268000148, 31.289504779299989 ], [ 121.493100283, 31.289330647200131 ], [ 121.492992607000019, 31.28933032490005 ], [ 121.492992602000072, 31.289385314000072 ], [ 121.492917229, 31.289385088300094 ], [ 121.492917222999949, 31.289458407100028 ], [ 121.492992596000022, 31.289458632700018 ], [ 121.492992592000064, 31.28950445690009 ] ] ] } },
{ "type": "Feature", "properties": { "Id": 0, "Floor": 7, "height": 21 }, "geometry": { "type": "Polygon", "coordinates": [ [ [ 121.493477128, 31.289579226499995 ], [ 121.493584804000079, 31.289579549000109 ], [ 121.493584819000148, 31.289405417000069 ], [ 121.493477143000064, 31.289405094500012 ], [ 121.493477137000127, 31.289469248499984 ], [ 121.493401764000168, 31.289469022699961 ], [ 121.493401758, 31.289542341400079 ], [ 121.493477130999963, 31.289542567200044 ], [ 121.493477128, 31.289579226499995 ] ] ] } },
{ "type": "Feature", "properties": { "Id": 0, "Floor": 7, "height": 21 }, "geometry": { "type": "Polygon", "coordinates": [ [ [ 121.492820303000144, 31.289595589500038 ], [ 121.492206552000084, 31.2895937527 ], [ 121.492206546000034, 31.289667071400061 ], [ 121.49282029699998, 31.289668908100111 ], [ 121.492820303000144, 31.289595589500038 ] ] ] } },
{ "type": "Feature", "properties": { "Id": 0, "Floor": 7, "height": 21 }, "geometry": { "type": "Polygon", "coordinates": [ [ [ 121.493164853000053, 31.289743258300064 ], [ 121.493272529000023, 31.289743580700133 ], [ 121.493272543999979, 31.289569448999941 ], [ 121.493164868000122, 31.289569126600099 ], [ 121.493164863000061, 31.289633280400039 ], [ 121.493089490000102, 31.289633054700062 ], [ 121.493089483000063, 31.289706373300135 ], [ 121.493164857000011, 31.289706599000112 ], [ 121.493164853000053, 31.289743258300064 ] ] ] } },
{ "type": "Feature", "properties": { "Id": 0, "Floor": 7, "height": 21 }, "geometry": { "type": "Polygon", "coordinates": [ [ [ 121.492938718, 31.289925877500025 ], [ 121.493046394000089, 31.28992619980005 ], [ 121.493046408000055, 31.289761233300055 ], [ 121.492938732000084, 31.289760910899986 ], [ 121.492938728000013, 31.289815899799976 ], [ 121.492874121999989, 31.28981570640002 ], [ 121.492874116000053, 31.289889024900106 ], [ 121.492938722000076, 31.289889218300061 ], [ 121.492938718, 31.289925877500025 ] ] ] } },
{ "type": "Feature", "properties": { "Id": 0, "Floor": 7, "height": 21 }, "geometry": { "type": "Polygon", "coordinates": [ [ [ 121.492755676, 31.289852011100095 ], [ 121.492131156000028, 31.289859307000143 ], [ 121.492131150999967, 31.289923460600107 ], [ 121.492755670000065, 31.289925329500136 ], [ 121.492755676, 31.289852011100095 ] ] ] } },
{ "type": "Feature", "properties": { "Id": 0, "Floor": 7, "height": 21 }, "geometry": { "type": "Polygon", "coordinates": [ [ [ 121.492131150999967, 31.289923460600107 ], [ 121.492131149000102, 31.289941790199975 ], [ 121.492755670000065, 31.289925329500136 ], [ 121.492131150999967, 31.289923460600107 ] ] ] } },
{ "type": "Feature", "properties": { "Id": 0, "Floor": 7, "height": 21 }, "geometry": { "type": "Polygon", "coordinates": [ [ [ 121.495835209, 31.289934554500121 ], [ 121.495641392000039, 31.289933973699988 ], [ 121.495899797, 31.290145538300123 ], [ 121.495996713000068, 31.290063345600004 ], [ 121.495835209, 31.289934554500121 ] ] ] } },
{ "type": "Feature", "properties": { "Id": 0, "Floor": 7, "height": 21 }, "geometry": { "type": "Polygon", "coordinates": [ [ [ 121.495512169000108, 31.290061893700113 ], [ 121.495436788, 31.290144150900062 ], [ 121.495705964999956, 31.290319088300123 ], [ 121.495781344999955, 31.290236831199934 ], [ 121.495512169000108, 31.290061893700113 ] ] ] } },
{ "type": "Feature", "properties": { "Id": 0, "Floor": 7, "height": 21 }, "geometry": { "type": "Polygon", "coordinates": [ [ [ 121.496050547999971, 31.290100166100103 ], [ 121.495953632000123, 31.290191523599958 ], [ 121.496115135999958, 31.290320314400049 ], [ 121.496115150000151, 31.290146183599973 ], [ 121.496050547999971, 31.290100166100103 ] ] ] } },
{ "type": "Feature", "properties": { "Id": 0, "Floor": 7, "height": 21 }, "geometry": { "type": "Polygon", "coordinates": [ [ [ 121.495307565000076, 31.290281235400073 ], [ 121.495242951000023, 31.290372689400044 ], [ 121.495530141558376, 31.290518408917691 ], [ 121.495534888850088, 31.290518464477014 ], [ 121.495598279000092, 31.290428742799975 ], [ 121.495307565000076, 31.290281235400073 ] ] ] } },
{ "type": "Feature", "properties": { "Id": 0, "Floor": 7, "height": 21 }, "geometry": { "type": "Polygon", "coordinates": [ [ [ 121.49593207700002, 31.290420578299972 ], [ 121.495867464000071, 31.290502867499981 ], [ 121.495900869311399, 31.290522747682722 ], [ 121.496105240563878, 31.290525139515644 ], [ 121.49593207700002, 31.290420578299972 ] ] ] } },
{ "type": "Feature", "properties": { "Id": 0, "Floor": 7, "height": 21 }, "geometry": { "type": "Polygon", "coordinates": [ [ [ 121.495102961000157, 31.290500576600039 ], [ 121.495095459637, 31.290513321673195 ], [ 121.495136105053916, 31.290513797361655 ], [ 121.495102961000157, 31.290500576600039 ] ] ] } },
{ "type": "Feature", "properties": { "Id": 0, "Floor": 4, "height": 12 }, "geometry": { "type": "Polygon", "coordinates": [ [ [ 121.493358631999968, 31.290192913700082 ], [ 121.492098826000074, 31.29018914290009 ], [ 121.492098814999963, 31.290308284899993 ], [ 121.493358621000084, 31.290321220599935 ], [ 121.493358631999968, 31.290192913700082 ] ] ] } },
{ "type": "Feature", "properties": { "Id": 0, "Floor": 4, "height": 12 }, "geometry": { "type": "Polygon", "coordinates": [ [ [ 121.493541655195514, 31.29049513692085 ], [ 121.493637131039748, 31.290496254310231 ], [ 121.493627816000071, 31.290257873300106 ], [ 121.493573978000086, 31.290266876900091 ], [ 121.493573984000022, 31.290193558700082 ], [ 121.493358631999968, 31.290192913700082 ], [ 121.493358621000084, 31.290321220599935 ], [ 121.493541670000013, 31.290321768700039 ], [ 121.493541655195514, 31.29049513692085 ] ] ] } },
{ "type": "Feature", "properties": { "Id": 0, "Floor": 16, "height": 48 }, "geometry": { "type": "Polygon", "coordinates": [ [ [ 121.492949443000157, 31.290429972600066 ], [ 121.492884837000133, 31.29042977920011 ], [ 121.492884845000162, 31.290338131600038 ], [ 121.492647959000124, 31.290337422500045 ], [ 121.492647951000095, 31.290429070100117 ], [ 121.492583345000071, 31.290428876699991 ], [ 121.492583340631967, 31.29048392140843 ], [ 121.492949437916891, 31.290488205981369 ], [ 121.492949443000157, 31.290429972600066 ] ] ] } },
{ "type": "Feature", "properties": { "Id": 0, "Floor": 16, "height": 48 }, "geometry": { "type": "Polygon", "coordinates": [ [ [ 121.493358619000105, 31.290348714900119 ], [ 121.493154033, 31.290357266999933 ], [ 121.493154025999957, 31.290448914600063 ], [ 121.493078653, 31.29043952420011 ], [ 121.493078649016823, 31.290489718187018 ], [ 121.49335860625574, 31.290492994630899 ], [ 121.493358619000105, 31.290348714900119 ] ] ] } },
{ "type": "Feature", "properties": { "Id": 0, "Floor": 16, "height": 48 }, "geometry": { "type": "Polygon", "coordinates": [ [ [ 121.493444751999959, 31.290440620400034 ], [ 121.493390913999974, 31.290440459200113 ], [ 121.493390921000127, 31.29034881160004 ], [ 121.493358619000105, 31.290348714900119 ], [ 121.49335860625574, 31.290492994630899 ], [ 121.493444747234307, 31.29049400277087 ], [ 121.493444751999959, 31.290440620400034 ] ] ] } },
{ "type": "Feature", "properties": { "Id": 0, "Floor": 7, "height": 21 }, "geometry": { "type": "Polygon", "coordinates": [ [ [ 121.494596914999988, 31.29011413989997 ], [ 121.494403097000145, 31.290113559200051 ], [ 121.494403087000023, 31.29024186620012 ], [ 121.494596904000105, 31.290242446900038 ], [ 121.494596914999988, 31.29011413989997 ] ] ] } },
{ "type": "Feature", "properties": { "Id": 0, "Floor": 7, "height": 21 }, "geometry": { "type": "Polygon", "coordinates": [ [ [ 121.49415543900011, 31.290149476400131 ], [ 121.493961622000143, 31.29014889580003 ], [ 121.493961611000032, 31.290277202700054 ], [ 121.494155428, 31.290277783299985 ], [ 121.49415543900011, 31.290149476400131 ] ] ] } },
{ "type": "Feature", "properties": { "Id": 0, "Floor": 4, "height": 12 }, "geometry": { "type": "Polygon", "coordinates": [ [ [ 121.494855326, 31.290252385900089 ], [ 121.494801479999978, 31.290343872300014 ], [ 121.494952220999949, 31.290417642100067 ], [ 121.494995300000028, 31.290316958799963 ], [ 121.494855326, 31.290252385900089 ] ] ] } },
{ "type": "Feature", "properties": { "Id": 0, "Floor": 3, "height": 9 }, "geometry": { "type": "Polygon", "coordinates": [ [ [ 121.494823003999954, 31.290481408200037 ], [ 121.494789594448648, 31.290509742018926 ], [ 121.494874413377488, 31.290510734686457 ], [ 121.494823003999954, 31.290481408200037 ] ] ] } },
{ "type": "Feature", "properties": { "Id": 0, "Floor": 5, "height": 15 }, "geometry": { "type": "Polygon", "coordinates": [ [ [ 121.494101571999977, 31.290488411500007 ], [ 121.494015431000093, 31.290488153500007 ], [ 121.494015429889402, 31.290500681682627 ], [ 121.494101570822806, 31.290501689822069 ], [ 121.494101571999977, 31.290488411500007 ] ] ] } },
{ "type": "Feature", "properties": { "Id": 0, "Floor": 6, "height": 18 }, "geometry": { "type": "Polygon", "coordinates": [ [ [ 121.490031443850398, 31.290454055609523 ], [ 121.490289862251174, 31.290457079976356 ], [ 121.49028986899998, 31.290376196800082 ], [ 121.490376008999988, 31.290376454000011 ], [ 121.490376017000017, 31.290275641600033 ], [ 121.490419087000078, 31.290275770200083 ], [ 121.490419092000138, 31.290220781500068 ], [ 121.48995609200017, 31.290219399599948 ], [ 121.489956079000081, 31.290375200699998 ], [ 121.490031451000164, 31.290375425600075 ], [ 121.490031443850398, 31.290454055609523 ] ] ] } },
{ "type": "Feature", "properties": { "Id": 0, "Floor": 7, "height": 21 }, "geometry": { "type": "Polygon", "coordinates": [ [ [ 121.490806710000015, 31.29034108120004 ], [ 121.490655965999963, 31.290340630900005 ], [ 121.490655960000026, 31.290404784200064 ], [ 121.490602123000031, 31.290404623500024 ], [ 121.490602118408162, 31.290460734426514 ], [ 121.490814250815248, 31.290463217091119 ], [ 121.490806710000015, 31.29034108120004 ] ] ] } },
{ "type": "Feature", "properties": { "Id": 0, "Floor": 7, "height": 21 }, "geometry": { "type": "Polygon", "coordinates": [ [ [ 121.490602123000031, 31.290404623500024 ], [ 121.490332935999959, 31.290403819699975 ], [ 121.490332931487316, 31.290457584031678 ], [ 121.490602118408162, 31.290460734426514 ], [ 121.490602123000031, 31.290404623500024 ] ] ] } }
]
}
