date,start_hhmmss,mission_data_take,order_id,polarisation,zip_path,zip_size_bytes,zip_sha256,measurement_member,measurement_size_bytes,measurement_crc32,manifest_member,annotation_member,calibration_member,sensing_start,sensing_stop,pass,mode,swath,platform_heading_deg,range_sampling_rate_hz,radar_frequency_hz,range_pixel_spacing_m,azimuth_pixel_spacing_m,azimuth_time_interval_s,number_of_samples,number_of_lines,mid_swath_incidence_deg,bbox_west,bbox_south,bbox_east,bbox_north,paper_center_intersects,footprint_lonlat,logical_duplicate_count,logical_preferred,selected_center_segment
20231007,032017,001489,000017,VV,/home/u/Downloads/中国天津市点位2/降轨-左视/BC3-001489/BC3-SM-SLC-1SVV-20231007T032017-001489-000017-0005D1.zip,668090025,d105aa45d131c3283934cf818594e603b8ff7c5b83593e0f4c7aac2a7eb00a7d,BC3-SM-SLC-1SVV-20231007T032017-001489-000017-0005D1/measurement/bc3-sm-slc-vv-20231007t032017-001489-000017-0005d1-01.tiff,697034339,b799768b,BC3-SM-SLC-1SVV-20231007T032017-001489-000017-0005D1/manifest.safe,BC3-SM-SLC-1SVV-20231007T032017-001489-000017-0005D1/annotation/bc3-sm-slc-vv-20231007t032017-001489-000017-0005d1-01.xml,BC3-SM-SLC-1SVV-20231007T032017-001489-000017-0005D1/annotation/calibration/calibration-bc3-sm-slc-vv-20231007t032017-001489-000017-0005d1-01.xml,2023-10-07T03:20:17.258977,2023-10-07T03:20:20.649293,DESCENDING,S1,S1,167.5293,120000000.0,5400000100.0,1.249135241667,1.790613058378,0.0002418,12426,14022,37.6208,117.003,39.1027,117.36,39.3729,True,"[[117.0749, 39.3729], [117.36, 39.3131], [117.003, 39.1623], [117.2872, 39.1027]]",2,True,True
20231007,032017,001489,000020,VV,/home/u/Downloads/中国天津市点位2/降轨-左视/BC3-001489/BC3-SM-SLC-1SVV-20231007T032017-001489-000020-0005D1.zip,670860460,,BC3-SM-SLC-1SVV-20231007T032017-001489-000020-0005D1/measurement/bc3-sm-slc-vv-20231007t032017-001489-000020-0005d1-01.tiff,697034339,b799768b,BC3-SM-SLC-1SVV-20231007T032017-001489-000020-0005D1/manifest.safe,BC3-SM-SLC-1SVV-20231007T032017-001489-000020-0005D1/annotation/bc3-sm-slc-vv-20231007t032017-001489-000020-0005d1-01.xml,BC3-SM-SLC-1SVV-20231007T032017-001489-000020-0005D1/annotation/calibration/calibration-bc3-sm-slc-vv-20231007t032017-001489-000020-0005d1-01.xml,2023-10-07T03:20:17.258977,2023-10-07T03:20:20.649293,DESCENDING,S1,S1,167.5293,120000000.0,5400000100.0,1.249135241667,1.790613058378,0.0002418,12426,14022,37.6208,117.003,39.1027,117.36,39.3729,True,"[[117.0749, 39.3729], [117.36, 39.3131], [117.003, 39.1623], [117.2872, 39.1027]]",2,False,False
20231007,032020,001489,000017,VV,/home/u/Downloads/中国天津市点位2/降轨-左视/BC3-001489/BC3-SM-SLC-1SVV-20231007T032020-001489-000017-0005D1.zip,665415239,0a752007ea409520b1d6ed93822689ff70d21fa451d9ddcdbbe532dd8621208e,BC3-SM-SLC-1SVV-20231007T032020-001489-000017-0005D1/measurement/bc3-sm-slc-vv-20231007t032020-001489-000017-0005d1-01.tiff,697034339,932142a0,BC3-SM-SLC-1SVV-20231007T032020-001489-000017-0005D1/manifest.safe,BC3-SM-SLC-1SVV-20231007T032020-001489-000017-0005D1/annotation/bc3-sm-slc-vv-20231007t032020-001489-000017-0005d1-01.xml,BC3-SM-SLC-1SVV-20231007T032020-001489-000017-0005D1/annotation/calibration/calibration-bc3-sm-slc-vv-20231007t032020-001489-000017-0005d1-01.xml,2023-10-07T03:20:20.398781,2023-10-07T03:20:23.789097,DESCENDING,S1,S1,167.5293,120000000.0,5400000100.0,1.249135241667,1.790613058378,0.0002418,12426,14022,37.6208,116.9368,38.9078,117.2926,39.1778,True,"[[117.0083, 39.1778], [117.2926, 39.1183], [116.9368, 38.9672], [117.2202, 38.9078]]",2,True,True
20231007,032020,001489,000020,VV,/home/u/Downloads/中国天津市点位2/降轨-左视/BC3-001489/BC3-SM-SLC-1SVV-20231007T032020-001489-000020-0005D1.zip,668392009,,BC3-SM-SLC-1SVV-20231007T032020-001489-000020-0005D1/measurement/bc3-sm-slc-vv-20231007t032020-001489-000020-0005d1-01.tiff,697034339,932142a0,BC3-SM-SLC-1SVV-20231007T032020-001489-000020-0005D1/manifest.safe,BC3-SM-SLC-1SVV-20231007T032020-001489-000020-0005D1/annotation/bc3-sm-slc-vv-20231007t032020-001489-000020-0005d1-01.xml,BC3-SM-SLC-1SVV-20231007T032020-001489-000020-0005D1/annotation/calibration/calibration-bc3-sm-slc-vv-20231007t032020-001489-000020-0005d1-01.xml,2023-10-07T03:20:20.398781,2023-10-07T03:20:23.789097,DESCENDING,S1,S1,167.5293,120000000.0,5400000100.0,1.249135241667,1.790613058378,0.0002418,12426,14022,37.6208,116.9368,38.9078,117.2926,39.1778,True,"[[117.0083, 39.1778], [117.2926, 39.1183], [116.9368, 38.9672], [117.2202, 38.9078]]",2,False,False
20231007,032023,001489,000017,VV,/home/u/Downloads/中国天津市点位2/降轨-左视/BC3-001489/BC3-SM-SLC-1SVV-20231007T032023-001489-000017-0005D1.zip,659196818,,BC3-SM-SLC-1SVV-20231007T032023-001489-000017-0005D1/measurement/bc3-sm-slc-vv-20231007t032023-001489-000017-0005d1-01.tiff,697034339,b3731c0e,BC3-SM-SLC-1SVV-20231007T032023-001489-000017-0005D1/manifest.safe,BC3-SM-SLC-1SVV-20231007T032023-001489-000017-0005D1/annotation/bc3-sm-slc-vv-20231007t032023-001489-000017-0005d1-01.xml,BC3-SM-SLC-1SVV-20231007T032023-001489-000017-0005D1/annotation/calibration/calibration-bc3-sm-slc-vv-20231007t032023-001489-000017-0005d1-01.xml,2023-10-07T03:20:23.538585,2023-10-07T03:20:26.928901,DESCENDING,S1,S1,167.5293,120000000.0,5400000100.0,1.249135241667,1.790613058378,0.0002418,12426,14022,37.6208,116.8709,38.7128,117.2256,38.9828,False,"[[116.9421, 38.9828], [117.2256, 38.9233], [116.8709, 38.7721], [117.1536, 38.7128]]",2,True,False
20231007,032023,001489,000020,VV,/home/u/Downloads/中国天津市点位2/降轨-左视/BC3-001489/BC3-SM-SLC-1SVV-20231007T032023-001489-000020-0005D1.zip,660680611,,BC3-SM-SLC-1SVV-20231007T032023-001489-000020-0005D1/measurement/bc3-sm-slc-vv-20231007t032023-001489-000020-0005d1-01.tiff,697034339,b3731c0e,BC3-SM-SLC-1SVV-20231007T032023-001489-000020-0005D1/manifest.safe,BC3-SM-SLC-1SVV-20231007T032023-001489-000020-0005D1/annotation/bc3-sm-slc-vv-20231007t032023-001489-000020-0005d1-01.xml,BC3-SM-SLC-1SVV-20231007T032023-001489-000020-0005D1/annotation/calibration/calibration-bc3-sm-slc-vv-20231007t032023-001489-000020-0005d1-01.xml,2023-10-07T03:20:23.538585,2023-10-07T03:20:26.928901,DESCENDING,S1,S1,167.5293,120000000.0,5400000100.0,1.249135241667,1.790613058378,0.0002418,12426,14022,37.6208,116.8709,38.7128,117.2256,38.9828,False,"[[116.9421, 38.9828], [117.2256, 38.9233], [116.8709, 38.7721], [117.1536, 38.7128]]",2,False,False
20231007,032026,001489,000017,VV,/home/u/Downloads/中国天津市点位2/降轨-左视/BC3-001489/BC3-SM-SLC-1SVV-20231007T032026-001489-000017-0005D1.zip,660387687,,BC3-SM-SLC-1SVV-20231007T032026-001489-000017-0005D1/measurement/bc3-sm-slc-vv-20231007t032026-001489-000017-0005d1-01.tiff,697034339,d4b0faf8,BC3-SM-SLC-1SVV-20231007T032026-001489-000017-0005D1/manifest.safe,BC3-SM-SLC-1SVV-20231007T032026-001489-000017-0005D1/annotation/bc3-sm-slc-vv-20231007t032026-001489-000017-0005d1-01.xml,BC3-SM-SLC-1SVV-20231007T032026-001489-000017-0005D1/annotation/calibration/calibration-bc3-sm-slc-vv-20231007t032026-001489-000017-0005d1-01.xml,2023-10-07T03:20:26.678399,2023-10-07T03:20:30.068715,DESCENDING,S1,S1,167.5293,120000000.0,5400000100.0,1.249135241667,1.790613058378,0.0002418,12426,14022,37.6208,116.8053,38.5178,117.1589,38.7877,False,"[[116.8762, 38.7877], [117.1589, 38.7284], [116.8053, 38.5769], [117.0872, 38.5178]]",2,True,False
20231007,032026,001489,000020,VV,/home/u/Downloads/中国天津市点位2/降轨-左视/BC3-001489/BC3-SM-SLC-1SVV-20231007T032026-001489-000020-0005D1.zip,661396683,,BC3-SM-SLC-1SVV-20231007T032026-001489-000020-0005D1/measurement/bc3-sm-slc-vv-20231007t032026-001489-000020-0005d1-01.tiff,697034339,d4b0faf8,BC3-SM-SLC-1SVV-20231007T032026-001489-000020-0005D1/manifest.safe,BC3-SM-SLC-1SVV-20231007T032026-001489-000020-0005D1/annotation/bc3-sm-slc-vv-20231007t032026-001489-000020-0005d1-01.xml,BC3-SM-SLC-1SVV-20231007T032026-001489-000020-0005D1/annotation/calibration/calibration-bc3-sm-slc-vv-20231007t032026-001489-000020-0005d1-01.xml,2023-10-07T03:20:26.678399,2023-10-07T03:20:30.068715,DESCENDING,S1,S1,167.5293,120000000.0,5400000100.0,1.249135241667,1.790613058378,0.0002418,12426,14022,37.6208,116.8053,38.5178,117.1589,38.7877,False,"[[116.8762, 38.7877], [117.1589, 38.7284], [116.8053, 38.5769], [117.0872, 38.5178]]",2,False,False
20231007,032029,001489,000017,VV,/home/u/Downloads/中国天津市点位2/降轨-左视/BC3-001489/BC3-SM-SLC-1SVV-20231007T032029-001489-000017-0005D1.zip,659901613,,BC3-SM-SLC-1SVV-20231007T032029-001489-000017-0005D1/measurement/bc3-sm-slc-vv-20231007t032029-001489-000017-0005d1-01.tiff,697034339,f437c978,BC3-SM-SLC-1SVV-20231007T032029-001489-000017-0005D1/manifest.safe,BC3-SM-SLC-1SVV-20231007T032029-001489-000017-0005D1/annotation/bc3-sm-slc-vv-20231007t032029-001489-000017-0005d1-01.xml,BC3-SM-SLC-1SVV-20231007T032029-001489-000017-0005D1/annotation/calibration/calibration-bc3-sm-slc-vv-20231007t032029-001489-000017-0005d1-01.xml,2023-10-07T03:20:28.354813,2023-10-07T03:20:31.745129,DESCENDING,S1,S1,167.5293,120000000.0,5400000100.0,1.249135241667,1.790613058378,0.0002418,12426,14022,37.6208,116.7705,38.4137,117.1234,38.6835,False,"[[116.8411, 38.6835], [117.1234, 38.6243], [116.7705, 38.4727], [117.052, 38.4137]]",2,True,False
20231007,032029,001489,000020,VV,/home/u/Downloads/中国天津市点位2/降轨-左视/BC3-001489/BC3-SM-SLC-1SVV-20231007T032029-001489-000020-0005D1.zip,660826621,,BC3-SM-SLC-1SVV-20231007T032029-001489-000020-0005D1/measurement/bc3-sm-slc-vv-20231007t032029-001489-000020-0005d1-01.tiff,697034339,f437c978,BC3-SM-SLC-1SVV-20231007T032029-001489-000020-0005D1/manifest.safe,BC3-SM-SLC-1SVV-20231007T032029-001489-000020-0005D1/annotation/bc3-sm-slc-vv-20231007t032029-001489-000020-0005d1-01.xml,BC3-SM-SLC-1SVV-20231007T032029-001489-000020-0005D1/annotation/calibration/calibration-bc3-sm-slc-vv-20231007t032029-001489-000020-0005d1-01.xml,2023-10-07T03:20:28.354813,2023-10-07T03:20:31.745129,DESCENDING,S1,S1,167.5293,120000000.0,5400000100.0,1.249135241667,1.790613058378,0.0002418,12426,14022,37.6208,116.7705,38.4137,117.1234,38.6835,False,"[[116.8411, 38.6835], [117.1234, 38.6243], [116.7705, 38.4727], [117.052, 38.4137]]",2,False,False
20231029,031953,001892,000017,VV,/home/u/Downloads/中国天津市点位2/降轨-左视/BC3-001892/BC3-SM-SLC-1SVV-20231029T031953-001892-000017-000764.zip,667308369,a5572d1760091be2db3fa7db2ebfdaa38d272b272cafe234d96c1bbbce3e850b,BC3-SM-SLC-1SVV-20231029T031953-001892-000017-000764/measurement/bc3-sm-slc-vv-20231029t031953-001892-000017-000764-01.tiff,697034339,ac5b9d99,BC3-SM-SLC-1SVV-20231029T031953-001892-000017-000764/manifest.safe,BC3-SM-SLC-1SVV-20231029T031953-001892-000017-000764/annotation/bc3-sm-slc-vv-20231029t031953-001892-000017-000764-01.xml,BC3-SM-SLC-1SVV-20231029T031953-001892-000017-000764/annotation/calibration/calibration-bc3-sm-slc-vv-20231029t031953-001892-000017-000764-01.xml,2023-10-29T03:19:53.254300,2023-10-29T03:19:56.644605,DESCENDING,S1,S1,167.5289,120000000.0,5400000100.0,1.249135241667,1.790597897002,0.0002418,12426,14022,37.6147,117.0023,39.1021,117.3593,39.3722,True,"[[117.0742, 39.3722], [117.3593, 39.3125], [117.0023, 39.1617], [117.2865, 39.1021]]",2,True,True
20231029,031953,001892,000019,VV,/home/u/Downloads/中国天津市点位2/降轨-左视/BC3-001892/BC3-SM-SLC-1SVV-20231029T031953-001892-000019-000764.zip,670272477,,BC3-SM-SLC-1SVV-20231029T031953-001892-000019-000764/measurement/bc3-sm-slc-vv-20231029t031953-001892-000019-000764-01.tiff,697034339,ac5b9d99,BC3-SM-SLC-1SVV-20231029T031953-001892-000019-000764/manifest.safe,BC3-SM-SLC-1SVV-20231029T031953-001892-000019-000764/annotation/bc3-sm-slc-vv-20231029t031953-001892-000019-000764-01.xml,BC3-SM-SLC-1SVV-20231029T031953-001892-000019-000764/annotation/calibration/calibration-bc3-sm-slc-vv-20231029t031953-001892-000019-000764-01.xml,2023-10-29T03:19:53.254300,2023-10-29T03:19:56.644605,DESCENDING,S1,S1,167.5289,120000000.0,5400000100.0,1.249135241667,1.790597897002,0.0002418,12426,14022,37.6147,117.0023,39.1021,117.3593,39.3722,True,"[[117.0742, 39.3722], [117.3593, 39.3125], [117.0023, 39.1617], [117.2865, 39.1021]]",2,False,False
20231029,031956,001892,000017,VV,/home/u/Downloads/中国天津市点位2/降轨-左视/BC3-001892/BC3-SM-SLC-1SVV-20231029T031956-001892-000017-000764.zip,664147016,c3e70bb4fd2739fffbe67e49b86d918032c8f918ad4e28abb294e181dca99e58,BC3-SM-SLC-1SVV-20231029T031956-001892-000017-000764/measurement/bc3-sm-slc-vv-20231029t031956-001892-000017-000764-01.tiff,697034339,3be51973,BC3-SM-SLC-1SVV-20231029T031956-001892-000017-000764/manifest.safe,BC3-SM-SLC-1SVV-20231029T031956-001892-000017-000764/annotation/bc3-sm-slc-vv-20231029t031956-001892-000017-000764-01.xml,BC3-SM-SLC-1SVV-20231029T031956-001892-000017-000764/annotation/calibration/calibration-bc3-sm-slc-vv-20231029t031956-001892-000017-000764-01.xml,2023-10-29T03:19:56.394104,2023-10-29T03:19:59.784409,DESCENDING,S1,S1,167.5289,120000000.0,5400000100.0,1.249135241667,1.790597897002,0.0002418,12426,14022,37.6147,116.9361,38.9072,117.2919,39.1772,True,"[[117.0076, 39.1772], [117.2919, 39.1176], [116.9361, 38.9666], [117.2195, 38.9072]]",2,True,True
20231029,031956,001892,000019,VV,/home/u/Downloads/中国天津市点位2/降轨-左视/BC3-001892/BC3-SM-SLC-1SVV-20231029T031956-001892-000019-000764.zip,667263851,,BC3-SM-SLC-1SVV-20231029T031956-001892-000019-000764/measurement/bc3-sm-slc-vv-20231029t031956-001892-000019-000764-01.tiff,697034339,3be51973,BC3-SM-SLC-1SVV-20231029T031956-001892-000019-000764/manifest.safe,BC3-SM-SLC-1SVV-20231029T031956-001892-000019-000764/annotation/bc3-sm-slc-vv-20231029t031956-001892-000019-000764-01.xml,BC3-SM-SLC-1SVV-20231029T031956-001892-000019-000764/annotation/calibration/calibration-bc3-sm-slc-vv-20231029t031956-001892-000019-000764-01.xml,2023-10-29T03:19:56.394104,2023-10-29T03:19:59.784409,DESCENDING,S1,S1,167.5289,120000000.0,5400000100.0,1.249135241667,1.790597897002,0.0002418,12426,14022,37.6147,116.9361,38.9072,117.2919,39.1772,True,"[[117.0076, 39.1772], [117.2919, 39.1176], [116.9361, 38.9666], [117.2195, 38.9072]]",2,False,False
20231029,031959,001892,000017,VV,/home/u/Downloads/中国天津市点位2/降轨-左视/BC3-001892/BC3-SM-SLC-1SVV-20231029T031959-001892-000017-000764.zip,658999560,,BC3-SM-SLC-1SVV-20231029T031959-001892-000017-000764/measurement/bc3-sm-slc-vv-20231029t031959-001892-000017-000764-01.tiff,697034339,01a07517,BC3-SM-SLC-1SVV-20231029T031959-001892-000017-000764/manifest.safe,BC3-SM-SLC-1SVV-20231029T031959-001892-000017-000764/annotation/bc3-sm-slc-vv-20231029t031959-001892-000017-000764-01.xml,BC3-SM-SLC-1SVV-20231029T031959-001892-000017-000764/annotation/calibration/calibration-bc3-sm-slc-vv-20231029t031959-001892-000017-000764-01.xml,2023-10-29T03:19:59.533907,2023-10-29T03:20:02.924213,DESCENDING,S1,S1,167.5289,120000000.0,5400000100.0,1.249135241667,1.790597897002,0.0002418,12426,14022,37.6147,116.8702,38.7122,117.2249,38.9822,False,"[[116.9414, 38.9822], [117.2249, 38.9227], [116.8702, 38.7715], [117.1529, 38.7122]]",2,True,False
20231029,031959,001892,000019,VV,/home/u/Downloads/中国天津市点位2/降轨-左视/BC3-001892/BC3-SM-SLC-1SVV-20231029T031959-001892-000019-000764.zip,660706990,,BC3-SM-SLC-1SVV-20231029T031959-001892-000019-000764/measurement/bc3-sm-slc-vv-20231029t031959-001892-000019-000764-01.tiff,697034339,01a07517,BC3-SM-SLC-1SVV-20231029T031959-001892-000019-000764/manifest.safe,BC3-SM-SLC-1SVV-20231029T031959-001892-000019-000764/annotation/bc3-sm-slc-vv-20231029t031959-001892-000019-000764-01.xml,BC3-SM-SLC-1SVV-20231029T031959-001892-000019-000764/annotation/calibration/calibration-bc3-sm-slc-vv-20231029t031959-001892-000019-000764-01.xml,2023-10-29T03:19:59.533907,2023-10-29T03:20:02.924213,DESCENDING,S1,S1,167.5289,120000000.0,5400000100.0,1.249135241667,1.790597897002,0.0002418,12426,14022,37.6147,116.8702,38.7122,117.2249,38.9822,False,"[[116.9414, 38.9822], [117.2249, 38.9227], [116.8702, 38.7715], [117.1529, 38.7122]]",2,False,False
20231029,032002,001892,000017,VV,/home/u/Downloads/中国天津市点位2/降轨-左视/BC3-001892/BC3-SM-SLC-1SVV-20231029T032002-001892-000017-000764.zip,658562399,,BC3-SM-SLC-1SVV-20231029T032002-001892-000017-000764/measurement/bc3-sm-slc-vv-20231029t032002-001892-000017-000764-01.tiff,697034339,939f01d9,BC3-SM-SLC-1SVV-20231029T032002-001892-000017-000764/manifest.safe,BC3-SM-SLC-1SVV-20231029T032002-001892-000017-000764/annotation/bc3-sm-slc-vv-20231029t032002-001892-000017-000764-01.xml,BC3-SM-SLC-1SVV-20231029T032002-001892-000017-000764/annotation/calibration/calibration-bc3-sm-slc-vv-20231029t032002-001892-000017-000764-01.xml,2023-10-29T03:20:02.673711,2023-10-29T03:20:06.064017,DESCENDING,S1,S1,167.5289,120000000.0,5400000100.0,1.249135241667,1.790597897002,0.0002418,12426,14022,37.6147,116.8046,38.5172,117.1582,38.7871,False,"[[116.8754, 38.7871], [117.1582, 38.7278], [116.8046, 38.5763], [117.0866, 38.5172]]",2,True,False
20231029,032002,001892,000019,VV,/home/u/Downloads/中国天津市点位2/降轨-左视/BC3-001892/BC3-SM-SLC-1SVV-20231029T032002-001892-000019-000764.zip,659621639,,BC3-SM-SLC-1SVV-20231029T032002-001892-000019-000764/measurement/bc3-sm-slc-vv-20231029t032002-001892-000019-000764-01.tiff,697034339,939f01d9,BC3-SM-SLC-1SVV-20231029T032002-001892-000019-000764/manifest.safe,BC3-SM-SLC-1SVV-20231029T032002-001892-000019-000764/annotation/bc3-sm-slc-vv-20231029t032002-001892-000019-000764-01.xml,BC3-SM-SLC-1SVV-20231029T032002-001892-000019-000764/annotation/calibration/calibration-bc3-sm-slc-vv-20231029t032002-001892-000019-000764-01.xml,2023-10-29T03:20:02.673711,2023-10-29T03:20:06.064017,DESCENDING,S1,S1,167.5289,120000000.0,5400000100.0,1.249135241667,1.790597897002,0.0002418,12426,14022,37.6147,116.8046,38.5172,117.1582,38.7871,False,"[[116.8754, 38.7871], [117.1582, 38.7278], [116.8046, 38.5763], [117.0866, 38.5172]]",2,False,False
20231029,032005,001892,000017,VV,/home/u/Downloads/中国天津市点位2/降轨-左视/BC3-001892/BC3-SM-SLC-1SVV-20231029T032005-001892-000017-000764.zip,657291430,,BC3-SM-SLC-1SVV-20231029T032005-001892-000017-000764/measurement/bc3-sm-slc-vv-20231029t032005-001892-000017-000764-01.tiff,697034339,2bdf80b0,BC3-SM-SLC-1SVV-20231029T032005-001892-000017-000764/manifest.safe,BC3-SM-SLC-1SVV-20231029T032005-001892-000017-000764/annotation/bc3-sm-slc-vv-20231029t032005-001892-000017-000764-01.xml,BC3-SM-SLC-1SVV-20231029T032005-001892-000017-000764/annotation/calibration/calibration-bc3-sm-slc-vv-20231029t032005-001892-000017-000764-01.xml,2023-10-29T03:20:04.350126,2023-10-29T03:20:07.740441,DESCENDING,S1,S1,167.5289,120000000.0,5400000100.0,1.249135241667,1.790597897002,0.0002418,12426,14022,37.6147,116.7698,38.4131,117.1227,38.6829,False,"[[116.8404, 38.6829], [117.1227, 38.6237], [116.7698, 38.4721], [117.0513, 38.4131]]",2,True,False
20231029,032005,001892,000019,VV,/home/u/Downloads/中国天津市点位2/降轨-左视/BC3-001892/BC3-SM-SLC-1SVV-20231029T032005-001892-000019-000764.zip,658204541,,BC3-SM-SLC-1SVV-20231029T032005-001892-000019-000764/measurement/bc3-sm-slc-vv-20231029t032005-001892-000019-000764-01.tiff,697034339,2bdf80b0,BC3-SM-SLC-1SVV-20231029T032005-001892-000019-000764/manifest.safe,BC3-SM-SLC-1SVV-20231029T032005-001892-000019-000764/annotation/bc3-sm-slc-vv-20231029t032005-001892-000019-000764-01.xml,BC3-SM-SLC-1SVV-20231029T032005-001892-000019-000764/annotation/calibration/calibration-bc3-sm-slc-vv-20231029t032005-001892-000019-000764-01.xml,2023-10-29T03:20:04.350126,2023-10-29T03:20:07.740441,DESCENDING,S1,S1,167.5289,120000000.0,5400000100.0,1.249135241667,1.790597897002,0.0002418,12426,14022,37.6147,116.7698,38.4131,117.1227,38.6829,False,"[[116.8404, 38.6829], [117.1227, 38.6237], [116.7698, 38.4721], [117.0513, 38.4131]]",2,False,False
20231109,031941,002102,000017,VV,/home/u/Downloads/中国天津市点位2/降轨-左视/BC3-002102/BC3-SM-SLC-1SVV-20231109T031941-002102-000017-000836.zip,668691352,e83186be5e556a7f146fcec1a9646f6ba81747b844025a52062069ff2bb7e0d9,BC3-SM-SLC-1SVV-20231109T031941-002102-000017-000836/measurement/bc3-sm-slc-vv-20231109t031941-002102-000017-000836-01.tiff,697034339,e66f21f6,BC3-SM-SLC-1SVV-20231109T031941-002102-000017-000836/manifest.safe,BC3-SM-SLC-1SVV-20231109T031941-002102-000017-000836/annotation/bc3-sm-slc-vv-20231109t031941-002102-000017-000836-01.xml,BC3-SM-SLC-1SVV-20231109T031941-002102-000017-000836/annotation/calibration/calibration-bc3-sm-slc-vv-20231109t031941-002102-000017-000836-01.xml,2023-11-09T03:19:41.189097,2023-11-09T03:19:44.579402,DESCENDING,S1,S1,167.5291,120000000.0,5400000100.0,1.249135241667,1.790603060944,0.0002418,12426,14022,37.618,117.002,39.1022,117.359,39.3724,True,"[[117.0739, 39.3724], [117.359, 39.3127], [117.002, 39.1618], [117.2862, 39.1022]]",1,True,True
20231109,031944,002102,000017,VV,/home/u/Downloads/中国天津市点位2/降轨-左视/BC3-002102/BC3-SM-SLC-1SVV-20231109T031944-002102-000017-000836.zip,660845649,836d4fb8551b25ea98bf3fe97016545fbb11f44414309d204c2d4ed0acae9cba,BC3-SM-SLC-1SVV-20231109T031944-002102-000017-000836/measurement/bc3-sm-slc-vv-20231109t031944-002102-000017-000836-01.tiff,697034339,40ea4a11,BC3-SM-SLC-1SVV-20231109T031944-002102-000017-000836/manifest.safe,BC3-SM-SLC-1SVV-20231109T031944-002102-000017-000836/annotation/bc3-sm-slc-vv-20231109t031944-002102-000017-000836-01.xml,BC3-SM-SLC-1SVV-20231109T031944-002102-000017-000836/annotation/calibration/calibration-bc3-sm-slc-vv-20231109t031944-002102-000017-000836-01.xml,2023-11-09T03:19:44.328901,2023-11-09T03:19:47.719196,DESCENDING,S1,S1,167.5291,120000000.0,5400000100.0,1.249135241667,1.790603060944,0.0002418,12426,14022,37.618,116.9358,38.9073,117.2916,39.1774,True,"[[117.0073, 39.1774], [117.2916, 39.1178], [116.9358, 38.9667], [117.2192, 38.9073]]",1,True,True
20231109,031947,002102,000017,VV,/home/u/Downloads/中国天津市点位2/降轨-左视/BC3-002102/BC3-SM-SLC-1SVV-20231109T031947-002102-000017-000836.zip,667485431,,BC3-SM-SLC-1SVV-20231109T031947-002102-000017-000836/measurement/bc3-sm-slc-vv-20231109t031947-002102-000017-000836-01.tiff,697034339,dd675187,BC3-SM-SLC-1SVV-20231109T031947-002102-000017-000836/manifest.safe,BC3-SM-SLC-1SVV-20231109T031947-002102-000017-000836/annotation/bc3-sm-slc-vv-20231109t031947-002102-000017-000836-01.xml,BC3-SM-SLC-1SVV-20231109T031947-002102-000017-000836/annotation/calibration/calibration-bc3-sm-slc-vv-20231109t031947-002102-000017-000836-01.xml,2023-11-09T03:19:47.468694,2023-11-09T03:19:50.859000,DESCENDING,S1,S1,167.5291,120000000.0,5400000100.0,1.249135241667,1.790603060944,0.0002418,12426,14022,37.618,116.8699,38.7124,117.2246,38.9823,False,"[[116.9411, 38.9823], [117.2246, 38.9229], [116.8699, 38.7716], [117.1526, 38.7124]]",1,True,False
20231109,031950,002102,000017,VV,/home/u/Downloads/中国天津市点位2/降轨-左视/BC3-002102/BC3-SM-SLC-1SVV-20231109T031950-002102-000017-000836.zip,662796892,,BC3-SM-SLC-1SVV-20231109T031950-002102-000017-000836/measurement/bc3-sm-slc-vv-20231109t031950-002102-000017-000836-01.tiff,697034339,f38734f7,BC3-SM-SLC-1SVV-20231109T031950-002102-000017-000836/manifest.safe,BC3-SM-SLC-1SVV-20231109T031950-002102-000017-000836/annotation/bc3-sm-slc-vv-20231109t031950-002102-000017-000836-01.xml,BC3-SM-SLC-1SVV-20231109T031950-002102-000017-000836/annotation/calibration/calibration-bc3-sm-slc-vv-20231109t031950-002102-000017-000836-01.xml,2023-11-09T03:19:50.608488,2023-11-09T03:19:53.998794,DESCENDING,S1,S1,167.5291,120000000.0,5400000100.0,1.249135241667,1.790603060944,0.0002418,12426,14022,37.618,116.8043,38.5174,117.1579,38.7872,False,"[[116.8751, 38.7872], [117.1579, 38.7279], [116.8043, 38.5765], [117.0862, 38.5174]]",1,True,False
20231109,031953,002102,000017,VV,/home/u/Downloads/中国天津市点位2/降轨-左视/BC3-002102/BC3-SM-SLC-1SVV-20231109T031953-002102-000017-000836.zip,665133726,,BC3-SM-SLC-1SVV-20231109T031953-002102-000017-000836/measurement/bc3-sm-slc-vv-20231109t031953-002102-000017-000836-01.tiff,697034339,f79a77c4,BC3-SM-SLC-1SVV-20231109T031953-002102-000017-000836/manifest.safe,BC3-SM-SLC-1SVV-20231109T031953-002102-000017-000836/annotation/bc3-sm-slc-vv-20231109t031953-002102-000017-000836-01.xml,BC3-SM-SLC-1SVV-20231109T031953-002102-000017-000836/annotation/calibration/calibration-bc3-sm-slc-vv-20231109t031953-002102-000017-000836-01.xml,2023-11-09T03:19:52.284902,2023-11-09T03:19:55.675208,DESCENDING,S1,S1,167.5291,120000000.0,5400000100.0,1.249135241667,1.790603060944,0.0002418,12426,14022,37.618,116.7695,38.4132,117.1224,38.683,False,"[[116.8401, 38.683], [117.1224, 38.6238], [116.7695, 38.4723], [117.051, 38.4132]]",1,True,False
20231120,031928,002390,000017,VV,/home/u/Downloads/中国天津市点位2/降轨-左视/BC3-002390/BC3-SM-SLC-1SVV-20231120T031928-002390-000017-000956.zip,664025796,151d44cb0b5875f316c5e6ced42a21c6bfbd77585e42153d1a5bfdbc51a8c19c,BC3-SM-SLC-1SVV-20231120T031928-002390-000017-000956/measurement/bc3-sm-slc-vv-20231120t031928-002390-000017-000956-01.tiff,697034339,f1c1400a,BC3-SM-SLC-1SVV-20231120T031928-002390-000017-000956/manifest.safe,BC3-SM-SLC-1SVV-20231120T031928-002390-000017-000956/annotation/bc3-sm-slc-vv-20231120t031928-002390-000017-000956-01.xml,BC3-SM-SLC-1SVV-20231120T031928-002390-000017-000956/annotation/calibration/calibration-bc3-sm-slc-vv-20231120t031928-002390-000017-000956-01.xml,2023-11-20T03:19:28.782455,2023-11-20T03:19:32.172760,DESCENDING,S1,S1,167.5261,120000000.0,5400000100.0,1.249135241667,1.790594316947,0.0002418,12426,14022,37.6141,117.0019,39.1022,117.3589,39.3723,True,"[[117.0738, 39.3723], [117.3589, 39.3126], [117.0019, 39.1617], [117.2861, 39.1022]]",1,True,True
20231120,031931,002390,000017,VV,/home/u/Downloads/中国天津市点位2/降轨-左视/BC3-002390/BC3-SM-SLC-1SVV-20231120T031931-002390-000017-000956.zip,661984208,c16917cf24c1a77a62a8ac6af0c43cade359e9a0d739d7a767aeb998d7ae84d7,BC3-SM-SLC-1SVV-20231120T031931-002390-000017-000956/measurement/bc3-sm-slc-vv-20231120t031931-002390-000017-000956-01.tiff,697034339,a413be46,BC3-SM-SLC-1SVV-20231120T031931-002390-000017-000956/manifest.safe,BC3-SM-SLC-1SVV-20231120T031931-002390-000017-000956/annotation/bc3-sm-slc-vv-20231120t031931-002390-000017-000956-01.xml,BC3-SM-SLC-1SVV-20231120T031931-002390-000017-000956/annotation/calibration/calibration-bc3-sm-slc-vv-20231120t031931-002390-000017-000956-01.xml,2023-11-20T03:19:31.922249,2023-11-20T03:19:35.312564,DESCENDING,S1,S1,167.5261,120000000.0,5400000100.0,1.249135241667,1.790594316947,0.0002418,12426,14022,37.6141,116.9357,38.9073,117.2915,39.1773,True,"[[117.0072, 39.1773], [117.2915, 39.1177], [116.9357, 38.9667], [117.2192, 38.9073]]",1,True,True
20231120,031935,002390,000017,VV,/home/u/Downloads/中国天津市点位2/降轨-左视/BC3-002390/BC3-SM-SLC-1SVV-20231120T031935-002390-000017-000956.zip,657198295,,BC3-SM-SLC-1SVV-20231120T031935-002390-000017-000956/measurement/bc3-sm-slc-vv-20231120t031935-002390-000017-000956-01.tiff,697034339,a74b97bb,BC3-SM-SLC-1SVV-20231120T031935-002390-000017-000956/manifest.safe,BC3-SM-SLC-1SVV-20231120T031935-002390-000017-000956/annotation/bc3-sm-slc-vv-20231120t031935-002390-000017-000956-01.xml,BC3-SM-SLC-1SVV-20231120T031935-002390-000017-000956/annotation/calibration/calibration-bc3-sm-slc-vv-20231120t031935-002390-000017-000956-01.xml,2023-11-20T03:19:35.062053,2023-11-20T03:19:38.452358,DESCENDING,S1,S1,167.5261,120000000.0,5400000100.0,1.249135241667,1.790594316947,0.0002418,12426,14022,37.6141,116.8698,38.7123,117.2245,38.9822,False,"[[116.941, 38.9822], [117.2245, 38.9228], [116.8698, 38.7716], [117.1525, 38.7123]]",1,True,False
20231120,031938,002390,000017,VV,/home/u/Downloads/中国天津市点位2/降轨-左视/BC3-002390/BC3-SM-SLC-1SVV-20231120T031938-002390-000017-000956.zip,656916694,,BC3-SM-SLC-1SVV-20231120T031938-002390-000017-000956/measurement/bc3-sm-slc-vv-20231120t031938-002390-000017-000956-01.tiff,697034339,c91f8176,BC3-SM-SLC-1SVV-20231120T031938-002390-000017-000956/manifest.safe,BC3-SM-SLC-1SVV-20231120T031938-002390-000017-000956/annotation/bc3-sm-slc-vv-20231120t031938-002390-000017-000956-01.xml,BC3-SM-SLC-1SVV-20231120T031938-002390-000017-000956/annotation/calibration/calibration-bc3-sm-slc-vv-20231120t031938-002390-000017-000956-01.xml,2023-11-20T03:19:38.201857,2023-11-20T03:19:41.592162,DESCENDING,S1,S1,167.5261,120000000.0,5400000100.0,1.249135241667,1.790594316947,0.0002418,12426,14022,37.6141,116.8042,38.5173,117.1578,38.7871,False,"[[116.875, 38.7871], [117.1578, 38.7279], [116.8042, 38.5764], [117.0862, 38.5173]]",1,True,False
20231120,031940,002390,000017,VV,/home/u/Downloads/中国天津市点位2/降轨-左视/BC3-002390/BC3-SM-SLC-1SVV-20231120T031940-002390-000017-000956.zip,655486453,,BC3-SM-SLC-1SVV-20231120T031940-002390-000017-000956/measurement/bc3-sm-slc-vv-20231120t031940-002390-000017-000956-01.tiff,697034339,16907127,BC3-SM-SLC-1SVV-20231120T031940-002390-000017-000956/manifest.safe,BC3-SM-SLC-1SVV-20231120T031940-002390-000017-000956/annotation/bc3-sm-slc-vv-20231120t031940-002390-000017-000956-01.xml,BC3-SM-SLC-1SVV-20231120T031940-002390-000017-000956/annotation/calibration/calibration-bc3-sm-slc-vv-20231120t031940-002390-000017-000956-01.xml,2023-11-20T03:19:39.878271,2023-11-20T03:19:43.268576,DESCENDING,S1,S1,167.5261,120000000.0,5400000100.0,1.249135241667,1.790594316947,0.0002418,12426,14022,37.6141,116.7694,38.4132,117.1223,38.6829,False,"[[116.84, 38.6829], [117.1223, 38.6237], [116.7694, 38.4722], [117.0509, 38.4132]]",1,True,False
20231201,031916,002643,000017,VV,/home/u/Downloads/中国天津市点位2/降轨-左视/BC3-002643/BC3-SM-SLC-1SVV-20231201T031916-002643-000017-000A53.zip,661120230,a41e3aa2dfe62db021a795f1049b91173ccc2a02ec35ddeff66b40e129548a73,BC3-SM-SLC-1SVV-20231201T031916-002643-000017-000A53/measurement/bc3-sm-slc-vv-20231201t031916-002643-000017-000a53-01.tiff,697034339,015a2455,BC3-SM-SLC-1SVV-20231201T031916-002643-000017-000A53/manifest.safe,BC3-SM-SLC-1SVV-20231201T031916-002643-000017-000A53/annotation/bc3-sm-slc-vv-20231201t031916-002643-000017-000a53-01.xml,BC3-SM-SLC-1SVV-20231201T031916-002643-000017-000A53/annotation/calibration/calibration-bc3-sm-slc-vv-20231201t031916-002643-000017-000a53-01.xml,2023-12-01T03:19:16.825710,2023-12-01T03:19:20.216016,DESCENDING,S1,S1,167.5254,120000000.0,5400000100.0,1.249135241667,1.790597334255,0.0002418,12426,14022,37.6158,117.0024,39.1023,117.3593,39.3725,True,"[[117.0743, 39.3725], [117.3593, 39.3128], [117.0024, 39.1619], [117.2866, 39.1023]]",1,True,True
20231201,031919,002643,000017,VV,/home/u/Downloads/中国天津市点位2/降轨-左视/BC3-002643/BC3-SM-SLC-1SVV-20231201T031919-002643-000017-000A53.zip,659514177,dde750029be7a7562434e080048a6166d138f8110881c7a2e0cf1f16fcd004ea,BC3-SM-SLC-1SVV-20231201T031919-002643-000017-000A53/measurement/bc3-sm-slc-vv-20231201t031919-002643-000017-000a53-01.tiff,697034339,0619f9c1,BC3-SM-SLC-1SVV-20231201T031919-002643-000017-000A53/manifest.safe,BC3-SM-SLC-1SVV-20231201T031919-002643-000017-000A53/annotation/bc3-sm-slc-vv-20231201t031919-002643-000017-000a53-01.xml,BC3-SM-SLC-1SVV-20231201T031919-002643-000017-000A53/annotation/calibration/calibration-bc3-sm-slc-vv-20231201t031919-002643-000017-000a53-01.xml,2023-12-01T03:19:19.965504,2023-12-01T03:19:23.355810,DESCENDING,S1,S1,167.5254,120000000.0,5400000100.0,1.249135241667,1.790597334255,0.0002418,12426,14022,37.6158,116.9362,38.9074,117.292,39.1775,True,"[[117.0077, 39.1775], [117.292, 39.1179], [116.9362, 38.9668], [117.2196, 38.9074]]",1,True,True
20231201,031923,002643,000017,VV,/home/u/Downloads/中国天津市点位2/降轨-左视/BC3-002643/BC3-SM-SLC-1SVV-20231201T031923-002643-000017-000A53.zip,654260543,,BC3-SM-SLC-1SVV-20231201T031923-002643-000017-000A53/measurement/bc3-sm-slc-vv-20231201t031923-002643-000017-000a53-01.tiff,697034339,b67e751a,BC3-SM-SLC-1SVV-20231201T031923-002643-000017-000A53/manifest.safe,BC3-SM-SLC-1SVV-20231201T031923-002643-000017-000A53/annotation/bc3-sm-slc-vv-20231201t031923-002643-000017-000a53-01.xml,BC3-SM-SLC-1SVV-20231201T031923-002643-000017-000A53/annotation/calibration/calibration-bc3-sm-slc-vv-20231201t031923-002643-000017-000a53-01.xml,2023-12-01T03:19:23.105308,2023-12-01T03:19:26.495614,DESCENDING,S1,S1,167.5254,120000000.0,5400000100.0,1.249135241667,1.790597334255,0.0002418,12426,14022,37.6158,116.8703,38.7125,117.2249,38.9824,False,"[[116.9414, 38.9824], [117.2249, 38.923], [116.8703, 38.7717], [117.1529, 38.7125]]",1,True,False
20231201,031926,002643,000017,VV,/home/u/Downloads/中国天津市点位2/降轨-左视/BC3-002643/BC3-SM-SLC-1SVV-20231201T031926-002643-000017-000A53.zip,652889089,,BC3-SM-SLC-1SVV-20231201T031926-002643-000017-000A53/measurement/bc3-sm-slc-vv-20231201t031926-002643-000017-000a53-01.tiff,697034339,e27e9bc8,BC3-SM-SLC-1SVV-20231201T031926-002643-000017-000A53/manifest.safe,BC3-SM-SLC-1SVV-20231201T031926-002643-000017-000A53/annotation/bc3-sm-slc-vv-20231201t031926-002643-000017-000a53-01.xml,BC3-SM-SLC-1SVV-20231201T031926-002643-000017-000A53/annotation/calibration/calibration-bc3-sm-slc-vv-20231201t031926-002643-000017-000a53-01.xml,2023-12-01T03:19:26.245102,2023-12-01T03:19:29.635407,DESCENDING,S1,S1,167.5254,120000000.0,5400000100.0,1.249135241667,1.790597334255,0.0002418,12426,14022,37.6158,116.8047,38.5175,117.1583,38.7873,False,"[[116.8755, 38.7873], [117.1583, 38.728], [116.8047, 38.5766], [117.0866, 38.5175]]",1,True,False
20231201,031928,002643,000017,VV,/home/u/Downloads/中国天津市点位2/降轨-左视/BC3-002643/BC3-SM-SLC-1SVV-20231201T031928-002643-000017-000A53.zip,651506145,,BC3-SM-SLC-1SVV-20231201T031928-002643-000017-000A53/measurement/bc3-sm-slc-vv-20231201t031928-002643-000017-000a53-01.tiff,697034339,bc3a15f7,BC3-SM-SLC-1SVV-20231201T031928-002643-000017-000A53/manifest.safe,BC3-SM-SLC-1SVV-20231201T031928-002643-000017-000A53/annotation/bc3-sm-slc-vv-20231201t031928-002643-000017-000a53-01.xml,BC3-SM-SLC-1SVV-20231201T031928-002643-000017-000A53/annotation/calibration/calibration-bc3-sm-slc-vv-20231201t031928-002643-000017-000a53-01.xml,2023-12-01T03:19:27.921516,2023-12-01T03:19:31.311822,DESCENDING,S1,S1,167.5254,120000000.0,5400000100.0,1.249135241667,1.790597334255,0.0002418,12426,14022,37.6158,116.7698,38.4133,117.1228,38.6831,False,"[[116.8404, 38.6831], [117.1228, 38.6239], [116.7698, 38.4724], [117.0514, 38.4133]]",1,True,False
20231212,031905,002914,000017,VV,/home/u/Downloads/中国天津市点位2/降轨-左视/BC3-002914/BC3-SM-SLC-1SVV-20231212T031905-002914-000017-000B62.zip,675692277,205f2ba5b5907864d0886ec726e77c8e475acf3a7d3c9ac5504427a36e3e9ef1,BC3-SM-SLC-1SVV-20231212T031905-002914-000017-000B62/measurement/bc3-sm-slc-vv-20231212t031905-002914-000017-000b62-01.tiff,708084139,be9f872f,BC3-SM-SLC-1SVV-20231212T031905-002914-000017-000B62/manifest.safe,BC3-SM-SLC-1SVV-20231212T031905-002914-000017-000B62/annotation/bc3-sm-slc-vv-20231212t031905-002914-000017-000b62-01.xml,BC3-SM-SLC-1SVV-20231212T031905-002914-000017-000B62/annotation/calibration/calibration-bc3-sm-slc-vv-20231212t031905-002914-000017-000b62-01.xml,2023-12-12T03:19:05.046354,2023-12-12T03:19:08.436659,DESCENDING,S1,S1,167.524,120000000.0,5400000100.0,1.249135241667,1.797271346667,0.0002427,12670,13970,37.6874,117.0088,39.0984,117.3708,39.3697,True,"[[117.0807, 39.3697], [117.3708, 39.3088], [117.0088, 39.1591], [117.2981, 39.0984]]",1,True,True
20231212,031908,002914,000017,VV,/home/u/Downloads/中国天津市点位2/降轨-左视/BC3-002914/BC3-SM-SLC-1SVV-20231212T031908-002914-000017-000B62.zip,665006522,b02625142b1e73b9be41c800334ffac3558ea86ed8441742ebc7d379fc2d36be,BC3-SM-SLC-1SVV-20231212T031908-002914-000017-000B62/measurement/bc3-sm-slc-vv-20231212t031908-002914-000017-000b62-01.tiff,708084139,97af3c10,BC3-SM-SLC-1SVV-20231212T031908-002914-000017-000B62/manifest.safe,BC3-SM-SLC-1SVV-20231212T031908-002914-000017-000B62/annotation/bc3-sm-slc-vv-20231212t031908-002914-000017-000b62-01.xml,BC3-SM-SLC-1SVV-20231212T031908-002914-000017-000B62/annotation/calibration/calibration-bc3-sm-slc-vv-20231212t031908-002914-000017-000b62-01.xml,2023-12-12T03:19:08.185946,2023-12-12T03:19:11.576252,DESCENDING,S1,S1,167.524,120000000.0,5400000100.0,1.249135241667,1.797271346667,0.0002427,12670,13970,37.6874,116.9425,38.9035,117.3034,39.1747,True,"[[117.0141, 39.1747], [117.3034, 39.114], [116.9425, 38.9641], [117.231, 38.9035]]",1,True,True
20231212,031911,002914,000017,VV,/home/u/Downloads/中国天津市点位2/降轨-左视/BC3-002914/BC3-SM-SLC-1SVV-20231212T031911-002914-000017-000B62.zip,670280679,,BC3-SM-SLC-1SVV-20231212T031911-002914-000017-000B62/measurement/bc3-sm-slc-vv-20231212t031911-002914-000017-000b62-01.tiff,708084139,62f66f52,BC3-SM-SLC-1SVV-20231212T031911-002914-000017-000B62/manifest.safe,BC3-SM-SLC-1SVV-20231212T031911-002914-000017-000B62/annotation/bc3-sm-slc-vv-20231212t031911-002914-000017-000b62-01.xml,BC3-SM-SLC-1SVV-20231212T031911-002914-000017-000B62/annotation/calibration/calibration-bc3-sm-slc-vv-20231212t031911-002914-000017-000b62-01.xml,2023-12-12T03:19:11.325539,2023-12-12T03:19:14.715844,DESCENDING,S1,S1,167.524,120000000.0,5400000100.0,1.249135241667,1.797271346667,0.0002427,12670,13970,37.6874,116.8766,38.7086,117.2364,38.9796,False,"[[116.9478, 38.9796], [117.2364, 38.9191], [116.8766, 38.769], [117.1643, 38.7086]]",1,True,False
20231212,031914,002914,000017,VV,/home/u/Downloads/中国天津市点位2/降轨-左视/BC3-002914/BC3-SM-SLC-1SVV-20231212T031914-002914-000017-000B62.zip,665438516,,BC3-SM-SLC-1SVV-20231212T031914-002914-000017-000B62/measurement/bc3-sm-slc-vv-20231212t031914-002914-000017-000b62-01.tiff,708084139,9e682ab5,BC3-SM-SLC-1SVV-20231212T031914-002914-000017-000B62/manifest.safe,BC3-SM-SLC-1SVV-20231212T031914-002914-000017-000B62/annotation/bc3-sm-slc-vv-20231212t031914-002914-000017-000b62-01.xml,BC3-SM-SLC-1SVV-20231212T031914-002914-000017-000B62/annotation/calibration/calibration-bc3-sm-slc-vv-20231212t031914-002914-000017-000b62-01.xml,2023-12-12T03:19:14.465142,2023-12-12T03:19:17.855447,DESCENDING,S1,S1,167.524,120000000.0,5400000100.0,1.249135241667,1.797271346667,0.0002427,12670,13970,37.6874,116.811,38.5136,117.1697,38.7845,False,"[[116.8819, 38.7845], [117.1697, 38.7241], [116.811, 38.5738], [117.098, 38.5136]]",1,True,False
20231212,031917,002914,000017,VV,/home/u/Downloads/中国天津市点位2/降轨-左视/BC3-002914/BC3-SM-SLC-1SVV-20231212T031917-002914-000017-000B62.zip,667392341,,BC3-SM-SLC-1SVV-20231212T031917-002914-000017-000B62/measurement/bc3-sm-slc-vv-20231212t031917-002914-000017-000b62-01.tiff,708084139,94d2810e,BC3-SM-SLC-1SVV-20231212T031917-002914-000017-000B62/manifest.safe,BC3-SM-SLC-1SVV-20231212T031917-002914-000017-000B62/annotation/bc3-sm-slc-vv-20231212t031917-002914-000017-000b62-01.xml,BC3-SM-SLC-1SVV-20231212T031917-002914-000017-000B62/annotation/calibration/calibration-bc3-sm-slc-vv-20231212t031917-002914-000017-000b62-01.xml,2023-12-12T03:19:16.137352,2023-12-12T03:19:19.527657,DESCENDING,S1,S1,167.524,120000000.0,5400000100.0,1.249135241667,1.797271346667,0.0002427,12670,13970,37.6874,116.7762,38.4097,117.1343,38.6806,False,"[[116.8469, 38.6806], [117.1343, 38.6203], [116.7762, 38.4699], [117.0628, 38.4097]]",1,True,False
20231223,031852,003134,000167,VV,/home/u/Downloads/中国天津市点位2/降轨-左视/BC3-003134/BC3-SM-SLC-1SVV-20231223T031852-003134-000167-000C3E.zip,657173895,09ad841bff443b11d88002d2bd796b644db2204a0106c8a4cb5cb6fd064742c2,BC3-SM-SLC-1SVV-20231223T031852-003134-000167-000C3E/measurement/bc3-sm-slc-vv-20231223t031852-003134-000167-000c3e-01.tiff,697034339,30717f65,BC3-SM-SLC-1SVV-20231223T031852-003134-000167-000C3E/manifest.safe,BC3-SM-SLC-1SVV-20231223T031852-003134-000167-000C3E/annotation/bc3-sm-slc-vv-20231223t031852-003134-000167-000c3e-01.xml,BC3-SM-SLC-1SVV-20231223T031852-003134-000167-000C3E/annotation/calibration/calibration-bc3-sm-slc-vv-20231223t031852-003134-000167-000c3e-01.xml,2023-12-23T03:18:52.713872,2023-12-23T03:18:56.104177,DESCENDING,S1,S1,167.5255,120000000.0,5400000100.0,1.249135241667,1.790609757082,0.0002418,12426,14022,37.6193,117.0034,39.1014,117.3603,39.3716,True,"[[117.0753, 39.3716], [117.3603, 39.3119], [117.0034, 39.161], [117.2876, 39.1014]]",1,True,True
20231223,031855,003134,000167,VV,/home/u/Downloads/中国天津市点位2/降轨-左视/BC3-003134/BC3-SM-SLC-1SVV-20231223T031855-003134-000167-000C3E.zip,655313261,66ff0fac9536d8771e58e5fa06c37a160333f7e2b76d9e81a655a87cf9f395b1,BC3-SM-SLC-1SVV-20231223T031855-003134-000167-000C3E/measurement/bc3-sm-slc-vv-20231223t031855-003134-000167-000c3e-01.tiff,697034339,152dd735,BC3-SM-SLC-1SVV-20231223T031855-003134-000167-000C3E/manifest.safe,BC3-SM-SLC-1SVV-20231223T031855-003134-000167-000C3E/annotation/bc3-sm-slc-vv-20231223t031855-003134-000167-000c3e-01.xml,BC3-SM-SLC-1SVV-20231223T031855-003134-000167-000C3E/annotation/calibration/calibration-bc3-sm-slc-vv-20231223t031855-003134-000167-000c3e-01.xml,2023-12-23T03:18:55.853676,2023-12-23T03:18:59.243981,DESCENDING,S1,S1,167.5255,120000000.0,5400000100.0,1.249135241667,1.790609757082,0.0002418,12426,14022,37.6193,116.9372,38.9065,117.293,39.1766,True,"[[117.0087, 39.1766], [117.293, 39.117], [116.9372, 38.9659], [117.2206, 38.9065]]",1,True,True
20231223,031858,003134,000167,VV,/home/u/Downloads/中国天津市点位2/降轨-左视/BC3-003134/BC3-SM-SLC-1SVV-20231223T031858-003134-000167-000C3E.zip,649423104,,BC3-SM-SLC-1SVV-20231223T031858-003134-000167-000C3E/measurement/bc3-sm-slc-vv-20231223t031858-003134-000167-000c3e-01.tiff,697034339,b6aa82ab,BC3-SM-SLC-1SVV-20231223T031858-003134-000167-000C3E/manifest.safe,BC3-SM-SLC-1SVV-20231223T031858-003134-000167-000C3E/annotation/bc3-sm-slc-vv-20231223t031858-003134-000167-000c3e-01.xml,BC3-SM-SLC-1SVV-20231223T031858-003134-000167-000C3E/annotation/calibration/calibration-bc3-sm-slc-vv-20231223t031858-003134-000167-000c3e-01.xml,2023-12-23T03:18:58.993469,2023-12-23T03:19:02.383785,DESCENDING,S1,S1,167.5255,120000000.0,5400000100.0,1.249135241667,1.790609757082,0.0002418,12426,14022,37.6193,116.8713,38.7115,117.2259,38.9815,False,"[[116.9425, 38.9815], [117.2259, 38.9221], [116.8713, 38.7708], [117.1539, 38.7115]]",1,True,False
20231223,031902,003134,000167,VV,/home/u/Downloads/中国天津市点位2/降轨-左视/BC3-003134/BC3-SM-SLC-1SVV-20231223T031902-003134-000167-000C3E.zip,649816160,,BC3-SM-SLC-1SVV-20231223T031902-003134-000167-000C3E/measurement/bc3-sm-slc-vv-20231223t031902-003134-000167-000c3e-01.tiff,697034339,d27799f4,BC3-SM-SLC-1SVV-20231223T031902-003134-000167-000C3E/manifest.safe,BC3-SM-SLC-1SVV-20231223T031902-003134-000167-000C3E/annotation/bc3-sm-slc-vv-20231223t031902-003134-000167-000c3e-01.xml,BC3-SM-SLC-1SVV-20231223T031902-003134-000167-000C3E/annotation/calibration/calibration-bc3-sm-slc-vv-20231223t031902-003134-000167-000c3e-01.xml,2023-12-23T03:19:02.133273,2023-12-23T03:19:05.523579,DESCENDING,S1,S1,167.5255,120000000.0,5400000100.0,1.249135241667,1.790609757082,0.0002418,12426,14022,37.6193,116.8057,38.5165,117.1592,38.7864,False,"[[116.8765, 38.7864], [117.1592, 38.7271], [116.8057, 38.5757], [117.0876, 38.5165]]",1,True,False
20231223,031904,003134,000167,VV,/home/u/Downloads/中国天津市点位2/降轨-左视/BC3-003134/BC3-SM-SLC-1SVV-20231223T031904-003134-000167-000C3E.zip,649751797,,BC3-SM-SLC-1SVV-20231223T031904-003134-000167-000C3E/measurement/bc3-sm-slc-vv-20231223t031904-003134-000167-000c3e-01.tiff,697034339,111c5922,BC3-SM-SLC-1SVV-20231223T031904-003134-000167-000C3E/manifest.safe,BC3-SM-SLC-1SVV-20231223T031904-003134-000167-000C3E/annotation/bc3-sm-slc-vv-20231223t031904-003134-000167-000c3e-01.xml,BC3-SM-SLC-1SVV-20231223T031904-003134-000167-000C3E/annotation/calibration/calibration-bc3-sm-slc-vv-20231223t031904-003134-000167-000c3e-01.xml,2023-12-23T03:19:03.809687,2023-12-23T03:19:07.199993,DESCENDING,S1,S1,167.5255,120000000.0,5400000100.0,1.249135241667,1.790609757082,0.0002418,12426,14022,37.6193,116.7709,38.4124,117.1238,38.6822,False,"[[116.8415, 38.6822], [117.1238, 38.623], [116.7709, 38.4715], [117.0523, 38.4124]]",1,True,False
20240103,031840,003378,000017,VV,/home/u/Downloads/中国天津市点位2/降轨-左视/BC3-003378/BC3-SM-SLC-1SVV-20240103T031840-003378-000017-000D32.zip,661165488,661b27c08ff9064d2ddfdbafc07086a482277a13abd77661fcba81c6ea5367ac,BC3-SM-SLC-1SVV-20240103T031840-003378-000017-000D32/measurement/bc3-sm-slc-vv-20240103t031840-003378-000017-000d32-01.tiff,697034339,1a7c0090,BC3-SM-SLC-1SVV-20240103T031840-003378-000017-000D32/manifest.safe,BC3-SM-SLC-1SVV-20240103T031840-003378-000017-000D32/annotation/bc3-sm-slc-vv-20240103t031840-003378-000017-000d32-01.xml,BC3-SM-SLC-1SVV-20240103T031840-003378-000017-000D32/annotation/calibration/calibration-bc3-sm-slc-vv-20240103t031840-003378-000017-000d32-01.xml,2024-01-03T03:18:40.977504,2024-01-03T03:18:44.367810,DESCENDING,S1,S1,167.5245,120000000.0,5400000100.0,1.249135241667,1.790600751937,0.0002418,12426,14022,37.6169,117.0019,39.1027,117.3588,39.3729,True,"[[117.0738, 39.3729], [117.3588, 39.3132], [117.0019, 39.1623], [117.2861, 39.1027]]",1,True,True
20240103,031844,003378,000017,VV,/home/u/Downloads/中国天津市点位2/降轨-左视/BC3-003378/BC3-SM-SLC-1SVV-20240103T031844-003378-000017-000D32.zip,659258709,b231d38b7560505788d35e913287b9474310dbfe1d333369136b304ec75d8e8b,BC3-SM-SLC-1SVV-20240103T031844-003378-000017-000D32/measurement/bc3-sm-slc-vv-20240103t031844-003378-000017-000d32-01.tiff,697034339,0799ee50,BC3-SM-SLC-1SVV-20240103T031844-003378-000017-000D32/manifest.safe,BC3-SM-SLC-1SVV-20240103T031844-003378-000017-000D32/annotation/bc3-sm-slc-vv-20240103t031844-003378-000017-000d32-01.xml,BC3-SM-SLC-1SVV-20240103T031844-003378-000017-000D32/annotation/calibration/calibration-bc3-sm-slc-vv-20240103t031844-003378-000017-000d32-01.xml,2024-01-03T03:18:44.117308,2024-01-03T03:18:47.507614,DESCENDING,S1,S1,167.5245,120000000.0,5400000100.0,1.249135241667,1.790600751937,0.0002418,12426,14022,37.6169,116.9357,38.9078,117.2915,39.1779,True,"[[117.0072, 39.1779], [117.2915, 39.1183], [116.9357, 38.9672], [117.2191, 38.9078]]",1,True,True
20240103,031847,003378,000017,VV,/home/u/Downloads/中国天津市点位2/降轨-左视/BC3-003378/BC3-SM-SLC-1SVV-20240103T031847-003378-000017-000D32.zip,654541064,,BC3-SM-SLC-1SVV-20240103T031847-003378-000017-000D32/measurement/bc3-sm-slc-vv-20240103t031847-003378-000017-000d32-01.tiff,697034339,29441c57,BC3-SM-SLC-1SVV-20240103T031847-003378-000017-000D32/manifest.safe,BC3-SM-SLC-1SVV-20240103T031847-003378-000017-000D32/annotation/bc3-sm-slc-vv-20240103t031847-003378-000017-000d32-01.xml,BC3-SM-SLC-1SVV-20240103T031847-003378-000017-000D32/annotation/calibration/calibration-bc3-sm-slc-vv-20240103t031847-003378-000017-000d32-01.xml,2024-01-03T03:18:47.257102,2024-01-03T03:18:50.647407,DESCENDING,S1,S1,167.5245,120000000.0,5400000100.0,1.249135241667,1.790600751937,0.0002418,12426,14022,37.6169,116.8698,38.7128,117.2244,38.9828,False,"[[116.9409, 38.9828], [117.2244, 38.9234], [116.8698, 38.7721], [117.1524, 38.7128]]",1,True,False
20240103,031850,003378,000017,VV,/home/u/Downloads/中国天津市点位2/降轨-左视/BC3-003378/BC3-SM-SLC-1SVV-20240103T031850-003378-000017-000D32.zip,655579608,,BC3-SM-SLC-1SVV-20240103T031850-003378-000017-000D32/measurement/bc3-sm-slc-vv-20240103t031850-003378-000017-000d32-01.tiff,697034339,c0d1a636,BC3-SM-SLC-1SVV-20240103T031850-003378-000017-000D32/manifest.safe,BC3-SM-SLC-1SVV-20240103T031850-003378-000017-000D32/annotation/bc3-sm-slc-vv-20240103t031850-003378-000017-000d32-01.xml,BC3-SM-SLC-1SVV-20240103T031850-003378-000017-000D32/annotation/calibration/calibration-bc3-sm-slc-vv-20240103t031850-003378-000017-000d32-01.xml,2024-01-03T03:18:50.396906,2024-01-03T03:18:53.787211,DESCENDING,S1,S1,167.5245,120000000.0,5400000100.0,1.249135241667,1.790600751937,0.0002418,12426,14022,37.6169,116.8042,38.5179,117.1578,38.7877,False,"[[116.875, 38.7877], [117.1578, 38.7284], [116.8042, 38.577], [117.0861, 38.5179]]",1,True,False
20240103,031853,003378,000017,VV,/home/u/Downloads/中国天津市点位2/降轨-左视/BC3-003378/BC3-SM-SLC-1SVV-20240103T031853-003378-000017-000D32.zip,654827344,,BC3-SM-SLC-1SVV-20240103T031853-003378-000017-000D32/measurement/bc3-sm-slc-vv-20240103t031853-003378-000017-000d32-01.tiff,697034339,cd4c4aa5,BC3-SM-SLC-1SVV-20240103T031853-003378-000017-000D32/manifest.safe,BC3-SM-SLC-1SVV-20240103T031853-003378-000017-000D32/annotation/bc3-sm-slc-vv-20240103t031853-003378-000017-000d32-01.xml,BC3-SM-SLC-1SVV-20240103T031853-003378-000017-000D32/annotation/calibration/calibration-bc3-sm-slc-vv-20240103t031853-003378-000017-000d32-01.xml,2024-01-03T03:18:52.073320,2024-01-03T03:18:55.463625,DESCENDING,S1,S1,167.5245,120000000.0,5400000100.0,1.249135241667,1.790600751937,0.0002418,12426,14022,37.6169,116.7693,38.4137,117.1223,38.6835,False,"[[116.84, 38.6835], [117.1223, 38.6243], [116.7693, 38.4728], [117.0509, 38.4137]]",1,True,False
20240114,031829,003596,000017,VV,/home/u/Downloads/中国天津市点位2/降轨-左视/BC3-003596/BC3-SM-SLC-1SVV-20240114T031829-003596-000017-000E0C.zip,659705130,a117832a2c42ab377d343224bb77af8536ac7aff4e9b97332174a9968ac5a5d8,BC3-SM-SLC-1SVV-20240114T031829-003596-000017-000E0C.zip/measurement/bc3-sm-slc-vv-20240114t031829-003596-000017-000e0c-01.tiff,697034339,9377906e,BC3-SM-SLC-1SVV-20240114T031829-003596-000017-000E0C.zip/manifest.safe,BC3-SM-SLC-1SVV-20240114T031829-003596-000017-000E0C.zip/annotation/bc3-sm-slc-vv-20240114t031829-003596-000017-000e0c-01.xml,BC3-SM-SLC-1SVV-20240114T031829-003596-000017-000E0C.zip/annotation/calibration/calibration-bc3-sm-slc-vv-20240114t031829-003596-000017-000e0c-01.xml,2024-01-14T03:18:29.037205,2024-01-14T03:18:32.427500,DESCENDING,S1,S1,167.5242,120000000.0,5400000100.0,1.249135241667,1.790585890079,0.0002418,12426,14022,37.6125,117.002,39.1027,117.359,39.3728,True,"[[117.0739, 39.3728], [117.359, 39.3131], [117.002, 39.1623], [117.2862, 39.1027]]",1,True,True
20240114,031832,003596,000017,VV,/home/u/Downloads/中国天津市点位2/降轨-左视/BC3-003596/BC3-SM-SLC-1SVV-20240114T031832-003596-000017-000E0C.zip,658208681,6ec42308254484f64ba8ac8d55015176b9ffe458b84aa2303741e15143f9a228,BC3-SM-SLC-1SVV-20240114T031832-003596-000017-000E0C.zip/measurement/bc3-sm-slc-vv-20240114t031832-003596-000017-000e0c-01.tiff,697034339,6d619f86,BC3-SM-SLC-1SVV-20240114T031832-003596-000017-000E0C.zip/manifest.safe,BC3-SM-SLC-1SVV-20240114T031832-003596-000017-000E0C.zip/annotation/bc3-sm-slc-vv-20240114t031832-003596-000017-000e0c-01.xml,BC3-SM-SLC-1SVV-20240114T031832-003596-000017-000E0C.zip/annotation/calibration/calibration-bc3-sm-slc-vv-20240114t031832-003596-000017-000e0c-01.xml,2024-01-14T03:18:32.177000,2024-01-14T03:18:35.567294,DESCENDING,S1,S1,167.5242,120000000.0,5400000100.0,1.249135241667,1.790585890079,0.0002418,12426,14022,37.6125,116.9358,38.9078,117.2916,39.1778,True,"[[117.0073, 39.1778], [117.2916, 39.1182], [116.9358, 38.9672], [117.2192, 38.9078]]",1,True,True
20240114,031835,003596,000017,VV,/home/u/Downloads/中国天津市点位2/降轨-左视/BC3-003596/BC3-SM-SLC-1SVV-20240114T031835-003596-000017-000E0C.zip,654021588,,BC3-SM-SLC-1SVV-20240114T031835-003596-000017-000E0C.zip/measurement/bc3-sm-slc-vv-20240114t031835-003596-000017-000e0c-01.tiff,697034339,843190e5,BC3-SM-SLC-1SVV-20240114T031835-003596-000017-000E0C.zip/manifest.safe,BC3-SM-SLC-1SVV-20240114T031835-003596-000017-000E0C.zip/annotation/bc3-sm-slc-vv-20240114t031835-003596-000017-000e0c-01.xml,BC3-SM-SLC-1SVV-20240114T031835-003596-000017-000E0C.zip/annotation/calibration/calibration-bc3-sm-slc-vv-20240114t031835-003596-000017-000e0c-01.xml,2024-01-14T03:18:35.316792,2024-01-14T03:18:38.707088,DESCENDING,S1,S1,167.5242,120000000.0,5400000100.0,1.249135241667,1.790585890079,0.0002418,12426,14022,37.6125,116.8699,38.7128,117.2246,38.9828,False,"[[116.941, 38.9828], [117.2246, 38.9233], [116.8699, 38.7721], [117.1526, 38.7128]]",1,True,False
20240114,031838,003596,000017,VV,/home/u/Downloads/中国天津市点位2/降轨-左视/BC3-003596/BC3-SM-SLC-1SVV-20240114T031838-003596-000017-000E0C.zip,654379651,,BC3-SM-SLC-1SVV-20240114T031838-003596-000017-000E0C.zip/measurement/bc3-sm-slc-vv-20240114t031838-003596-000017-000e0c-01.tiff,697034339,0e9a9f35,BC3-SM-SLC-1SVV-20240114T031838-003596-000017-000E0C.zip/manifest.safe,BC3-SM-SLC-1SVV-20240114T031838-003596-000017-000E0C.zip/annotation/bc3-sm-slc-vv-20240114t031838-003596-000017-000e0c-01.xml,BC3-SM-SLC-1SVV-20240114T031838-003596-000017-000E0C.zip/annotation/calibration/calibration-bc3-sm-slc-vv-20240114t031838-003596-000017-000e0c-01.xml,2024-01-14T03:18:38.456586,2024-01-14T03:18:41.846882,DESCENDING,S1,S1,167.5242,120000000.0,5400000100.0,1.249135241667,1.790585890079,0.0002418,12426,14022,37.6125,116.8043,38.5178,117.1579,38.7877,False,"[[116.8751, 38.7877], [117.1579, 38.7284], [116.8043, 38.5769], [117.0863, 38.5178]]",1,True,False
20240114,031841,003596,000017,VV,/home/u/Downloads/中国天津市点位2/降轨-左视/BC3-003596/BC3-SM-SLC-1SVV-20240114T031841-003596-000017-000E0C.zip,654225953,,BC3-SM-SLC-1SVV-20240114T031841-003596-000017-000E0C.zip/measurement/bc3-sm-slc-vv-20240114t031841-003596-000017-000e0c-01.tiff,697034339,eb7f3b53,BC3-SM-SLC-1SVV-20240114T031841-003596-000017-000E0C.zip/manifest.safe,BC3-SM-SLC-1SVV-20240114T031841-003596-000017-000E0C.zip/annotation/bc3-sm-slc-vv-20240114t031841-003596-000017-000e0c-01.xml,BC3-SM-SLC-1SVV-20240114T031841-003596-000017-000E0C.zip/annotation/calibration/calibration-bc3-sm-slc-vv-20240114t031841-003596-000017-000e0c-01.xml,2024-01-14T03:18:40.132990,2024-01-14T03:18:43.523296,DESCENDING,S1,S1,167.5242,120000000.0,5400000100.0,1.249135241667,1.790585890079,0.0002418,12426,14022,37.6125,116.7694,38.4137,117.1224,38.6835,False,"[[116.8401, 38.6835], [117.1224, 38.6243], [116.7694, 38.4727], [117.051, 38.4137]]",1,True,False
20240125,031817,003834,000017,VV,/home/u/Downloads/中国天津市点位2/降轨-左视/BC3-003834/BC3-SM-SLC-1SVV-20240125T031817-003834-000017-000EFA.zip,657291007,6b6b93dba1542216c578fd34080caf0b7924be95191e0c8ecb287cc543ee8be9,BC3-SM-SLC-1SVV-20240125T031817-003834-000017-000EFA.zip/measurement/bc3-sm-slc-vv-20240125t031817-003834-000017-000efa-01.tiff,697034339,098dadf6,BC3-SM-SLC-1SVV-20240125T031817-003834-000017-000EFA.zip/manifest.safe,BC3-SM-SLC-1SVV-20240125T031817-003834-000017-000EFA.zip/annotation/bc3-sm-slc-vv-20240125t031817-003834-000017-000efa-01.xml,BC3-SM-SLC-1SVV-20240125T031817-003834-000017-000EFA.zip/annotation/calibration/calibration-bc3-sm-slc-vv-20240125t031817-003834-000017-000efa-01.xml,2024-01-25T03:18:17.259075,2024-01-25T03:18:20.649371,DESCENDING,S1,S1,167.5288,120000000.0,5400000100.0,1.249135241667,1.790584880085,0.0002418,12426,14022,37.6108,117.0022,39.103,117.3592,39.3732,True,"[[117.0741, 39.3732], [117.3592, 39.3135], [117.0022, 39.1626], [117.2864, 39.103]]",1,True,True
20240125,031820,003834,000017,VV,/home/u/Downloads/中国天津市点位2/降轨-左视/BC3-003834/BC3-SM-SLC-1SVV-20240125T031820-003834-000017-000EFA.zip,657325155,cf67d49cbfe4aa6de3baa1ee8de78cedaac9ba5517a09a38c617a2f819daa2d9,BC3-SM-SLC-1SVV-20240125T031820-003834-000017-000EFA.zip/measurement/bc3-sm-slc-vv-20240125t031820-003834-000017-000efa-01.tiff,697034339,f43db26d,BC3-SM-SLC-1SVV-20240125T031820-003834-000017-000EFA.zip/manifest.safe,BC3-SM-SLC-1SVV-20240125T031820-003834-000017-000EFA.zip/annotation/bc3-sm-slc-vv-20240125t031820-003834-000017-000efa-01.xml,BC3-SM-SLC-1SVV-20240125T031820-003834-000017-000EFA.zip/annotation/calibration/calibration-bc3-sm-slc-vv-20240125t031820-003834-000017-000efa-01.xml,2024-01-25T03:18:20.398859,2024-01-25T03:18:23.789154,DESCENDING,S1,S1,167.5288,120000000.0,5400000100.0,1.249135241667,1.790584880085,0.0002418,12426,14022,37.6108,116.936,38.9081,117.2918,39.1782,True,"[[117.0075, 39.1782], [117.2918, 39.1186], [116.936, 38.9675], [117.2194, 38.9081]]",1,True,True
20240125,031823,003834,000017,VV,/home/u/Downloads/中国天津市点位2/降轨-左视/BC3-003834/BC3-SM-SLC-1SVV-20240125T031823-003834-000017-000EFA.zip,652198230,,BC3-SM-SLC-1SVV-20240125T031823-003834-000017-000EFA.zip/measurement/bc3-sm-slc-vv-20240125t031823-003834-000017-000efa-01.tiff,697034339,311972c2,BC3-SM-SLC-1SVV-20240125T031823-003834-000017-000EFA.zip/manifest.safe,BC3-SM-SLC-1SVV-20240125T031823-003834-000017-000EFA.zip/annotation/bc3-sm-slc-vv-20240125t031823-003834-000017-000efa-01.xml,BC3-SM-SLC-1SVV-20240125T031823-003834-000017-000EFA.zip/annotation/calibration/calibration-bc3-sm-slc-vv-20240125t031823-003834-000017-000efa-01.xml,2024-01-25T03:18:23.538653,2024-01-25T03:18:26.928948,DESCENDING,S1,S1,167.5288,120000000.0,5400000100.0,1.249135241667,1.790584880085,0.0002418,12426,14022,37.6108,116.8701,38.7132,117.2248,38.9831,False,"[[116.9412, 38.9831], [117.2248, 38.9237], [116.8701, 38.7724], [117.1528, 38.7132]]",1,True,False
20240125,031826,003834,000017,VV,/home/u/Downloads/中国天津市点位2/降轨-左视/BC3-003834/BC3-SM-SLC-1SVV-20240125T031826-003834-000017-000EFA.zip,650211894,,BC3-SM-SLC-1SVV-20240125T031826-003834-000017-000EFA.zip/measurement/bc3-sm-slc-vv-20240125t031826-003834-000017-000efa-01.tiff,697034339,ffe7950d,BC3-SM-SLC-1SVV-20240125T031826-003834-000017-000EFA.zip/manifest.safe,BC3-SM-SLC-1SVV-20240125T031826-003834-000017-000EFA.zip/annotation/bc3-sm-slc-vv-20240125t031826-003834-000017-000efa-01.xml,BC3-SM-SLC-1SVV-20240125T031826-003834-000017-000EFA.zip/annotation/calibration/calibration-bc3-sm-slc-vv-20240125t031826-003834-000017-000efa-01.xml,2024-01-25T03:18:26.678437,2024-01-25T03:18:30.068732,DESCENDING,S1,S1,167.5288,120000000.0,5400000100.0,1.249135241667,1.790584880085,0.0002418,12426,14022,37.6108,116.8045,38.5182,117.1581,38.788,False,"[[116.8753, 38.788], [117.1581, 38.7287], [116.8045, 38.5773], [117.0865, 38.5182]]",1,True,False
20240125,031829,003834,000017,VV,/home/u/Downloads/中国天津市点位2/降轨-左视/BC3-003834/BC3-SM-SLC-1SVV-20240125T031829-003834-000017-000EFA.zip,648957871,,BC3-SM-SLC-1SVV-20240125T031829-003834-000017-000EFA.zip/measurement/bc3-sm-slc-vv-20240125t031829-003834-000017-000efa-01.tiff,697034339,b8ee2fde,BC3-SM-SLC-1SVV-20240125T031829-003834-000017-000EFA.zip/manifest.safe,BC3-SM-SLC-1SVV-20240125T031829-003834-000017-000EFA.zip/annotation/bc3-sm-slc-vv-20240125t031829-003834-000017-000efa-01.xml,BC3-SM-SLC-1SVV-20240125T031829-003834-000017-000EFA.zip/annotation/calibration/calibration-bc3-sm-slc-vv-20240125t031829-003834-000017-000efa-01.xml,2024-01-25T03:18:28.354851,2024-01-25T03:18:31.745146,DESCENDING,S1,S1,167.5288,120000000.0,5400000100.0,1.249135241667,1.790584880085,0.0002418,12426,14022,37.6108,116.7696,38.414,117.1226,38.6838,False,"[[116.8402, 38.6838], [117.1226, 38.6246], [116.7696, 38.4731], [117.0512, 38.414]]",1,True,False
20240205,031805,004052,000017,VV,/home/u/Downloads/中国天津市点位2/降轨-左视/BC3-004052/BC3-SM-SLC-1SVV-20240205T031805-004052-000017-000FD4.zip,656156216,3f2db8a0e0faefac002cedf6212cf68f3e2494505a8fa6f19f3dafc29b578c90,BC3-SM-SLC-1SVV-20240205T031805-004052-000017-000FD4.zip/measurement/bc3-sm-slc-vv-20240205t031805-004052-000017-000fd4-01.tiff,697034339,a222aca0,BC3-SM-SLC-1SVV-20240205T031805-004052-000017-000FD4.zip/manifest.safe,BC3-SM-SLC-1SVV-20240205T031805-004052-000017-000FD4.zip/annotation/bc3-sm-slc-vv-20240205t031805-004052-000017-000fd4-01.xml,BC3-SM-SLC-1SVV-20240205T031805-004052-000017-000FD4.zip/annotation/calibration/calibration-bc3-sm-slc-vv-20240205t031805-004052-000017-000fd4-01.xml,2024-02-05T03:18:05.567497,2024-02-05T03:18:08.957782,DESCENDING,S1,S1,167.5267,120000000.0,5400000100.0,1.249135241667,1.790582263055,0.0002418,12426,14022,37.6138,117.0029,39.1028,117.3598,39.373,True,"[[117.0748, 39.373], [117.3598, 39.3133], [117.0029, 39.1624], [117.2871, 39.1028]]",1,True,True
20240205,031808,004052,000017,VV,/home/u/Downloads/中国天津市点位2/降轨-左视/BC3-004052/BC3-SM-SLC-1SVV-20240205T031808-004052-000017-000FD4.zip,655032638,8d8c9446b66fbeb28a3de6c53354eabe6ab607733147ea0140c9ccf6a90a0fda,BC3-SM-SLC-1SVV-20240205T031808-004052-000017-000FD4.zip/measurement/bc3-sm-slc-vv-20240205t031808-004052-000017-000fd4-01.tiff,697034339,f3f1f75c,BC3-SM-SLC-1SVV-20240205T031808-004052-000017-000FD4.zip/manifest.safe,BC3-SM-SLC-1SVV-20240205T031808-004052-000017-000FD4.zip/annotation/bc3-sm-slc-vv-20240205t031808-004052-000017-000fd4-01.xml,BC3-SM-SLC-1SVV-20240205T031808-004052-000017-000FD4.zip/annotation/calibration/calibration-bc3-sm-slc-vv-20240205t031808-004052-000017-000fd4-01.xml,2024-02-05T03:18:08.707271,2024-02-05T03:18:12.097556,DESCENDING,S1,S1,167.5267,120000000.0,5400000100.0,1.249135241667,1.790582263055,0.0002418,12426,14022,37.6138,116.9366,38.9079,117.2925,39.178,True,"[[117.0082, 39.178], [117.2925, 39.1184], [116.9366, 38.9673], [117.2201, 38.9079]]",1,True,True
20240205,031811,004052,000017,VV,/home/u/Downloads/中国天津市点位2/降轨-左视/BC3-004052/BC3-SM-SLC-1SVV-20240205T031811-004052-000017-000FD4.zip,647449978,,BC3-SM-SLC-1SVV-20240205T031811-004052-000017-000FD4.zip/measurement/bc3-sm-slc-vv-20240205t031811-004052-000017-000fd4-01.tiff,697034339,5c2ec38e,BC3-SM-SLC-1SVV-20240205T031811-004052-000017-000FD4.zip/manifest.safe,BC3-SM-SLC-1SVV-20240205T031811-004052-000017-000FD4.zip/annotation/bc3-sm-slc-vv-20240205t031811-004052-000017-000fd4-01.xml,BC3-SM-SLC-1SVV-20240205T031811-004052-000017-000FD4.zip/annotation/calibration/calibration-bc3-sm-slc-vv-20240205t031811-004052-000017-000fd4-01.xml,2024-02-05T03:18:11.847044,2024-02-05T03:18:15.237330,DESCENDING,S1,S1,167.5267,120000000.0,5400000100.0,1.249135241667,1.790582263055,0.0002418,12426,14022,37.6138,116.8708,38.713,117.2254,38.9829,False,"[[116.9419, 38.9829], [117.2254, 38.9235], [116.8708, 38.7722], [117.1535, 38.713]]",1,True,False
20240205,031814,004052,000017,VV,/home/u/Downloads/中国天津市点位2/降轨-左视/BC3-004052/BC3-SM-SLC-1SVV-20240205T031814-004052-000017-000FD4.zip,644585312,,BC3-SM-SLC-1SVV-20240205T031814-004052-000017-000FD4.zip/measurement/bc3-sm-slc-vv-20240205t031814-004052-000017-000fd4-01.tiff,697034339,ce6d752d,BC3-SM-SLC-1SVV-20240205T031814-004052-000017-000FD4.zip/manifest.safe,BC3-SM-SLC-1SVV-20240205T031814-004052-000017-000FD4.zip/annotation/bc3-sm-slc-vv-20240205t031814-004052-000017-000fd4-01.xml,BC3-SM-SLC-1SVV-20240205T031814-004052-000017-000FD4.zip/annotation/calibration/calibration-bc3-sm-slc-vv-20240205t031814-004052-000017-000fd4-01.xml,2024-02-05T03:18:14.986818,2024-02-05T03:18:18.377104,DESCENDING,S1,S1,167.5267,120000000.0,5400000100.0,1.249135241667,1.790582263055,0.0002418,12426,14022,37.6138,116.8052,38.518,117.1588,38.7878,False,"[[116.876, 38.7878], [117.1588, 38.7285], [116.8052, 38.5771], [117.0871, 38.518]]",1,True,False
20240205,031817,004052,000017,VV,/home/u/Downloads/中国天津市点位2/降轨-左视/BC3-004052/BC3-SM-SLC-1SVV-20240205T031817-004052-000017-000FD4.zip,643330551,,BC3-SM-SLC-1SVV-20240205T031817-004052-000017-000FD4.zip/measurement/bc3-sm-slc-vv-20240205t031817-004052-000017-000fd4-01.tiff,697034339,eec212d7,BC3-SM-SLC-1SVV-20240205T031817-004052-000017-000FD4.zip/manifest.safe,BC3-SM-SLC-1SVV-20240205T031817-004052-000017-000FD4.zip/annotation/bc3-sm-slc-vv-20240205t031817-004052-000017-000fd4-01.xml,BC3-SM-SLC-1SVV-20240205T031817-004052-000017-000FD4.zip/annotation/calibration/calibration-bc3-sm-slc-vv-20240205t031817-004052-000017-000fd4-01.xml,2024-02-05T03:18:16.663222,2024-02-05T03:18:20.053498,DESCENDING,S1,S1,167.5267,120000000.0,5400000100.0,1.249135241667,1.790582263055,0.0002418,12426,14022,37.6138,116.7703,38.4138,117.1233,38.6836,False,"[[116.8409, 38.6836], [117.1233, 38.6244], [116.7703, 38.4729], [117.0519, 38.4138]]",1,True,False
20240216,031753,004253,000017,VV,/home/u/Downloads/中国天津市点位2/降轨-左视/BC3-004253/BC3-SM-SLC-1SVV-20240216T031753-004253-000017-00109D.zip,660108088,6d1675706a4ba344c21f1fb1df8f3920030e05b100bb8fbd6272577d671e8223,BC3-SM-SLC-1SVV-20240216T031753-004253-000017-00109D.zip/measurement/bc3-sm-slc-vv-20240216t031753-004253-000017-00109d-01.tiff,697034339,972bc5c1,BC3-SM-SLC-1SVV-20240216T031753-004253-000017-00109D.zip/manifest.safe,BC3-SM-SLC-1SVV-20240216T031753-004253-000017-00109D.zip/annotation/bc3-sm-slc-vv-20240216t031753-004253-000017-00109d-01.xml,BC3-SM-SLC-1SVV-20240216T031753-004253-000017-00109D.zip/annotation/calibration/calibration-bc3-sm-slc-vv-20240216t031753-004253-000017-00109d-01.xml,2024-02-16T03:17:53.927276,2024-02-16T03:17:57.317562,DESCENDING,S1,S1,167.525,120000000.0,5400000100.0,1.249135241667,1.790592126144,0.0002418,12426,14022,37.6149,117.0027,39.1024,117.3596,39.3725,True,"[[117.0746, 39.3725], [117.3596, 39.3128], [117.0027, 39.1619], [117.2869, 39.1024]]",1,True,True
20240216,031757,004253,000017,VV,/home/u/Downloads/中国天津市点位2/降轨-左视/BC3-004253/BC3-SM-SLC-1SVV-20240216T031757-004253-000017-00109D.zip,658880282,21f12d143ee7e9d32ff8f85513fd916306dfefd9c37fbb4eedd0e22a230c8a88,BC3-SM-SLC-1SVV-20240216T031757-004253-000017-00109D.zip/measurement/bc3-sm-slc-vv-20240216t031757-004253-000017-00109d-01.tiff,697034339,1444bac8,BC3-SM-SLC-1SVV-20240216T031757-004253-000017-00109D.zip/manifest.safe,BC3-SM-SLC-1SVV-20240216T031757-004253-000017-00109D.zip/annotation/bc3-sm-slc-vv-20240216t031757-004253-000017-00109d-01.xml,BC3-SM-SLC-1SVV-20240216T031757-004253-000017-00109D.zip/annotation/calibration/calibration-bc3-sm-slc-vv-20240216t031757-004253-000017-00109d-01.xml,2024-02-16T03:17:57.067060,2024-02-16T03:18:00.457346,DESCENDING,S1,S1,167.525,120000000.0,5400000100.0,1.249135241667,1.790592126144,0.0002418,12426,14022,37.6149,116.9365,38.9074,117.2923,39.1775,True,"[[117.008, 39.1775], [117.2923, 39.1179], [116.9365, 38.9669], [117.2199, 38.9074]]",1,True,True
20240216,031800,004253,000017,VV,/home/u/Downloads/中国天津市点位2/降轨-左视/BC3-004253/BC3-SM-SLC-1SVV-20240216T031800-004253-000017-00109D.zip,654387440,,BC3-SM-SLC-1SVV-20240216T031800-004253-000017-00109D.zip/measurement/bc3-sm-slc-vv-20240216t031800-004253-000017-00109d-01.tiff,697034339,739995a1,BC3-SM-SLC-1SVV-20240216T031800-004253-000017-00109D.zip/manifest.safe,BC3-SM-SLC-1SVV-20240216T031800-004253-000017-00109D.zip/annotation/bc3-sm-slc-vv-20240216t031800-004253-000017-00109d-01.xml,BC3-SM-SLC-1SVV-20240216T031800-004253-000017-00109D.zip/annotation/calibration/calibration-bc3-sm-slc-vv-20240216t031800-004253-000017-00109d-01.xml,2024-02-16T03:18:00.206844,2024-02-16T03:18:03.597139,DESCENDING,S1,S1,167.525,120000000.0,5400000100.0,1.249135241667,1.790592126144,0.0002418,12426,14022,37.6149,116.8706,38.7125,117.2252,38.9824,False,"[[116.9417, 38.9824], [117.2252, 38.923], [116.8706, 38.7718], [117.1533, 38.7125]]",1,True,False
20240216,031803,004253,000017,VV,/home/u/Downloads/中国天津市点位2/降轨-左视/BC3-004253/BC3-SM-SLC-1SVV-20240216T031803-004253-000017-00109D.zip,651799597,,BC3-SM-SLC-1SVV-20240216T031803-004253-000017-00109D.zip/measurement/bc3-sm-slc-vv-20240216t031803-004253-000017-00109d-01.tiff,697034339,7fbd8fca,BC3-SM-SLC-1SVV-20240216T031803-004253-000017-00109D.zip/manifest.safe,BC3-SM-SLC-1SVV-20240216T031803-004253-000017-00109D.zip/annotation/bc3-sm-slc-vv-20240216t031803-004253-000017-00109d-01.xml,BC3-SM-SLC-1SVV-20240216T031803-004253-000017-00109D.zip/annotation/calibration/calibration-bc3-sm-slc-vv-20240216t031803-004253-000017-00109d-01.xml,2024-02-16T03:18:03.346628,2024-02-16T03:18:06.736923,DESCENDING,S1,S1,167.525,120000000.0,5400000100.0,1.249135241667,1.790592126144,0.0002418,12426,14022,37.6149,116.805,38.5175,117.1586,38.7873,False,"[[116.8758, 38.7873], [117.1586, 38.728], [116.805, 38.5766], [117.0869, 38.5175]]",1,True,False
20240216,031806,004253,000017,VV,/home/u/Downloads/中国天津市点位2/降轨-左视/BC3-004253/BC3-SM-SLC-1SVV-20240216T031806-004253-000017-00109D.zip,650299334,,BC3-SM-SLC-1SVV-20240216T031806-004253-000017-00109D.zip/measurement/bc3-sm-slc-vv-20240216t031806-004253-000017-00109d-01.tiff,697034339,ef62f5ac,BC3-SM-SLC-1SVV-20240216T031806-004253-000017-00109D.zip/manifest.safe,BC3-SM-SLC-1SVV-20240216T031806-004253-000017-00109D.zip/annotation/bc3-sm-slc-vv-20240216t031806-004253-000017-00109d-01.xml,BC3-SM-SLC-1SVV-20240216T031806-004253-000017-00109D.zip/annotation/calibration/calibration-bc3-sm-slc-vv-20240216t031806-004253-000017-00109d-01.xml,2024-02-16T03:18:05.023032,2024-02-16T03:18:08.413327,DESCENDING,S1,S1,167.525,120000000.0,5400000100.0,1.249135241667,1.790592126144,0.0002418,12426,14022,37.6149,116.7701,38.4134,117.1231,38.6831,False,"[[116.8408, 38.6831], [117.1231, 38.6239], [116.7701, 38.4724], [117.0517, 38.4134]]",1,True,False
20240227,031742,004484,000017,VV,/home/u/Downloads/中国天津市点位2/降轨-左视/BC3-004484/BC3-SM-SLC-1SVV-20240227T031742-004484-000017-001184.zip,659802461,833125a292e145318584732e5b417392ed741f5a633babd5a3a789b70404f20e,BC3-SM-SLC-1SVV-20240227T031742-004484-000017-001184.zip/measurement/bc3-sm-slc-vv-20240227t031742-004484-000017-001184-01.tiff,697034339,cbb3654c,BC3-SM-SLC-1SVV-20240227T031742-004484-000017-001184.zip/manifest.safe,BC3-SM-SLC-1SVV-20240227T031742-004484-000017-001184.zip/annotation/bc3-sm-slc-vv-20240227t031742-004484-000017-001184-01.xml,BC3-SM-SLC-1SVV-20240227T031742-004484-000017-001184.zip/annotation/calibration/calibration-bc3-sm-slc-vv-20240227t031742-004484-000017-001184-01.xml,2024-02-27T03:17:42.518819,2024-02-27T03:17:45.909104,DESCENDING,S1,S1,167.5268,120000000.0,5400000100.0,1.249135241667,1.790579361103,0.0002418,12426,14022,37.6116,117.0017,39.1025,117.3587,39.3727,True,"[[117.0736, 39.3727], [117.3587, 39.313], [117.0017, 39.1621], [117.286, 39.1025]]",1,True,True
20240227,031745,004484,000017,VV,/home/u/Downloads/中国天津市点位2/降轨-左视/BC3-004484/BC3-SM-SLC-1SVV-20240227T031745-004484-000017-001184.zip,659846370,493994fb15b203ba7b87bf9bfdcde13c4302749bdd42da68e04ef96bd4039351,BC3-SM-SLC-1SVV-20240227T031745-004484-000017-001184.zip/measurement/bc3-sm-slc-vv-20240227t031745-004484-000017-001184-01.tiff,697034339,8f5355a1,BC3-SM-SLC-1SVV-20240227T031745-004484-000017-001184.zip/manifest.safe,BC3-SM-SLC-1SVV-20240227T031745-004484-000017-001184.zip/annotation/bc3-sm-slc-vv-20240227t031745-004484-000017-001184-01.xml,BC3-SM-SLC-1SVV-20240227T031745-004484-000017-001184.zip/annotation/calibration/calibration-bc3-sm-slc-vv-20240227t031745-004484-000017-001184-01.xml,2024-02-27T03:17:45.658603,2024-02-27T03:17:49.048888,DESCENDING,S1,S1,167.5268,120000000.0,5400000100.0,1.249135241667,1.790579361103,0.0002418,12426,14022,37.6116,116.9355,38.9076,117.2913,39.1777,True,"[[117.007, 39.1777], [117.2913, 39.1181], [116.9355, 38.967], [117.219, 38.9076]]",1,True,True
20240227,031748,004484,000017,VV,/home/u/Downloads/中国天津市点位2/降轨-左视/BC3-004484/BC3-SM-SLC-1SVV-20240227T031748-004484-000017-001184.zip,659057095,,BC3-SM-SLC-1SVV-20240227T031748-004484-000017-001184.zip/measurement/bc3-sm-slc-vv-20240227t031748-004484-000017-001184-01.tiff,697034339,4269d217,BC3-SM-SLC-1SVV-20240227T031748-004484-000017-001184.zip/manifest.safe,BC3-SM-SLC-1SVV-20240227T031748-004484-000017-001184.zip/annotation/bc3-sm-slc-vv-20240227t031748-004484-000017-001184-01.xml,BC3-SM-SLC-1SVV-20240227T031748-004484-000017-001184.zip/annotation/calibration/calibration-bc3-sm-slc-vv-20240227t031748-004484-000017-001184-01.xml,2024-02-27T03:17:48.798386,2024-02-27T03:17:52.188672,DESCENDING,S1,S1,167.5268,120000000.0,5400000100.0,1.249135241667,1.790579361103,0.0002418,12426,14022,37.6116,116.8696,38.7127,117.2243,38.9826,False,"[[116.9408, 38.9826], [117.2243, 38.9232], [116.8696, 38.7719], [117.1523, 38.7127]]",1,True,False
20240227,031751,004484,000017,VV,/home/u/Downloads/中国天津市点位2/降轨-左视/BC3-004484/BC3-SM-SLC-1SVV-20240227T031751-004484-000017-001184.zip,664214118,,BC3-SM-SLC-1SVV-20240227T031751-004484-000017-001184.zip/measurement/bc3-sm-slc-vv-20240227t031751-004484-000017-001184-01.tiff,697034339,3f79e0ee,BC3-SM-SLC-1SVV-20240227T031751-004484-000017-001184.zip/manifest.safe,BC3-SM-SLC-1SVV-20240227T031751-004484-000017-001184.zip/annotation/bc3-sm-slc-vv-20240227t031751-004484-000017-001184-01.xml,BC3-SM-SLC-1SVV-20240227T031751-004484-000017-001184.zip/annotation/calibration/calibration-bc3-sm-slc-vv-20240227t031751-004484-000017-001184-01.xml,2024-02-27T03:17:51.938160,2024-02-27T03:17:55.328456,DESCENDING,S1,S1,167.5268,120000000.0,5400000100.0,1.249135241667,1.790579361103,0.0002418,12426,14022,37.6116,116.804,38.5177,117.1576,38.7875,False,"[[116.8749, 38.7875], [117.1576, 38.7282], [116.804, 38.5768], [117.086, 38.5177]]",1,True,False
20240227,031754,004484,000017,VV,/home/u/Downloads/中国天津市点位2/降轨-左视/BC3-004484/BC3-SM-SLC-1SVV-20240227T031754-004484-000017-001184.zip,659203152,,BC3-SM-SLC-1SVV-20240227T031754-004484-000017-001184.zip/measurement/bc3-sm-slc-vv-20240227t031754-004484-000017-001184-01.tiff,697034339,e9f71610,BC3-SM-SLC-1SVV-20240227T031754-004484-000017-001184.zip/manifest.safe,BC3-SM-SLC-1SVV-20240227T031754-004484-000017-001184.zip/annotation/bc3-sm-slc-vv-20240227t031754-004484-000017-001184-01.xml,BC3-SM-SLC-1SVV-20240227T031754-004484-000017-001184.zip/annotation/calibration/calibration-bc3-sm-slc-vv-20240227t031754-004484-000017-001184-01.xml,2024-02-27T03:17:53.614564,2024-02-27T03:17:57.004860,DESCENDING,S1,S1,167.5268,120000000.0,5400000100.0,1.249135241667,1.790579361103,0.0002418,12426,14022,37.6116,116.7692,38.4135,117.1222,38.6833,False,"[[116.8398, 38.6833], [117.1222, 38.6241], [116.7692, 38.4726], [117.0507, 38.4135]]",1,True,False
20240309,031730,004738,000016,VV,/home/u/Downloads/中国天津市点位2/降轨-左视/BC3-004738/BC3-SM-SLC-1SVV-20240309T031730-004738-000016-001282.zip,662101786,a37aab54fc90003a6fc37af5f3d9db3869f7f939e5391dd3a5d21a3a01d8c7d9,BC3-SM-SLC-VV-20240309T031730-004738-000016-001282/measurement/bc3-sm-slc-vv-20240309t031730-004738-000016-001282-01.tiff,697034339,1c50a1e4,BC3-SM-SLC-VV-20240309T031730-004738-000016-001282/manifest.safe,BC3-SM-SLC-VV-20240309T031730-004738-000016-001282/annotation/bc3-sm-slc-vv-20240309t031730-004738-000016-001282-01.xml,BC3-SM-SLC-VV-20240309T031730-004738-000016-001282/annotation/calibration/calibration-bc3-sm-slc-vv-20240309t031730-004738-000016-001282-01.xml,2024-03-09T03:17:30.815583,2024-03-09T03:17:34.205869,DESCENDING,S1,S1,167.5251,120000000.0,5400000100.0,1.249135241667,1.790580436888,0.0002418,12426,14022,37.6109,117.003,39.1036,117.36,39.3738,True,"[[117.0749, 39.3738], [117.36, 39.3141], [117.003, 39.1632], [117.2873, 39.1036]]",1,True,True
20240309,031733,004738,000016,VV,/home/u/Downloads/中国天津市点位2/降轨-左视/BC3-004738/BC3-SM-SLC-1SVV-20240309T031733-004738-000016-001282.zip,661840263,2bf89784588f059965c5d3c5828b67a43bd83ae3eadbe0b0ac305839e189fe05,BC3-SM-SLC-VV-20240309T031733-004738-000016-001282/measurement/bc3-sm-slc-vv-20240309t031733-004738-000016-001282-01.tiff,697034339,ccefd36f,BC3-SM-SLC-VV-20240309T031733-004738-000016-001282/manifest.safe,BC3-SM-SLC-VV-20240309T031733-004738-000016-001282/annotation/bc3-sm-slc-vv-20240309t031733-004738-000016-001282-01.xml,BC3-SM-SLC-VV-20240309T031733-004738-000016-001282/annotation/calibration/calibration-bc3-sm-slc-vv-20240309t031733-004738-000016-001282-01.xml,2024-03-09T03:17:33.955367,2024-03-09T03:17:37.345652,DESCENDING,S1,S1,167.5251,120000000.0,5400000100.0,1.249135241667,1.790580436888,0.0002418,12426,14022,37.6109,116.9368,38.9087,117.2927,39.1788,True,"[[117.0083, 39.1788], [117.2927, 39.1192], [116.9368, 38.9682], [117.2203, 38.9087]]",1,True,True
20240309,031737,004738,000016,VV,/home/u/Downloads/中国天津市点位2/降轨-左视/BC3-004738/BC3-SM-SLC-1SVV-20240309T031737-004738-000016-001282.zip,651140602,,BC3-SM-SLC-VV-20240309T031737-004738-000016-001282/measurement/bc3-sm-slc-vv-20240309t031737-004738-000016-001282-01.tiff,697034339,e2404f4d,BC3-SM-SLC-VV-20240309T031737-004738-000016-001282/manifest.safe,BC3-SM-SLC-VV-20240309T031737-004738-000016-001282/annotation/bc3-sm-slc-vv-20240309t031737-004738-000016-001282-01.xml,BC3-SM-SLC-VV-20240309T031737-004738-000016-001282/annotation/calibration/calibration-bc3-sm-slc-vv-20240309t031737-004738-000016-001282-01.xml,2024-03-09T03:17:37.095141,2024-03-09T03:17:40.485436,DESCENDING,S1,S1,167.5251,120000000.0,5400000100.0,1.249135241667,1.790580436888,0.0002418,12426,14022,37.6109,116.8709,38.7138,117.2256,38.9837,False,"[[116.9421, 38.9837], [117.2256, 38.9243], [116.8709, 38.7731], [117.1536, 38.7138]]",1,True,False
20240309,031740,004738,000016,VV,/home/u/Downloads/中国天津市点位2/降轨-左视/BC3-004738/BC3-SM-SLC-1SVV-20240309T031740-004738-000016-001282.zip,647888771,,BC3-SM-SLC-VV-20240309T031740-004738-000016-001282/measurement/bc3-sm-slc-vv-20240309t031740-004738-000016-001282-01.tiff,697034339,1cb8cc40,BC3-SM-SLC-VV-20240309T031740-004738-000016-001282/manifest.safe,BC3-SM-SLC-VV-20240309T031740-004738-000016-001282/annotation/bc3-sm-slc-vv-20240309t031740-004738-000016-001282-01.xml,BC3-SM-SLC-VV-20240309T031740-004738-000016-001282/annotation/calibration/calibration-bc3-sm-slc-vv-20240309t031740-004738-000016-001282-01.xml,2024-03-09T03:17:40.234925,2024-03-09T03:17:43.625210,DESCENDING,S1,S1,167.5251,120000000.0,5400000100.0,1.249135241667,1.790580436888,0.0002418,12426,14022,37.6109,116.8054,38.5188,117.1589,38.7886,False,"[[116.8762, 38.7886], [117.1589, 38.7293], [116.8054, 38.5779], [117.0873, 38.5188]]",1,True,False
20240309,031742,004738,000016,VV,/home/u/Downloads/中国天津市点位2/降轨-左视/BC3-004738/BC3-SM-SLC-1SVV-20240309T031742-004738-000016-001282.zip,648812800,,BC3-SM-SLC-VV-20240309T031742-004738-000016-001282/measurement/bc3-sm-slc-vv-20240309t031742-004738-000016-001282-01.tiff,697034339,8d0ef2c4,BC3-SM-SLC-VV-20240309T031742-004738-000016-001282/manifest.safe,BC3-SM-SLC-VV-20240309T031742-004738-000016-001282/annotation/bc3-sm-slc-vv-20240309t031742-004738-000016-001282-01.xml,BC3-SM-SLC-VV-20240309T031742-004738-000016-001282/annotation/calibration/calibration-bc3-sm-slc-vv-20240309t031742-004738-000016-001282-01.xml,2024-03-09T03:17:41.911329,2024-03-09T03:17:45.301614,DESCENDING,S1,S1,167.5251,120000000.0,5400000100.0,1.249135241667,1.790580436888,0.0002418,12426,14022,37.6109,116.7705,38.4146,117.1235,38.6844,False,"[[116.8411, 38.6844], [117.1235, 38.6252], [116.7705, 38.4737], [117.052, 38.4146]]",1,True,False
20240331,031708,005336,000016,VV,/home/u/Downloads/中国天津市点位2/降轨-左视/BC3-005336/BC3-SM-SLC-1SVV-20240331T031708-005336-000016-0014D8.zip,663030119,1269193bf545dda452b5229617767d219a1126b64cddaaaa40eccc12e0832ffb,BC3-SM-SLC-1SVV-20240331T031708-005336-000016-0014D8/measurement/bc3-sm-slc-vv-20240331t031708-005336-000016-0014d8-01.tiff,697034339,e7c1379f,BC3-SM-SLC-1SVV-20240331T031708-005336-000016-0014D8/manifest.safe,BC3-SM-SLC-1SVV-20240331T031708-005336-000016-0014D8/annotation/bc3-sm-slc-vv-20240331t031708-005336-000016-0014d8-01.xml,BC3-SM-SLC-1SVV-20240331T031708-005336-000016-0014D8/annotation/calibration/calibration-bc3-sm-slc-vv-20240331t031708-005336-000016-0014d8-01.xml,2024-03-31T03:17:08.182906,2024-03-31T03:17:11.573201,DESCENDING,S1,S1,167.5293,120000000.0,5400000100.0,1.249135241667,1.79058607422,0.0002418,12426,14022,37.6119,117.0025,39.104,117.3594,39.3742,True,"[[117.0744, 39.3742], [117.3594, 39.3144], [117.0025, 39.1636], [117.2867, 39.104]]",1,True,True
20240331,031711,005336,000016,VV,/home/u/Downloads/中国天津市点位2/降轨-左视/BC3-005336/BC3-SM-SLC-1SVV-20240331T031711-005336-000016-0014D8.zip,662272811,1a869c2601f22e456e21ac937be82890679370d53ccbc9ee15b67c7d4c66d941,BC3-SM-SLC-1SVV-20240331T031711-005336-000016-0014D8/measurement/bc3-sm-slc-vv-20240331t031711-005336-000016-0014d8-01.tiff,697034339,054f2000,BC3-SM-SLC-1SVV-20240331T031711-005336-000016-0014D8/manifest.safe,BC3-SM-SLC-1SVV-20240331T031711-005336-000016-0014D8/annotation/bc3-sm-slc-vv-20240331t031711-005336-000016-0014d8-01.xml,BC3-SM-SLC-1SVV-20240331T031711-005336-000016-0014D8/annotation/calibration/calibration-bc3-sm-slc-vv-20240331t031711-005336-000016-0014d8-01.xml,2024-03-31T03:17:11.322700,2024-03-31T03:17:14.713000,DESCENDING,S1,S1,167.5293,120000000.0,5400000100.0,1.249135241667,1.79058607422,0.0002418,12426,14022,37.6119,116.9362,38.9091,117.2921,39.1791,True,"[[117.0078, 39.1791], [117.2921, 39.1195], [116.9362, 38.9685], [117.2197, 38.9091]]",1,True,True
20240331,031714,005336,000016,VV,/home/u/Downloads/中国天津市点位2/降轨-左视/BC3-005336/BC3-SM-SLC-1SVV-20240331T031714-005336-000016-0014D8.zip,649852638,,BC3-SM-SLC-1SVV-20240331T031714-005336-000016-0014D8/measurement/bc3-sm-slc-vv-20240331t031714-005336-000016-0014d8-01.tiff,697034339,91aff334,BC3-SM-SLC-1SVV-20240331T031714-005336-000016-0014D8/manifest.safe,BC3-SM-SLC-1SVV-20240331T031714-005336-000016-0014D8/annotation/bc3-sm-slc-vv-20240331t031714-005336-000016-0014d8-01.xml,BC3-SM-SLC-1SVV-20240331T031714-005336-000016-0014D8/annotation/calibration/calibration-bc3-sm-slc-vv-20240331t031714-005336-000016-0014d8-01.xml,2024-03-31T03:17:14.462494,2024-03-31T03:17:17.852789,DESCENDING,S1,S1,167.5293,120000000.0,5400000100.0,1.249135241667,1.79058607422,0.0002418,12426,14022,37.6119,116.8704,38.7141,117.225,38.9841,False,"[[116.9415, 38.9841], [117.225, 38.9246], [116.8704, 38.7734], [117.1531, 38.7141]]",1,True,False
20240331,031717,005336,000016,VV,/home/u/Downloads/中国天津市点位2/降轨-左视/BC3-005336/BC3-SM-SLC-1SVV-20240331T031717-005336-000016-0014D8.zip,646080598,,BC3-SM-SLC-1SVV-20240331T031717-005336-000016-0014D8/measurement/bc3-sm-slc-vv-20240331t031717-005336-000016-0014d8-01.tiff,697034339,48b1db83,BC3-SM-SLC-1SVV-20240331T031717-005336-000016-0014D8/manifest.safe,BC3-SM-SLC-1SVV-20240331T031717-005336-000016-0014D8/annotation/bc3-sm-slc-vv-20240331t031717-005336-000016-0014d8-01.xml,BC3-SM-SLC-1SVV-20240331T031717-005336-000016-0014D8/annotation/calibration/calibration-bc3-sm-slc-vv-20240331t031717-005336-000016-0014d8-01.xml,2024-03-31T03:17:17.602287,2024-03-31T03:17:20.992583,DESCENDING,S1,S1,167.5293,120000000.0,5400000100.0,1.249135241667,1.79058607422,0.0002418,12426,14022,37.6119,116.8048,38.5191,117.1584,38.789,False,"[[116.8756, 38.789], [117.1584, 38.7297], [116.8048, 38.5783], [117.0867, 38.5191]]",1,True,False
20240331,031720,005336,000016,VV,/home/u/Downloads/中国天津市点位2/降轨-左视/BC3-005336/BC3-SM-SLC-1SVV-20240331T031720-005336-000016-0014D8.zip,647136589,,BC3-SM-SLC-1SVV-20240331T031720-005336-000016-0014D8/measurement/bc3-sm-slc-vv-20240331t031720-005336-000016-0014d8-01.tiff,697034339,c374bb94,BC3-SM-SLC-1SVV-20240331T031720-005336-000016-0014D8/manifest.safe,BC3-SM-SLC-1SVV-20240331T031720-005336-000016-0014D8/annotation/bc3-sm-slc-vv-20240331t031720-005336-000016-0014d8-01.xml,BC3-SM-SLC-1SVV-20240331T031720-005336-000016-0014D8/annotation/calibration/calibration-bc3-sm-slc-vv-20240331t031720-005336-000016-0014d8-01.xml,2024-03-31T03:17:19.278691,2024-03-31T03:17:22.669000,DESCENDING,S1,S1,167.5293,120000000.0,5400000100.0,1.249135241667,1.79058607422,0.0002418,12426,14022,37.6119,116.7699,38.415,117.1229,38.6848,False,"[[116.8405, 38.6848], [117.1229, 38.6256], [116.7699, 38.4741], [117.0515, 38.415]]",1,True,False
20240411,031656,005626,000017,VV,/home/u/Downloads/中国天津市点位2/降轨-左视/BC3-005626/BC3-SM-SLC-1SVV-20240411T031656-005626-000017-0015FA.zip,664395175,384829c4910d99c0216f48d116d5953886a8fb697c8d4d6ad9804db0a5853fbb,BC3-SM-SLC-1SVV-20240411T031656-005626-000017-0015FA/measurement/bc3-sm-slc-vv-20240411t031656-005626-000017-0015fa-01.tiff,697034339,c31a0acd,BC3-SM-SLC-1SVV-20240411T031656-005626-000017-0015FA/manifest.safe,BC3-SM-SLC-1SVV-20240411T031656-005626-000017-0015FA/annotation/bc3-sm-slc-vv-20240411t031656-005626-000017-0015fa-01.xml,BC3-SM-SLC-1SVV-20240411T031656-005626-000017-0015FA/annotation/calibration/calibration-bc3-sm-slc-vv-20240411t031656-005626-000017-0015fa-01.xml,2024-04-11T03:16:56.641739,2024-04-11T03:17:00.032035,DESCENDING,S1,S1,167.5261,120000000.0,5400000100.0,1.249135241667,1.790596206262,0.0002418,12426,14022,37.616,117.0039,39.1039,117.3609,39.3741,True,"[[117.0758, 39.3741], [117.3609, 39.3143], [117.0039, 39.1635], [117.2882, 39.1039]]",1,True,True
20240411,031659,005626,000017,VV,/home/u/Downloads/中国天津市点位2/降轨-左视/BC3-005626/BC3-SM-SLC-1SVV-20240411T031659-005626-000017-0015FA.zip,663393148,8aad652384a48da79979de7c47c767a2d75a9e4fa63fb85193c326ed9e49b50d,BC3-SM-SLC-1SVV-20240411T031659-005626-000017-0015FA/measurement/bc3-sm-slc-vv-20240411t031659-005626-000017-0015fa-01.tiff,697034339,782cb07c,BC3-SM-SLC-1SVV-20240411T031659-005626-000017-0015FA/manifest.safe,BC3-SM-SLC-1SVV-20240411T031659-005626-000017-0015FA/annotation/bc3-sm-slc-vv-20240411t031659-005626-000017-0015fa-01.xml,BC3-SM-SLC-1SVV-20240411T031659-005626-000017-0015FA/annotation/calibration/calibration-bc3-sm-slc-vv-20240411t031659-005626-000017-0015fa-01.xml,2024-04-11T03:16:59.781533,2024-04-11T03:17:03.171829,DESCENDING,S1,S1,167.5261,120000000.0,5400000100.0,1.249135241667,1.790596206262,0.0002418,12426,14022,37.616,116.9377,38.909,117.2935,39.179,True,"[[117.0092, 39.179], [117.2935, 39.1194], [116.9377, 38.9684], [117.2212, 38.909]]",1,True,True
20240411,031702,005626,000017,VV,/home/u/Downloads/中国天津市点位2/降轨-左视/BC3-005626/BC3-SM-SLC-1SVV-20240411T031702-005626-000017-0015FA.zip,653475627,,BC3-SM-SLC-1SVV-20240411T031702-005626-000017-0015FA/measurement/bc3-sm-slc-vv-20240411t031702-005626-000017-0015fa-01.tiff,697034339,7f07bcf9,BC3-SM-SLC-1SVV-20240411T031702-005626-000017-0015FA/manifest.safe,BC3-SM-SLC-1SVV-20240411T031702-005626-000017-0015FA/annotation/bc3-sm-slc-vv-20240411t031702-005626-000017-0015fa-01.xml,BC3-SM-SLC-1SVV-20240411T031702-005626-000017-0015FA/annotation/calibration/calibration-bc3-sm-slc-vv-20240411t031702-005626-000017-0015fa-01.xml,2024-04-11T03:17:02.921327,2024-04-11T03:17:06.311623,DESCENDING,S1,S1,167.5261,120000000.0,5400000100.0,1.249135241667,1.790596206262,0.0002418,12426,14022,37.616,116.8718,38.714,117.2265,38.984,False,"[[116.943, 38.984], [117.2265, 38.9245], [116.8718, 38.7733], [117.1545, 38.714]]",1,True,False
20240411,031706,005626,000017,VV,/home/u/Downloads/中国天津市点位2/降轨-左视/BC3-005626/BC3-SM-SLC-1SVV-20240411T031706-005626-000017-0015FA.zip,649227354,,BC3-SM-SLC-1SVV-20240411T031706-005626-000017-0015FA/measurement/bc3-sm-slc-vv-20240411t031706-005626-000017-0015fa-01.tiff,697034339,ebfba390,BC3-SM-SLC-1SVV-20240411T031706-005626-000017-0015FA/manifest.safe,BC3-SM-SLC-1SVV-20240411T031706-005626-000017-0015FA/annotation/bc3-sm-slc-vv-20240411t031706-005626-000017-0015fa-01.xml,BC3-SM-SLC-1SVV-20240411T031706-005626-000017-0015FA/annotation/calibration/calibration-bc3-sm-slc-vv-20240411t031706-005626-000017-0015fa-01.xml,2024-04-11T03:17:06.061121,2024-04-11T03:17:09.451416,DESCENDING,S1,S1,167.5261,120000000.0,5400000100.0,1.249135241667,1.790596206262,0.0002418,12426,14022,37.616,116.8063,38.519,117.1598,38.7889,False,"[[116.8771, 38.7889], [117.1598, 38.7296], [116.8063, 38.5782], [117.0882, 38.519]]",1,True,False
20240411,031708,005626,000017,VV,/home/u/Downloads/中国天津市点位2/降轨-左视/BC3-005626/BC3-SM-SLC-1SVV-20240411T031708-005626-000017-0015FA.zip,648297737,,BC3-SM-SLC-1SVV-20240411T031708-005626-000017-0015FA/measurement/bc3-sm-slc-vv-20240411t031708-005626-000017-0015fa-01.tiff,697034339,bb80d9de,BC3-SM-SLC-1SVV-20240411T031708-005626-000017-0015FA/manifest.safe,BC3-SM-SLC-1SVV-20240411T031708-005626-000017-0015FA/annotation/bc3-sm-slc-vv-20240411t031708-005626-000017-0015fa-01.xml,BC3-SM-SLC-1SVV-20240411T031708-005626-000017-0015FA/annotation/calibration/calibration-bc3-sm-slc-vv-20240411t031708-005626-000017-0015fa-01.xml,2024-04-11T03:17:07.737535,2024-04-11T03:17:11.127831,DESCENDING,S1,S1,167.5261,120000000.0,5400000100.0,1.249135241667,1.790596206262,0.0002418,12426,14022,37.616,116.7714,38.4149,117.1243,38.6847,False,"[[116.842, 38.6847], [117.1243, 38.6255], [116.7714, 38.474], [117.0529, 38.4149]]",1,True,False
20240422,031645,005901,000016,VV,/home/u/Downloads/中国天津市点位2/降轨-左视/BC3-005901/BC3-SM-SLC-1SVV-20240422T031645-005901-000016-00170D.zip,664570131,2298f2ebc9145108330466ad4097c87003486096f84d8f1bcf687b934d71202e,BC3-SM-SLC-1SVV-20240422T031645-005901-000016-00170D/measurement/bc3-sm-slc-vv-20240422t031645-005901-000016-00170d-01.tiff,697034339,851e99a6,BC3-SM-SLC-1SVV-20240422T031645-005901-000016-00170D/manifest.safe,BC3-SM-SLC-1SVV-20240422T031645-005901-000016-00170D/annotation/bc3-sm-slc-vv-20240422t031645-005901-000016-00170d-01.xml,BC3-SM-SLC-1SVV-20240422T031645-005901-000016-00170D/annotation/calibration/calibration-bc3-sm-slc-vv-20240422t031645-005901-000016-00170d-01.xml,2024-04-22T03:16:45.478452,2024-04-22T03:16:48.868748,DESCENDING,S1,S1,167.5269,120000000.0,5400000100.0,1.249135241667,1.790598009154,0.0002418,12426,14022,37.6148,117.0037,39.1034,117.3606,39.3736,True,"[[117.0755, 39.3736], [117.3606, 39.3139], [117.0037, 39.163], [117.2879, 39.1034]]",1,True,True
20240422,031648,005901,000016,VV,/home/u/Downloads/中国天津市点位2/降轨-左视/BC3-005901/BC3-SM-SLC-1SVV-20240422T031648-005901-000016-00170D.zip,663488734,73c312ba4fdb4333bddf0ae1f997b72e23712ebb2862557cb372a3b43764b3e2,BC3-SM-SLC-1SVV-20240422T031648-005901-000016-00170D/measurement/bc3-sm-slc-vv-20240422t031648-005901-000016-00170d-01.tiff,697034339,eeeabf96,BC3-SM-SLC-1SVV-20240422T031648-005901-000016-00170D/manifest.safe,BC3-SM-SLC-1SVV-20240422T031648-005901-000016-00170D/annotation/bc3-sm-slc-vv-20240422t031648-005901-000016-00170d-01.xml,BC3-SM-SLC-1SVV-20240422T031648-005901-000016-00170D/annotation/calibration/calibration-bc3-sm-slc-vv-20240422t031648-005901-000016-00170d-01.xml,2024-04-22T03:16:48.618246,2024-04-22T03:16:52.008542,DESCENDING,S1,S1,167.5269,120000000.0,5400000100.0,1.249135241667,1.790598009154,0.0002418,12426,14022,37.6148,116.9374,38.9085,117.2932,39.1786,True,"[[117.009, 39.1786], [117.2932, 39.119], [116.9374, 38.9679], [117.2209, 38.9085]]",1,True,True
20240422,031651,005901,000016,VV,/home/u/Downloads/中国天津市点位2/降轨-左视/BC3-005901/BC3-SM-SLC-1SVV-20240422T031651-005901-000016-00170D.zip,653396007,,BC3-SM-SLC-1SVV-20240422T031651-005901-000016-00170D/measurement/bc3-sm-slc-vv-20240422t031651-005901-000016-00170d-01.tiff,697034339,c61b8102,BC3-SM-SLC-1SVV-20240422T031651-005901-000016-00170D/manifest.safe,BC3-SM-SLC-1SVV-20240422T031651-005901-000016-00170D/annotation/bc3-sm-slc-vv-20240422t031651-005901-000016-00170d-01.xml,BC3-SM-SLC-1SVV-20240422T031651-005901-000016-00170D/annotation/calibration/calibration-bc3-sm-slc-vv-20240422t031651-005901-000016-00170d-01.xml,2024-04-22T03:16:51.758040,2024-04-22T03:16:55.148336,DESCENDING,S1,S1,167.5269,120000000.0,5400000100.0,1.249135241667,1.790598009154,0.0002418,12426,14022,37.6148,116.8715,38.7135,117.2262,38.9835,False,"[[116.9427, 38.9835], [117.2262, 38.9241], [116.8715, 38.7728], [117.1542, 38.7135]]",1,True,False
20240422,031654,005901,000016,VV,/home/u/Downloads/中国天津市点位2/降轨-左视/BC3-005901/BC3-SM-SLC-1SVV-20240422T031654-005901-000016-00170D.zip,648369475,,BC3-SM-SLC-1SVV-20240422T031654-005901-000016-00170D/measurement/bc3-sm-slc-vv-20240422t031654-005901-000016-00170d-01.tiff,697034339,71164b2c,BC3-SM-SLC-1SVV-20240422T031654-005901-000016-00170D/manifest.safe,BC3-SM-SLC-1SVV-20240422T031654-005901-000016-00170D/annotation/bc3-sm-slc-vv-20240422t031654-005901-000016-00170d-01.xml,BC3-SM-SLC-1SVV-20240422T031654-005901-000016-00170D/annotation/calibration/calibration-bc3-sm-slc-vv-20240422t031654-005901-000016-00170d-01.xml,2024-04-22T03:16:54.897834,2024-04-22T03:16:58.288139,DESCENDING,S1,S1,167.5269,120000000.0,5400000100.0,1.249135241667,1.790598009154,0.0002418,12426,14022,37.6148,116.806,38.5186,117.1595,38.7884,False,"[[116.8768, 38.7884], [117.1595, 38.7291], [116.806, 38.5777], [117.0879, 38.5186]]",1,True,False
20240422,031657,005901,000016,VV,/home/u/Downloads/中国天津市点位2/降轨-左视/BC3-005901/BC3-SM-SLC-1SVV-20240422T031657-005901-000016-00170D.zip,647352211,,BC3-SM-SLC-1SVV-20240422T031657-005901-000016-00170D/measurement/bc3-sm-slc-vv-20240422t031657-005901-000016-00170d-01.tiff,697034339,0f50013e,BC3-SM-SLC-1SVV-20240422T031657-005901-000016-00170D/manifest.safe,BC3-SM-SLC-1SVV-20240422T031657-005901-000016-00170D/annotation/bc3-sm-slc-vv-20240422t031657-005901-000016-00170d-01.xml,BC3-SM-SLC-1SVV-20240422T031657-005901-000016-00170D/annotation/calibration/calibration-bc3-sm-slc-vv-20240422t031657-005901-000016-00170d-01.xml,2024-04-22T03:16:56.574248,2024-04-22T03:16:59.964544,DESCENDING,S1,S1,167.5269,120000000.0,5400000100.0,1.249135241667,1.790598009154,0.0002418,12426,14022,37.6148,116.7711,38.4144,117.1241,38.6842,False,"[[116.8417, 38.6842], [117.1241, 38.625], [116.7711, 38.4735], [117.0526, 38.4144]]",1,True,False
20240503,031634,006180,000016,VV,/home/u/Downloads/中国天津市点位2/降轨-左视/BC3-006180/BC3-SM-SLC-1SVV-20240503T031634-006180-000016-001824.zip,666398313,d27fa62a0161cf8090539fc86ce169c1a966720ca96def7dca226fc90beca9a8,BC3-SM-SLC-1SVV-20240503T031634-006180-000016-001824/measurement/bc3-sm-slc-vv-20240503t031634-006180-000016-001824-01.tiff,697034339,81bd0ccb,BC3-SM-SLC-1SVV-20240503T031634-006180-000016-001824/manifest.safe,BC3-SM-SLC-1SVV-20240503T031634-006180-000016-001824/annotation/bc3-sm-slc-vv-20240503t031634-006180-000016-001824-01.xml,BC3-SM-SLC-1SVV-20240503T031634-006180-000016-001824/annotation/calibration/calibration-bc3-sm-slc-vv-20240503t031634-006180-000016-001824-01.xml,2024-05-03T03:16:34.446195,2024-05-03T03:16:37.836490,DESCENDING,S1,S1,167.5269,120000000.0,5400000100.0,1.249135241667,1.790576909517,0.0002418,12426,14022,37.6068,117.0024,39.1037,117.3594,39.3739,True,"[[117.0743, 39.3739], [117.3594, 39.3142], [117.0024, 39.1633], [117.2867, 39.1037]]",1,True,True
20240503,031637,006180,000016,VV,/home/u/Downloads/中国天津市点位2/降轨-左视/BC3-006180/BC3-SM-SLC-1SVV-20240503T031637-006180-000016-001824.zip,664786776,49ca3da3617f533e74e5ee336a3c0e961fbb643b79a1ec0a2abad8c9e802e53e,BC3-SM-SLC-1SVV-20240503T031637-006180-000016-001824/measurement/bc3-sm-slc-vv-20240503t031637-006180-000016-001824-01.tiff,697034339,9f2dd548,BC3-SM-SLC-1SVV-20240503T031637-006180-000016-001824/manifest.safe,BC3-SM-SLC-1SVV-20240503T031637-006180-000016-001824/annotation/bc3-sm-slc-vv-20240503t031637-006180-000016-001824-01.xml,BC3-SM-SLC-1SVV-20240503T031637-006180-000016-001824/annotation/calibration/calibration-bc3-sm-slc-vv-20240503t031637-006180-000016-001824-01.xml,2024-05-03T03:16:37.585989,2024-05-03T03:16:40.976284,DESCENDING,S1,S1,167.5269,120000000.0,5400000100.0,1.249135241667,1.790576909517,0.0002418,12426,14022,37.6068,116.9362,38.9088,117.292,39.1789,True,"[[117.0077, 39.1789], [117.292, 39.1193], [116.9362, 38.9683], [117.2197, 38.9088]]",1,True,True
20240503,031640,006180,000016,VV,/home/u/Downloads/中国天津市点位2/降轨-左视/BC3-006180/BC3-SM-SLC-1SVV-20240503T031640-006180-000016-001824.zip,655864641,,BC3-SM-SLC-1SVV-20240503T031640-006180-000016-001824/measurement/bc3-sm-slc-vv-20240503t031640-006180-000016-001824-01.tiff,697034339,cd031686,BC3-SM-SLC-1SVV-20240503T031640-006180-000016-001824/manifest.safe,BC3-SM-SLC-1SVV-20240503T031640-006180-000016-001824/annotation/bc3-sm-slc-vv-20240503t031640-006180-000016-001824-01.xml,BC3-SM-SLC-1SVV-20240503T031640-006180-000016-001824/annotation/calibration/calibration-bc3-sm-slc-vv-20240503t031640-006180-000016-001824-01.xml,2024-05-03T03:16:40.725782,2024-05-03T03:16:44.116078,DESCENDING,S1,S1,167.5269,120000000.0,5400000100.0,1.249135241667,1.790576909517,0.0002418,12426,14022,37.6068,116.8703,38.7139,117.225,38.9838,False,"[[116.9415, 38.9838], [117.225, 38.9244], [116.8703, 38.7732], [117.153, 38.7139]]",1,True,False
20240503,031643,006180,000016,VV,/home/u/Downloads/中国天津市点位2/降轨-左视/BC3-006180/BC3-SM-SLC-1SVV-20240503T031643-006180-000016-001824.zip,652000085,,BC3-SM-SLC-1SVV-20240503T031643-006180-000016-001824/measurement/bc3-sm-slc-vv-20240503t031643-006180-000016-001824-01.tiff,697034339,3144127a,BC3-SM-SLC-1SVV-20240503T031643-006180-000016-001824/manifest.safe,BC3-SM-SLC-1SVV-20240503T031643-006180-000016-001824/annotation/bc3-sm-slc-vv-20240503t031643-006180-000016-001824-01.xml,BC3-SM-SLC-1SVV-20240503T031643-006180-000016-001824/annotation/calibration/calibration-bc3-sm-slc-vv-20240503t031643-006180-000016-001824-01.xml,2024-05-03T03:16:43.865576,2024-05-03T03:16:47.255872,DESCENDING,S1,S1,167.5269,120000000.0,5400000100.0,1.249135241667,1.790576909517,0.0002418,12426,14022,37.6068,116.8047,38.5189,117.1583,38.7887,False,"[[116.8755, 38.7887], [117.1583, 38.7294], [116.8047, 38.578], [117.0867, 38.5189]]",1,True,False
20240503,031646,006180,000016,VV,/home/u/Downloads/中国天津市点位2/降轨-左视/BC3-006180/BC3-SM-SLC-1SVV-20240503T031646-006180-000016-001824.zip,651192497,,BC3-SM-SLC-1SVV-20240503T031646-006180-000016-001824/measurement/bc3-sm-slc-vv-20240503t031646-006180-000016-001824-01.tiff,697034339,9794152f,BC3-SM-SLC-1SVV-20240503T031646-006180-000016-001824/manifest.safe,BC3-SM-SLC-1SVV-20240503T031646-006180-000016-001824/annotation/bc3-sm-slc-vv-20240503t031646-006180-000016-001824-01.xml,BC3-SM-SLC-1SVV-20240503T031646-006180-000016-001824/annotation/calibration/calibration-bc3-sm-slc-vv-20240503t031646-006180-000016-001824-01.xml,2024-05-03T03:16:45.541980,2024-05-03T03:16:48.932286,DESCENDING,S1,S1,167.5269,120000000.0,5400000100.0,1.249135241667,1.790576909517,0.0002418,12426,14022,37.6068,116.7699,38.4147,117.1229,38.6846,False,"[[116.8405, 38.6846], [117.1229, 38.6253], [116.7699, 38.4738], [117.0514, 38.4147]]",1,True,False
20240514,031623,006442,000016,VV,/home/u/Downloads/中国天津市点位2/降轨-左视/BC3-006442/BC3-SM-SLC-1SVV-20240514T031623-006442-000016-00192A.zip,666124460,983a6fa099d68336847fa4bb8576c83ab7d5d860ce93a2316811f2b41da43f06,BC3-SM-SLC-1SVV-20240514T031623-006442-000016-00192A/measurement/bc3-sm-slc-vv-20240514t031623-006442-000016-00192a-01.tiff,697034339,d8d78cea,BC3-SM-SLC-1SVV-20240514T031623-006442-000016-00192A/manifest.safe,BC3-SM-SLC-1SVV-20240514T031623-006442-000016-00192A/annotation/bc3-sm-slc-vv-20240514t031623-006442-000016-00192a-01.xml,BC3-SM-SLC-1SVV-20240514T031623-006442-000016-00192A/annotation/calibration/calibration-bc3-sm-slc-vv-20240514t031623-006442-000016-00192a-01.xml,2024-05-14T03:16:23.543599,2024-05-14T03:16:26.933894,DESCENDING,S1,S1,167.5272,120000000.0,5400000100.0,1.249135241667,1.790601395782,0.0002418,12426,14022,37.6186,117.0018,39.1036,117.3587,39.3738,True,"[[117.0737, 39.3738], [117.3587, 39.314], [117.0018, 39.1632], [117.286, 39.1036]]",1,True,True
20240514,031626,006442,000016,VV,/home/u/Downloads/中国天津市点位2/降轨-左视/BC3-006442/BC3-SM-SLC-1SVV-20240514T031626-006442-000016-00192A.zip,665417654,6cacfebddc8bc93dd0ebb3bbb5c626faff09ec6f9e4a5c0a19f6f69706ba0e3e,BC3-SM-SLC-1SVV-20240514T031626-006442-000016-00192A/measurement/bc3-sm-slc-vv-20240514t031626-006442-000016-00192a-01.tiff,697034339,a763e460,BC3-SM-SLC-1SVV-20240514T031626-006442-000016-00192A/manifest.safe,BC3-SM-SLC-1SVV-20240514T031626-006442-000016-00192A/annotation/bc3-sm-slc-vv-20240514t031626-006442-000016-00192a-01.xml,BC3-SM-SLC-1SVV-20240514T031626-006442-000016-00192A/annotation/calibration/calibration-bc3-sm-slc-vv-20240514t031626-006442-000016-00192a-01.xml,2024-05-14T03:16:26.683392,2024-05-14T03:16:30.073688,DESCENDING,S1,S1,167.5272,120000000.0,5400000100.0,1.249135241667,1.790601395782,0.0002418,12426,14022,37.6186,116.9356,38.9087,117.2913,39.1787,True,"[[117.0071, 39.1787], [117.2913, 39.1191], [116.9356, 38.9681], [117.219, 38.9087]]",1,True,True
20240514,031629,006442,000016,VV,/home/u/Downloads/中国天津市点位2/降轨-左视/BC3-006442/BC3-SM-SLC-1SVV-20240514T031629-006442-000016-00192A.zip,662419246,,BC3-SM-SLC-1SVV-20240514T031629-006442-000016-00192A/measurement/bc3-sm-slc-vv-20240514t031629-006442-000016-00192a-01.tiff,697034339,309aced8,BC3-SM-SLC-1SVV-20240514T031629-006442-000016-00192A/manifest.safe,BC3-SM-SLC-1SVV-20240514T031629-006442-000016-00192A/annotation/bc3-sm-slc-vv-20240514t031629-006442-000016-00192a-01.xml,BC3-SM-SLC-1SVV-20240514T031629-006442-000016-00192A/annotation/calibration/calibration-bc3-sm-slc-vv-20240514t031629-006442-000016-00192a-01.xml,2024-05-14T03:16:29.823186,2024-05-14T03:16:33.213482,DESCENDING,S1,S1,167.5272,120000000.0,5400000100.0,1.249135241667,1.790601395782,0.0002418,12426,14022,37.6186,116.8697,38.7137,117.2243,38.9837,False,"[[116.9408, 38.9837], [117.2243, 38.9242], [116.8697, 38.773], [117.1523, 38.7137]]",1,True,False
20240514,031632,006442,000016,VV,/home/u/Downloads/中国天津市点位2/降轨-左视/BC3-006442/BC3-SM-SLC-1SVV-20240514T031632-006442-000016-00192A.zip,659797001,,BC3-SM-SLC-1SVV-20240514T031632-006442-000016-00192A/measurement/bc3-sm-slc-vv-20240514t031632-006442-000016-00192a-01.tiff,697034339,dd154368,BC3-SM-SLC-1SVV-20240514T031632-006442-000016-00192A/manifest.safe,BC3-SM-SLC-1SVV-20240514T031632-006442-000016-00192A/annotation/bc3-sm-slc-vv-20240514t031632-006442-000016-00192a-01.xml,BC3-SM-SLC-1SVV-20240514T031632-006442-000016-00192A/annotation/calibration/calibration-bc3-sm-slc-vv-20240514t031632-006442-000016-00192a-01.xml,2024-05-14T03:16:32.962980,2024-05-14T03:16:36.353286,DESCENDING,S1,S1,167.5272,120000000.0,5400000100.0,1.249135241667,1.790601395782,0.0002418,12426,14022,37.6186,116.8041,38.5187,117.1576,38.7886,False,"[[116.8749, 38.7886], [117.1576, 38.7293], [116.8041, 38.5779], [117.086, 38.5187]]",1,True,False
20240514,031635,006442,000016,VV,/home/u/Downloads/中国天津市点位2/降轨-左视/BC3-006442/BC3-SM-SLC-1SVV-20240514T031635-006442-000016-00192A.zip,657220180,,BC3-SM-SLC-1SVV-20240514T031635-006442-000016-00192A/measurement/bc3-sm-slc-vv-20240514t031635-006442-000016-00192a-01.tiff,697034339,574237b8,BC3-SM-SLC-1SVV-20240514T031635-006442-000016-00192A/manifest.safe,BC3-SM-SLC-1SVV-20240514T031635-006442-000016-00192A/annotation/bc3-sm-slc-vv-20240514t031635-006442-000016-00192a-01.xml,BC3-SM-SLC-1SVV-20240514T031635-006442-000016-00192A/annotation/calibration/calibration-bc3-sm-slc-vv-20240514t031635-006442-000016-00192a-01.xml,2024-05-14T03:16:34.639394,2024-05-14T03:16:38.029690,DESCENDING,S1,S1,167.5272,120000000.0,5400000100.0,1.249135241667,1.790601395782,0.0002418,12426,14022,37.6186,116.7692,38.4146,117.1222,38.6844,False,"[[116.8398, 38.6844], [117.1222, 38.6252], [116.7692, 38.4736], [117.0507, 38.4146]]",1,True,False
20240525,031611,006720,000016,VV,/home/u/Downloads/中国天津市点位2/降轨-左视/BC3-006720/BC3-SM-SLC-1SVV-20240525T031611-006720-000016-001A40.zip,670731833,ba3b3c230961d848790bc2238fcc1c9adf5dc9b723be0ccfdb70e348291eb58a,BC3-SM-SLC-1SVV-20240525T031611-006720-000016-001A40/measurement/bc3-sm-slc-vv-20240525t031611-006720-000016-001a40-01.tiff,697034339,6b843a78,BC3-SM-SLC-1SVV-20240525T031611-006720-000016-001A40/manifest.safe,BC3-SM-SLC-1SVV-20240525T031611-006720-000016-001A40/annotation/bc3-sm-slc-vv-20240525t031611-006720-000016-001a40-01.xml,BC3-SM-SLC-1SVV-20240525T031611-006720-000016-001A40/annotation/calibration/calibration-bc3-sm-slc-vv-20240525t031611-006720-000016-001a40-01.xml,2024-05-25T03:16:11.755692,2024-05-25T03:16:15.145988,DESCENDING,S1,S1,167.5256,120000000.0,5400000100.0,1.249135241667,1.790586596888,0.0002418,12426,14022,37.6106,117.0028,39.103,117.3597,39.3732,True,"[[117.0747, 39.3732], [117.3597, 39.3134], [117.0028, 39.1626], [117.287, 39.103]]",1,True,True
20240525,031614,006720,000016,VV,/home/u/Downloads/中国天津市点位2/降轨-左视/BC3-006720/BC3-SM-SLC-1SVV-20240525T031614-006720-000016-001A40.zip,670753002,ba706cb1dd552c7fb8aa31539f4e509e4788af96a3795d8aaabc28d7d3dab7fe,BC3-SM-SLC-1SVV-20240525T031614-006720-000016-001A40/measurement/bc3-sm-slc-vv-20240525t031614-006720-000016-001a40-01.tiff,697034339,a183fe33,BC3-SM-SLC-1SVV-20240525T031614-006720-000016-001A40/manifest.safe,BC3-SM-SLC-1SVV-20240525T031614-006720-000016-001A40/annotation/bc3-sm-slc-vv-20240525t031614-006720-000016-001a40-01.xml,BC3-SM-SLC-1SVV-20240525T031614-006720-000016-001A40/annotation/calibration/calibration-bc3-sm-slc-vv-20240525t031614-006720-000016-001a40-01.xml,2024-05-25T03:16:14.895486,2024-05-25T03:16:18.285781,DESCENDING,S1,S1,167.5256,120000000.0,5400000100.0,1.249135241667,1.790586596888,0.0002418,12426,14022,37.6106,116.9365,38.9081,117.2924,39.1782,True,"[[117.0081, 39.1782], [117.2924, 39.1185], [116.9365, 38.9675], [117.22, 38.9081]]",1,True,True
20240525,031618,006720,000016,VV,/home/u/Downloads/中国天津市点位2/降轨-左视/BC3-006720/BC3-SM-SLC-1SVV-20240525T031618-006720-000016-001A40.zip,657620093,,BC3-SM-SLC-1SVV-20240525T031618-006720-000016-001A40/measurement/bc3-sm-slc-vv-20240525t031618-006720-000016-001a40-01.tiff,697034339,cd94c041,BC3-SM-SLC-1SVV-20240525T031618-006720-000016-001A40/manifest.safe,BC3-SM-SLC-1SVV-20240525T031618-006720-000016-001A40/annotation/bc3-sm-slc-vv-20240525t031618-006720-000016-001a40-01.xml,BC3-SM-SLC-1SVV-20240525T031618-006720-000016-001A40/annotation/calibration/calibration-bc3-sm-slc-vv-20240525t031618-006720-000016-001a40-01.xml,2024-05-25T03:16:18.035280,2024-05-25T03:16:21.425575,DESCENDING,S1,S1,167.5256,120000000.0,5400000100.0,1.249135241667,1.790586596888,0.0002418,12426,14022,37.6106,116.8706,38.7131,117.2253,38.9831,False,"[[116.9418, 38.9831], [117.2253, 38.9236], [116.8706, 38.7724], [117.1534, 38.7131]]",1,True,False
20240525,031621,006720,000016,VV,/home/u/Downloads/中国天津市点位2/降轨-左视/BC3-006720/BC3-SM-SLC-1SVV-20240525T031621-006720-000016-001A40.zip,655978961,,BC3-SM-SLC-1SVV-20240525T031621-006720-000016-001A40/measurement/bc3-sm-slc-vv-20240525t031621-006720-000016-001a40-01.tiff,697034339,cd3a3585,BC3-SM-SLC-1SVV-20240525T031621-006720-000016-001A40/manifest.safe,BC3-SM-SLC-1SVV-20240525T031621-006720-000016-001A40/annotation/bc3-sm-slc-vv-20240525t031621-006720-000016-001a40-01.xml,BC3-SM-SLC-1SVV-20240525T031621-006720-000016-001A40/annotation/calibration/calibration-bc3-sm-slc-vv-20240525t031621-006720-000016-001a40-01.xml,2024-05-25T03:16:21.175074,2024-05-25T03:16:24.565369,DESCENDING,S1,S1,167.5256,120000000.0,5400000100.0,1.249135241667,1.790586596888,0.0002418,12426,14022,37.6106,116.8051,38.5181,117.1587,38.788,False,"[[116.8759, 38.788], [117.1587, 38.7287], [116.8051, 38.5773], [117.087, 38.5181]]",1,True,False
20240525,031623,006720,000016,VV,/home/u/Downloads/中国天津市点位2/降轨-左视/BC3-006720/BC3-SM-SLC-1SVV-20240525T031623-006720-000016-001A40.zip,654661000,,BC3-SM-SLC-1SVV-20240525T031623-006720-000016-001A40/measurement/bc3-sm-slc-vv-20240525t031623-006720-000016-001a40-01.tiff,697034339,0d93650e,BC3-SM-SLC-1SVV-20240525T031623-006720-000016-001A40/manifest.safe,BC3-SM-SLC-1SVV-20240525T031623-006720-000016-001A40/annotation/bc3-sm-slc-vv-20240525t031623-006720-000016-001a40-01.xml,BC3-SM-SLC-1SVV-20240525T031623-006720-000016-001A40/annotation/calibration/calibration-bc3-sm-slc-vv-20240525t031623-006720-000016-001a40-01.xml,2024-05-25T03:16:22.851478,2024-05-25T03:16:26.241783,DESCENDING,S1,S1,167.5256,120000000.0,5400000100.0,1.249135241667,1.790586596888,0.0002418,12426,14022,37.6106,116.7702,38.414,117.1232,38.6838,False,"[[116.8408, 38.6838], [117.1232, 38.6246], [116.7702, 38.4731], [117.0518, 38.414]]",1,True,False
20240605,031600,007038,000016,VV,/home/u/Downloads/中国天津市点位2/降轨-左视/BC3-007038/BC3-SM-SLC-1SVV-20240605T031600-007038-000016-001B7E.zip,666993786,abb3cb55adebfe85bb05e158da0dc2472733585cb04cc41f622b3fb3e096d9d9,BC3-SM-SLC-1SVV-20240605T031600-007038-000016-001B7E/measurement/bc3-sm-slc-vv-20240605t031600-007038-000016-001b7e-01.tiff,697034339,715cca77,BC3-SM-SLC-1SVV-20240605T031600-007038-000016-001B7E/manifest.safe,BC3-SM-SLC-1SVV-20240605T031600-007038-000016-001B7E/annotation/bc3-sm-slc-vv-20240605t031600-007038-000016-001b7e-01.xml,BC3-SM-SLC-1SVV-20240605T031600-007038-000016-001B7E/annotation/calibration/calibration-bc3-sm-slc-vv-20240605t031600-007038-000016-001b7e-01.xml,2024-06-05T03:16:00.458429,2024-06-05T03:16:03.848724,DESCENDING,S1,S1,167.5262,120000000.0,5400000100.0,1.249135241667,1.790586047678,0.0002418,12426,14022,37.6099,117.0038,39.1036,117.3608,39.3738,True,"[[117.0757, 39.3738], [117.3608, 39.314], [117.0038, 39.1632], [117.288, 39.1036]]",1,True,True
20240605,031603,007038,000016,VV,/home/u/Downloads/中国天津市点位2/降轨-左视/BC3-007038/BC3-SM-SLC-1SVV-20240605T031603-007038-000016-001B7E.zip,664521940,1bb81fb4f766f7103f956727c01897388f25b2896dcadff1e0a700b2779e0ad7,BC3-SM-SLC-1SVV-20240605T031603-007038-000016-001B7E/measurement/bc3-sm-slc-vv-20240605t031603-007038-000016-001b7e-01.tiff,697034339,094f4ab8,BC3-SM-SLC-1SVV-20240605T031603-007038-000016-001B7E/manifest.safe,BC3-SM-SLC-1SVV-20240605T031603-007038-000016-001B7E/annotation/bc3-sm-slc-vv-20240605t031603-007038-000016-001b7e-01.xml,BC3-SM-SLC-1SVV-20240605T031603-007038-000016-001B7E/annotation/calibration/calibration-bc3-sm-slc-vv-20240605t031603-007038-000016-001b7e-01.xml,2024-06-05T03:16:03.598223,2024-06-05T03:16:06.988518,DESCENDING,S1,S1,167.5262,120000000.0,5400000100.0,1.249135241667,1.790586047678,0.0002418,12426,14022,37.6099,116.9376,38.9087,117.2934,39.1787,True,"[[117.0091, 39.1787], [117.2934, 39.1191], [116.9376, 38.9681], [117.221, 38.9087]]",1,True,True
20240605,031606,007038,000016,VV,/home/u/Downloads/中国天津市点位2/降轨-左视/BC3-007038/BC3-SM-SLC-1SVV-20240605T031606-007038-000016-001B7E.zip,656042872,,BC3-SM-SLC-1SVV-20240605T031606-007038-000016-001B7E/measurement/bc3-sm-slc-vv-20240605t031606-007038-000016-001b7e-01.tiff,697034339,28787dc4,BC3-SM-SLC-1SVV-20240605T031606-007038-000016-001B7E/manifest.safe,BC3-SM-SLC-1SVV-20240605T031606-007038-000016-001B7E/annotation/bc3-sm-slc-vv-20240605t031606-007038-000016-001b7e-01.xml,BC3-SM-SLC-1SVV-20240605T031606-007038-000016-001B7E/annotation/calibration/calibration-bc3-sm-slc-vv-20240605t031606-007038-000016-001b7e-01.xml,2024-06-05T03:16:06.738017,2024-06-05T03:16:10.128312,DESCENDING,S1,S1,167.5262,120000000.0,5400000100.0,1.249135241667,1.790586047678,0.0002418,12426,14022,37.6099,116.8717,38.7137,117.2264,38.9837,False,"[[116.9428, 38.9837], [117.2264, 38.9242], [116.8717, 38.773], [117.1544, 38.7137]]",1,True,False
20240605,031609,007038,000016,VV,/home/u/Downloads/中国天津市点位2/降轨-左视/BC3-007038/BC3-SM-SLC-1SVV-20240605T031609-007038-000016-001B7E.zip,658354258,,BC3-SM-SLC-1SVV-20240605T031609-007038-000016-001B7E/measurement/bc3-sm-slc-vv-20240605t031609-007038-000016-001b7e-01.tiff,697034339,c88430ce,BC3-SM-SLC-1SVV-20240605T031609-007038-000016-001B7E/manifest.safe,BC3-SM-SLC-1SVV-20240605T031609-007038-000016-001B7E/annotation/bc3-sm-slc-vv-20240605t031609-007038-000016-001b7e-01.xml,BC3-SM-SLC-1SVV-20240605T031609-007038-000016-001B7E/annotation/calibration/calibration-bc3-sm-slc-vv-20240605t031609-007038-000016-001b7e-01.xml,2024-06-05T03:16:09.877811,2024-06-05T03:16:13.268106,DESCENDING,S1,S1,167.5262,120000000.0,5400000100.0,1.249135241667,1.790586047678,0.0002418,12426,14022,37.6099,116.8061,38.5187,117.1597,38.7886,False,"[[116.8769, 38.7886], [117.1597, 38.7293], [116.8061, 38.5779], [117.0881, 38.5187]]",1,True,False
20240605,031612,007038,000016,VV,/home/u/Downloads/中国天津市点位2/降轨-左视/BC3-007038/BC3-SM-SLC-1SVV-20240605T031612-007038-000016-001B7E.zip,656089181,,BC3-SM-SLC-1SVV-20240605T031612-007038-000016-001B7E/measurement/bc3-sm-slc-vv-20240605t031612-007038-000016-001b7e-01.tiff,697034339,d6c25b5d,BC3-SM-SLC-1SVV-20240605T031612-007038-000016-001B7E/manifest.safe,BC3-SM-SLC-1SVV-20240605T031612-007038-000016-001B7E/annotation/bc3-sm-slc-vv-20240605t031612-007038-000016-001b7e-01.xml,BC3-SM-SLC-1SVV-20240605T031612-007038-000016-001B7E/annotation/calibration/calibration-bc3-sm-slc-vv-20240605t031612-007038-000016-001b7e-01.xml,2024-06-05T03:16:11.554215,2024-06-05T03:16:14.944520,DESCENDING,S1,S1,167.5262,120000000.0,5400000100.0,1.249135241667,1.790586047678,0.0002418,12426,14022,37.6099,116.7712,38.4146,117.1242,38.6844,False,"[[116.8418, 38.6844], [117.1242, 38.6252], [116.7712, 38.4737], [117.0528, 38.4146]]",1,True,False
