uid,touying_fid,island_id,island_uid_count,height_m,pixel_count_used,dem_error_p05_m,dem_error_median_m,dem_error_p95_m,reference_elevation_median_m,roof_elevation_p05_m,roof_elevation_median_m,roof_elevation_p75_m,roof_elevation_p85_m,roof_elevation_p90_m,roof_elevation_p95_m,building_height_p05_m,building_height_p25_m,building_height_p50_m,building_height_p75_m,building_height_p85_m,building_height_p90_m,building_height_p95_m,building_height_max_m,max_height_grubbs_n,max_height_grubbs_g,max_height_grubbs_gcrit,max_height_grubbs_p,max_height_reject_outlier,max_height_reliable,building_height_grubbs_top_m,grubbs_top_removed_count,grubbs_top_remaining_count,grubbs_top_last_g,grubbs_top_last_gcrit,grubbs_top_last_p,grubbs_top_reliable,coh_mean,amplitude_dispersion,lgr_rmse_rad,valid_pairs_median,bperp_span_median,method
66,66,5,1,0.06646013259887695,31,-4.932110071182251,-0.6561837792396545,3.09290087223053,5.729302883148193,-0.07535970211029053,4.169681072235107,7.069677114486694,10.392684936523438,11.025489807128906,15.030442237854004,-4.0753597021102905,-1.4043197631835938,0.16968107223510742,3.0696771144866943,6.3926849365234375,7.025489807128906,11.030442237854004,23.964311599731445,31,3.732905864715576,2.7595228667618996,0.00024268466623866836,True,False,8.033676147460938,2,29,2.018537351125827,2.7301270503068427,0.5426764305829948,True,0.8784046173095703,0.3229742646217346,0.7149151563644409,14.0,360.5517883300781,gamma_pixel_lgr_building_fid_residual_plus_dsm_minus_ground
82,82,8,1,5.386545181274414,59,-2.652600073814392,2.1740591526031494,19.503288841247556,7.561243057250977,1.6416445970535278,9.386545181274414,21.931370735168457,34.62003135681152,39.89342346191406,41.503287124633786,-2.358355402946472,1.183927297592163,5.386545181274414,17.931370735168457,30.62003135681152,35.89342346191406,37.503287124633786,41.191192626953125,59,2.2368521690368652,3.0205330048255705,0.6702056162759761,False,True,41.191192626953125,0,59,2.2368520639197107,3.0205330048255705,0.6702058133075706,True,0.8669837117195129,0.3483806252479553,0.5935643911361694,16.0,408.5389099121094,gamma_pixel_lgr_building_fid_residual_plus_dsm_minus_ground
86,86,10,1,4.228458404541016,27,-12.643510246276856,-1.2158397436141968,8.600556468963623,12.758734703063965,-8.496884536743163,8.228458404541016,22.602764129638672,30.54584102630615,32.00848960876465,33.60055656433105,-12.496884536743163,-3.404215693473816,4.228458404541016,18.602764129638672,26.54584102630615,28.008489608764652,29.600556564331054,30.662006378173828,27,1.6254346370697021,2.698070722047008,1.0,False,True,30.662006378173828,0,27,1.6254346228019578,2.698070722047008,1.0,True,0.8345105648040771,0.335440993309021,0.9063165187835693,13.0,322.551513671875,gamma_pixel_lgr_building_fid_residual_plus_dsm_minus_ground
87,87,11,1,-2.154822826385498,27,-6.335391426086426,-2.154822826385498,1.3648949742317198,4.0,-2.3353914260864257,1.845177173614502,3.665923833847046,4.558728408813476,4.85540828704834,5.364895057678222,-6.335391426086426,-5.224372625350952,-2.154822826385498,-0.3340761661529541,0.5587284088134763,0.8554082870483407,1.3648950576782224,5.777645111083984,27,2.6336488723754883,2.698070722047008,0.06478706699615899,False,True,5.777645111083984,0,27,2.633648783655098,2.698070722047008,0.06478708966820823,True,0.8435614109039307,0.34027642011642456,0.5863875150680542,16.0,360.5517883300781,gamma_pixel_lgr_building_fid_residual_plus_dsm_minus_ground
95,95,19,1,-0.7195552587509155,61,-8.055089950561523,-1.6832307577133179,7.225076198577881,4.67617654800415,-3.0192623138427734,3.3688321113586426,16.15601348876953,28.13810157775879,29.000961303710938,31.658981323242188,-7.019262313842773,-3.985044479370117,-0.6311678886413574,12.156013488769531,24.13810157775879,25.000961303710938,27.658981323242188,36.77297592163086,61,2.469759941101074,3.033067427935249,0.35143940597908885,False,True,36.77297592163086,0,61,2.4697599880475467,3.033067427935249,0.3514393552087546,True,0.8499054312705994,0.3161965608596802,0.8210678696632385,15.0,330.54400634765625,gamma_pixel_lgr_building_fid_residual_plus_dsm_minus_ground
98,98,22,1,23.028486251831055,27,-9.608594131469726,-0.2940695583820343,4.92745471000671,28.0,-3.5567341804504395,27.028486251831055,28.600350379943848,29.000775718688963,29.165239715576174,29.36096782684326,-7.556734180450439,-2.3559130430221558,23.028486251831055,24.600350379943848,25.000775718688963,25.165239715576174,25.36096782684326,34.02257537841797,27,1.384636640548706,2.698070722047008,1.0,False,True,34.02257537841797,0,27,1.3846366409389785,2.698070722047008,1.0,True,0.8472940921783447,0.33131328225135803,1.0757615566253662,18.0,328.09320068359375,gamma_pixel_lgr_building_fid_residual_plus_dsm_minus_ground
99,99,23,1,23.632047653198242,37,-7.177402496337891,-0.33858522772789,3.762119722366332,28.0,19.59462661743164,27.602680206298828,28.687435150146484,29.633342742919922,30.2100528717041,31.762119674682616,15.594626617431642,21.128725051879883,23.602680206298828,24.687435150146484,25.633342742919922,26.2100528717041,27.762119674682616,32.362545013427734,37,1.5895713567733765,2.8352016029234095,1.0,False,True,32.362545013427734,0,37,1.5895713819024548,2.8352016029234095,1.0,True,0.8386272192001343,0.32849395275115967,0.9774071574211121,17.0,496.6940002441406,gamma_pixel_lgr_building_fid_residual_plus_dsm_minus_ground
100,100,24,1,4.719103813171387,151,-4.631360769271851,0.9039096832275391,7.76992392539978,4.0,-0.4901885986328125,8.719103813171387,28.96617603302002,29.69353199005127,29.944461822509766,30.172274589538574,-4.4901885986328125,-0.2613271474838257,4.719103813171387,24.96617603302002,25.69353199005127,25.944461822509766,26.172274589538574,38.202308654785156,151,2.2623817920684814,3.3450171250475833,1.0,False,True,38.202308654785156,0,151,2.262381589981181,3.3450171250475833,1.0,True,0.8498742580413818,0.3274497389793396,0.548477292060852,18.0,561.0567016601562,gamma_pixel_lgr_building_fid_residual_plus_dsm_minus_ground
118,118,42,1,1.887023687362671,27,0.1470103591680527,1.8897008895874023,4.500581359863281,4.0,4.147010374069214,5.889700889587402,6.721709728240967,7.938991975784301,8.270963287353517,8.500581359863281,0.14701037406921388,0.8436586856842041,1.8897008895874023,2.721709728240967,3.938991975784301,4.270963287353516,4.500581359863281,5.786811828613281,27,2.4494497776031494,2.698070722047008,0.12895676162737546,False,True,5.786811828613281,0,27,2.449449814282961,2.698070722047008,0.12895674488651077,True,0.8330973386764526,0.3369075357913971,0.4332442283630371,14.0,330.54400634765625,gamma_pixel_lgr_building_fid_residual_plus_dsm_minus_ground
119,119,43,1,5.967500686645508,20,1.3070257544517518,4.874146223068237,12.477561569213869,4.0,5.307025527954101,9.967500686645508,13.61853551864624,16.380185508728026,16.529446792602542,17.5371826171875,1.3070255279541017,2.6677732467651367,5.967500686645508,9.61853551864624,12.380185508728028,12.52944679260254,13.5371826171875,14.939090728759766,20,1.8566614389419556,2.556581334492762,0.540166429836133,False,True,14.939090728759766,0,20,1.8566614482987323,2.556581334492762,0.5401664163431308,True,0.8345931768417358,0.3421678841114044,0.48153287172317505,15.0,305.41876220703125,gamma_pixel_lgr_building_fid_residual_plus_dsm_minus_ground
120,120,44,1,21.632192611694336,20,-3.878448784351349,0.518717035651207,1.68363196849823,25.0,20.955773639678956,25.51871681213379,26.501132488250732,26.57023181915283,26.6776985168457,26.683632564544677,16.955773639678956,19.323692321777344,21.51871681213379,22.501132488250732,22.57023181915283,22.6776985168457,22.683632564544677,22.73303985595703,20,0.8091955184936523,2.556581334492762,1.0,False,True,22.73303985595703,0,20,0.8091956291826716,2.556581334492762,1.0,True,0.8324518203735352,0.350472092628479,0.43688803911209106,15.0,368.5443115234375,gamma_pixel_lgr_building_fid_residual_plus_dsm_minus_ground
127,127,51,1,-3.4487786293029785,35,-13.86983528137207,-3.9878132343292236,1.6909801959991406,4.0,-9.554471588134765,0.5512213706970215,12.56424617767334,23.394656181335446,24.332986068725585,24.834981536865232,-13.554471588134765,-6.38008189201355,-3.4487786293029785,8.56424617767334,19.394656181335446,20.332986068725585,20.834981536865232,23.894887924194336,35,1.9951305389404297,2.811781880168149,0.7179676775182425,False,True,23.894887924194336,0,35,1.9951305530792718,2.811781880168149,0.7179676507616822,True,0.846396267414093,0.3405531644821167,1.0289180278778076,17.0,496.6940002441406,gamma_pixel_lgr_building_fid_residual_plus_dsm_minus_ground
129,129,53,1,-2.4594650268554688,28,-8.15898106098175,-2.7601927518844604,3.3461937904357906,4.0,-3.3766207933425902,1.5405350923538208,22.721538543701172,26.549163627624512,27.7291561126709,28.094636726379395,-7.376620793342591,-4.725535035133362,-2.459464907646179,18.721538543701172,22.549163627624512,23.7291561126709,24.094636726379395,24.452709197998047,28,1.6140018701553345,2.714458787361858,1.0,False,True,24.452709197998047,0,28,1.6140017298784681,2.714458787361858,1.0,True,0.8252793550491333,0.35112929344177246,0.5983511805534363,14.0,435.38128662109375,gamma_pixel_lgr_building_fid_residual_plus_dsm_minus_ground
134,134,58,1,1.7909653186798096,40,-2.7683658719062803,2.1967024207115173,7.969792151451109,4.0,1.2316341280937195,6.497472524642944,9.000338077545166,13.711363601684551,27.470731163024904,31.338599205017083,-2.7683658719062803,-0.10983002185821533,2.4974725246429443,5.000338077545166,9.711363601684551,23.470731163024904,27.338599205017083,29.991546630859375,40,2.6757004261016846,2.8675424870552675,0.10305511896619546,False,True,29.991546630859375,0,40,2.6757003597676188,2.8675424870552675,0.1030551435706073,True,0.8146377205848694,0.33511844277381897,0.8275262117385864,14.5,477.1289978027344,gamma_pixel_lgr_building_fid_residual_plus_dsm_minus_ground
135,135,59,1,-2.4039697647094727,43,-5.909831571578979,-2.0282816886901855,9.093879413604732,4.0,-1.9098315715789795,2.4305813312530518,8.701294898986816,26.43513755798335,30.66992416381836,31.03221263885498,-5.909831571578979,-4.165948867797852,-1.5694186687469482,4.701294898986816,22.43513755798335,26.66992416381836,27.03221263885498,34.03376770019531,43,2.509155511856079,2.8970234886239705,0.20162687500784482,False,True,34.03376770019531,0,43,2.5091556470245995,2.8970234886239705,0.20162678557368552,True,0.8279696702957153,0.33867722749710083,0.8851372003555298,17.0,424.91448974609375,gamma_pixel_lgr_building_fid_residual_plus_dsm_minus_ground
139,139,63,1,2.4355406761169434,39,-1.8481603860855096,2.390958547592163,10.904086303710939,4.0,2.15183973312378,6.435540676116943,17.53130292892456,32.88068733215332,34.59193420410156,35.90408706665039,-1.84816026687622,-0.2079712152481079,2.4355406761169434,13.53130292892456,28.880687332153318,30.591934204101566,31.904087066650394,33.323177337646484,39,1.9394028186798096,2.857104681649204,0.9355036017100654,False,True,33.323177337646484,0,39,1.9394026918012977,2.857104681649204,0.9355039023994148,True,0.8245226144790649,0.3503049910068512,0.6963796019554138,15.0,315.8710021972656,gamma_pixel_lgr_building_fid_residual_plus_dsm_minus_ground
145,145,69,1,-2.5281777381896973,27,-12.153004455566407,-3.812987804412842,5.957153367996214,6.552840709686279,-8.153004455566407,1.4718222618103027,27.893973350524902,28.82565460205078,29.15055923461914,30.957153511047363,-12.153004455566407,-8.006137609481812,-2.5281777381896973,23.893973350524902,24.82565460205078,25.15055923461914,26.957153511047363,29.098114013671875,27,1.3431271314620972,2.698070722047008,1.0,False,True,29.098114013671875,0,27,1.3431272105000414,2.698070722047008,1.0,True,0.8167743682861328,0.3500918745994568,0.7625267505645752,14.0,337.6647033691406,gamma_pixel_lgr_building_fid_residual_plus_dsm_minus_ground
146,146,70,1,2.485015392303467,51,-7.5892298221588135,-0.9197547435760498,12.226337432861328,7.121058940887451,-2.517209529876709,6.485015392303467,27.190460205078125,29.774311065673828,33.87641525268555,37.22633743286133,-6.517209529876709,-2.133789539337158,2.485015392303467,23.190460205078125,25.774311065673828,29.876415252685547,33.22633743286133,34.72279357910156,51,1.855698585510254,2.9646987403255145,1.0,False,True,34.72279357910156,0,51,1.8556986251326693,2.9646987403255145,1.0,True,0.842529833316803,0.33850741386413574,1.0286864042282104,16.0,360.5517883300781,gamma_pixel_lgr_building_fid_residual_plus_dsm_minus_ground
148,148,71,1,-3.102804660797119,42,-6.214376783370971,-3.1028047800064087,-0.4997443944215775,4.0,-2.2143767833709718,1.266265630722046,2.22752982378006,4.4043104529380805,5.368022489547728,8.234256410598746,-6.214376783370971,-4.223106026649475,-2.733734369277954,-1.7724701762199402,0.4043104529380806,1.3680224895477282,4.234256410598747,32.12490463256836,42,5.567230701446533,2.88748519288549,3.4505731605349865e-13,True,False,2.441965103149414,3,39,2.590947404492429,2.857104681649204,0.1341599206994435,True,0.8279391527175903,0.34714215993881226,0.5599327683448792,16.0,346.7593078613281,gamma_pixel_lgr_building_fid_residual_plus_dsm_minus_ground
157,157,75,1,-3.323032855987549,64,-10.79649453163147,-4.210720062255859,4.530293667316433,4.452281951904297,-6.561567282676696,1.3920936584472656,8.072726011276245,15.311192131042475,24.258954429626474,28.05146884918212,-10.561567211151123,-6.118034720420837,-2.6079063415527344,4.072726011276245,11.311192131042475,20.258954429626474,24.05146884918212,26.758798599243164,64,2.512824058532715,3.050967777749636,0.32547154340851137,False,True,26.758798599243164,0,64,2.5128239228380655,3.050967777749636,0.3254716810605416,True,0.8348827362060547,0.3425748348236084,0.97637540102005,15.0,330.54400634765625,gamma_pixel_lgr_building_fid_residual_plus_dsm_minus_ground
158,158,76,1,5.693765640258789,31,-12.576012134552002,-2.5137884616851807,5.687851428985596,14.322887420654297,-8.576012134552002,9.693765640258789,26.355399131774902,28.65618133544922,28.79666519165039,30.60116481781006,-12.576012134552002,-8.632744312286377,5.693765640258789,22.355399131774902,24.65618133544922,24.79666519165039,26.60116481781006,27.66895294189453,31,1.336108684539795,2.7595228667618996,1.0,False,True,27.66895294189453,0,31,1.3361087499059991,2.7595228667618996,1.0,True,0.8283094167709351,0.35464149713516235,0.6219935417175293,13.0,285.9814147949219,gamma_pixel_lgr_building_fid_residual_plus_dsm_minus_ground
161,161,79,1,1.7796201705932617,102,-2.062116378545761,1.8240147829055786,7.7006641626358014,4.0,1.9498019695281987,6.594455718994141,10.610946655273438,15.000872611999498,21.657848167419434,30.354833984374988,-2.0501980304718015,0.5027979612350464,2.5944557189941406,6.6109466552734375,11.000872611999498,17.657848167419434,26.354833984374988,36.456382751464844,102,3.6540439128875732,3.216253216079576,0.00812182061289235,True,False,30.350330352783203,1,101,3.177682471563699,3.2129064076917415,0.057224509725905426,True,0.8403110504150391,0.3446558117866516,0.9583077430725098,18.0,461.5030517578125,gamma_pixel_lgr_building_fid_residual_plus_dsm_minus_ground
163,163,81,1,13.04141616821289,41,-1.39138925075531,6.024053573608398,18.843841552734375,11.75048828125,2.8643746376037598,17.04141616821289,41.559288024902344,42.05116271972656,42.47431564331055,43.843841552734375,-1.1356253623962402,3.612997055053711,13.04141616821289,37.559288024902344,38.05116271972656,38.47431564331055,39.843841552734375,40.40001678466797,41,1.2253259420394897,2.8776635330787745,1.0,False,True,40.40001678466797,0,41,1.22532588338292,2.8776635330787745,1.0,True,0.8339456915855408,0.3485260605812073,0.867181122303009,16.0,337.6647033691406,gamma_pixel_lgr_building_fid_residual_plus_dsm_minus_ground
164,164,82,1,2.193256378173828,36,-0.08636432513594627,2.2027838230133057,11.077054977416992,4.0,3.9136356711387634,6.313442707061768,7.29592490196228,8.747831106185913,14.332157135009766,31.53715229034424,-0.08636432886123657,1.6504706144332886,2.3134427070617676,3.2959249019622803,4.747831106185913,10.332157135009766,27.53715229034424,32.420562744140625,36,3.3816874027252197,2.8236933338418355,0.0037999786244395928,True,False,5.0292816162109375,5,31,2.3480830795355065,2.7595228667618996,0.22109793586221316,True,0.8290574550628662,0.35437092185020447,0.5695250034332275,14.0,322.7168884277344,gamma_pixel_lgr_building_fid_residual_plus_dsm_minus_ground
167,167,85,1,1.4945340156555176,35,-2.648636221885681,1.2358652353286743,4.070848202705379,4.0,1.3513637781143188,5.533069133758545,6.947175741195679,7.589055395126342,7.682377338409424,11.961641883850074,-2.648636221885681,-0.10267317295074463,1.533069133758545,2.9471757411956787,3.589055395126343,3.682377338409424,7.961641883850074,14.064695358276367,35,3.2759463787078857,2.811781880168149,0.006136856913639965,True,False,5.44389533996582,2,33,1.9421124953267703,2.78663898783401,0.7715449814929007,True,0.8409147262573242,0.3609219193458557,0.600333034992218,20.0,504.6864929199219,gamma_pixel_lgr_building_fid_residual_plus_dsm_minus_ground
170,170,90,1,9.485261917114258,124,-1.9305134177207945,7.496853828430176,19.68444366455078,4.661643028259277,2.212282395362854,13.4852614402771,39.40154266357422,41.8720624923706,42.7201171875,44.684441757202144,-1.787717604637146,2.6243350505828857,9.4852614402771,35.40154266357422,37.8720624923706,38.7201171875,40.684441757202144,46.38438034057617,124,1.8525304794311523,3.2814206187595496,1.0,False,True,46.38438034057617,0,124,1.8525304894462606,3.2814206187595496,1.0,True,0.8814471960067749,0.3142954707145691,0.8104296922683716,16.5,370.39849853515625,gamma_pixel_lgr_building_fid_residual_plus_dsm_minus_ground
181,181,100,1,3.9080514907836914,22,1.4411078035831453,3.9552289247512817,10.47647395133972,4.0,5.441107678413391,7.992246150970459,15.539678573608398,17.554705905914307,18.746804046630864,22.938676071166988,1.4411076784133912,2.775244355201721,3.992246150970459,11.539678573608398,13.554705905914306,14.746804046630862,18.938676071166988,28.309795379638672,22,2.991936206817627,2.602783742942279,0.0074330121489567524,True,False,19.15264892578125,1,21,2.3810895169646695,2.580387571716829,0.1104917806617598,True,0.8456321358680725,0.344163179397583,0.9891659021377563,13.0,473.44561767578125,gamma_pixel_lgr_building_fid_residual_plus_dsm_minus_ground
183,183,102,1,4.048130989074707,46,-4.0469934940338135,3.538669466972351,13.804378032684326,4.0,-0.04699349403381348,8.048130750656128,14.929653882980347,17.024614334106445,18.299551010131836,19.266294956207275,-4.0469934940338135,-0.8531368374824524,4.048130750656128,10.929653882980347,13.024614334106445,14.299551010131836,15.266294956207275,17.39081382751465,46,1.8395589590072632,2.924080860089991,1.0,False,True,17.39081382751465,0,46,1.8395589438130582,2.924080860089991,1.0,True,0.8453547954559326,0.3404081463813782,0.8262355327606201,14.0,544.6810913085938,gamma_pixel_lgr_building_fid_residual_plus_dsm_minus_ground
184,184,103,1,14.71850299835205,82,-6.158596038818359,-0.4660905748605728,10.781399011611944,19.0,-2.15859603881836,18.71850299835205,25.726642608642578,28.562394905090333,30.810487747192386,33.88233051300049,-6.158596038818359,-1.5737447142601013,14.71850299835205,21.726642608642578,24.562394905090333,26.810487747192386,29.88233051300049,39.488677978515625,82,2.069373607635498,3.1406842587573895,1.0,False,True,39.488677978515625,0,82,2.0693735305880394,3.1406842587573895,1.0,True,0.8364003896713257,0.35122597217559814,0.8701952695846558,14.5,424.91448974609375,gamma_pixel_lgr_building_fid_residual_plus_dsm_minus_ground
185,185,104,1,13.977925300598145,80,-10.500913143157959,-1.0220756232738495,3.5680644392967213,19.0,-6.481886410713196,17.977925300598145,20.540225982666016,22.075867557525633,22.912704277038575,23.87350044250488,-10.481886434555054,-4.410920262336731,13.977925300598145,16.540225982666016,18.075867557525633,18.912704277038575,19.87350044250488,24.463836669921875,80,1.5154560804367065,3.1319390484640484,1.0,False,True,24.463836669921875,0,80,1.5154560092115763,3.1319390484640484,1.0,True,0.8477663397789001,0.35757604241371155,0.8657859563827515,16.0,446.2493896484375,gamma_pixel_lgr_building_fid_residual_plus_dsm_minus_ground
186,186,105,1,16.015792846679688,95,-6.597439336776733,3.2891368865966797,19.273531913757324,14.630420684814453,0.27847957611083995,20.015792846679688,38.4209041595459,43.10580253601074,45.62231140136719,47.82154579162598,-3.72152042388916,2.7471415996551514,16.015792846679688,34.4209041595459,39.10580253601074,41.62231140136719,43.82154579162598,57.88224792480469,95,2.2336275577545166,3.191968488351816,1.0,False,True,57.88224792480469,0,95,2.2336273344425965,3.191968488351816,1.0,True,0.8493132591247559,0.3394165337085724,0.7744540572166443,16.0,390.2268981933594,gamma_pixel_lgr_building_fid_residual_plus_dsm_minus_ground
187,187,106,1,0.4166297912597656,26,-4.334636628627777,0.04767930507659912,5.409603476524353,4.938362121582031,1.2757998704910278,5.254059553146362,11.169664859771729,19.544209003448486,22.02225685119629,27.14245080947876,-2.724200129508972,-0.22035270929336548,1.2540595531463623,7.1696648597717285,15.544209003448486,18.02225685119629,23.14245080947876,28.19314956665039,26,2.603734254837036,2.6808994518100513,0.06820885103149688,False,True,28.19314956665039,0,26,2.6037341100221747,2.6808994518100513,0.06820888984948681,True,0.842515766620636,0.36089852452278137,1.082090139389038,15.5,504.6864929199219,gamma_pixel_lgr_building_fid_residual_plus_dsm_minus_ground
188,188,107,1,18.906709671020508,24,-8.714178037643432,0.9655261039733887,4.35688692331314,22.0,-4.714178037643433,22.906709671020508,23.698169231414795,23.958474540710448,25.375297355651853,26.210433769226075,-8.714178037643432,4.764110445976257,18.906709671020508,19.698169231414795,19.958474540710448,21.375297355651853,22.210433769226075,22.432397842407227,24,0.8867180347442627,2.6439099244557838,1.0,False,True,22.432397842407227,0,24,0.8867180259406405,2.6439099244557838,1.0,True,0.8250875473022461,0.3543151915073395,0.6917428970336914,17.0,504.6864929199219,gamma_pixel_lgr_building_fid_residual_plus_dsm_minus_ground
189,189,108,1,2.1299493312835693,94,-5.980591511726379,0.20924359560012817,7.047055840492246,5.803679943084717,-1.9805915117263793,6.129949331283569,17.35715913772583,25.614208698272705,27.892950248718265,31.13576717376709,-5.980591511726379,-1.706411361694336,2.1299493312835693,13.35715913772583,21.614208698272705,23.892950248718265,27.13576717376709,32.279624938964844,94,2.364760398864746,3.18832706661857,0.7805135981369862,False,True,32.279624938964844,0,94,2.3647603678188314,3.18832706661857,0.7805136672306654,True,0.8520525693893433,0.33919236063957214,0.6727347373962402,16.0,460.1239013671875,gamma_pixel_lgr_building_fid_residual_plus_dsm_minus_ground
190,190,109,1,-3.4390244483947754,30,-11.27004165649414,-2.92972469329834,2.0818690836429545,4.0,-7.270041656494141,1.0702753067016602,3.525759220123291,4.315369057655334,6.115122127532977,17.75839414596557,-11.27004165649414,-6.5851887464523315,-2.92972469329834,-0.474240779876709,0.3153690576553344,2.1151221275329766,13.758394145965573,15.195280075073242,30,2.595238208770752,2.7451317244535867,0.08947845593264003,False,True,15.195280075073242,0,30,2.595238330737232,2.7451317244535867,0.08947841530807632,True,0.8576576113700867,0.3460180163383484,0.5380544662475586,15.0,493.4429016113281,gamma_pixel_lgr_building_fid_residual_plus_dsm_minus_ground
191,191,110,1,4.046216011047363,24,-0.9394429624080656,2.323352098464966,5.503318738937378,5.999353408813477,3.0605569362640384,8.284266948699951,9.800262451171875,10.394234800338745,13.82773571014404,15.833705711364745,-0.9394430637359618,2.8280627727508545,4.284266948699951,5.800262451171875,6.3942348003387455,9.82773571014404,11.833705711364745,21.730056762695312,24,3.472417116165161,2.6439099244557838,0.0004351807627616111,True,False,11.949684143066406,1,23,2.3332793983490534,2.6239161203491976,0.1517626165671624,True,0.8471781015396118,0.35145294666290283,1.0189353227615356,18.0,644.039306640625,gamma_pixel_lgr_building_fid_residual_plus_dsm_minus_ground
193,193,112,1,-1.5774290561676025,56,-4.493309259414673,-1.5774290561676025,3.0766318440437317,4.0,-0.45826005935668945,3.429551839828491,6.812758803367615,10.034188032150269,14.565369129180908,16.514013290405273,-4.4582600593566895,-2.481314778327942,-0.5704481601715088,2.8127588033676147,6.0341880321502686,10.565369129180908,12.514013290405273,16.46895408630371,56,2.875142812728882,3.0007349114959956,0.08039799379892809,False,True,16.46895408630371,0,56,2.875142809938296,3.0007349114959956,0.08039799462545538,True,0.8403502106666565,0.33882033824920654,0.6900943517684937,17.0,552.0816040039062,gamma_pixel_lgr_building_fid_residual_plus_dsm_minus_ground
194,194,113,1,2.908092975616455,114,-2.087089312076569,1.387200117111206,10.554308795928954,4.241861343383789,1.9129106879234314,6.908092975616455,21.337160110473633,25.826808834075926,28.03754234313965,30.947707462310785,-2.087089312076569,0.20956218242645264,2.908092975616455,17.337160110473633,21.826808834075926,24.03754234313965,26.947707462310785,35.8125114440918,114,2.7408955097198486,3.2536350129872402,0.30764625290138903,False,True,35.8125114440918,0,114,2.740895716644054,3.2536350129872402,0.3076460466866717,True,0.866446852684021,0.2824994921684265,0.741950273513794,16.0,592.9227905273438,gamma_pixel_lgr_building_fid_residual_plus_dsm_minus_ground
195,195,114,1,-3.2445061206817627,86,-12.402785301208496,-2.333891987800598,6.560640931129456,4.0,-8.402785301208496,2.1315464973449707,8.023576259613037,11.608617067337036,22.000073432922363,27.567713737487793,-12.402785301208496,-7.514547348022461,-1.8684535026550293,4.023576259613037,7.608617067337036,18.000073432922363,23.567713737487793,34.1557731628418,86,3.042832612991333,3.1574370172856185,0.07707022388060603,False,True,34.1557731628418,0,86,3.042832722940765,3.1574370172856185,0.07707019254134106,True,0.9570556879043579,0.12837135791778564,0.8881651163101196,37.0,712.62939453125,gamma_pixel_lgr_building_fid_residual_plus_dsm_minus_ground
199,199,118,1,7.395486831665039,52,-2.974107301235199,3.4101589918136597,10.24786610603332,9.437103271484375,1.8830630064010623,11.395486831665039,26.03650712966919,26.483547496795655,26.868714904785158,27.993030929565425,-2.1169369935989377,1.0265079736709595,7.395486831665039,22.03650712966919,22.483547496795655,22.868714904785158,23.993030929565425,29.896015167236328,52,1.7843072414398193,2.97224042014624,1.0,False,True,29.896015167236328,0,52,1.7843075269506292,2.97224042014624,1.0,True,0.8509371280670166,0.3243187665939331,1.0672149658203125,16.5,613.2711791992188,gamma_pixel_lgr_building_fid_residual_plus_dsm_minus_ground
206,206,126,1,-0.7378895282745361,24,-3.562940442562103,-0.6220152676105499,1.9835692644119254,4.0,0.4370595574378968,3.685987114906311,5.221884250640869,5.8741530418396,11.20092048645019,14.829372072219845,-3.562940442562103,-1.8983197808265686,-0.31401288509368896,1.2218842506408691,1.8741530418396,7.20092048645019,10.829372072219845,20.599470138549805,24,3.5792319774627686,2.6439099244557838,0.0001788501567219214,True,False,2.0382776260375977,3,21,1.5122358075516842,2.580387571716829,1.0,True,0.8303471803665161,0.34255924820899963,0.8802663087844849,15.0,504.6864929199219,gamma_pixel_lgr_building_fid_residual_plus_dsm_minus_ground
214,214,134,1,-1.5909632444381714,67,-7.955255937576294,-1.730392336845398,14.341685581207274,4.0,-3.861464786529541,2.5484659671783447,15.890690803527832,17.476806640625,20.045207595825193,27.87564811706542,-7.861464786529541,-4.370319604873657,-1.4515340328216553,11.890690803527832,13.476806640625002,16.045207595825193,23.87564811706542,37.350372314453125,67,3.1362051963806152,3.06788516289407,0.038265520612341564,True,False,32.908966064453125,1,66,2.9906026201985427,3.0623490070880934,0.06572308708262042,True,0.8749194741249084,0.3021666407585144,0.8925284147262573,16.0,504.6864929199219,gamma_pixel_lgr_building_fid_residual_plus_dsm_minus_ground
218,218,138,1,1.7061362266540527,93,-15.358063316345214,-4.637513637542725,2.826870441436756,8.147635459899902,-11.126127052307128,5.706136226654053,14.758512496948242,16.70705375671387,18.765198135375975,26.70071029663085,-15.126127052307128,-7.254825115203857,1.7061362266540527,10.758512496948242,12.707053756713869,14.765198135375977,22.70071029663085,36.02922821044922,93,2.838251829147339,3.184639533738477,0.17564479874447836,False,True,36.02922821044922,0,93,2.8382518884409773,3.184639533738477,0.17564476325744638,True,0.8763477206230164,0.3372955322265625,0.685154914855957,29.0,544.6810913085938,gamma_pixel_lgr_building_fid_residual_plus_dsm_minus_ground
221,221,141,1,26.57077407836914,32,-9.474387836456298,-0.45471473038196564,0.7645329594612118,31.0,11.449898529052735,30.498208045959473,30.979485034942627,31.184698581695557,31.302694511413574,31.49852809906006,7.449898529052735,21.51640510559082,26.498208045959473,26.979485034942627,27.184698581695557,27.302694511413574,27.49852809906006,31.505802154541016,32,0.8458037972450256,2.7733452324854233,1.0,False,True,31.505802154541016,0,32,0.8458037735511768,2.7733452324854233,1.0,True,0.8902543783187866,0.35077041387557983,0.5908473134040833,29.5,712.62939453125,gamma_pixel_lgr_building_fid_residual_plus_dsm_minus_ground
223,223,143,1,13.243196487426758,122,-8.234861373901367,-0.5709455907344818,4.5196123838424676,16.426008224487305,-4.012212252616882,17.243196487426758,21.521615982055664,23.0717059135437,23.736525344848634,25.78052206039428,-8.012212252616882,-1.0373373627662659,13.243196487426758,17.521615982055664,19.0717059135437,19.736525344848634,21.78052206039428,29.82952117919922,122,2.0264697074890137,3.276078195746472,1.0,False,True,29.82952117919922,0,122,2.02646989320752,3.276078195746472,1.0,True,0.8738701343536377,0.3379637598991394,0.8181504011154175,26.0,613.2711791992188,gamma_pixel_lgr_building_fid_residual_plus_dsm_minus_ground
226,226,146,1,-2.6367814540863037,37,-13.411271476745606,-3.8521149158477783,3.959191608428951,5.4469099044799805,-9.411271476745606,1.8481976985931396,10.46423053741455,15.73685646057128,20.44912643432616,26.25436477661131,-13.411271476745606,-5.7902398109436035,-2.1518023014068604,6.464230537414551,11.73685646057128,16.44912643432616,22.25436477661131,27.713014602661133,37,2.4788835048675537,2.8352016029234095,0.18270363911520215,False,True,27.713014602661133,0,37,2.478883465895864,2.8352016029234095,0.18270366279227934,True,0.8568365573883057,0.3567541539669037,0.9992908835411072,18.0,370.39849853515625,gamma_pixel_lgr_building_fid_residual_plus_dsm_minus_ground
229,229,149,1,0.7079439163208008,138,-7.092226624488831,-1.517570436000824,12.573103809356692,5.882387161254883,-2.646117115020752,4.707943916320801,21.712780952453613,33.75180377960205,35.65782089233399,37.21940670013428,-6.646117115020751,-2.743343412876129,0.7079439163208008,17.712780952453613,29.75180377960205,31.657820892333984,33.21940670013428,39.812015533447266,138,2.274775981903076,3.3162076976983395,1.0,False,True,39.812015533447266,0,138,2.2747760092149347,3.3162076976983395,1.0,True,0.8480769395828247,0.34022149443626404,1.0500402450561523,22.0,497.01824951171875,gamma_pixel_lgr_building_fid_residual_plus_dsm_minus_ground
232,232,152,1,4.179487228393555,66,-3.0949443578720093,2.131169080734253,12.15047025680542,7.165495872497559,1.0644602179527283,8.73097276687622,13.477184295654297,16.065537452697754,18.54874038696289,25.1350040435791,-2.9355397820472717,0.6568616628646851,4.730972766876221,9.477184295654297,12.065537452697754,14.54874038696289,21.1350040435791,30.171485900878906,66,3.3331525325775146,3.0623490070880934,0.016584973002709003,True,False,24.18857192993164,1,65,2.790946190334811,3.0567110647513203,0.13262292380210816,True,0.8517770767211914,0.33559930324554443,0.9068083763122559,15.0,368.5443115234375,gamma_pixel_lgr_building_fid_residual_plus_dsm_minus_ground
235,235,155,1,7.1346259117126465,43,0.12175365537405015,6.326086044311523,15.686482143402099,4.0,4.2997519969940186,11.232282638549805,14.993000030517578,19.79809951782226,21.024811935424808,26.161292266845702,0.29975199699401855,3.0216784477233887,7.232282638549805,10.993000030517578,15.798099517822259,17.024811935424808,22.161292266845702,26.65509033203125,43,2.7075726985931396,2.8970234886239705,0.10194486163873784,False,True,26.65509033203125,0,43,2.7075728644069628,2.8970234886239705,0.10194480082663493,True,0.8200488686561584,0.35391440987586975,0.7383713126182556,15.0,460.1239013671875,gamma_pixel_lgr_building_fid_residual_plus_dsm_minus_ground
236,236,156,1,23.28290557861328,46,-1.5681489706039429,5.204217433929443,12.35603642463684,22.0,8.71555471420288,27.011013984680176,30.33042287826538,33.05360698699951,33.22724533081055,34.17036437988281,4.715554714202881,19.38344383239746,23.011013984680176,26.33042287826538,29.05360698699951,29.227245330810547,30.170364379882812,31.61065673828125,46,1.3076739311218262,2.924080860089991,1.0,False,True,31.61065673828125,0,46,1.307673843723955,2.924080860089991,1.0,True,0.8447809815406799,0.3445698022842407,0.7723774313926697,25.0,502.8768005371094,gamma_pixel_lgr_building_fid_residual_plus_dsm_minus_ground
241,241,160,1,3.176621437072754,30,-0.6073162853717804,2.491507887840271,5.313399910926816,6.041910648345947,3.392683720588684,7.67130184173584,10.810472011566162,11.723636770248413,12.852319526672364,14.554536771774284,-0.6073162794113158,2.126982808113098,3.67130184173584,6.810472011566162,7.7236367702484126,8.852319526672364,10.554536771774284,15.780328750610352,30,2.8699939250946045,2.7451317244535867,0.029609195417141798,True,False,11.65776538848877,1,29,2.2365009856818876,2.7301270503068427,0.28792921930188264,True,0.8745744824409485,0.28780966997146606,0.5875356197357178,23.0,544.6810913085938,gamma_pixel_lgr_building_fid_residual_plus_dsm_minus_ground
245,245,164,1,-1.8729718923568726,64,-4.588221502304077,-1.8729719519615173,5.457135534286498,4.0,-0.588221502304077,2.173080325126648,5.577174186706543,8.17903757095337,8.949857044219971,11.166408634185787,-4.588221502304077,-2.673240840435028,-1.826919674873352,1.577174186706543,4.179037570953368,4.949857044219972,7.166408634185787,8.677610397338867,64,2.4642715454101562,3.050967777749636,0.37807923259589415,False,True,8.677610397338867,0,64,2.464271385132345,3.050967777749636,0.3780794177333817,True,0.8480646014213562,0.31104135513305664,0.6957207918167114,18.0,442.68902587890625,gamma_pixel_lgr_building_fid_residual_plus_dsm_minus_ground
246,246,165,1,2.243563652038574,32,1.3416196405887604,2.26664400100708,4.437119030952453,4.0,5.34161958694458,6.26664400100708,7.339077353477478,8.077854585647582,8.205842876434327,8.437118816375731,1.3416195869445802,1.842792272567749,2.26664400100708,3.339077353477478,4.077854585647583,4.2058428764343265,4.437118816375732,6.480777740478516,32,3.0291173458099365,2.7733452324854233,0.016566974591242456,True,False,4.687385559082031,1,31,2.0238024444577527,2.7595228667618996,0.5784471237080818,True,0.9009774923324585,0.30133146047592163,0.39272499084472656,21.0,521.2033081054688,gamma_pixel_lgr_building_fid_residual_plus_dsm_minus_ground
249,249,168,1,17.335041046142578,55,-1.6341282367706298,5.619407653808594,10.227150058746338,16.0,10.749516582489013,21.321504592895508,23.759696006774902,25.595863151550294,25.84806137084961,26.186295318603513,6.749516582489014,14.116474151611328,17.321504592895508,19.759696006774902,21.595863151550294,21.84806137084961,22.186295318603513,23.269086837768555,55,1.3573137521743774,2.9938482629308076,1.0,False,True,23.269086837768555,0,55,1.3573141642490303,2.9938482629308076,1.0,True,0.8213451504707336,0.35579460859298706,0.8828209042549133,16.0,408.5389099121094,gamma_pixel_lgr_building_fid_residual_plus_dsm_minus_ground
250,250,169,1,6.257022857666016,97,-4.395759105682373,2.237302303314209,19.79074668884276,8.426180839538574,-0.34708375930786123,10.257022857666016,27.088703155517578,31.973069000244138,34.824745178222656,41.5753936767578,-4.3470837593078615,0.1130056381225586,6.257022857666016,23.088703155517578,27.973069000244138,30.824745178222656,37.5753936767578,41.69403076171875,97,2.1477417945861816,3.1991172600264206,1.0,False,True,41.69403076171875,0,97,2.1477418749194266,3.1991172600264206,1.0,True,0.8401138782501221,0.33607596158981323,0.8236263394355774,18.0,368.5443115234375,gamma_pixel_lgr_building_fid_residual_plus_dsm_minus_ground
252,252,171,1,9.48040771484375,47,-6.330334901809692,0.5648931264877319,9.246098041534418,12.867537498474121,-1.7497348785400388,13.5283842086792,18.178149223327637,21.418988037109376,28.320997619628905,33.04836044311522,-5.749734878540039,0.9391202926635742,9.5283842086792,14.178149223327637,17.418988037109376,24.320997619628905,29.04836044311522,44.608177185058594,47,3.1855154037475586,2.932623282239436,0.017552234320867388,True,False,31.04672622680664,1,46,2.2849902806945668,2.924080860089991,0.43916967975625987,True,0.8533445000648499,0.31176018714904785,1.0154145956039429,18.0,561.0567016601562,gamma_pixel_lgr_building_fid_residual_plus_dsm_minus_ground
257,257,176,1,2.501417636871338,54,-2.396745240688324,-0.3891744762659073,3.034424149990081,7.0,4.08125548362732,6.4436516761779785,8.555338382720947,8.758304214477539,9.411133670806887,9.811590480804442,0.08125548362731982,1.5571340322494507,2.4436516761779785,4.555338382720947,4.758304214477539,5.411133670806886,5.811590480804442,6.740032196044922,54,1.9666993618011475,2.9868080398667765,1.0,False,True,6.740032196044922,0,54,1.9666992413845692,2.9868080398667765,1.0,True,0.8406624794006348,0.3395279049873352,0.6010178923606873,19.0,473.2161865234375,gamma_pixel_lgr_building_fid_residual_plus_dsm_minus_ground
272,272,186,1,-1.4775561094284058,40,-5.350639128684997,-1.9838968515396118,2.156934940814971,4.0,-1.3506391286849975,2.5224438905715942,5.352057576179504,7.169795942306519,9.064045143127442,10.334403181076048,-5.350639128684997,-3.4689331650733948,-1.4775561094284058,1.3520575761795044,3.1697959423065183,5.064045143127442,6.334403181076049,7.861455917358398,40,2.2985308170318604,2.8675424870552675,0.35693016005412304,False,True,7.861455917358398,0,40,2.298531138179055,2.8675424870552675,0.35692981549499514,True,0.8378344774246216,0.3462839126586914,0.7851231098175049,16.0,370.39849853515625,gamma_pixel_lgr_building_fid_residual_plus_dsm_minus_ground
277,277,188,1,-0.7360386848449707,22,-2.0569393813610075,-0.8981643915176392,1.752924066781997,4.0,1.943060612678528,3.1018354892730713,4.320728302001953,4.6829417705535885,4.730587100982666,5.752923965454101,-2.056939387321472,-1.4704027771949768,-0.8981645107269287,0.3207283020019531,0.6829417705535885,0.7305871009826661,1.752923965454101,2.4467573165893555,22,2.047344923019409,2.602783742942279,0.3561692617085179,False,True,2.4467573165893555,0,22,2.0473448613095004,2.602783742942279,0.356169326398005,True,0.8348863124847412,0.35504594445228577,0.4419294595718384,14.0,571.4669189453125,gamma_pixel_lgr_building_fid_residual_plus_dsm_minus_ground
292,292,203,1,0.8810238838195801,102,-4.114524614810944,1.2566619515419006,11.855491542816134,4.0,-0.11452461481094348,5.256661891937256,8.041438579559326,10.193676376342772,16.445777320861847,22.121306514739985,-4.114524614810944,-0.6242629885673523,1.2566618919372559,4.041438579559326,6.193676376342773,12.445777320861849,18.121306514739985,31.297527313232422,102,4.049659252166748,3.216253216079576,0.0012367811456883704,True,False,7.383581161499023,11,91,2.0730102067347054,3.1771216456313547,1.0,True,0.8566941618919373,0.2984437644481659,0.8073863983154297,19.0,368.5443115234375,gamma_pixel_lgr_building_fid_residual_plus_dsm_minus_ground
295,295,206,1,-3.3519811630249023,34,-8.362794971466064,-3.356026291847229,13.631739711761474,4.0,-4.362794971466064,0.6480189561843872,11.422824382781982,17.68116807937622,18.768082046508788,22.583455944061278,-8.362794971466064,-5.43484354019165,-3.351981043815613,7.422824382781982,13.68116807937622,14.768082046508788,18.583455944061278,19.61832046508789,34,2.0436465740203857,2.79944030774216,0.6100864983150629,False,True,19.61832046508789,0,34,2.043646603610667,2.79944030774216,0.6100864493627896,True,0.8352081179618835,0.3165571093559265,0.5710006952285767,14.0,285.9814147949219,gamma_pixel_lgr_building_fid_residual_plus_dsm_minus_ground
313,313,214,1,-2.367579460144043,62,-8.076957106590271,-2.517043709754944,9.493675041198726,4.0,-3.7679363965988157,1.6985703706741333,14.872458934783936,23.658720874786383,30.985018348693842,54.84416198730462,-7.767936396598816,-3.8528764247894287,-2.3014296293258667,10.872458934783936,19.658720874786383,26.985018348693842,50.84416198730462,59.41466522216797,62,3.222012758255005,3.039150003792808,0.023998053355136495,True,False,22.632291793823242,7,55,2.8354446530806103,2.9938482629308076,0.09067377748570526,True,0.8714051246643066,0.29788631200790405,1.0514010190963745,17.0,537.5789184570312,gamma_pixel_lgr_building_fid_residual_plus_dsm_minus_ground
316,316,217,1,8.038618087768555,40,-6.43734004497528,3.7292662858963013,9.28282151222229,7.778233051300049,-2.4038360357284545,12.038618087768555,30.094126224517822,31.827276611328124,32.73693962097168,33.14403400421143,-6.403836035728454,-0.475944459438324,8.038618087768555,26.094126224517822,27.827276611328124,28.73693962097168,29.144034004211424,30.261863708496094,40,1.3809648752212524,2.8675424870552675,1.0,False,True,30.261863708496094,0,40,1.380965039731054,2.8675424870552675,1.0,True,0.8508726358413696,0.32506468892097473,0.7898456454277039,17.0,361.4788818359375,gamma_pixel_lgr_building_fid_residual_plus_dsm_minus_ground
324,324,220,1,-4.864252090454102,28,-11.784924507141113,-4.6129584312438965,4.33935809135437,4.733111381530762,-7.784924507141113,-0.38617587089538574,6.994129657745361,16.517276430130003,20.588742256164554,25.312732791900633,-11.784924507141113,-7.014235258102417,-4.386175870895386,2.9941296577453613,12.517276430130003,16.588742256164554,21.312732791900633,25.415462493896484,28,2.3687055110931396,2.714458787361858,0.17957974092107332,False,True,25.415462493896484,0,28,2.36870539244698,2.714458787361858,0.17957981219760777,True,0.8486443758010864,0.3153495490550995,0.5766361951828003,14.0,330.54400634765625,gamma_pixel_lgr_building_fid_residual_plus_dsm_minus_ground
340,340,223,1,17.805116653442383,79,0.5300731122493746,9.478044509887695,30.849996185302732,10.0,4.530073165893555,21.805116653442383,42.36650466918945,57.055559921264646,60.59360885620118,64.85546188354492,0.5300731658935549,9.778307914733887,17.805116653442383,38.36650466918945,53.055559921264646,56.59360885620118,60.85546188354492,76.10440826416016,79,2.557392120361328,3.1274681967528544,0.36214861828217737,False,True,76.10440826416016,0,79,2.557392127678879,3.1274681967528544,0.36214861003902066,True,0.8643578290939331,0.2995412051677704,0.6362685561180115,14.0,360.5517883300781,gamma_pixel_lgr_building_fid_residual_plus_dsm_minus_ground
342,342,225,1,7.428768157958984,166,-1.8775853514671326,7.428767919540405,15.760529041290283,4.0,2.1224146485328674,11.428768157958984,15.445542335510254,17.531636714935303,18.54899501800537,19.76052951812744,-1.8775853514671326,1.699367642402649,7.428768157958984,11.445542335510254,13.531636714935303,14.548995018005371,15.760529518127441,19.026952743530273,166,2.0388360023498535,3.374884786728155,1.0,False,True,19.026952743530273,0,166,2.038836286818934,3.374884786728155,1.0,True,0.8608091473579407,0.3158225119113922,0.6907721757888794,24.0,521.2033081054688,gamma_pixel_lgr_building_fid_residual_plus_dsm_minus_ground
344,344,227,1,-0.6955361366271973,56,-3.046260416507721,-0.716658353805542,3.6926278471946716,4.0,0.9774624705314636,3.456789493560791,6.186217665672302,8.092695832252502,10.116849899291992,15.806641340255737,-3.0225375294685364,-2.1984463930130005,-0.543210506439209,2.1862176656723022,4.092695832252502,6.116849899291992,11.806641340255737,14.19504165649414,56,3.083590030670166,3.0007349114959956,0.036048043454480094,True,False,4.692181587219238,6,50,2.2162574949652636,2.9569748471494868,0.5891740181904193,True,0.8757237195968628,0.3433104157447815,1.0508875846862793,29.5,604.044677734375,gamma_pixel_lgr_building_fid_residual_plus_dsm_minus_ground
345,345,228,1,18.914819717407227,33,-16.222743606567384,-2.0851798057556152,3.2640564441680904,25.0,-12.222743606567382,22.914819717407227,24.30365753173828,24.830571365356445,25.277719497680664,28.264056396484374,-16.222743606567384,2.1246070861816406,18.914819717407227,20.30365753173828,20.830571365356445,21.277719497680664,24.264056396484374,25.850345611572266,33,1.032139539718628,2.78663898783401,1.0,False,True,25.850345611572266,0,33,1.0321395019737594,2.78663898783401,1.0,True,0.8706102967262268,0.2541493773460388,0.5399395823478699,20.0,348.6134948730469,gamma_pixel_lgr_building_fid_residual_plus_dsm_minus_ground
347,347,230,1,3.994678497314453,111,-8.220008373260498,0.9964054822921753,19.709524154663086,6.897123336791992,-3.8249661922454834,9.803122520446777,14.979859352111816,30.352476119995117,40.07786178588867,44.35322189331055,-7.824966192245483,-2.3262003660202026,5.803122520446777,10.979859352111816,26.352476119995117,36.07786178588867,40.35322189331055,52.36651611328125,111,2.865910053253174,3.2447382974580803,0.19712613388066513,False,True,52.36651611328125,0,111,2.8659100950816043,3.2447382974580803,0.19712610591858815,True,0.8603603839874268,0.3579619228839874,0.9985588192939758,18.0,474.7840881347656,gamma_pixel_lgr_building_fid_residual_plus_dsm_minus_ground
348,348,231,1,0.44606709480285645,77,-3.1492489337921143,0.24961303174495697,1.9851020336151124,4.0,0.8507510662078858,4.249612808227539,4.936160087585449,5.508447933197021,5.7339975357055675,5.985101890563965,-3.1492489337921143,-0.5528082847595215,0.24961280822753906,0.9361600875854492,1.5084479331970215,1.733997535705567,1.985101890563965,2.341343879699707,77,1.583843469619751,3.1183205576860584,1.0,False,True,2.341343879699707,0,77,1.5838434648687956,3.1183205576860584,1.0,True,0.9079257845878601,0.33113279938697815,0.46228522062301636,30.0,712.62939453125,gamma_pixel_lgr_building_fid_residual_plus_dsm_minus_ground
349,349,232,1,4.914976119995117,56,-4.16041100025177,1.6463217735290527,5.833735346794128,7.542651176452637,1.472709059715271,8.914976119995117,11.500909328460693,12.98958420753479,13.278884410858154,13.554331064224243,-2.527290940284729,1.2977622747421265,4.914976119995117,7.500909328460693,8.98958420753479,9.278884410858154,9.554331064224243,11.641621589660645,56,1.7711589336395264,3.0007349114959956,1.0,False,True,11.641621589660645,0,56,1.771159051877713,3.0007349114959956,1.0,True,0.8415569067001343,0.33138003945350647,0.8850747346878052,17.0,544.6810913085938,gamma_pixel_lgr_building_fid_residual_plus_dsm_minus_ground
435,435,254,1,1.4801828861236572,27,-1.5103545546531678,1.2012286186218262,6.765540647506714,4.0,2.489645528793335,5.578418254852295,7.309058904647827,9.285362911224363,10.553332138061524,11.606765937805175,-1.510354471206665,0.07443714141845703,1.578418254852295,3.309058904647827,5.285362911224363,6.553332138061525,7.606765937805175,8.28294849395752,27,2.1341404914855957,2.698070722047008,0.3579843198606193,False,True,8.28294849395752,0,27,2.1341405029228473,2.698070722047008,0.35798430775106493,True,0.8661894798278809,0.3016453981399536,0.40014708042144775,18.0,478.9831848144531,gamma_pixel_lgr_building_fid_residual_plus_dsm_minus_ground
436,436,255,1,3.5409369468688965,30,-7.021872544288635,0.4335511326789856,6.9627968549728365,7.583239555358887,-1.63682644367218,7.5409369468688965,11.016308307647705,13.752725410461425,15.264231300354009,19.63301544189453,-5.63682644367218,-0.6397577524185181,3.5409369468688965,7.016308307647705,9.752725410461425,11.264231300354009,15.633015441894527,17.07964324951172,30,2.1428580284118652,2.7451317244535867,0.39786106127298604,False,True,17.07964324951172,0,30,2.1428579853314043,2.7451317244535867,0.39786111118594647,True,0.8410311937332153,0.33639591932296753,0.7048404812812805,14.0,434.78948974609375,gamma_pixel_lgr_building_fid_residual_plus_dsm_minus_ground
440,440,259,1,0.8824048042297363,51,-3.9972376823425293,0.5521414875984192,5.347015857696533,4.0,0.6472681760787964,4.882404804229736,7.438498497009277,8.864497184753418,9.245437622070312,9.92632246017456,-3.3527318239212036,-1.5112330913543701,0.8824048042297363,3.4384984970092773,4.864497184753418,5.2454376220703125,5.9263224601745605,9.921392440795898,51,2.7450218200683594,2.9646987403255145,0.11310655760244459,False,True,9.921392440795898,0,51,2.7450219873549337,2.9646987403255145,0.11310649057444111,True,0.8271380662918091,0.35779649019241333,0.6247522830963135,14.0,346.7593078613281,gamma_pixel_lgr_building_fid_residual_plus_dsm_minus_ground
441,441,260,1,0.02684307098388672,128,-5.936641073226928,0.09305517375469208,4.126732289791103,4.0,-1.8018518447875975,4.112351417541504,5.761398792266846,7.11378288269043,8.200218200683594,10.078745985031127,-5.801851844787597,-2.4814419746398926,0.1123514175415039,1.7613987922668457,3.11378288269043,4.200218200683593,6.078745985031127,13.846057891845703,128,3.675494432449341,3.291809732810739,0.010337975711408376,True,False,10.545867919921875,1,127,2.976649190861896,3.289248343979573,0.15766981312308348,True,0.8340381383895874,0.3492458164691925,0.6629245281219482,17.5,478.9831848144531,gamma_pixel_lgr_building_fid_residual_plus_dsm_minus_ground
446,446,261,1,-0.968095064163208,49,-5.955162048339843,-1.2041295766830444,1.7183867931365964,4.0,-1.9551620483398433,3.031904935836792,4.141341686248779,5.106533622741698,5.4538576126098635,5.718386650085449,-5.955162048339843,-3.061035633087158,-0.968095064163208,0.1413416862487793,1.106533622741698,1.453857612609864,1.718386650085449,8.552678108215332,49,3.451362133026123,2.949060370864467,0.005574810925624618,True,False,2.1434226036071777,1,48,1.5003873363849323,2.940946370611472,1.0,True,0.8675959706306458,0.3276524841785431,0.6165544390678406,14.0,370.39849853515625,gamma_pixel_lgr_building_fid_residual_plus_dsm_minus_ground
447,447,262,1,-0.07545709609985352,90,-6.2339684009552006,0.015804411843419075,3.669801247119902,4.0,-2.2339684009552,4.0158045291900635,5.797974944114685,6.325363302230834,6.7982885360717775,7.6698011398315415,-6.2339684009552006,-3.2370570302009583,0.015804529190063477,1.797974944114685,2.3253633022308344,2.798288536071778,3.6698011398315415,13.321491241455078,90,3.738624334335327,3.1732889449979993,0.004506787994695838,True,False,6.163665771484375,2,88,2.2093933548163553,3.165469843723979,1.0,True,0.8637547492980957,0.33457568287849426,0.6158865690231323,20.5,454.88970947265625,gamma_pixel_lgr_building_fid_residual_plus_dsm_minus_ground
457,457,271,1,-1.2366154193878174,30,-6.692321109771728,-2.381583094596863,2.952671289443966,5.008021831512451,-2.6923211097717283,2.908363699913025,6.487014651298523,10.145730113983152,12.580854225158692,13.4677152633667,-6.692321109771728,-4.113301038742065,-1.091636300086975,2.487014651298523,6.145730113983152,8.580854225158692,9.4677152633667,15.26218032836914,30,2.681439161300659,2.7451317244535867,0.06441193915610266,False,True,15.26218032836914,0,30,2.681438995246971,2.7451317244535867,0.0644119809309629,True,0.8429762721061707,0.35708341002464294,0.6044113039970398,19.0,563.6861572265625,gamma_pixel_lgr_building_fid_residual_plus_dsm_minus_ground
465,465,279,1,3.576301097869873,162,-4.20443708896637,1.8504983186721802,7.584923410415648,6.166711807250977,-0.2044370889663696,7.627676486968994,12.738714694976807,15.088483142852784,16.616569328308106,20.864913558959955,-4.20443708896637,-0.006315350532531738,3.627676486968994,8.738714694976807,11.088483142852784,12.616569328308108,16.864913558959955,26.062877655029297,162,3.2823948860168457,3.3672346152648784,0.06921343084129483,False,True,26.062877655029297,0,162,3.2823948601032327,3.3672346152648784,0.06921343762663712,True,0.8540425896644592,0.3389248847961426,0.9124802350997925,20.0,476.59381103515625,gamma_pixel_lgr_building_fid_residual_plus_dsm_minus_ground
466,466,280,1,15.259367942810059,122,-5.457993268966675,1.2608588933944702,7.7505783081054584,19.0,0.050788593292236506,19.25936794281006,21.926600456237793,22.90926399230957,23.770568466186525,26.72783985137938,-3.9492114067077635,1.400015115737915,15.259367942810059,17.926600456237793,18.90926399230957,19.770568466186525,22.72783985137938,26.17616844177246,122,1.6631447076797485,3.276078195746472,1.0,False,True,26.17616844177246,0,122,1.663144577037984,3.276078195746472,1.0,True,0.8883525729179382,0.34698647260665894,0.8731950521469116,16.0,500.69024658203125,gamma_pixel_lgr_building_fid_residual_plus_dsm_minus_ground
467,467,281,1,8.96279239654541,58,-3.3427844882011413,4.921672105789185,17.528991508483884,4.708859443664551,0.6924279689788818,12.96279239654541,29.402732849121094,33.00678272247313,37.450794982910175,42.528992843627925,-3.307572031021118,0.37073010206222534,8.96279239654541,25.402732849121094,29.006782722473133,33.450794982910175,38.528992843627925,44.112335205078125,58,2.1565656661987305,3.014071662661994,0.8201212274449692,False,True,44.112335205078125,0,58,2.1565655935461505,3.014071662661994,0.8201213886018062,True,0.8747923970222473,0.3517703413963318,0.7906882762908936,13.0,424.91448974609375,gamma_pixel_lgr_building_fid_residual_plus_dsm_minus_ground
471,471,285,1,0.9845051765441895,71,-4.899113416671753,0.6324012279510498,9.284202098846436,4.922568321228027,-0.8991134166717529,5.560853958129883,13.083635807037354,28.333337783813477,29.2171688079834,31.332340240478516,-4.899113416671753,-1.5175968408584595,1.5608539581298828,9.083635807037354,24.333337783813477,25.2171688079834,27.332340240478516,29.785140991210938,71,2.17687726020813,3.089077269186344,0.9683786424582495,False,True,29.785140991210938,0,71,2.1768773685525824,3.089077269186344,0.9683783603480911,True,0.8424229025840759,0.3534906208515167,0.702976405620575,19.0,559.4821166992188,gamma_pixel_lgr_building_fid_residual_plus_dsm_minus_ground
493,493,289,1,0.37164974212646484,98,-5.837757515907287,0.08247345313429832,7.1335242509841885,4.0,-1.7131958723068237,4.416172981262207,7.655168056488037,8.977669858932495,9.885190105438232,11.908270120620726,-5.713195872306824,-3.1962385177612305,0.41617298126220703,3.655168056488037,4.9776698589324955,5.885190105438232,7.908270120620727,16.616344451904297,98,3.5983197689056396,3.2026266519112423,0.009776816909779606,True,False,9.50433349609375,1,97,2.183475928181212,3.1991172600264206,1.0,True,0.8350635766983032,0.3515460789203644,0.8913631439208984,16.5,410.3930969238281,gamma_pixel_lgr_building_fid_residual_plus_dsm_minus_ground
508,508,293,1,-1.7099664211273193,64,-8.75398449897766,-1.7643439769744873,0.9859797269105894,4.0,-4.753984498977661,2.2356560230255127,3.1019622683525085,4.011911344528198,4.447860097885132,5.117069506645202,-8.75398449897766,-3.8473230600357056,-1.7643439769744873,-0.8980377316474915,0.01191134452819818,0.44786009788513204,1.117069506645202,7.867581367492676,64,3.22794508934021,3.050967777749636,0.024612850622851568,True,False,3.346614360809326,1,63,2.0157752219710936,3.045115403805128,1.0,True,0.8254530429840088,0.3443921208381653,0.531319260597229,17.0,481.2087097167969,gamma_pixel_lgr_building_fid_residual_plus_dsm_minus_ground
509,509,294,1,1.6172723770141602,45,-1.4954279899597167,1.398710012435913,3.94524974822998,4.0,2.504572105407715,5.717889308929443,7.15889310836792,7.56751823425293,7.884426879882813,8.70104637145996,-1.495427894592285,-0.285597562789917,1.7178893089294434,3.15889310836792,3.5675182342529297,3.8844268798828128,4.70104637145996,11.820086479187012,45,4.031339168548584,2.9153081119056146,0.00015914218357615528,True,False,5.019565582275391,1,44,1.7647207676602876,2.9062932258703698,1.0,True,0.8344981670379639,0.3464893102645874,0.7624085545539856,17.0,544.6810913085938,gamma_pixel_lgr_building_fid_residual_plus_dsm_minus_ground
511,511,296,1,10.952801704406738,95,-5.5141551971435545,0.9355517625808716,6.790094947814938,13.299158096313477,-1.3293769836425782,14.952801704406738,18.193381309509277,19.187345886230467,21.77534790039063,25.525740051269523,-5.329376983642578,-0.06527423858642578,10.952801704406738,14.193381309509277,15.187345886230467,17.77534790039063,21.525740051269523,35.52936553955078,95,2.9874045848846436,3.191968488351816,0.10700206766853293,False,True,35.52936553955078,0,95,2.987404557530059,3.191968488351816,0.10700207816818963,True,0.8271856307983398,0.34705525636672974,0.7370042204856873,16.0,496.6940002441406,gamma_pixel_lgr_building_fid_residual_plus_dsm_minus_ground
514,514,299,1,22.852420806884766,46,-8.483536005020142,8.040576934814453,18.409364223480225,21.553089141845703,-3.090741276741028,26.852420806884766,35.530860900878906,37.2924747467041,38.35971260070801,40.28739261627197,-7.090741276741028,1.777613878250122,22.852420806884766,31.530860900878906,33.2924747467041,34.35971260070801,36.28739261627197,38.14150619506836,46,1.2866120338439941,2.924080860089991,1.0,False,True,38.14150619506836,0,46,1.2866118486413447,2.924080860089991,1.0,True,0.8510251641273499,0.3208683133125305,0.6789424419403076,14.5,330.54400634765625,gamma_pixel_lgr_building_fid_residual_plus_dsm_minus_ground
523,523,308,1,1.0354723930358887,74,-6.918741273880005,-2.4703317880630493,13.10821561813354,8.159794807434082,-2.9187412738800047,5.035472393035889,25.074488162994385,32.75453643798828,35.5575595855713,37.78319149017334,-6.918741273880005,-3.7359138131141663,1.0354723930358887,21.074488162994385,28.75453643798828,31.557559585571294,33.78319149017334,36.4946403503418,74,1.9888249635696411,3.1040534582828645,1.0,False,True,36.4946403503418,0,74,1.988825045642809,3.1040534582828645,1.0,True,0.8325573801994324,0.3490152955055237,0.9620025753974915,16.5,425.8557434082031,gamma_pixel_lgr_building_fid_residual_plus_dsm_minus_ground
529,529,314,1,7.949775695800781,66,-1.7451618909835815,3.722977876663208,10.516099452972412,4.06617546081543,2.254838228225708,11.949775695800781,13.646772623062134,14.569874048233032,14.752517700195312,17.14129400253296,-1.745161771774292,2.7799935340881348,7.949775695800781,9.646772623062134,10.569874048233032,10.752517700195312,13.141294002532959,15.602890014648438,66,1.9689338207244873,3.0623490070880934,1.0,False,True,15.602890014648438,0,66,1.9689338198423825,3.0623490070880934,1.0,True,0.8319110870361328,0.36123257875442505,0.7999441623687744,16.0,370.5386047363281,gamma_pixel_lgr_building_fid_residual_plus_dsm_minus_ground
530,530,315,1,-1.2569260597229004,35,-5.81937894821167,-0.8967412114143372,12.647915458679195,4.0,-1.659442663192749,3.4903125762939453,5.031104326248169,13.319266653060904,33.15960159301759,37.64791641235351,-5.659442663192749,-3.154445171356201,-0.5096874237060547,1.031104326248169,9.319266653060904,29.15960159301759,33.64791641235351,34.988651275634766,35,2.572493553161621,2.811781880168149,0.12271087522445323,False,True,34.988651275634766,0,35,2.5724933557383887,2.811781880168149,0.1227109606787058,True,0.8337422013282776,0.3390668034553528,0.8634995818138123,14.0,360.5517883300781,gamma_pixel_lgr_building_fid_residual_plus_dsm_minus_ground
535,535,320,1,0.5987753868103027,21,-13.004755020141602,-2.7298855781555176,3.910945415496826,6.795676231384277,-9.004755020141602,4.598775386810303,23.66145133972168,26.967853546142578,28.44396209716797,28.910945892333984,-13.004755020141602,-6.607907772064209,0.5987753868103027,19.66145133972168,22.967853546142578,24.44396209716797,24.910945892333984,25.408897399902344,21,1.4402836561203003,2.580387571716829,1.0,False,True,25.408897399902344,0,21,1.4402836660775933,2.580387571716829,1.0,True,0.8477254509925842,0.3432706296443939,0.6280748248100281,14.0,460.1239013671875,gamma_pixel_lgr_building_fid_residual_plus_dsm_minus_ground
542,542,327,1,3.67110013961792,36,-1.0643205046653748,3.7296005487442017,7.605694770812988,4.0,2.9356794953346252,7.729600429534912,9.275713443756104,9.586871147155762,9.865525245666504,13.056485176086426,-1.0643205046653748,2.249669671058655,3.729600429534912,5.2757134437561035,5.586871147155762,5.865525245666504,9.056485176086426,19.142009735107422,36,3.861199140548706,2.8236933338418355,0.00019807684453443386,True,False,7.008750915527344,2,34,1.6484918397146113,2.79944030774216,1.0,True,0.8473742008209229,0.34836122393608093,0.6643855571746826,16.0,323.981689453125,gamma_pixel_lgr_building_fid_residual_plus_dsm_minus_ground
543,543,328,1,-1.1053180694580078,35,-17.261119651794434,-3.4705231189727783,2.5100901603698706,8.144857406616211,-13.261119651794434,2.894681930541992,23.85262393951416,26.50972843170166,27.144380187988283,27.930745887756345,-17.261119651794434,-5.502694606781006,-1.1053180694580078,19.85262393951416,22.50972843170166,23.144380187988283,23.930745887756345,31.22864532470703,35,1.8770898580551147,2.811781880168149,0.9710877578489191,False,True,31.22864532470703,0,35,1.8770899060529094,2.811781880168149,0.9710876421481662,True,0.8656983375549316,0.3115689754486084,0.5663712620735168,19.0,604.044677734375,gamma_pixel_lgr_building_fid_residual_plus_dsm_minus_ground
544,544,329,1,-7.904959678649902,26,-13.317085981369019,-7.999199390411377,3.0923604369163513,4.0,-9.317085981369019,-3.3796191215515137,2.0221530199050903,8.357894897460938,21.338587760925293,26.151928901672363,-13.317085981369019,-9.201373100280762,-7.379619121551514,-1.9778469800949097,4.3578948974609375,17.338587760925293,22.151928901672363,29.74420166015625,26,2.8151628971099854,2.6808994518100513,0.028070278535921034,True,False,0.5007939338684082,4,22,1.970173947956696,2.602783742942279,0.4446189642212306,True,0.8590295910835266,0.3333825469017029,0.6208754181861877,17.0,285.9814147949219,gamma_pixel_lgr_building_fid_residual_plus_dsm_minus_ground
547,547,332,1,13.16246223449707,100,-5.309134984016419,0.8401709198951721,14.772180318832397,13.788211822509766,0.34787622690200815,17.16246223449707,34.58611297607422,37.95844764709473,39.74311752319336,42.28278923034667,-3.652123773097992,3.63207471370697,13.16246223449707,30.58611297607422,33.95844764709473,35.74311752319336,38.28278923034667,60.83518981933594,100,2.7590465545654297,3.209520302030832,0.24945862581624567,False,True,60.83518981933594,0,100,2.7590467834958297,3.209520302030832,0.24945843786283728,True,0.851749062538147,0.28439611196517944,1.0390582084655762,17.0,521.2033081054688,gamma_pixel_lgr_building_fid_residual_plus_dsm_minus_ground
549,549,334,1,2.2473630905151367,163,-1.531419360637665,2.47178053855896,12.768561363220215,4.0,2.468580651283264,6.471780776977539,12.285057067871094,14.145181655883789,15.334019279479989,16.83121109008789,-1.5314193487167358,-0.08118093013763428,2.471780776977539,8.285057067871094,10.145181655883789,11.334019279479989,12.83121109008789,39.470008850097656,163,5.334019660949707,3.369167442439182,1.886438179665717e-06,True,False,14.421598434448242,5,158,2.299862964761469,3.3593630995452233,1.0,True,0.9219949841499329,0.2433745563030243,0.5448365211486816,32.0,613.2711791992188,gamma_pixel_lgr_building_fid_residual_plus_dsm_minus_ground
550,550,335,1,-0.7969814538955688,67,-4.855732011795044,-0.37882205843925476,8.645851325988762,4.0,-0.8557320117950439,3.621177911758423,7.062181234359741,13.34443464279175,21.993311309814448,26.737828254699696,-4.855732011795044,-2.3736337423324585,-0.37882208824157715,3.062181234359741,9.34443464279175,17.993311309814448,22.737828254699696,42.04379653930664,67,4.147669792175293,3.06788516289407,0.0002838097556940866,True,False,4.754001617431641,12,55,2.1432901866925786,2.9938482629308076,0.8016899001525546,True,0.9330658912658691,0.19490256905555725,0.8649978041648865,20.0,330.54400634765625,gamma_pixel_lgr_building_fid_residual_plus_dsm_minus_ground
553,553,338,1,26.065536499023438,23,-4.693970322608948,1.3452339172363281,7.289443254470823,19.093786239624023,-0.6846989154815672,30.065536499023438,70.20853424072266,72.0154296875,72.37799987792968,72.42214508056641,-4.684698915481567,5.572856903076172,26.065536499023438,66.20853424072266,68.0154296875,68.37799987792968,68.42214508056641,68.81425476074219,23,1.1015135049819946,2.6239161203491976,1.0,False,True,68.81425476074219,0,23,1.1015133457021422,2.6239161203491976,1.0,True,0.849716305732727,0.31567978858947754,1.113817572593689,16.0,323.981689453125,gamma_pixel_lgr_building_fid_residual_plus_dsm_minus_ground
555,555,340,1,-3.0998048782348633,43,-9.144784832000733,-2.7196338176727295,2.617951202392576,4.0,-5.144784832000733,1.2803661823272705,4.269018173217773,5.249746751785278,8.59813060760499,19.046469306945802,-9.144784832000733,-4.252407789230347,-2.7196338176727295,0.26901817321777344,1.2497467517852774,4.598130607604991,15.0464693069458,21.94264793395996,43,3.397844076156616,2.8970234886239705,0.0054367299682439585,True,False,5.056921005249023,4,39,2.4140267948681062,2.857104681649204,0.24182982275695097,True,0.8540891408920288,0.33962857723236084,1.0278688669204712,22.0,561.0567016601562,gamma_pixel_lgr_building_fid_residual_plus_dsm_minus_ground
558,558,342,1,-0.7795239686965942,42,-11.239592266082763,-0.7795239984989166,9.713618946075439,4.0,-7.239592266082764,3.2204760313034058,9.555209159851074,12.3385883808136,13.727985858917235,17.969305944442734,-11.239592266082763,-6.50349748134613,-0.7795239686965942,5.555209159851074,8.3385883808136,9.727985858917235,13.969305944442732,19.812835693359375,42,2.544863700866699,2.88748519288549,0.17366423649433727,False,True,19.812835693359375,0,42,2.5448638560804104,2.88748519288549,0.17366414618477544,True,0.8603193759918213,0.32619839906692505,1.1221040487289429,16.0,527.0836181640625,gamma_pixel_lgr_building_fid_residual_plus_dsm_minus_ground
562,562,346,1,0.9238014221191406,73,-5.5211766242980955,1.6826093196868896,10.768195915222167,4.0,-1.5211766242980957,5.682609558105469,10.468038558959961,13.042320251464844,15.404920959472655,20.739516448974545,-5.5211766242980955,-3.7907357215881348,1.6826095581054688,6.468038558959961,9.042320251464844,11.404920959472655,16.739516448974545,45.602664947509766,73,4.716879367828369,3.099143402677311,9.594101766596808e-06,True,False,13.688087463378906,4,69,2.1119546512863265,3.0786654960526176,1.0,True,0.8647266626358032,0.3113139867782593,0.5918774008750916,22.0,504.6864929199219,gamma_pixel_lgr_building_fid_residual_plus_dsm_minus_ground
563,563,347,1,-2.5403473377227783,119,-6.924172353744507,-2.5475070476531982,0.7079338431358335,4.0,-2.9241723537445066,1.4524929523468018,2.86066734790802,3.759816551208496,4.182852840423584,4.707933950424194,-6.924172353744507,-4.036756992340088,-2.5475070476531982,-1.13933265209198,-0.24018344879150397,0.18285284042358402,0.7079339504241942,3.3661046028137207,119,2.6475071907043457,3.267869514125631,0.43454157964593754,False,True,3.3661046028137207,0,119,2.6475071241374555,3.267869514125631,0.4345416700459269,True,0.894874632358551,0.32114672660827637,0.6127610206604004,24.0,604.044677734375,gamma_pixel_lgr_building_fid_residual_plus_dsm_minus_ground
564,564,348,1,2.8914177417755127,34,-2.834123921394348,1.9675049185752869,8.096841692924496,6.322014808654785,2.190444600582123,6.891417741775513,17.13935899734497,21.6792501449585,24.068145942687988,26.084846782684323,-1.809555399417877,0.13226580619812012,2.8914177417755127,13.13935899734497,17.6792501449585,20.068145942687988,22.084846782684323,26.983428955078125,34,2.3080532550811768,2.79944030774216,0.28317828010331647,False,True,26.983428955078125,0,34,2.30805313110893,2.79944030774216,0.2831783890258541,True,0.8846710920333862,0.32051882147789,0.5345498323440552,13.0,431.07501220703125,gamma_pixel_lgr_building_fid_residual_plus_dsm_minus_ground
566,566,350,1,3.0923080444335938,46,-3.5766172409057617,1.935467004776001,8.335542917251587,4.0,0.6956783533096313,7.734684228897095,11.273736476898193,13.73529863357544,18.341819763183594,28.99802255630493,-3.3043216466903687,1.2228364944458008,3.7346842288970947,7.273736476898193,9.73529863357544,14.341819763183594,24.99802255630493,29.51280975341797,46,3.084155321121216,2.924080860089991,0.026110081362942017,True,False,18.19743537902832,3,43,2.856065345941042,2.8970234886239705,0.0586389058195359,True,0.8698915839195251,0.26869678497314453,0.7185433506965637,16.0,421.6170654296875,gamma_pixel_lgr_building_fid_residual_plus_dsm_minus_ground
567,567,351,1,2.023040771484375,42,-3.370490550994873,2.2339731454849243,11.131015300750729,4.0,0.6295094490051272,6.233973264694214,9.858196258544922,21.240162277221682,22.624640083312986,27.782238197326645,-3.370490550994873,-1.0700134634971619,2.233973264694214,5.858196258544922,17.240162277221682,18.624640083312986,23.782238197326645,26.6002197265625,42,2.522927761077881,2.88748519288549,0.18683793855910635,False,True,26.6002197265625,0,42,2.5229279123565274,2.88748519288549,0.18683784482891208,True,0.8917481303215027,0.17437461018562317,0.5105745196342468,26.5,478.9831848144531,gamma_pixel_lgr_building_fid_residual_plus_dsm_minus_ground
568,568,352,1,-0.7740728855133057,75,-4.951057767868042,-0.5799477696418762,10.72440156936645,4.0,-0.951057767868042,3.4678525924682617,9.297669410705566,15.705554580688476,20.335700225830102,24.49574699401855,-4.951057767868042,-2.5641345977783203,-0.5321474075317383,5.297669410705566,11.705554580688476,16.335700225830102,20.49574699401855,40.25553894042969,75,3.989072561264038,3.1088847965130726,0.0009079911033132992,True,False,21.700252532958984,3,72,2.912686963423018,3.094152190113599,0.09837012082583829,True,0.8619745969772339,0.2860585153102875,0.7095916271209717,22.0,476.59381103515625,gamma_pixel_lgr_building_fid_residual_plus_dsm_minus_ground
569,569,353,1,1.2365307807922363,40,-3.3530988216400144,0.5537354052066803,7.910046720504756,5.188546180725098,0.7185079574584963,5.4248621463775635,10.951181888580322,13.020755004882812,14.256834030151369,15.376760005950924,-3.2814920425415037,-1.2129058837890625,1.4248621463775635,6.951181888580322,9.020755004882812,10.256834030151369,11.376760005950924,21.433765411376953,40,3.231121301651001,2.8675424870552675,0.010403079626799538,True,False,12.464519500732422,1,39,1.9989765524430636,2.857104681649204,0.8026627786588116,True,0.8295232057571411,0.3445349633693695,0.9091404676437378,16.0,585.1785278320312,gamma_pixel_lgr_building_fid_residual_plus_dsm_minus_ground
570,570,354,1,6.45328950881958,28,-4.299972212314605,-0.20373107492923737,11.216781711578363,10.999277114868164,0.23040397167205812,10.771861553192139,18.412571907043457,21.22216329574585,23.40763092041016,35.02686100006102,-3.7695960283279417,1.0556514263153076,6.771861553192139,14.412571907043457,17.22216329574585,19.40763092041016,31.02686100006102,61.034645080566406,28,3.7126553058624268,2.714458787361858,0.00016064040615360042,True,False,24.413166046142578,2,26,2.148505879057158,2.6808994518100513,0.32687917193338323,True,0.8566708564758301,0.2515562176704407,0.8258345127105713,20.0,493.79400634765625,gamma_pixel_lgr_building_fid_residual_plus_dsm_minus_ground
571,571,355,1,16.89327621459961,73,-7.227328586578369,3.314850330352783,7.82477941513061,17.06429100036621,3.061643600463867,20.89327621459961,56.10991287231445,59.207540893554686,59.77524337768555,61.52992935180664,-0.9383563995361328,3.964336395263672,16.89327621459961,52.10991287231445,55.207540893554686,55.77524337768555,57.52992935180664,59.199745178222656,73,1.4416673183441162,3.099143402677311,1.0,False,True,59.199745178222656,0,73,1.4416672917515159,3.099143402677311,1.0,True,0.8487623929977417,0.29687047004699707,1.018251895904541,17.0,613.2711791992188,gamma_pixel_lgr_building_fid_residual_plus_dsm_minus_ground
572,572,356,1,5.720239639282227,55,-12.551942062377929,-1.4087932109832764,5.406597709655761,16.303735733032227,-7.71254711151123,9.720239639282227,49.658159255981445,53.42178726196289,54.973487091064456,55.99426460266113,-11.712547111511231,-1.1380212306976318,5.720239639282227,45.658159255981445,49.42178726196289,50.973487091064456,51.99426460266113,53.49851608276367,55,1.5157593488693237,2.9938482629308076,1.0,False,True,53.49851608276367,0,55,1.5157593044439521,2.9938482629308076,1.0,True,0.8479198217391968,0.2547298073768616,1.089435338973999,15.0,521.2033081054688,gamma_pixel_lgr_building_fid_residual_plus_dsm_minus_ground
574,574,358,1,15.994380950927734,39,-3.115468835830688,4.021596431732178,8.443132400512697,15.683692932128906,1.0794461250305176,19.994380950927734,26.915024757385254,28.998669815063476,29.41745719909668,30.443132400512695,-2.9205538749694826,2.38114070892334,15.994380950927734,22.915024757385254,24.998669815063476,25.41745719909668,26.443132400512695,28.68486785888672,39,1.4550114870071411,2.857104681649204,1.0,False,True,28.68486785888672,0,39,1.4550114664471143,2.857104681649204,1.0,True,0.8522335290908813,0.27911242842674255,1.060372233390808,23.0,544.6810913085938,gamma_pixel_lgr_building_fid_residual_plus_dsm_minus_ground
575,575,359,1,1.9720067977905273,154,-6.238381576538086,1.972006916999817,14.072225713729857,4.0,-2.238381576538086,5.972006797790527,13.352825403213501,18.10407838821411,19.350366020202635,24.072226333618165,-6.238381576538086,-1.1427361965179443,1.9720067977905273,9.352825403213501,14.104078388214111,15.350366020202637,20.072226333618165,22.359176635742188,154,2.3331501483917236,3.3512577336407565,1.0,False,True,22.359176635742188,0,154,2.3331504262226326,3.3512577336407565,1.0,True,0.8776576519012451,0.3108863830566406,0.8345136642456055,20.0,468.6012878417969,gamma_pixel_lgr_building_fid_residual_plus_dsm_minus_ground
576,576,360,1,-1.179701805114746,23,-4.761183977127075,-0.9010524153709412,4.473228740692132,4.0,-0.761183977127075,3.098947525024414,4.2725746631622314,6.529818153381347,10.585947513580326,18.19659891128539,-4.761183977127075,-2.017943859100342,-0.9010524749755859,0.27257466316223145,2.5298181533813473,6.585947513580326,14.19659891128539,16.672475814819336,23,2.9313831329345703,2.6239161203491976,0.011839674028341185,True,False,2.647278308868408,3,20,1.9359608761723974,2.556581334492762,0.43473275548930435,True,0.8609620928764343,0.3541153073310852,0.6519612669944763,17.0,439.1286926269531,gamma_pixel_lgr_building_fid_residual_plus_dsm_minus_ground
577,577,361,1,-0.046627044677734375,35,-1.8302263498306275,0.03492078185081482,3.1800415039062497,4.0,2.1697736501693727,4.034920692443848,4.85918116569519,5.6201948642730715,5.987448883056642,7.180041408538818,-1.8302263498306275,-0.6343914270401001,0.034920692443847656,0.8591811656951904,1.6201948642730712,1.9874488830566412,3.1800414085388184,21.600431442260742,35,5.40566349029541,2.811781880168149,0.0,True,False,3.1981773376464844,1,34,2.3392418392676073,2.79944030774216,0.25686126495528194,True,0.8301264047622681,0.34466296434402466,0.8646430373191833,16.0,543.3742065429688,gamma_pixel_lgr_building_fid_residual_plus_dsm_minus_ground
578,578,362,1,8.048823356628418,43,-1.2379694700241088,2.6004788875579834,5.143692302703857,10.0,3.0312986850738524,12.048823356628418,14.507359981536865,14.837403392791748,15.049175262451172,15.143692302703858,-0.9687013149261474,2.707402467727661,8.048823356628418,10.507359981536865,10.837403392791748,11.049175262451172,11.143692302703858,11.37598991394043,43,1.1209943294525146,2.8970234886239705,1.0,False,True,11.37598991394043,0,43,1.1209943734083585,2.8970234886239705,1.0,True,0.8693252801895142,0.3416716456413269,0.5332592129707336,20.0,537.5789184570312,gamma_pixel_lgr_building_fid_residual_plus_dsm_minus_ground
579,579,363,1,10.700584411621094,50,1.2881794631481172,7.346446514129639,18.084980583190912,7.328373908996582,5.288179636001587,14.700583934783936,21.54423427581787,23.27480707168579,25.001352310180668,28.054326152801508,1.288179636001587,5.883940696716309,10.700583934783936,17.54423427581787,19.27480707168579,21.001352310180668,24.054326152801508,26.01900291442871,50,2.0479302406311035,2.9569748471494868,0.9297719572271546,False,True,26.01900291442871,0,50,2.0479300036486308,2.9569748471494868,0.9297725318231698,True,0.8572470545768738,0.3415723741054535,0.45495444536209106,18.5,346.7593078613281,gamma_pixel_lgr_building_fid_residual_plus_dsm_minus_ground
580,580,364,1,13.492446899414062,93,-0.2839371651411055,8.673600196838379,14.044703102111814,9.754266738891602,4.81651725769043,17.492446899414062,20.950166702270508,21.69941864013672,22.5791748046875,24.044703674316406,0.8165172576904304,6.759550094604492,13.492446899414062,16.950166702270508,17.69941864013672,18.5791748046875,20.044703674316406,21.476463317871094,93,1.5449743270874023,3.184639533738477,1.0,False,True,21.476463317871094,0,93,1.5449741481073025,3.184639533738477,1.0,True,0.8593372106552124,0.33132457733154297,0.6884069442749023,20.0,408.5389099121094,gamma_pixel_lgr_building_fid_residual_plus_dsm_minus_ground
581,581,365,1,9.879104614257812,47,0.37200891226530103,9.879104614257812,19.06163520812988,4.0,4.372008848190308,13.961663246154785,18.971908569335938,22.35901966094971,27.08536262512207,30.25857105255126,0.3720088481903079,4.708357810974121,9.961663246154785,14.971908569335938,18.35901966094971,23.08536262512207,26.25857105255126,38.35762023925781,47,3.1129555702209473,2.932623282239436,0.02399390708584226,True,False,33.353294372558594,1,46,2.9127984448901483,2.924080860089991,0.052251365498560576,True,0.8473886251449585,0.293626993894577,0.8080958127975464,16.0,323.981689453125,gamma_pixel_lgr_building_fid_residual_plus_dsm_minus_ground
581,581,366,1,0.6979269981384277,53,-6.436272430419922,0.6529722213745117,5.412085628509521,4.0,-2.4362724304199217,4.652972221374512,7.3326096534729,8.048242950439452,8.685727310180665,9.412085723876952,-6.436272430419922,-1.120577335357666,0.6529722213745117,3.3326096534729004,4.048242950439452,4.685727310180664,5.412085723876952,7.015827178955078,53,1.7862516641616821,2.979607732147852,1.0,False,True,7.015827178955078,0,53,1.78625171308709,2.979607732147852,1.0,True,0.8643315434455872,0.2579433023929596,0.5482935309410095,18.0,613.2711791992188,gamma_pixel_lgr_building_fid_residual_plus_dsm_minus_ground
582,582,367,1,3.0938713550567627,46,-2.666911542415619,3.0938714742660522,8.851535677909851,4.0,1.333088457584381,7.093871355056763,9.170395851135254,9.752578020095825,10.854816436767578,13.427122831344604,-2.666911542415619,-0.11688578128814697,3.0938713550567627,5.170395851135254,5.752578020095825,6.854816436767578,9.427122831344604,11.167783737182617,46,2.260934352874756,2.924080860089991,0.47107241039516246,False,True,11.167783737182617,0,46,2.2609342931050302,2.924080860089991,0.4710724920213194,True,0.8581405878067017,0.21460965275764465,0.6843587160110474,19.0,613.2711791992188,gamma_pixel_lgr_building_fid_residual_plus_dsm_minus_ground
600,600,373,1,-1.894911766052246,37,-6.169433689117431,-1.856711506843567,5.1938959121704045,4.0,-2.1694336891174317,2.15189266204834,3.1786375045776367,6.424780559539791,10.545491790771479,18.253450012207008,-6.169433689117431,-3.0366017818450928,-1.8481073379516602,-0.8213624954223633,2.42478055953979,6.545491790771479,14.253450012207008,40.05809020996094,37,4.687073707580566,2.8352016029234095,9.762091701670528e-08,True,False,4.9744110107421875,4,33,2.6758338741972296,2.78663898783401,0.07696612632754518,True,0.8391932845115662,0.35349196195602417,0.9303719401359558,16.0,482.9014892578125,gamma_pixel_lgr_building_fid_residual_plus_dsm_minus_ground
602,602,375,1,1.9960427284240723,43,-3.912726831436157,1.9960427284240723,16.80036869049072,4.0,0.0872731685638429,5.996042728424072,28.580419540405273,35.399497222900386,38.448950195312506,40.38855857849121,-3.912726831436157,-1.1238559484481812,1.9960427284240723,24.580419540405273,31.399497222900383,34.448950195312506,36.38855857849121,37.910614013671875,43,1.8249925374984741,2.8970234886239705,1.0,False,True,37.910614013671875,0,43,1.824992654466323,2.8970234886239705,1.0,True,0.8573466539382935,0.33778098225593567,0.725186824798584,15.0,322.7168884277344,gamma_pixel_lgr_building_fid_residual_plus_dsm_minus_ground
603,603,376,1,2.2708072662353516,47,-19.096932411193848,-3.1591851711273193,8.377809190750119,7.254883289337158,-15.096932411193848,6.270807266235352,15.508104801177979,20.648219108581547,27.709724807739253,33.075837135314934,-19.096932411193848,-6.989464998245239,2.2708072662353516,11.508104801177979,16.648219108581547,23.709724807739253,29.075837135314934,33.068382263183594,47,2.1574885845184326,2.932623282239436,0.6469456244362721,False,True,33.068382263183594,0,47,2.1574884598251844,2.932623282239436,0.6469458469265271,True,0.837714433670044,0.34617215394973755,0.9979605674743652,14.0,322.551513671875,gamma_pixel_lgr_building_fid_residual_plus_dsm_minus_ground
604,604,377,1,0.47710418701171875,68,-5.070721173286438,0.9454102218151093,10.521343851089478,4.0,-1.070721173286438,4.9454100131988525,8.108140707015991,12.217013692855826,17.92518539428712,22.438347911834715,-5.070721173286438,-2.365674138069153,0.9454100131988525,4.108140707015991,8.217013692855826,13.925185394287118,18.438347911834715,22.04900360107422,68,2.864098310470581,3.0733229178642976,0.10866711909311944,False,True,22.04900360107422,0,68,2.8640985112752815,3.0733229178642976,0.10866704138112881,True,0.9294511675834656,0.287304162979126,0.6396032571792603,31.0,561.0567016601562,gamma_pixel_lgr_building_fid_residual_plus_dsm_minus_ground
605,605,378,1,-3.867283821105957,76,-15.612101554870605,-3.530676484107971,9.131548881530762,4.0,-11.612101554870605,1.8049216270446777,5.5108174085617065,18.56180715560913,31.39241123199463,37.13154888153076,-15.612101554870605,-6.300874471664429,-2.1950783729553223,1.5108174085617065,14.56180715560913,27.39241123199463,33.13154888153076,39.80693817138672,76,2.7480432987213135,3.1136397514714296,0.1867306789268648,False,True,39.80693817138672,0,76,2.7480433265093898,3.1136397514714296,0.1867306614903428,True,0.8688602447509766,0.3261309564113617,1.1151865720748901,17.0,368.5443115234375,gamma_pixel_lgr_building_fid_residual_plus_dsm_minus_ground
609,609,379,1,24.861186981201172,23,-11.944891548156738,0.8611871600151062,5.898683404922485,28.0,-7.944891548156738,28.861186981201172,31.977319717407227,32.958386993408205,33.48547286987305,33.898682022094725,-11.944891548156738,0.23403334617614746,24.861186981201172,27.977319717407227,28.9583869934082,29.485472869873046,29.898682022094725,30.306976318359375,23,0.9147129654884338,2.6239161203491976,1.0,False,True,30.306976318359375,0,23,0.9147128825405323,2.6239161203491976,1.0,True,0.8651813268661499,0.3285813629627228,0.7855433821678162,19.0,478.9831848144531,gamma_pixel_lgr_building_fid_residual_plus_dsm_minus_ground
624,624,381,1,3.0062427520751953,36,-6.768275737762451,0.48193834722042084,18.81567144393921,4.0,-2.768275737762451,7.193575382232666,18.799070835113525,25.73111057281494,31.400111198425293,38.669068336486816,-6.768275737762451,-1.9862114787101746,3.193575382232666,14.799070835113525,21.73111057281494,27.400111198425293,34.669068336486816,46.365455627441406,36,2.777651786804199,2.8236933338418355,0.05992219898053852,False,True,46.365455627441406,0,36,2.7776516894755,2.8236933338418355,0.05992222164371386,True,0.8384950160980225,0.34646445512771606,0.87178635597229,14.0,362.406005859375,gamma_pixel_lgr_building_fid_residual_plus_dsm_minus_ground
627,627,384,1,34.51920700073242,59,-2.700089955329895,11.290406227111816,20.002087974548335,23.58954429626465,1.299910044670105,38.51920700073242,43.072601318359375,44.75146293640137,46.461062622070315,47.96107177734375,-2.700089955329895,4.304097652435303,34.51920700073242,39.072601318359375,40.75146293640137,42.461062622070315,43.96107177734375,50.535057067871094,59,1.4961214065551758,3.0205330048255705,1.0,False,True,50.535057067871094,0,59,1.496121290055407,3.0205330048255705,1.0,True,0.8370317816734314,0.3308800160884857,0.6736990213394165,18.0,362.406005859375,gamma_pixel_lgr_building_fid_residual_plus_dsm_minus_ground
629,629,386,1,0.6377763748168945,41,-5.449893474578857,0.7126762866973877,5.242160797119141,4.0,-1.4498934745788574,4.712676048278809,6.42810583114624,7.2563886642456055,8.577707290649414,9.24216079711914,-5.449893474578857,-1.2424700260162354,0.7126760482788086,2.4281058311462402,3.2563886642456055,4.577707290649414,5.242160797119141,39.35517883300781,41,5.215786933898926,2.8776635330787745,2.366949969356824e-10,True,False,5.242160797119141,2,39,1.6570227211714583,2.857104681649204,1.0,True,0.9172024726867676,0.22122156620025635,1.0061216354370117,37.0,712.62939453125,gamma_pixel_lgr_building_fid_residual_plus_dsm_minus_ground
630,630,387,1,-0.3092153072357178,69,-12.169118118286132,-2.2498412132263184,8.732094383239742,4.0,-8.169118118286132,4.045945167541504,13.36302375793457,22.49398536682128,28.144840621948244,31.316739654541013,-12.169118118286132,-4.4712324142456055,0.045945167541503906,9.36302375793457,18.49398536682128,24.144840621948244,27.316739654541013,30.435718536376953,69,2.2668192386627197,3.0786654960526176,0.7333956673437131,False,True,30.435718536376953,0,69,2.266819480099243,3.0786654960526176,0.7333951720206775,True,0.8401976823806763,0.34850412607192993,0.9460707902908325,14.0,322.7168884277344,gamma_pixel_lgr_building_fid_residual_plus_dsm_minus_ground
656,656,393,1,-0.41900205612182617,89,-2.3904926300048825,-0.383544385433197,1.9714695453643778,4.0,1.6095073699951172,3.6479156017303467,4.237463474273682,4.549335193634033,5.713111782073975,6.8523725509643505,-2.3904926300048825,-1.2238740921020508,-0.3520843982696533,0.23746347427368164,0.5493351936340332,1.7131117820739745,2.85237255096435,4.436493873596191,89,3.2069170475006104,3.1694054385441053,0.04322935255107252,True,False,3.734372138977051,1,88,2.93012701086375,3.165469843723979,0.11932334339708994,True,0.8757461309432983,0.3360818028450012,0.6088845729827881,21.0,604.044677734375,gamma_pixel_lgr_building_fid_residual_plus_dsm_minus_ground
658,658,395,1,28.980804443359375,152,-2.7653315544128416,7.583192586898804,17.7215012550354,25.0,9.787447547912603,32.58319282531738,37.467994689941406,39.25430545806885,40.82888908386231,42.72150211334228,5.7874475479126035,24.180673599243164,28.583192825317383,33.467994689941406,35.25430545806885,36.82888908386231,38.72150211334228,43.213401794433594,152,1.7087732553482056,3.347113160975858,1.0,False,True,43.213401794433594,0,152,1.7087731344354573,3.347113160975858,1.0,True,0.9100771546363831,0.30676841735839844,1.0998919010162354,17.0,360.5517883300781,gamma_pixel_lgr_building_fid_residual_plus_dsm_minus_ground
660,660,397,1,1.9168171882629395,65,-3.695289945602417,1.91681706905365,10.050503540039061,4.0,0.3047100543975831,6.351563453674316,9.200090408325195,12.694719505310058,14.18695945739746,19.153684616088857,-3.695289945602417,-0.7460885047912598,2.3515634536743164,5.200090408325195,8.694719505310058,10.18695945739746,15.153684616088855,34.62907409667969,65,4.809465408325195,3.0567110647513203,2.8968969478793127e-06,True,False,17.09912109375,2,63,2.999014700735544,3.045115403805128,0.05966478398460762,True,0.8376421928405762,0.34766486287117004,0.7037038207054138,14.0,285.9814147949219,gamma_pixel_lgr_building_fid_residual_plus_dsm_minus_ground
662,662,399,1,-1.1766400337219238,72,-3.468353748321533,-1.1899110674858093,1.000992533564568,4.0,0.5316462516784669,2.810088872909546,3.888787865638733,4.181640696525574,4.523745012283325,5.000992512702942,-3.468353748321533,-2.2394659519195557,-1.189911127090454,-0.11121213436126709,0.18164069652557402,0.523745012283325,1.0009925127029422,10.5267972946167,72,5.321710586547852,3.094152190113599,6.967431431803561e-08,True,False,2.8725929260253906,1,71,2.4398139986167604,3.089077269186344,0.45884126365420586,True,0.8515477180480957,0.32557186484336853,0.4973878264427185,16.0,435.33447265625,gamma_pixel_lgr_building_fid_residual_plus_dsm_minus_ground
664,664,402,1,27.654972076416016,40,-3.728106808662414,3.392208456993103,7.72004129886627,28.0,19.427281475067144,31.392208099365234,33.582794189453125,34.8434720993042,35.20613098144531,35.72004089355469,15.427281475067144,23.685007572174072,27.392208099365234,29.582794189453125,30.843472099304197,31.206130981445312,31.720040893554685,32.40971374511719,40,0.843336820602417,2.8675424870552675,1.0,False,True,32.40971374511719,0,40,0.8433365593141247,2.8675424870552675,1.0,True,0.871660590171814,0.3422808051109314,0.761727511882782,16.0,454.88970947265625,gamma_pixel_lgr_building_fid_residual_plus_dsm_minus_ground
675,675,407,1,-2.06563401222229,263,-11.89327163696289,-2.0922021865844727,3.786785006523131,4.0,-7.89327163696289,1.972111701965332,4.252356052398682,7.060423374176024,8.492996215820312,10.832201957702635,-11.89327163696289,-5.788800239562988,-2.027888298034668,0.25235605239868164,3.060423374176024,4.4929962158203125,6.832201957702635,33.758079528808594,263,5.687433242797852,3.5141878623256053,5.697668654658372e-07,True,False,16.721033096313477,3,260,3.4405532562627066,3.5108227327807064,0.06575911853978988,True,0.9196659326553345,0.2228359878063202,0.5827525854110718,26.0,712.62939453125,gamma_pixel_lgr_building_fid_residual_plus_dsm_minus_ground
676,676,408,1,3.725344181060791,50,0.4527440369129182,3.1883949041366577,6.694784641265869,4.0,4.91076512336731,8.285449981689453,9.717790365219116,10.80373773574829,13.252775859832765,14.920934963226319,0.9107651233673096,2.7134413719177246,4.285449981689453,5.717790365219116,6.803737735748291,9.252775859832765,10.920934963226319,19.397615432739258,50,4.275266647338867,2.9569748471494868,4.574664614898083e-05,True,False,11.44965648651123,1,49,2.5731426087589964,2.949060370864467,0.19327130708001605,True,0.859186589717865,0.33288127183914185,0.5445342063903809,19.0,530.0452270507812,gamma_pixel_lgr_building_fid_residual_plus_dsm_minus_ground
679,679,409,1,-7.354658126831055,379,-18.722832298278806,-7.354658126831055,8.308275413513183,4.0,-14.722832298278808,-3.3546581268310547,5.616719722747803,8.188598442077637,12.191064834594721,18.12006359100341,-18.722832298278806,-12.101703643798828,-7.354658126831055,1.6167197227478027,4.188598442077638,8.191064834594721,14.120063591003412,20.48586082458496,379,2.711793899536133,3.618819424822254,1.0,False,True,20.48586082458496,0,379,2.7117938647393176,3.618819424822254,1.0,True,0.8835112452507019,0.3027590811252594,0.8739222884178162,25.0,561.0567016601562,gamma_pixel_lgr_building_fid_residual_plus_dsm_minus_ground
691,691,411,1,2.233250617980957,25,-0.394614291191101,2.233250856399536,10.725882530212395,4.0,3.6053857803344727,6.406341552734375,11.681098937988281,15.738438034057616,18.162519836425787,26.53321228027341,-0.39461421966552723,1.200507640838623,2.406341552734375,7.681098937988281,11.738438034057616,14.162519836425785,22.53321228027341,24.679636001586914,25,2.703773021697998,2.6628731295085006,0.042109919338315094,True,False,15.256072998046875,2,23,2.6138123246550458,2.6239161203491976,0.052159203090305195,True,0.8815726041793823,0.3438943922519684,0.41810476779937744,16.0,504.6864929199219,gamma_pixel_lgr_building_fid_residual_plus_dsm_minus_ground
693,693,413,1,0.06961965560913086,61,-13.197369575500488,-2.3205323219299316,5.987345218658447,6.262108325958252,-9.197369575500488,4.106074333190918,8.02296257019043,10.783819198608398,15.466289520263672,19.525096893310547,-13.197369575500488,-5.499055862426758,0.10607433319091797,4.02296257019043,6.783819198608398,11.466289520263672,15.525096893310547,19.570724487304688,61,2.3938519954681396,3.033067427935249,0.44228527298614717,False,True,19.570724487304688,0,61,2.393851778668183,3.033067427935249,0.4422855588245641,True,0.8580676317214966,0.34027135372161865,0.8697955012321472,18.0,460.1239013671875,gamma_pixel_lgr_building_fid_residual_plus_dsm_minus_ground
696,696,416,1,1.3481040000915527,160,-4.66003258228302,0.3723190426826477,7.851694965362541,5.321818828582764,-0.003617858886718746,5.506558656692505,10.183037757873535,13.994583892822266,17.45385303497314,22.41350202560423,-4.003617858886718,-1.4089572429656982,1.5065586566925049,6.183037757873535,9.994583892822266,13.45385303497314,18.41350202560423,30.648082733154297,160,3.687180519104004,3.3633272834375756,0.013354408133068318,True,False,20.48693084716797,6,154,3.1475225198229033,3.3512577336407565,0.10751979699809033,True,0.8427222371101379,0.34395667910575867,0.6501373052597046,17.5,370.39849853515625,gamma_pixel_lgr_building_fid_residual_plus_dsm_minus_ground
726,726,426,1,-3.4734396934509277,32,-9.099425649642944,-2.969601273536682,9.387975859642024,4.0,-5.099425649642944,1.0303987264633179,15.179574489593506,28.366982269287107,40.10752162933352,92.39675598144531,-9.099425649642944,-5.433537125587463,-2.969601273536682,11.179574489593506,24.366982269287107,36.10752162933352,88.39675598144531,100.4266128540039,32,3.0874176025390625,2.7733452324854233,0.012586392104417143,True,False,25.16813087463379,4,28,2.5527002915630552,2.714458787361858,0.09386934427332871,True,0.8535670638084412,0.3282058537006378,1.0828485488891602,16.0,477.1289978027344,gamma_pixel_lgr_building_fid_residual_plus_dsm_minus_ground
734,734,433,1,0.4628872871398926,26,-3.3036890029907227,0.03191204369068146,1.8834339678287506,4.0,0.6963109970092773,4.523841381072998,6.511411547660828,7.903067946434021,8.768345355987549,15.94144058227539,-3.3036890029907227,-0.9899560213088989,0.523841381072998,2.5114115476608276,3.903067946434021,4.768345355987549,11.94144058227539,22.524524688720703,26,3.7521939277648926,2.6808994518100513,6.827165354694742e-05,True,False,4.770200729370117,2,24,1.8256669663092118,2.6439099244557838,0.7245166502067795,True,0.824294924736023,0.3536173105239868,0.6692935228347778,18.0,500.69024658203125,gamma_pixel_lgr_building_fid_residual_plus_dsm_minus_ground
735,735,434,1,2.845012664794922,65,-7.570473003387451,2.3592658042907715,19.58639068603515,4.0,-3.570473003387451,7.351240158081055,17.503883361816406,22.35432586669922,28.293208694458013,32.40675888061523,-7.570473003387451,-2.1335411071777344,3.3512401580810547,13.503883361816406,18.35432586669922,24.293208694458013,28.40675888061523,44.07011413574219,65,3.0565357208251953,3.0567110647513203,0.05003390253271178,False,True,44.07011413574219,0,65,3.0565354520255124,3.0567110647513203,0.0500339545206574,True,0.8893700838088989,0.24051204323768616,0.9227427840232849,15.0,432.03118896484375,gamma_pixel_lgr_building_fid_residual_plus_dsm_minus_ground
736,736,435,1,0.4671761989593506,74,-2.927728760242462,0.76236492395401,10.312871265411374,4.0,1.0722712397575378,4.762364864349365,6.7457497119903564,9.71804518699646,13.908791065216064,16.095678186416617,-2.927728760242462,-0.2938989996910095,0.7623648643493652,2.7457497119903564,5.718045186996459,9.908791065216064,12.095678186416617,18.25432586669922,74,3.5266590118408203,3.1040534582828645,0.008557903987843618,True,False,14.838008880615234,1,73,3.083316829203814,3.099143402677311,0.05313868330166771,True,0.9128403663635254,0.12721525132656097,0.4522746205329895,25.0,424.91448974609375,gamma_pixel_lgr_building_fid_residual_plus_dsm_minus_ground
737,737,436,1,17.41185760498047,119,-4.941414022445678,2.511366128921509,12.19846382141113,22.0,-0.6574406147003173,21.41185760498047,30.913047790527344,34.007058715820314,36.01636505126953,38.11022338867187,-4.657440614700318,0.9307539463043213,17.41185760498047,26.913047790527344,30.00705871582031,32.01636505126953,34.11022338867187,37.65907287597656,119,1.6550010442733765,3.267869514125631,1.0,False,True,37.65907287597656,0,119,1.6550009449327057,3.267869514125631,1.0,True,0.8561378717422485,0.3460071384906769,0.86965411901474,18.0,386.9142150878906,gamma_pixel_lgr_building_fid_residual_plus_dsm_minus_ground
738,738,437,1,-2.155381202697754,36,-15.707821607589722,-7.070943355560303,0.6426435708999634,8.732879638671875,-11.665443181991577,1.844618797302246,8.772006034851074,17.01626229286194,19.818554878234863,22.110130786895752,-15.665443181991577,-8.667778253555298,-2.155381202697754,4.772006034851074,13.016262292861938,15.818554878234863,18.110130786895752,19.000694274902344,36,1.8568809032440186,2.8236933338418355,1.0,False,True,19.000694274902344,0,36,1.856881041414278,2.8236933338418355,1.0,True,0.8262208104133606,0.3435173034667969,0.6492210626602173,15.0,353.6555480957031,gamma_pixel_lgr_building_fid_residual_plus_dsm_minus_ground
739,739,438,1,23.165029525756836,22,-6.097906374931336,-3.5472759008407593,1.2401153445243827,31.0,10.516611671447754,26.6140079498291,27.695828437805176,28.30344305038452,29.35954818725586,30.3612340927124,6.5166116714477536,18.155513763427734,22.6140079498291,23.695828437805176,24.30344305038452,25.35954818725586,26.3612340927124,26.932695388793945,22,0.9825934767723083,2.602783742942279,1.0,False,True,26.932695388793945,0,22,0.9825934165360292,2.602783742942279,1.0,True,0.8416375517845154,0.3439386487007141,0.8866294622421265,14.0,446.0775451660156,gamma_pixel_lgr_building_fid_residual_plus_dsm_minus_ground
742,742,441,1,1.2917094230651855,335,-4.51245527267456,0.7124312520027161,7.124712467193604,4.0,0.1060397863388061,5.360470294952393,8.97964096069336,11.110209274291991,12.158543014526368,14.100143051147466,-3.893960213661194,-1.0837379693984985,1.3604702949523926,4.979640960693359,7.110209274291992,8.158543014526368,10.100143051147466,14.800148010253906,335,2.8943076133728027,3.584011742920297,0.6042941025304627,False,True,14.800148010253906,0,335,2.894307563691296,3.584011742920297,0.6042942003861235,True,0.8668650388717651,0.3309953808784485,0.6138516068458557,17.0,408.5389099121094,gamma_pixel_lgr_building_fid_residual_plus_dsm_minus_ground
744,744,442,1,-1.3453855514526367,67,-6.769178104400635,-1.1630319356918335,5.875818061828612,4.0,-2.7691781044006345,2.836967945098877,6.841428518295288,9.1330961227417,10.080953598022461,15.440677261352537,-6.769178104400635,-4.654253721237183,-1.163032054901123,2.841428518295288,5.1330961227417,6.08095359802246,11.440677261352537,17.030029296875,67,3.025925636291504,3.06788516289407,0.05872239403013835,False,True,17.030029296875,0,67,3.0259257581217773,3.06788516289407,0.05872236683639431,True,0.87029629945755,0.32664352655410767,0.6682151556015015,17.0,368.5443115234375,gamma_pixel_lgr_building_fid_residual_plus_dsm_minus_ground
745,745,443,1,0.7318763732910156,36,-2.1911368370056152,0.8132395446300507,4.94195818901062,4.0,1.8088631629943848,4.813239574432373,6.230895757675171,7.7851243019104,8.236571073532104,8.94195818901062,-2.1911368370056152,-0.5357122421264648,0.813239574432373,2.230895757675171,3.7851243019104004,4.2365710735321045,4.94195818901062,6.915890693664551,36,2.383134126663208,2.8236933338418355,0.240680460236383,False,True,6.915890693664551,0,36,2.3831342526834,2.8236933338418355,0.24068036353916478,True,0.8321397304534912,0.35422760248184204,0.7025817632675171,14.0,349.1082458496094,gamma_pixel_lgr_building_fid_residual_plus_dsm_minus_ground
749,749,447,1,-0.6775636672973633,209,-5.099202632904053,-0.7657486796379089,4.502091312408446,4.0,-1.0992026329040527,3.5709128379821777,7.47804069519043,10.68300971984863,13.13693351745606,23.97628326416015,-5.099202632904053,-2.5361862182617188,-0.42908716201782227,3.4780406951904297,6.68300971984863,9.13693351745606,19.97628326416015,37.3282585144043,209,4.614652156829834,3.445762435113659,0.00022923261745133594,True,False,11.278985023498535,16,193,2.8623611025230056,3.421528356830791,0.37178193643169466,True,0.8424029350280762,0.33122357726097107,0.6816568970680237,17.0,496.6940002441406,gamma_pixel_lgr_building_fid_residual_plus_dsm_minus_ground
750,750,448,1,3.1634440422058105,389,-3.7539836406707763,-0.030204927548766136,5.515131759643552,5.363247871398926,0.3817716121673584,7.1634440422058105,10.31017780303955,13.30185890197754,14.197967147827146,14.919234085083007,-3.618228387832642,-0.8897085189819336,3.1634440422058105,6.310177803039551,9.30185890197754,10.197967147827146,10.919234085083007,15.300262451171875,389,2.527604579925537,3.626099850717898,1.0,False,True,15.300262451171875,0,389,2.5276046598373556,3.626099850717898,1.0,True,0.8620684146881104,0.32068079710006714,0.6355776190757751,23.0,544.6810913085938,gamma_pixel_lgr_building_fid_residual_plus_dsm_minus_ground
753,753,451,1,5.456711292266846,59,-1.1595872640609741,5.123338222503662,8.535439586639402,4.0,3.2486910581588746,9.524517059326172,11.307085990905762,15.028214550018308,17.123612213134766,19.174150657653808,-0.7513089418411254,3.0021190643310547,5.524517059326172,7.307085990905762,11.028214550018308,13.123612213134768,15.174150657653808,21.514535903930664,59,3.0653889179229736,3.0205330048255705,0.04195557496351232,True,False,18.133941650390625,1,58,2.6633555513127387,3.014071662661994,0.17738943523988793,True,0.8462544083595276,0.3314826786518097,0.4961897134780884,20.0,582.2597045898438,gamma_pixel_lgr_building_fid_residual_plus_dsm_minus_ground
755,755,452,1,7.346187591552734,119,-0.8637459874153135,4.266141414642334,15.475046348571775,7.607994556427002,3.4201781034469603,11.346187591552734,32.619428634643555,37.52011070251465,38.71792068481445,40.01273803710937,-0.5798218965530395,1.93306303024292,7.346187591552734,28.619428634643555,33.52011070251465,34.71792068481445,36.01273803710937,39.264854431152344,119,1.7568542957305908,3.267869514125631,1.0,False,True,39.264854431152344,0,119,1.7568543373519743,3.267869514125631,1.0,True,0.8714444637298584,0.3395082354545593,0.9825133681297302,21.0,410.3930969238281,gamma_pixel_lgr_building_fid_residual_plus_dsm_minus_ground
756,756,453,1,5.153548240661621,63,-6.047162246704102,2.1671206951141357,7.194224929809569,7.0,-2.0471622467041017,9.153548240661621,11.353983402252197,12.381910133361815,13.040933418273926,14.194224929809568,-6.047162246704102,-0.736916184425354,5.153548240661621,7.353983402252197,8.381910133361815,9.040933418273926,10.194224929809568,14.392271041870117,63,1.9183772802352905,3.045115403805128,1.0,False,True,14.392271041870117,0,63,1.9183772517606288,3.045115403805128,1.0,True,0.8585314154624939,0.3370407819747925,1.053228735923767,15.0,478.9831848144531,gamma_pixel_lgr_building_fid_residual_plus_dsm_minus_ground
757,757,454,1,-0.21557903289794922,237,-5.562450790405274,-1.1907602548599243,4.313868141174314,4.0,-1.291226005554199,3.911126136779785,7.807516574859619,10.253931236267087,13.950343894958497,16.032469177246092,-5.291226005554199,-2.6371822357177734,-0.08887386322021484,3.807516574859619,6.253931236267088,9.950343894958497,12.03246917724609,16.2573184967041,237,2.9179718494415283,3.4834635956873146,0.386695289018244,False,True,16.2573184967041,0,237,2.9179718945770063,3.4834635956873146,0.38669523113774096,True,0.865963339805603,0.3446958363056183,0.982943058013916,24.0,532.9639892578125,gamma_pixel_lgr_building_fid_residual_plus_dsm_minus_ground
759,759,456,1,-0.46196162700653076,32,-4.424991106986999,-1.4713804721832275,5.565801191329956,4.0,-0.11496996879577634,3.5380383729934692,18.980031967163086,23.093773555755615,23.400331115722658,24.56580114364624,-4.114969968795776,-2.555672287940979,-0.46196162700653076,14.980031967163086,19.093773555755615,19.400331115722658,20.56580114364624,20.669248580932617,32,1.6665284633636475,2.7733452324854233,1.0,False,True,20.669248580932617,0,32,1.666528574555288,2.7733452324854233,1.0,True,0.8112173676490784,0.3572458028793335,0.7711759805679321,13.0,436.6778869628906,gamma_pixel_lgr_building_fid_residual_plus_dsm_minus_ground
760,760,457,1,5.842402458190918,43,-5.278005695343017,-0.15850622951984406,14.07261028289795,10.409149169921875,-0.177341890335083,9.842402458190918,28.08333110809326,30.53851909637451,31.317051696777348,36.07260932922363,-4.177341890335083,-0.6576378345489502,5.842402458190918,24.08333110809326,26.53851909637451,27.317051696777348,32.07260932922363,34.0955810546875,43,1.7828019857406616,2.8970234886239705,1.0,False,True,34.0955810546875,0,43,1.7828020002730998,2.8970234886239705,1.0,True,0.8315856456756592,0.3483719825744629,0.8478630781173706,18.0,473.2161865234375,gamma_pixel_lgr_building_fid_residual_plus_dsm_minus_ground
761,761,458,1,4.400381088256836,57,-5.668531513214111,-1.5996192693710327,0.8702771544456476,10.0,-1.634193515777588,8.400381088256836,9.33299732208252,11.673083686828614,13.307037734985352,13.87027702331543,-5.6341935157775875,-2.313558578491211,4.400381088256836,5.3329973220825195,7.673083686828614,9.307037734985352,9.87027702331543,10.175065994262695,57,1.4742273092269897,3.007474117438872,1.0,False,True,10.175065994262695,0,57,1.4742271730045626,3.007474117438872,1.0,True,0.8553799390792847,0.3296225666999817,0.5834243297576904,28.0,644.039306640625,gamma_pixel_lgr_building_fid_residual_plus_dsm_minus_ground
762,762,459,1,3.438565254211426,178,-1.1616845607757569,0.47381407022476196,2.276395428180695,7.0,5.721199417114258,7.447727203369141,8.180938959121704,8.5402587890625,8.764461040496828,9.276395225524903,1.7211994171142577,2.8222752809524536,3.4477272033691406,4.180938959121704,4.5402587890625,4.764461040496827,5.276395225524903,7.171441078186035,178,3.3171916007995605,3.3966184915044786,0.06786275317889556,False,True,7.171441078186035,0,178,3.3171917395344743,3.3966184915044786,0.06786271740121275,True,0.9005690217018127,0.32596927881240845,0.6724146604537964,31.0,660.4149169921875,gamma_pixel_lgr_building_fid_residual_plus_dsm_minus_ground
764,764,461,1,15.506391525268555,131,-0.27372100949287415,9.878012657165527,27.623066902160645,6.768692970275879,4.102647304534912,19.852439880371094,28.946170806884766,35.074209213256836,38.67462158203125,41.448360443115234,0.10264730453491211,5.042081832885742,15.852439880371094,24.946170806884766,31.074209213256836,34.67462158203125,37.448360443115234,69.70611572265625,131,3.990668535232544,3.2993560332009366,0.002538230219911952,True,False,50.58413314819336,1,130,2.7450803605042955,3.2968631860341957,0.35189148434151996,True,0.890083909034729,0.23815691471099854,0.9055632948875427,21.0,348.6134948730469,gamma_pixel_lgr_building_fid_residual_plus_dsm_minus_ground
770,770,467,1,-6.178666591644287,26,-13.813915014266968,-8.231500625610352,2.495705783367157,8.458099365234375,-8.013028264045715,-1.1550993919372559,5.254526376724243,20.184382438659668,20.99098014831543,21.495705604553223,-12.013028383255005,-8.33682918548584,-5.155099391937256,1.2545263767242432,16.184382438659668,16.99098014831543,17.495705604553223,21.151851654052734,26,2.125340700149536,2.6808994518100513,0.35029109337734154,False,True,21.151851654052734,0,26,2.125340809733163,2.6808994518100513,0.3502909795089737,True,0.8272159099578857,0.3394758403301239,0.7715145945549011,13.0,370.39849853515625,gamma_pixel_lgr_building_fid_residual_plus_dsm_minus_ground
776,776,474,1,6.545287132263184,263,-3.6581185579299924,0.7502351403236389,3.119530963897705,10.0,1.0096957683563235,10.38815689086914,11.29302167892456,11.841557693481445,12.14697208404541,13.119530487060548,-2.9903042316436763,3.363137722015381,6.388156890869141,7.2930216789245605,7.8415576934814455,8.14697208404541,9.119530487060548,11.086360931396484,263,1.6842267513275146,3.5141878623256053,1.0,False,True,11.086360931396484,0,263,1.684226715933411,3.5141878623256053,1.0,True,0.8364437818527222,0.3263002038002014,0.42196205258369446,18.0,558.21728515625,gamma_pixel_lgr_building_fid_residual_plus_dsm_minus_ground
777,777,477,1,2.164351463317871,94,-0.6110888540744781,2.2364386320114136,8.819035482406614,4.0,3.388911187648773,6.523190498352051,10.86069941520691,14.696727275848389,16.056824493408204,19.691123008728024,-0.6110888123512268,0.8229010105133057,2.523190498352051,6.860699415206909,10.696727275848389,12.056824493408204,15.691123008728022,27.837160110473633,94,4.098868370056152,3.18832706661857,0.0008196487183504964,True,False,16.223297119140625,4,90,2.867332000408502,3.1732889449979993,0.15279729030838074,True,0.8864933252334595,0.3401367664337158,0.8088079690933228,29.0,585.1785278320312,gamma_pixel_lgr_building_fid_residual_plus_dsm_minus_ground
780,780,478,1,6.276140213012695,26,-5.337979197502136,-2.5071136951446533,0.9102406352758408,13.58936882019043,-0.04671597480773926,10.276140213012695,18.242711067199707,18.802176475524902,19.441659927368164,19.87101125717163,-4.046715974807739,-0.20702695846557617,6.276140213012695,14.242711067199707,14.802176475524902,15.441659927368164,15.87101125717163,16.242082595825195,26,1.276456594467163,2.6808994518100513,1.0,False,True,16.242082595825195,0,26,1.276456688848874,2.6808994518100513,1.0,True,0.814048171043396,0.3510624170303345,0.9655129313468933,16.5,660.4149169921875,gamma_pixel_lgr_building_fid_residual_plus_dsm_minus_ground
781,781,479,1,4.217870712280273,62,-0.9250246465206146,3.4543899297714233,9.903592109680172,5.3086700439453125,3.348860800266266,8.509314060211182,12.541839122772217,17.047472858428957,23.231046485900873,27.748631477355953,-0.651139199733734,2.473805069923401,4.509314060211182,8.541839122772217,13.047472858428957,19.231046485900873,23.748631477355953,30.075958251953125,62,3.0425045490264893,3.039150003792808,0.04935467037373731,True,False,15.746404647827148,7,55,2.8031039095385477,2.9938482629308076,0.10190254666900878,True,0.840465784072876,0.33299094438552856,0.4924071133136749,16.5,369.4714050292969,gamma_pixel_lgr_building_fid_residual_plus_dsm_minus_ground
782,782,480,1,6.797523498535156,340,-2.2972474336624145,2.871955156326294,12.492008352279669,8.134807586669922,1.9379474878311156,10.797523498535156,22.69139814376831,24.88320569992065,26.315046882629403,28.110152816772462,-2.062052512168884,0.602860689163208,6.797523498535156,18.69139814376831,20.88320569992065,22.315046882629403,24.110152816772462,29.56640625,340,2.1377313137054443,3.588217992954335,1.0,False,True,29.56640625,0,340,2.1377313168097767,3.588217992954335,1.0,True,0.8432173132896423,0.3376063406467438,0.8559489846229553,19.0,544.6810913085938,gamma_pixel_lgr_building_fid_residual_plus_dsm_minus_ground
783,783,481,1,3.5160422325134277,53,-5.384637832641602,1.8304023742675781,7.35885591506958,4.0,-0.43484554290771477,7.580144882202148,10.231681823730469,10.999949645996091,11.41127281188965,13.924740219116208,-4.4348455429077145,1.4194412231445312,3.5801448822021484,6.231681823730469,6.999949645996092,7.411272811889648,9.924740219116208,27.09197235107422,53,4.2288055419921875,2.979607732147852,8.005328192739469e-05,True,False,11.581212997436523,2,51,2.1939896210686562,2.9646987403255145,0.6412817359047801,True,0.8650659322738647,0.30885666608810425,0.47599902749061584,21.0,446.2493896484375,gamma_pixel_lgr_building_fid_residual_plus_dsm_minus_ground
786,786,483,1,-5.26298713684082,232,-11.506191730499268,-6.148784160614014,1.3222823977470397,4.0,-7.506191730499268,-1.2629868984222412,10.967455625534058,18.291432094573974,19.219981002807618,20.26558713912964,-11.506191730499268,-8.217451095581055,-5.262986898422241,6.967455625534058,14.291432094573974,15.219981002807618,16.26558713912964,22.34033203125,232,2.4028799533843994,3.47711606780092,1.0,False,True,22.34033203125,0,232,2.40287989673791,3.47711606780092,1.0,True,0.8806288838386536,0.33924269676208496,0.7284842729568481,21.0,516.58837890625,gamma_pixel_lgr_building_fid_residual_plus_dsm_minus_ground
787,787,484,1,0.9267673492431641,120,-1.8554594218730927,0.9758292436599731,8.589976358413695,4.0,2.144540584087372,5.0069921016693115,10.430615901947021,13.957466125488272,16.632062339782713,19.182183933258056,-1.855459415912628,0.04473876953125,1.0069921016693115,6.4306159019470215,9.957466125488272,12.632062339782715,15.182183933258056,33.573707580566406,120,4.414264678955078,3.2706323854663366,0.0002473939123559532,True,False,15.45582389831543,5,115,2.6629130495005393,3.2565397231174873,0.39856152048648286,True,0.8850916028022766,0.32094404101371765,0.5347405672073364,27.5,613.2711791992188,gamma_pixel_lgr_building_fid_residual_plus_dsm_minus_ground
788,788,485,1,8.229183197021484,122,-3.1520438194274902,-0.5336908996105194,4.796544528007502,13.0,6.263320493698121,12.184199333190918,13.562222719192505,14.34039397239685,14.840909385681153,17.586984825134273,2.263320493698121,5.223777770996094,8.184199333190918,9.562222719192505,10.34039397239685,10.840909385681153,13.586984825134275,15.479866027832031,122,2.2397475242614746,3.276078195746472,1.0,False,True,15.479866027832031,0,122,2.2397476089541173,3.276078195746472,1.0,True,0.8294897675514221,0.34413737058639526,0.5634512305259705,19.0,561.0567016601562,gamma_pixel_lgr_building_fid_residual_plus_dsm_minus_ground
797,797,495,1,5.606054306030273,103,-16.364665222167968,-2.2002899646759033,7.219123172759997,11.51291275024414,-12.01500883102417,10.04937744140625,16.99283790588379,22.350888824462892,26.499345397949217,34.86329650878901,-16.01500883102417,-4.728869438171387,6.04937744140625,12.992837905883789,18.350888824462892,22.499345397949217,30.863296508789013,42.9809455871582,103,2.756762981414795,3.2195615788168688,0.26009300390756485,False,True,42.9809455871582,0,103,2.756763177080172,3.2195615788168688,0.2600928369311397,True,0.8792290091514587,0.304951936006546,0.9144214987754822,15.0,325.8359069824219,gamma_pixel_lgr_building_fid_residual_plus_dsm_minus_ground
799,799,497,1,23.78179168701172,44,-0.17348845601081853,9.290639400482178,13.101386451721192,19.0,4.155457639694214,27.781790733337402,30.249736309051514,30.590808296203612,31.12879161834717,32.10138807296753,0.15545763969421386,6.075584173202515,23.781790733337402,26.249736309051514,26.590808296203612,27.12879161834717,28.10138807296753,29.456748962402344,44,1.1391937732696533,2.9062932258703698,1.0,False,True,29.456748962402344,0,44,1.1391939543228167,2.9062932258703698,1.0,True,0.8707534670829773,0.3418964147567749,0.7533751726150513,25.5,504.6864929199219,gamma_pixel_lgr_building_fid_residual_plus_dsm_minus_ground
802,802,499,1,22.86074447631836,59,-5.276722955703735,4.515144348144531,11.49484815597534,21.69009017944336,-0.1499914646148678,26.86074447631836,36.162513732910156,38.03220405578613,38.60381927490234,39.484256744384766,-4.1499914646148675,0.11946964263916016,22.86074447631836,32.162513732910156,34.03220405578613,34.60381927490234,35.484256744384766,38.11967468261719,59,1.2978702783584595,3.0205330048255705,1.0,False,True,38.11967468261719,0,59,1.297870330898431,3.0205330048255705,1.0,True,0.8450301289558411,0.34702399373054504,0.9883725047111511,18.0,477.1289978027344,gamma_pixel_lgr_building_fid_residual_plus_dsm_minus_ground
810,810,505,1,13.740365982055664,79,-10.476410388946533,-0.4728553891181946,5.0447018146514875,17.307540893554688,-3.366611862182617,17.740365982055664,37.28886032104492,38.123681259155276,39.12049407958985,39.903344726562494,-7.366611862182617,-0.3388439416885376,13.740365982055664,33.28886032104492,34.123681259155276,35.12049407958985,35.903344726562494,38.37458801269531,79,1.3630011081695557,3.1274681967528544,1.0,False,True,38.37458801269531,0,79,1.3630013951130793,3.1274681967528544,1.0,True,0.8437772989273071,0.3379741311073303,0.9697785973548889,16.0,532.9639892578125,gamma_pixel_lgr_building_fid_residual_plus_dsm_minus_ground
818,818,508,1,6.791456699371338,24,-3.322186017036438,0.8900681436061859,10.820990943908688,8.83204460144043,0.6778139829635621,10.791456699371338,20.94883108139038,25.382163333892823,26.208648681640625,26.91144371032715,-3.322186017036438,0.29590117931365967,6.791456699371338,16.94883108139038,21.382163333892823,22.208648681640625,22.91144371032715,26.783309936523438,24,1.8321281671524048,2.6439099244557838,0.712731894005552,False,True,26.783309936523438,0,24,1.8321281749621061,2.6439099244557838,0.7127318798511411,True,0.8322175145149231,0.3339163362979889,0.7073166370391846,14.5,418.3196105957031,gamma_pixel_lgr_building_fid_residual_plus_dsm_minus_ground
823,823,513,1,15.128606796264648,132,-3.068982779979705,7.5741424560546875,20.935783576965317,11.984691619873047,2.2237743139266994,19.143823623657227,31.30294132232666,38.084007835388185,45.213390731811536,49.56571807861327,-1.7762256860733006,7.849269151687622,15.143823623657227,27.30294132232666,34.084007835388185,41.213390731811536,45.56571807861327,82.31538391113281,132,4.203559875488281,3.3018267998756503,0.0009002276300353884,True,False,55.39111328125,1,131,2.643625290463315,3.2993560332009366,0.4890759514311882,True,0.9078131914138794,0.17692679166793823,0.6839876174926758,16.0,285.9814147949219,gamma_pixel_lgr_building_fid_residual_plus_dsm_minus_ground
824,824,514,1,-1.60758376121521,160,-8.694247198104858,-1.7416196465492249,3.8879885911941527,4.0,-4.306070995330811,3.092982530593872,5.213752031326294,6.776832962036133,8.894532108306883,13.893407535552972,-8.30607099533081,-4.627884745597839,-0.9070174694061279,1.213752031326294,2.776832962036133,4.894532108306883,9.893407535552972,30.076507568359375,160,4.949438571929932,3.3633272834375756,2.071201656406174e-05,True,False,13.298439025878906,4,156,3.1534153844775,3.3553404697068583,0.10684370765629447,True,0.943811297416687,0.2203713208436966,0.34683942794799805,26.5,410.3930969238281,gamma_pixel_lgr_building_fid_residual_plus_dsm_minus_ground
825,825,515,1,2.8054556846618652,83,-5.398821592330933,1.5618829727172852,9.711825370788567,4.498011589050293,-1.2416521549224848,7.064260959625244,12.39262866973877,14.386345291137697,17.35260581970214,23.077716445922846,-5.241652154922485,0.7211525440216064,3.064260959625244,8.39262866973877,10.386345291137697,13.352605819702143,19.077716445922846,25.208843231201172,83,2.953092098236084,3.144962170081836,0.10214083819215558,False,True,25.208843231201172,0,83,2.953092099284338,3.144962170081836,0.10214083780732497,True,0.841852068901062,0.35715681314468384,0.8987122178077698,22.0,544.6810913085938,gamma_pixel_lgr_building_fid_residual_plus_dsm_minus_ground
827,827,516,1,-3.038628339767456,43,-11.21212396621704,-4.220649719238281,2.388319659233093,4.0,-7.212123966217041,1.5905001163482666,4.460532903671265,7.0136643886566095,9.232292938232424,11.010533809661863,-11.21212396621704,-6.631331443786621,-2.4094998836517334,0.46053290367126465,3.0136643886566095,5.232292938232424,7.0105338096618635,21.955352783203125,43,3.6358072757720947,2.8970234886239705,0.0015459117247075271,True,False,7.157349586486816,2,41,2.061520095680757,2.8776635330787745,0.7196588709225249,True,0.8305519819259644,0.3557683229446411,0.8533844947814941,16.0,346.7593078613281,gamma_pixel_lgr_building_fid_residual_plus_dsm_minus_ground
828,828,517,1,2.380974292755127,35,-1.8549224853515625,1.7086811065673828,6.7772791862487765,5.2553486824035645,2.379444193840027,6.7719011306762695,9.930509090423584,12.501628112792968,14.97199516296387,17.777294921874986,-1.620555806159973,0.251981258392334,2.7719011306762695,5.930509090423584,8.501628112792968,10.97199516296387,13.777294921874986,25.67760467529297,35,3.684608221054077,2.811781880168149,0.0005827418575510279,True,False,12.435653686523438,2,33,2.331736598672107,2.78663898783401,0.2530154386519756,True,0.8490774631500244,0.35154592990875244,0.5445123910903931,17.0,434.78948974609375,gamma_pixel_lgr_building_fid_residual_plus_dsm_minus_ground
829,829,518,1,0.1030731201171875,66,-7.568881154060364,-0.17403438687324524,7.177804112434387,4.0,-3.454785704612732,4.113129377365112,7.243614315986633,10.363276720046997,11.314397811889648,13.634256839752197,-7.454785704612732,-3.3777212500572205,0.1131293773651123,3.2436143159866333,6.363276720046997,7.314397811889648,9.634256839752197,20.767234802246094,66,3.706040620803833,3.0623490070880934,0.0029657151709032714,True,False,11.488208770751953,1,65,2.285358465022596,3.0567110647513203,0.6514686147241872,True,0.883873701095581,0.31891733407974243,0.5585105419158936,22.0,399.6776123046875,gamma_pixel_lgr_building_fid_residual_plus_dsm_minus_ground
832,832,520,1,7.447169303894043,34,-0.9186305940151215,2.987908959388733,7.474721217155455,10.0,7.924197578430176,12.702809810638428,15.426495552062988,19.41738948822022,44.914730453491195,59.999401664733874,3.924197578430176,5.606581926345825,8.702809810638428,11.426495552062988,15.41738948822022,40.914730453491195,55.999401664733874,60.802024841308594,34,2.9229750633239746,2.79944030774216,0.030014124489757155,True,False,15.009353637695312,5,29,2.237810940009539,2.7301270503068427,0.28676809783117607,True,0.8524293303489685,0.313270628452301,0.88442063331604,14.0,504.6864929199219,gamma_pixel_lgr_building_fid_residual_plus_dsm_minus_ground
835,835,523,1,0.26711297035217285,38,-2.8712929248809815,-0.8460029065608978,0.6355484455823895,5.418078899383545,2.6261719942092894,4.267112970352173,5.614251494407654,6.178608632087707,6.643080711364747,7.050841021537781,-1.3738280057907104,-0.4869765639305115,0.26711297035217285,1.6142514944076538,2.1786086320877076,2.6430807113647474,3.0508410215377806,4.450416564941406,38,2.4810616970062256,2.846331239360917,0.18798692779167014,False,True,4.450416564941406,0,38,2.481061614134513,2.846331239360917,0.18798697937951792,True,0.8204588890075684,0.3562137186527252,0.4552517533302307,16.0,431.7073974609375,gamma_pixel_lgr_building_fid_residual_plus_dsm_minus_ground
837,837,525,1,9.201793670654297,164,-0.4621401041746138,5.180882692337036,11.601131725311276,8.408113479614258,3.537859904766083,13.201793193817139,24.69565439224243,25.86937561035156,26.317654418945317,27.143410873413085,-0.4621400952339171,4.187387466430664,9.201793193817139,20.69565439224243,21.86937561035156,22.317654418945317,23.143410873413085,26.071453094482422,164,1.7313942909240723,3.3710866259578345,1.0,False,True,26.071453094482422,0,164,1.7313941988490325,3.3710866259578345,1.0,True,0.8727401494979858,0.34001773595809937,0.6233600378036499,26.0,644.039306640625,gamma_pixel_lgr_building_fid_residual_plus_dsm_minus_ground
838,838,526,1,-0.9250016212463379,77,-9.3642578125,-2.8663060665130615,2.723842144012451,6.8356146812438965,-4.918195533752441,3.074998378753662,12.323493957519531,16.343823623657222,17.921979141235354,20.920871734619148,-8.918195533752442,-4.272454738616943,-0.9250016212463379,8.323493957519531,12.343823623657222,13.921979141235354,16.920871734619148,22.726638793945312,77,2.430530309677124,3.1183205576860584,0.5170996407610903,False,True,22.726638793945312,0,77,2.4305301169035465,3.1183205576860584,0.5170999363546616,True,0.9412425756454468,0.18364831805229187,0.5547584295272827,28.0,434.78948974609375,gamma_pixel_lgr_building_fid_residual_plus_dsm_minus_ground
842,842,530,1,2.2754995822906494,22,-2.3420208752155305,2.2264528274536133,4.0501242756843565,4.0,2.2772170066833497,6.505193710327148,7.4568798542022705,9.212990570068355,11.982014465332037,15.545084333419798,-1.7227829933166503,1.3112419843673706,2.5051937103271484,3.4568798542022705,5.212990570068355,7.982014465332037,11.545084333419798,22.804784774780273,22,3.6481165885925293,2.602783742942279,4.2768595952535904e-05,True,False,5.519401550292969,3,19,1.902672227627447,2.5311928033065323,0.4475175349253522,True,0.81998211145401,0.3448827266693115,1.036875605583191,17.5,544.6810913085938,gamma_pixel_lgr_building_fid_residual_plus_dsm_minus_ground
843,843,531,1,1.715799331665039,91,-7.323962450027466,-0.13357147574424744,15.187963008880615,6.190762996673584,-2.846308946609497,6.394032955169678,10.833869457244873,14.517650604248047,17.21918487548828,31.07485580444336,-6.846308946609497,-2.3362996578216553,2.3940329551696777,6.833869457244873,10.517650604248047,13.219184875488281,27.07485580444336,43.128570556640625,91,3.7556042671203613,3.1771216456313547,0.00424099153993962,True,False,22.54842758178711,5,86,3.0176015999709858,3.1574370172856185,0.08457231265084064,True,0.8660629391670227,0.3322944641113281,1.0770200490951538,24.0,613.2711791992188,gamma_pixel_lgr_building_fid_residual_plus_dsm_minus_ground
845,845,533,1,1.3100295066833496,38,-6.5001140356063845,-2.6860207319259644,5.226054430007933,8.113494873046875,0.16759017705917362,5.469848871231079,10.668083667755127,13.710583305358886,21.375673866271974,24.226054763793943,-3.8324098229408263,-2.18878972530365,1.469848871231079,6.668083667755127,9.710583305358886,17.375673866271974,20.226054763793943,22.61103057861328,38,2.5160067081451416,2.846331239360917,0.1672791306831387,False,True,22.61103057861328,0,38,2.5160068328124243,2.846331239360917,0.16727906043964857,True,0.8138957023620605,0.3559418320655823,0.738670289516449,14.0,504.6864929199219,gamma_pixel_lgr_building_fid_residual_plus_dsm_minus_ground
847,847,535,1,10.057502746582031,60,-3.2468528389930724,4.959359645843506,17.771286487579346,9.25196647644043,1.0657832145690918,14.057502269744873,38.28930473327637,41.55248603820801,42.09437522888184,42.771284675598146,-2.934216785430908,-0.6105815768241882,10.057502269744873,34.28930473327637,37.55248603820801,38.09437522888184,38.771284675598146,46.171871185302734,60,1.870331883430481,3.0268633007793726,1.0,False,True,46.171871185302734,0,60,1.8703319487876169,3.0268633007793726,1.0,True,0.8448632955551147,0.3506546914577484,0.7223896980285645,17.0,329.6722106933594,gamma_pixel_lgr_building_fid_residual_plus_dsm_minus_ground
848,848,536,1,5.544438362121582,85,-4.245848751068115,0.5655088424682617,6.812533569335936,7.5113630294799805,-0.2458487510681152,9.544438362121582,28.437084197998047,29.250935363769532,30.380279922485357,32.79467010498047,-4.245848751068115,-0.3449587821960449,5.544438362121582,24.437084197998047,25.250935363769532,26.380279922485357,28.79467010498047,36.43641662597656,85,2.019707679748535,3.1533369718042255,1.0,False,True,36.43641662597656,0,85,2.0197078572922207,3.1533369718042255,1.0,True,0.8263667821884155,0.3444150984287262,0.8917876482009888,15.0,424.91448974609375,gamma_pixel_lgr_building_fid_residual_plus_dsm_minus_ground
851,851,539,1,3.500436782836914,26,-2.9653483033180237,1.268772542476654,9.401225566864014,7.048848628997803,1.1977807879447937,7.500436782836914,20.662294387817383,27.802274227142334,28.884754180908203,29.91628360748291,-2.8022192120552063,0.779487133026123,3.500436782836914,16.662294387817383,23.802274227142334,24.884754180908203,25.91628360748291,26.434288024902344,26,1.73720383644104,2.6808994518100513,0.9846003079351324,False,True,26.434288024902344,0,26,1.7372039772643113,2.6808994518100513,0.9845999777125667,True,0.8714885711669922,0.30251362919807434,0.3990504741668701,15.0,454.88970947265625,gamma_pixel_lgr_building_fid_residual_plus_dsm_minus_ground
852,852,541,1,10.503210067749023,103,-7.865737581253052,-0.7377124428749084,1.8641219377517697,16.0,-3.777254819869995,14.503210067749023,16.71996307373047,17.23922576904297,17.450318908691408,17.97107696533203,-7.777254819869995,-4.954637765884399,10.503210067749023,12.719963073730469,13.239225769042969,13.450318908691406,13.971076965332031,19.23052215576172,103,1.5653551816940308,3.2195615788168688,1.0,False,True,19.23052215576172,0,103,1.5653550901466289,3.2195615788168688,1.0,True,0.852243185043335,0.3190903663635254,0.5164955854415894,21.0,504.6864929199219,gamma_pixel_lgr_building_fid_residual_plus_dsm_minus_ground
853,853,542,1,15.982845306396484,23,-1.779853391647339,3.3463134765625,14.882533740997314,16.0,8.079099369049073,19.982845306396484,29.109492301940918,34.862947082519526,38.64748306274414,44.47856369018554,4.079099369049073,12.934124946594238,15.982845306396484,25.109492301940918,30.86294708251953,34.64748306274414,40.47856369018554,42.227294921875,23,2.1192972660064697,2.6239161203491976,0.30432541877096964,False,True,42.227294921875,0,23,2.1192974286846513,2.6239161203491976,0.30432526817021954,True,0.862693190574646,0.3064144253730774,1.0730334520339966,14.0,462.8822021484375,gamma_pixel_lgr_building_fid_residual_plus_dsm_minus_ground
855,855,544,1,-1.9657596349716187,42,-4.152405476570129,-1.1253295540809631,13.999975967407225,4.0,-0.15240547657012934,2.8746705055236816,12.514271974563599,28.24142360687256,32.00837440490723,35.365546226501465,-4.152405476570129,-2.843010723590851,-1.1253294944763184,8.514271974563599,24.24142360687256,28.008374404907226,31.365546226501465,44.89439010620117,42,2.850004196166992,2.88748519288549,0.0578689631867475,False,True,44.89439010620117,0,42,2.850004247106578,2.88748519288549,0.057868951792731105,True,0.870337724685669,0.301685631275177,0.7523589134216309,19.0,426.7687072753906,gamma_pixel_lgr_building_fid_residual_plus_dsm_minus_ground
857,857,546,1,6.91374397277832,78,-4.253566718101501,1.4588178396224976,11.879257583618159,10.0,0.1488826036453247,10.91374397277832,20.745422840118408,30.44831304550171,32.648905181884764,33.34257736206054,-3.851117396354675,0.8783653974533081,6.91374397277832,16.745422840118408,26.44831304550171,28.648905181884764,29.342577362060535,32.25058364868164,78,2.044109344482422,3.122929355610483,1.0,False,True,32.25058364868164,0,78,2.0441095310732758,3.122929355610483,1.0,True,0.8449063301086426,0.33081257343292236,0.7351387739181519,15.0,408.5389099121094,gamma_pixel_lgr_building_fid_residual_plus_dsm_minus_ground
867,867,556,1,8.03561782836914,100,-1.938563245534897,2.619459867477417,8.277984905242919,9.380350112915039,3.108110213279724,12.03561782836914,22.95816707611084,23.54494504928589,23.709655380249025,24.277984046936034,-0.8918897867202759,2.2084583044052124,8.03561782836914,18.95816707611084,19.54494504928589,19.709655380249025,20.277984046936034,20.93826675415039,100,1.392575979232788,3.209520302030832,1.0,False,True,20.93826675415039,0,100,1.3925759315378903,3.209520302030832,1.0,True,0.8768904805183411,0.32086268067359924,0.7151161432266235,25.0,644.039306640625,gamma_pixel_lgr_building_fid_residual_plus_dsm_minus_ground
870,870,558,1,16.529220581054688,32,-5.263405776023864,5.024751663208008,36.8200180053711,12.942750930786133,2.122333216667175,20.529221534729004,37.75153350830078,65.59268741607664,69.4438690185547,73.8200180053711,-1.8776667833328247,5.506712436676025,16.529221534729004,33.75153350830078,61.59268741607665,65.4438690185547,69.8200180053711,73.33403015136719,32,2.0228021144866943,2.7733452324854233,0.6018210261262524,False,True,73.33403015136719,0,32,2.0228023922096585,2.7733452324854233,0.6018205739925122,True,0.8982634544372559,0.22601677477359772,0.3845668137073517,15.0,271.7672119140625,gamma_pixel_lgr_building_fid_residual_plus_dsm_minus_ground
870,870,559,1,33.0655632019043,45,-7.877989578247069,1.4394452571868896,6.107210636138916,37.0,-0.4056350708007808,37.0655632019043,39.807743072509766,41.048492431640625,41.5697883605957,42.81793518066406,-4.4056350708007805,4.885587692260742,33.0655632019043,35.807743072509766,37.048492431640625,37.5697883605957,38.81793518066406,40.72694396972656,45,1.1089117527008057,2.9153081119056146,1.0,False,True,40.72694396972656,0,45,1.1089117459127638,2.9153081119056146,1.0,True,0.8533499240875244,0.31629595160484314,0.9344189167022705,19.0,386.9142150878906,gamma_pixel_lgr_building_fid_residual_plus_dsm_minus_ground
874,874,562,1,-0.9600882530212402,77,-4.290744400024414,-0.5804769396781921,7.149631595611573,4.0,-0.29074440002441404,3.419523000717163,8.931442260742188,12.299621963500977,14.478679084777834,19.577830505371097,-4.290744400024414,-2.315720558166504,-0.5804769992828369,4.9314422607421875,8.299621963500977,10.478679084777834,15.577830505371097,20.848140716552734,77,2.9689505100250244,3.1183205576860584,0.08756121118502525,False,True,20.848140716552734,0,77,2.968950380589125,3.1183205576860584,0.08756125252821212,True,0.9019901752471924,0.3482828736305237,0.6821841597557068,22.0,660.4149169921875,gamma_pixel_lgr_building_fid_residual_plus_dsm_minus_ground
875,875,563,1,14.44778823852539,97,-5.270499324798584,4.748424053192139,21.589104461669923,12.382598876953125,-0.685887813568115,18.44778823852539,32.45705795288086,36.647230529785155,38.42386169433594,43.58910446166992,-4.685887813568115,3.43165922164917,14.44778823852539,28.45705795288086,32.647230529785155,34.42386169433594,39.58910446166992,42.082176208496094,97,1.8762648105621338,3.1991172600264206,1.0,False,True,42.082176208496094,0,97,1.8762648939772626,3.1991172600264206,1.0,True,0.8500114679336548,0.3372650146484375,0.7337459921836853,16.0,346.7593078613281,gamma_pixel_lgr_building_fid_residual_plus_dsm_minus_ground
877,877,565,1,5.2926530838012695,20,-5.003170490264892,1.7934553623199463,11.312365198135376,7.73135232925415,-0.9104690551757806,9.29265308380127,28.476356983184814,32.542252159118654,32.92063102722168,35.64385566711426,-4.91046905517578,0.7486310601234436,5.2926530838012695,24.476356983184814,28.542252159118654,28.920631027221685,31.64385566711426,32.31167221069336,20,1.530265212059021,2.556581334492762,1.0,False,True,32.31167221069336,0,20,1.5302652995281845,2.556581334492762,1.0,True,0.847407877445221,0.34748575091362,0.48721843957901,12.5,360.5517883300781,gamma_pixel_lgr_building_fid_residual_plus_dsm_minus_ground
879,879,567,1,-4.074547290802002,51,-7.456505060195923,-4.165693759918213,8.030575513839722,4.711829662322998,-3.3399975299835205,1.0828847885131836,8.247420310974121,16.10724639892578,27.946704864501953,31.98317813873291,-7.3399975299835205,-5.329004764556885,-2.9171152114868164,4.247420310974121,12.107246398925781,23.946704864501953,27.98317813873291,33.21015167236328,51,2.7975337505340576,2.9646987403255145,0.09370770222563263,False,True,33.21015167236328,0,51,2.797533676419766,2.9646987403255145,0.09370772739320499,True,0.8806732296943665,0.3157173693180084,0.5058064460754395,17.0,473.2161865234375,gamma_pixel_lgr_building_fid_residual_plus_dsm_minus_ground
881,881,569,1,2.2493858337402344,37,-4.175101661682129,2.0229804515838623,6.721668815612791,4.0,0.7656944274902344,6.249385833740234,7.858227252960205,10.889655876159667,11.651116943359375,12.482282829284665,-3.234305572509766,-0.7988333702087402,2.2493858337402344,3.858227252960205,6.889655876159667,7.651116943359375,8.482282829284665,9.630250930786133,37,1.9773787260055542,2.8352016029234095,0.8005874291306898,False,True,9.630250930786133,0,37,1.9773786819839823,2.8352016029234095,0.8005875206086459,True,0.837159276008606,0.3548247516155243,0.7529551386833191,16.0,504.6864929199219,gamma_pixel_lgr_building_fid_residual_plus_dsm_minus_ground
882,882,570,1,30.18781280517578,77,0.5814182996749879,10.092992782592773,17.67865791320801,23.817455291748047,4.689128112792969,34.18781280517578,39.802490234375,41.37256927490235,42.34651107788086,42.93077697753906,0.6891281127929687,7.626010894775391,30.18781280517578,35.802490234375,37.37256927490235,38.34651107788086,38.93077697753906,43.75410079956055,77,1.4106336832046509,3.1183205576860584,1.0,False,True,43.75410079956055,0,77,1.410633626644249,3.1183205576860584,1.0,True,0.8700718879699707,0.30353736877441406,0.6114000082015991,19.0,360.5517883300781,gamma_pixel_lgr_building_fid_residual_plus_dsm_minus_ground
883,883,571,1,11.239065170288086,99,-8.691907596588134,1.7308965921401978,10.963554859161377,16.0,-3.390672159194946,15.239065170288086,21.155348777770996,23.121859169006346,24.267662811279298,26.963554954528806,-7.3906721591949465,4.061124324798584,11.239065170288086,17.155348777770996,19.121859169006346,20.267662811279298,22.963554954528806,26.30710792541504,99,1.8049999475479126,3.20609401961841,1.0,False,True,26.30710792541504,0,99,1.804999802138872,3.20609401961841,1.0,True,0.8443626761436462,0.34709247946739197,0.699929416179657,15.0,408.5389099121094,gamma_pixel_lgr_building_fid_residual_plus_dsm_minus_ground
884,884,572,1,-3.4233126640319824,128,-9.090939235687255,-6.423312664031982,1.3417475342750536,7.0,-2.090939235687256,0.5766873359680176,7.284817576408386,14.571426820755006,16.01140623092651,17.341747665405272,-6.090939235687256,-4.607483744621277,-3.4233126640319824,3.2848175764083862,10.571426820755006,12.011406230926513,13.341747665405272,14.720842361450195,128,2.110513925552368,3.291809732810739,1.0,False,True,14.720842361450195,0,128,2.1105138139094093,3.291809732810739,1.0,True,0.8467246294021606,0.32395827770233154,0.5828732252120972,20.5,561.0567016601562,gamma_pixel_lgr_building_fid_residual_plus_dsm_minus_ground
886,886,574,1,4.736480712890625,42,-3.221550595760345,-0.6120893657207489,3.484041178226466,10.0,4.013208818435669,8.719841957092285,9.952709197998047,10.87492461204529,12.324175930023193,13.687026691436767,0.013208818435669015,3.699602723121643,4.719841957092285,5.952709197998047,6.874924612045288,8.324175930023193,9.687026691436767,10.731778144836426,42,1.9602978229522705,2.88748519288549,0.9624234069526527,False,True,10.731778144836426,0,42,1.9602977908164247,2.88748519288549,0.9624234855478684,True,0.8236123323440552,0.3559125065803528,0.6259012222290039,18.5,660.4149169921875,gamma_pixel_lgr_building_fid_residual_plus_dsm_minus_ground
887,887,575,1,1.528027057647705,20,-0.2114258378744125,1.2379318475723267,2.3546007513999943,4.0,4.712513506412506,5.749291896820068,13.057676553726196,24.60879802703857,26.1296329498291,27.257802200317382,0.7125135064125062,1.1773992776870728,1.7492918968200684,9.057676553726196,20.60879802703857,22.1296329498291,23.257802200317382,23.929561614990234,20,2.0327420234680176,2.556581334492762,0.3284079603813206,False,True,23.929561614990234,0,20,2.0327420352002514,2.556581334492762,0.3284079488606806,True,0.8236618041992188,0.35214537382125854,0.6841611266136169,15.5,530.0452270507812,gamma_pixel_lgr_building_fid_residual_plus_dsm_minus_ground
897,897,577,1,-0.40210390090942383,141,-2.560142993927002,-0.3117683529853821,2.77329683303833,4.0,1.439857006072998,3.6938819885253906,4.468188762664795,5.4968414306640625,6.311984062194824,12.189130783081055,-2.560142993927002,-1.27301025390625,-0.3061180114746094,0.4681887626647949,1.4968414306640625,2.311984062194824,8.189130783081055,24.32078742980957,141,6.1981353759765625,3.3231279491483567,1.5343566417413967e-09,True,False,3.3235020637512207,10,131,2.7979183875397897,3.2993560332009366,0.29897522422110634,True,0.8645838499069214,0.3282812833786011,0.5172368884086609,22.0,589.7933959960938,gamma_pixel_lgr_building_fid_residual_plus_dsm_minus_ground
899,899,579,1,-2.001814365386963,108,-13.601302480697631,-2.1633604764938354,6.729365944862364,4.0,-9.601302480697631,1.9981855154037476,7.385887026786804,11.616160869598389,13.394899940490719,16.458885955810544,-13.601302480697631,-6.749571204185486,-2.0018144845962524,3.385887026786804,7.616160869598389,9.394899940490719,12.458885955810544,16.546390533447266,108,2.3437671661376953,3.235554704463716,0.9622736275575035,False,True,16.546390533447266,0,108,2.343767187893385,3.235554704463716,0.9622735687788775,True,0.8701403141021729,0.30638137459754944,0.7853500843048096,25.0,561.0567016601562,gamma_pixel_lgr_building_fid_residual_plus_dsm_minus_ground
900,900,580,1,3.288386344909668,77,-0.27208149731159204,3.2806789875030518,6.821174049377442,4.0,3.7279184341430667,7.457939147949219,9.577005386352539,10.790391159057616,11.51529636383057,14.129143524169924,-0.27208156585693355,1.4798250198364258,3.4579391479492188,5.577005386352539,6.7903911590576165,7.51529636383057,10.129143524169924,14.083137512207031,77,3.0960843563079834,3.1183205576860584,0.05445720530394749,False,True,14.083137512207031,0,77,3.0960841164906787,3.1183205576860584,0.05445725525061473,True,0.9123464226722717,0.30170106887817383,0.44011688232421875,30.0,613.2711791992188,gamma_pixel_lgr_building_fid_residual_plus_dsm_minus_ground
901,901,581,1,-2.206385612487793,49,-6.348767185211182,-2.0612828731536865,5.54228439331054,4.0,-2.3487671852111816,2.0345346927642822,4.207273960113525,11.29049625396728,15.09019012451172,19.60314178466795,-6.348767185211182,-3.254997491836548,-1.9654653072357178,0.2072739601135254,7.29049625396728,11.09019012451172,15.603141784667951,26.499544143676758,49,3.629460334777832,2.949060370864467,0.0022580228323421103,True,False,13.653045654296875,3,46,2.9162808224915397,2.924080860089991,0.05154709372279087,True,0.87628573179245,0.2740044593811035,1.0797216892242432,15.0,521.2033081054688,gamma_pixel_lgr_building_fid_residual_plus_dsm_minus_ground
902,902,582,1,-5.02035665512085,75,-15.604168701171874,-5.02035665512085,15.574539661407467,4.0,-11.604168701171874,-0.9995489120483398,7.862550258636475,14.680441761016846,18.618302917480484,21.888977622985838,-15.604168701171874,-9.325075149536133,-4.99954891204834,3.8625502586364746,10.680441761016846,14.618302917480483,17.888977622985838,47.00215530395508,75,3.8606786727905273,3.1088847965130726,0.0017708134510741047,True,False,21.160552978515625,2,73,2.4134141225150505,3.099143402677311,0.5122442914409586,True,0.8839839696884155,0.33471980690956116,0.8296214938163757,14.0,478.9831848144531,gamma_pixel_lgr_building_fid_residual_plus_dsm_minus_ground
906,906,585,1,7.422428131103516,107,-11.072644233703613,3.2112770080566406,14.632397079467768,8.929783821105957,-5.68441581726074,11.422428131103516,24.813819885253906,28.775428390502928,30.215303039550786,33.63239669799804,-9.68441581726074,-1.2042772769927979,7.422428131103516,20.813819885253906,24.775428390502928,26.215303039550786,29.63239669799804,34.499305725097656,107,1.9735746383666992,3.2324266934216785,1.0,False,True,34.499305725097656,0,107,1.9735746339837863,3.2324266934216785,1.0,True,0.8867385387420654,0.2789483070373535,0.9044436812400818,23.0,477.1289978027344,gamma_pixel_lgr_building_fid_residual_plus_dsm_minus_ground
907,907,586,1,6.300474166870117,33,-3.8532076358795164,3.849414587020874,18.409653854370116,4.418899059295654,0.32926173210144044,10.300474166870117,20.48171615600586,24.731529235839844,26.009191894531252,28.066975021362303,-3.6707382678985594,-0.05248713493347168,6.300474166870117,16.48171615600586,20.731529235839844,22.009191894531252,24.066975021362303,29.728069305419922,33,2.205345392227173,2.78663898783401,0.3723875955339463,False,True,29.728069305419922,0,33,2.20534529457498,2.78663898783401,0.3723877031477312,True,0.9119887948036194,0.17536678910255432,0.7764571905136108,15.0,323.981689453125,gamma_pixel_lgr_building_fid_residual_plus_dsm_minus_ground
925,925,590,1,17.66162109375,83,-18.13468704223633,-2.1688930988311768,4.296310019493096,22.0,-14.134687042236328,21.66162109375,25.366658210754395,27.484769439697267,28.305632019042967,29.198535156249996,-18.13468704223633,-4.581081390380859,17.66162109375,21.366658210754395,23.484769439697267,24.305632019042967,25.198535156249996,26.996856689453125,83,1.106084942817688,3.144962170081836,1.0,False,True,26.996856689453125,0,83,1.1060849382593116,3.144962170081836,1.0,True,0.8550947308540344,0.3275289535522461,0.7436941862106323,16.0,370.39849853515625,gamma_pixel_lgr_building_fid_residual_plus_dsm_minus_ground
926,926,591,1,28.19948959350586,29,-0.0405304312705993,4.199489116668701,6.585606098175049,28.0,26.836434173583985,32.19948959350586,33.597232818603516,34.03968353271485,34.383444213867186,34.58560638427734,22.836434173583985,26.197914123535156,28.19948959350586,29.597232818603516,30.039683532714843,30.383444213867186,30.585606384277344,31.94489288330078,29,1.6601332426071167,2.7301270503068427,1.0,False,True,31.94489288330078,0,29,1.660133741579225,2.7301270503068427,1.0,True,0.8617846369743347,0.34499090909957886,0.8479529619216919,17.0,460.1239013671875,gamma_pixel_lgr_building_fid_residual_plus_dsm_minus_ground
927,927,592,1,9.317567825317383,53,-3.092726945877075,2.89449405670166,8.97141189575195,10.036030769348145,2.065490770339966,13.317567825317383,26.752918243408203,28.262448120117185,29.98577308654785,30.971411895751952,-1.934509229660034,4.028443336486816,9.317567825317383,22.752918243408203,24.262448120117185,25.98577308654785,26.971411895751952,28.49100112915039,53,1.5041764974594116,2.979607732147852,1.0,False,True,28.49100112915039,0,53,1.5041765031226995,2.979607732147852,1.0,True,0.8620871305465698,0.3354223072528839,0.6671185493469238,21.0,613.2711791992188,gamma_pixel_lgr_building_fid_residual_plus_dsm_minus_ground
936,936,602,1,2.8749823570251465,80,-2.9153937220573423,2.7836110591888428,18.947785091400142,4.0,1.2103789448738098,8.146245956420898,12.645420789718628,18.913749217987,35.42787933349618,46.904980659484856,-2.78962105512619,0.10350596904754639,4.146245956420898,8.645420789718628,14.913749217987,31.42787933349618,42.904980659484856,48.82025146484375,80,2.9824368953704834,3.1319390484640484,0.08760448694305367,False,True,48.82025146484375,0,80,2.9824371134962404,3.1319390484640484,0.08760441721585188,True,0.8607262372970581,0.32614922523498535,0.4398985505104065,15.0,323.981689453125,gamma_pixel_lgr_building_fid_residual_plus_dsm_minus_ground
941,941,607,1,13.005216598510742,37,0.5154343724250794,3.9549243450164795,17.435203552246072,12.470185279846191,5.296989631652832,17.005216598510742,23.621347427368164,29.788196563720692,36.18343811035155,40.257666015625,1.296989631652832,4.182869911193848,13.005216598510742,19.621347427368164,25.788196563720692,32.18343811035155,36.257666015625,37.197452545166016,37,2.0967845916748047,2.8352016029234095,0.5817404523677138,False,True,37.197452545166016,0,37,2.096784637866704,2.8352016029234095,0.5817403783557991,True,0.86060631275177,0.32072508335113525,0.9315786361694336,13.0,476.59381103515625,gamma_pixel_lgr_building_fid_residual_plus_dsm_minus_ground
944,944,610,1,-4.316888809204102,80,-11.342010021209717,-4.316888809204102,2.8656731009483334,4.0,-7.342010021209717,-0.23749637603759766,5.5566781759262085,7.074996757507322,7.904998111724854,8.74976987838745,-11.342010021209717,-6.6424866914749146,-4.237496376037598,1.5566781759262085,3.0749967575073227,3.9049981117248542,4.74976987838745,42.32536697387695,80,5.550385475158691,3.1319390484640484,1.7447945310777868e-08,True,False,10.183680534362793,2,78,2.5674065531377286,3.122929355610483,0.3458889239147842,True,0.9249215126037598,0.21404077112674713,0.4425288438796997,31.0,712.62939453125,gamma_pixel_lgr_building_fid_residual_plus_dsm_minus_ground
945,945,611,1,17.66192626953125,31,5.7390522956848145,18.056787490844727,30.335238456726074,4.0,12.078924655914307,22.561397552490234,27.366865158081055,28.4882755279541,31.30165672302246,45.31069755554199,8.078924655914307,13.082815170288086,18.561397552490234,23.366865158081055,24.4882755279541,27.30165672302246,41.31069755554199,52.359466552734375,31,3.1113853454589844,2.7595228667618996,0.010393091019067935,True,False,41.96039962768555,1,30,2.6813489207878067,2.7451317244535867,0.06443464478166239,True,0.9117723107337952,0.18931034207344055,0.450239896774292,13.0,244.43089294433594,gamma_pixel_lgr_building_fid_residual_plus_dsm_minus_ground
946,946,612,1,2.5659730434417725,65,-5.639966297149658,1.2019468545913696,7.2600087165832505,4.0,-0.15463275909423801,6.702108383178711,13.43451976776123,17.56057739257812,21.03607215881348,25.449997711181634,-4.154632759094238,0.3032536506652832,2.702108383178711,9.43451976776123,13.560577392578121,17.03607215881348,21.449997711181634,37.6566276550293,65,3.942213296890259,3.0567110647513203,0.000839100655304903,True,False,22.972728729248047,1,64,2.5267012910467077,3.050967777749636,0.311655826423447,True,0.847562313079834,0.26190686225891113,1.0788214206695557,15.0,571.4669189453125,gamma_pixel_lgr_building_fid_residual_plus_dsm_minus_ground
949,949,613,1,16.445781707763672,123,-3.0511225700378417,1.2856699228286743,5.129038524627685,19.0,2.0629776477813726,20.14002227783203,21.138202667236328,22.01041831970215,22.787718963623046,23.916673088073725,-1.9370223522186272,14.659148216247559,16.14002227783203,17.138202667236328,18.01041831970215,18.787718963623046,19.916673088073725,21.563961029052734,123,1.183251976966858,3.2787620977794054,1.0,False,True,21.563961029052734,0,123,1.1832521501883917,3.2787620977794054,1.0,True,0.8409804701805115,0.33895811438560486,0.9837354421615601,21.0,589.7933959960938,gamma_pixel_lgr_building_fid_residual_plus_dsm_minus_ground
951,951,615,1,15.146659851074219,22,-7.926253247261047,-0.007916436530649662,1.168468219041824,19.0,-3.2839663505554197,18.99208354949951,19.55356740951538,19.70730972290039,19.91063289642334,20.168469047546388,-7.28396635055542,13.818669319152832,14.992083549499512,15.55356740951538,15.70730972290039,15.91063289642334,16.168469047546388,16.63723373413086,22,0.6647472381591797,2.602783742942279,1.0,False,True,16.63723373413086,0,22,0.6647471771920838,2.602783742942279,1.0,True,0.8867558240890503,0.2663904130458832,0.8294426202774048,18.5,613.2711791992188,gamma_pixel_lgr_building_fid_residual_plus_dsm_minus_ground
952,952,616,1,25.774553298950195,123,-0.8761674225330351,3.9366037845611572,16.75057458877561,19.0,8.427993965148927,29.774553298950195,43.667951583862305,46.400435256958005,49.54185409545898,56.948860549926756,4.427993965148926,14.516218185424805,25.774553298950195,39.667951583862305,42.400435256958005,45.54185409545898,52.948860549926756,64.43730926513672,123,2.4285686016082764,3.2787620977794054,0.8692590389326086,False,True,64.43730926513672,0,123,2.428568594239433,3.2787620977794054,0.8692590573872258,True,0.9176971912384033,0.16197098791599274,1.0200563669204712,35.0,712.62939453125,gamma_pixel_lgr_building_fid_residual_plus_dsm_minus_ground
971,971,620,1,4.803041458129883,63,-11.673159503936768,-0.6142339706420898,9.922290611267089,10.0,-7.326902246475219,10.493602752685547,16.975897789001465,19.680253791809083,24.280256652832037,30.383909034729,-11.32690224647522,-0.4626343250274658,6.493602752685547,12.975897789001465,15.680253791809081,20.280256652832037,26.383909034729,38.121246337890625,63,2.8121774196624756,3.045115403805128,0.11823267968549567,False,True,38.121246337890625,0,63,2.812177358534676,3.045115403805128,0.11823270516523199,True,0.8683297634124756,0.28233110904693604,0.8119568228721619,16.0,323.981689453125,gamma_pixel_lgr_building_fid_residual_plus_dsm_minus_ground
973,973,622,1,3.465088367462158,55,-5.116774559020996,-0.03083430603146553,9.089417839050288,7.300451755523682,-1.0831010341644287,7.465088367462158,19.520874977111816,27.05437602996826,29.16698760986328,30.293646240234374,-5.083101034164429,-1.7776504755020142,3.465088367462158,15.520874977111816,23.05437602996826,25.16698760986328,26.293646240234374,32.02085876464844,55,2.273564577102661,2.9938482629308076,0.5581301739347005,False,True,32.02085876464844,0,55,2.273564317200128,2.9938482629308076,0.5581305887982535,True,0.839963972568512,0.3335733115673065,0.7697296738624573,18.0,410.3930969238281,gamma_pixel_lgr_building_fid_residual_plus_dsm_minus_ground
975,975,624,1,-2.8569788932800293,57,-5.559860420227051,-2.522498846054077,1.7244315624237059,4.0,-1.5598604202270507,1.4775011539459229,2.93528413772583,4.600267982482912,8.455278968811031,10.592759704589833,-5.559860420227051,-3.841912031173706,-2.522498846054077,-1.06471586227417,0.6002679824829114,4.455278968811031,6.592759704589832,14.380088806152344,57,3.91640305519104,3.007474117438872,0.0006931304821000683,True,False,6.040061950683594,3,54,2.8987727255188043,2.9868080398667765,0.06995676803097028,True,0.8609315752983093,0.3407234847545624,0.5364238023757935,19.0,660.4149169921875,gamma_pixel_lgr_building_fid_residual_plus_dsm_minus_ground
981,981,629,1,0.0,33,-4.338288497924805,-1.5910296440124512,5.117907142639157,4.34067964553833,-0.33828849792480464,4.0,11.980794906616211,15.581298828124998,19.605578613281253,23.013222122192378,-4.338288497924805,-2.863384485244751,0.0,7.980794906616211,11.581298828124998,15.605578613281251,19.013222122192378,22.462587356567383,33,2.4027609825134277,2.78663898783401,0.20132918419346202,False,True,22.462587356567383,0,33,2.402761055326488,2.78663898783401,0.20132913615729997,True,0.8358070850372314,0.32443732023239136,0.7761449813842773,15.0,504.6864929199219,gamma_pixel_lgr_building_fid_residual_plus_dsm_minus_ground
983,983,631,1,-0.7045364379882812,24,-4.986869192123413,-0.840644121170044,5.726150727272032,4.0,-0.9868691921234131,3.4978222846984863,6.631561875343323,9.973926973342897,11.705963230133056,13.909859037399288,-4.986869192123413,-3.7531121969223022,-0.5021777153015137,2.6315618753433228,5.973926973342897,7.705963230133056,9.909859037399288,21.962690353393555,24,3.330151081085205,2.6439099244557838,0.0012483444673039301,True,False,10.2404203414917,1,23,2.262902301054253,2.6239161203491976,0.1927563226131559,True,0.8465984463691711,0.34803298115730286,0.5942214727401733,15.0,346.03912353515625,gamma_pixel_lgr_building_fid_residual_plus_dsm_minus_ground
988,988,636,1,-0.7693160772323608,31,-6.679570913314819,-1.0528863668441772,5.046493291854858,4.0,-2.6795709133148193,3.1807754039764404,5.681265115737915,7.4062464237213135,8.669539451599121,9.459222793579102,-6.679570913314819,-2.6946462392807007,-0.8192245960235596,1.681265115737915,3.4062464237213135,4.669539451599121,5.459222793579102,8.069941520690918,31,2.192103862762451,2.7595228667618996,0.35845349567444296,False,True,8.069941520690918,0,31,2.192103913625089,2.7595228667618996,0.35845344149614955,True,0.8462755680084229,0.3205818831920624,0.8345910310745239,17.0,468.6012878417969,gamma_pixel_lgr_building_fid_residual_plus_dsm_minus_ground
992,992,640,1,4.182485103607178,28,-11.033297443389893,2.911975145339966,10.615523910522459,4.0,-7.033297443389893,8.182485103607178,13.806806325912476,16.17151889801025,17.231916236877442,19.12723512649536,-11.033297443389893,-5.609825134277344,4.182485103607178,9.806806325912476,12.171518898010254,13.231916236877444,15.12723512649536,17.961406707763672,28,1.7146695852279663,2.714458787361858,1.0,False,True,17.961406707763672,0,28,1.7146694770668143,2.714458787361858,1.0,True,0.8247198462486267,0.346230149269104,0.8423633575439453,14.5,311.117431640625,gamma_pixel_lgr_building_fid_residual_plus_dsm_minus_ground
998,998,646,1,16.73472785949707,66,-2.2083248496055603,1.3676588535308838,4.465741157531738,19.0,16.59444570541382,20.623055458068848,24.88944149017334,26.138487339019775,26.93669319152832,28.737366676330566,12.594445705413818,16.20261001586914,16.623055458068848,20.88944149017334,22.138487339019775,22.93669319152832,24.737366676330566,26.950883865356445,66,1.978102684020996,3.0623490070880934,1.0,False,True,26.950883865356445,0,66,1.9781023517350356,3.0623490070880934,1.0,True,0.8647029399871826,0.3539785146713257,0.7592849731445312,25.0,561.0567016601562,gamma_pixel_lgr_building_fid_residual_plus_dsm_minus_ground
1005,1005,653,1,-7.275109767913818,20,-10.44983525276184,-7.337226629257202,1.3840583682060243,4.0,-6.44983525276184,-2.788501262664795,4.7016685009002686,11.4825451850891,19.07314262390138,25.742760276794435,-10.44983525276184,-8.060400485992432,-6.788501262664795,0.7016685009002686,7.4825451850891,15.073142623901377,21.742760276794435,22.374065399169922,20,2.340315580368042,2.556581334492762,0.11831080254839144,False,True,22.374065399169922,0,20,2.340315703858958,2.556581334492762,0.11831074876895276,True,0.8546237945556641,0.3542272448539734,0.6843003630638123,13.0,315.8710021972656,gamma_pixel_lgr_building_fid_residual_plus_dsm_minus_ground
1008,1008,656,1,1.3822450637817383,48,-4.168777573108673,0.6994343101978302,9.099915313720704,4.0,0.18978993892669682,5.562189817428589,9.724754571914673,11.018568468093871,13.027852249145507,13.707228422164915,-3.8102100610733034,-1.2506681084632874,1.5621898174285889,5.724754571914673,7.018568468093871,9.027852249145507,9.707228422164915,17.37578582763672,48,3.0993943214416504,2.940946370611472,0.026337157628978147,True,False,10.346944808959961,1,47,1.8977477592685936,2.932623282239436,1.0,True,0.8499154448509216,0.324962854385376,0.5779047012329102,17.0,478.9831848144531,gamma_pixel_lgr_building_fid_residual_plus_dsm_minus_ground
1010,1010,658,1,1.8942575454711914,32,-0.5278124123811722,2.0399547815322876,6.699974989891052,4.0,3.4721875548362733,6.150014400482178,7.810205698013306,10.960897111892699,11.461777687072754,16.198207330703735,-0.5278124451637267,0.42299365997314453,2.1500144004821777,3.8102056980133057,6.9608971118927,7.461777687072755,12.198207330703735,13.866703033447266,32,2.760087251663208,2.7733452324854233,0.05272769172061942,False,True,13.866703033447266,0,32,2.760087306293368,2.7733452324854233,0.05272768022146934,True,0.8450696468353271,0.35062456130981445,0.5656299591064453,16.0,414.7428894042969,gamma_pixel_lgr_building_fid_residual_plus_dsm_minus_ground
1012,1012,660,1,4.242068290710449,28,-2.949820578098297,3.335712432861328,9.476319789886475,4.0,1.0501794219017029,8.242068529129028,12.494007349014282,13.50695276260376,14.532506275177003,15.809542322158814,-2.949820578098297,1.046400785446167,4.242068529129028,8.494007349014282,9.50695276260376,10.532506275177003,11.809542322158814,16.071247100830078,28,2.2704336643218994,2.714458787361858,0.247270694238384,False,True,16.071247100830078,0,28,2.2704335064210537,2.714458787361858,0.24727081786803096,True,0.8415626883506775,0.33524176478385925,0.6913595795631409,16.0,500.69024658203125,gamma_pixel_lgr_building_fid_residual_plus_dsm_minus_ground
1013,1013,661,1,-0.9477940797805786,36,-4.86426842212677,-0.8257706165313721,4.914593696594238,4.0,-0.86426842212677,3.3609161376953125,5.248626708984375,15.320400714874268,22.9058198928833,29.657943725585938,-4.86426842212677,-2.1163312196731567,-0.6390838623046875,1.248626708984375,11.320400714874268,18.9058198928833,25.657943725585938,26.98776626586914,36,2.601832866668701,2.8236933338418355,0.11521261184699005,False,True,26.98776626586914,0,36,2.601832969240621,2.8236933338418355,0.11521256982280992,True,0.8211138844490051,0.34619319438934326,0.825947105884552,15.0,476.59381103515625,gamma_pixel_lgr_building_fid_residual_plus_dsm_minus_ground
