{
"type": "FeatureCollection",
"name": "tongji_clip_rslc_extent_equal_height_clean",
"crs": { "type": "name", "properties": { "name": "urn:ogc:def:crs:OGC:1.3:CRS84" } },
"features": [
{ "type": "Feature", "properties": { "clean_id": 1, "Id": 0, "Floor": 8, "height": 24, "source_count": 1, "source_uids": "1" }, "geometry": { "type": "Polygon", "coordinates": [ [ [ 121.492444563000163, 31.276405437999919 ], [ 121.492455342999961, 31.2762588143001 ], [ 121.492089246, 31.276257718900073 ], [ 121.492089240000169, 31.276331046900111 ], [ 121.492089234000119, 31.276404374900096 ], [ 121.492444563000163, 31.276405437999919 ] ] ] } },
{ "type": "Feature", "properties": { "clean_id": 2, "Id": 0, "Floor": 8, "height": 24, "source_count": 1, "source_uids": "2" }, "geometry": { "type": "Polygon", "coordinates": [ [ [ 121.491217068000083, 31.276365102900058 ], [ 121.490775601, 31.276363783800033 ], [ 121.490775592, 31.276464609599998 ], [ 121.491217060000054, 31.276456762699965 ], [ 121.491217068000083, 31.276365102900058 ] ] ] } },
{ "type": "Feature", "properties": { "clean_id": 3, "Id": 0, "Floor": 8, "height": 24, "source_count": 1, "source_uids": "3" }, "geometry": { "type": "Polygon", "coordinates": [ [ [ 121.491690834, 31.27641234920009 ], [ 121.491292436000094, 31.276411158100075 ], [ 121.491292429000055, 31.276502817899992 ], [ 121.491690825999967, 31.276504009100059 ], [ 121.491690834, 31.27641234920009 ] ] ] } },
{ "type": "Feature", "properties": { "clean_id": 4, "Id": 0, "Floor": 4, "height": 12, "source_count": 1, "source_uids": "4" }, "geometry": { "type": "Polygon", "coordinates": [ [ [ 121.491712357000083, 31.276559069299996 ], [ 121.491626217000103, 31.276558811699996 ], [ 121.491626210000163, 31.276641305500053 ], [ 121.491712350000071, 31.276641563000069 ], [ 121.491712357000083, 31.276559069299996 ] ] ] } },
{ "type": "Feature", "properties": { "clean_id": 5, "Id": 0, "Floor": 5, "height": 15, "source_count": 2, "source_uids": "5;6" }, "geometry": { "type": "Polygon", "coordinates": [ [ [ 121.49060334009981, 31.276143838541586 ], [ 121.490217690146181, 31.276139326982282 ], [ 121.490226475999989, 31.276187990000103 ], [ 121.490603338000128, 31.276170783199966 ], [ 121.490711013, 31.276161938800101 ], [ 121.490708184164831, 31.276145065068945 ], [ 121.49060334009981, 31.276143838541586 ] ] ] } },
{ "type": "Feature", "properties": { "clean_id": 6, "Id": 0, "Floor": 8, "height": 24, "source_count": 2, "source_uids": "7;8" }, "geometry": { "type": "Polygon", "coordinates": [ [ [ 121.490603321, 31.276363269199919 ], [ 121.490075717000096, 31.276361694100043 ], [ 121.490075707000074, 31.27647168600009 ], [ 121.490603312000061, 31.276473260999978 ], [ 121.490710987000071, 31.276473582599973 ], [ 121.490710995999976, 31.276363590800088 ], [ 121.490603321, 31.276363269199919 ] ] ] } },
{ "type": "Feature", "properties": { "clean_id": 7, "Id": 0, "Floor": 8, "height": 24, "source_count": 2, "source_uids": "9;10" }, "geometry": { "type": "Polygon", "coordinates": [ [ [ 121.49060330199994, 31.276592418700037 ], [ 121.490086465000104, 31.276590875799965 ], [ 121.490086454, 31.276710033300038 ], [ 121.490603292000046, 31.276711576300102 ], [ 121.490721734, 31.276711930000097 ], [ 121.490721743999984, 31.27659277250001 ], [ 121.49060330199994, 31.276592418700037 ] ] ] } },
{ "type": "Feature", "properties": { "clean_id": 8, "Id": 0, "Floor": 2, "height": 6, "source_count": 2, "source_uids": "11;12" }, "geometry": { "type": "Polygon", "coordinates": [ [ [ 121.490603286000123, 31.276775738000026 ], [ 121.490237193000098, 31.276774644900005 ], [ 121.490237186000186, 31.276857138500073 ], [ 121.490603278999984, 31.276858231600048 ], [ 121.490710953999951, 31.276858553100045 ], [ 121.490710961, 31.276776059600021 ], [ 121.490603286000123, 31.276775738000026 ] ] ] } },
{ "type": "Feature", "properties": { "clean_id": 9, "Id": 0, "Floor": 8, "height": 24, "source_count": 2, "source_uids": "13;14" }, "geometry": { "type": "Polygon", "coordinates": [ [ [ 121.490603278999984, 31.276858231600048 ], [ 121.490237186000186, 31.276857138500073 ], [ 121.490237178000044, 31.276948797899927 ], [ 121.490603271000168, 31.276949891000129 ], [ 121.490710946000149, 31.276950212600127 ], [ 121.490710953999951, 31.276858553100045 ], [ 121.490603278999984, 31.276858231600048 ] ] ] } },
{ "type": "Feature", "properties": { "clean_id": 10, "Id": 0, "Floor": 8, "height": 24, "source_count": 1, "source_uids": "15" }, "geometry": { "type": "Polygon", "coordinates": [ [ [ 121.490011111000058, 31.276379833300094 ], [ 121.489580381936392, 31.276378548566154 ], [ 121.489578628295362, 31.276488535165406 ], [ 121.490011101000064, 31.276489825100096 ], [ 121.490011111000058, 31.276379833300094 ] ] ] } },
{ "type": "Feature", "properties": { "clean_id": 11, "Id": 0, "Floor": 8, "height": 24, "source_count": 1, "source_uids": "16" }, "geometry": { "type": "Polygon", "coordinates": [ [ [ 121.490021857999977, 31.276609014899979 ], [ 121.489576591174455, 31.276616301333885 ], [ 121.489574828745802, 31.276726839083057 ], [ 121.490021847999984, 31.276728172500036 ], [ 121.490021857999977, 31.276609014899979 ] ] ] } },
{ "type": "Feature", "properties": { "clean_id": 12, "Id": 0, "Floor": 8, "height": 24, "source_count": 1, "source_uids": "17" }, "geometry": { "type": "Polygon", "coordinates": [ [ [ 121.490129513000056, 31.27683848520002 ], [ 121.489612675000103, 31.276864441200011 ], [ 121.489612665999971, 31.276965266599976 ], [ 121.490140271000101, 31.276948508700002 ], [ 121.490129513000056, 31.27683848520002 ] ] ] } },
{ "type": "Feature", "properties": { "clean_id": 13, "Id": 0, "Floor": 5, "height": 15, "source_count": 1, "source_uids": "18" }, "geometry": { "type": "Polygon", "coordinates": [ [ [ 121.489731098999982, 31.277066445100051 ], [ 121.489569588, 31.277065963399991 ], [ 121.489569583000048, 31.277130124900111 ], [ 121.489731094000021, 31.27713060659994 ], [ 121.489731098999982, 31.277066445100051 ] ] ] } },
{ "type": "Feature", "properties": { "clean_id": 14, "Id": 0, "Floor": 4, "height": 12, "source_count": 1, "source_uids": "19" }, "geometry": { "type": "Polygon", "coordinates": [ [ [ 121.489924904999938, 31.277158682499991 ], [ 121.490129486, 31.277159293000071 ], [ 121.490129492000165, 31.277085965600072 ], [ 121.489795702000052, 31.277084969700013 ], [ 121.489795690000051, 31.277222458500088 ], [ 121.489924899000016, 31.277222843900056 ], [ 121.489924904999938, 31.277158682499991 ] ] ] } },
{ "type": "Feature", "properties": { "clean_id": 15, "Id": 0, "Floor": 8, "height": 24, "source_count": 1, "source_uids": "20" }, "geometry": { "type": "Polygon", "coordinates": [ [ [ 121.491238585000019, 31.276575984800104 ], [ 121.490807885000095, 31.27657469790006 ], [ 121.49080787700008, 31.276675523500046 ], [ 121.491238576000114, 31.276676810500074 ], [ 121.491238585000019, 31.276575984800104 ] ] ] } },
{ "type": "Feature", "properties": { "clean_id": 16, "Id": 0, "Floor": 5, "height": 15, "source_count": 1, "source_uids": "21" }, "geometry": { "type": "Polygon", "coordinates": [ [ [ 121.491593912, 31.276586213100078 ], [ 121.491453934, 31.276585794499965 ], [ 121.491453927000066, 31.276668288300076 ], [ 121.491593906000176, 31.276659540800097 ], [ 121.491593912, 31.276586213100078 ] ] ] } },
{ "type": "Feature", "properties": { "clean_id": 17, "Id": 0, "Floor": 5, "height": 15, "source_count": 1, "source_uids": "22" }, "geometry": { "type": "Polygon", "coordinates": [ [ [ 121.491432395999936, 31.276622394000125 ], [ 121.491303186000096, 31.276622007800089 ], [ 121.491303179000056, 31.276704501499978 ], [ 121.491432389000025, 31.276704887700014 ], [ 121.491432395999936, 31.276622394000125 ] ] ] } },
{ "type": "Feature", "properties": { "clean_id": 18, "Id": 0, "Floor": 2, "height": 6, "source_count": 1, "source_uids": "23" }, "geometry": { "type": "Polygon", "coordinates": [ [ [ 121.492143013000018, 31.277091982799952 ], [ 121.492132256999966, 31.276954461500054 ], [ 121.492121502000145, 31.276807774200044 ], [ 121.492110746, 31.276670252600066 ], [ 121.492099991000032, 31.276523564800019 ], [ 121.492089234000119, 31.276404374900096 ], [ 121.492089240000169, 31.276331046900111 ], [ 121.492013866000107, 31.276339987399972 ], [ 121.492056871000045, 31.277110056900085 ], [ 121.492143011000067, 31.277110314600069 ], [ 121.492143013000018, 31.277091982799952 ] ] ] } },
{ "type": "Feature", "properties": { "clean_id": 19, "Id": 0, "Floor": 7, "height": 21, "source_count": 1, "source_uids": "24" }, "geometry": { "type": "Polygon", "coordinates": [ [ [ 121.491324708999983, 31.276759561600112 ], [ 121.491313932000153, 31.276869520800066 ], [ 121.491820006000026, 31.276871034000131 ], [ 121.491820015000158, 31.276761042600118 ], [ 121.491324708999983, 31.276759561600112 ] ] ] } },
{ "type": "Feature", "properties": { "clean_id": 20, "Id": 0, "Floor": 8, "height": 24, "source_count": 1, "source_uids": "25" }, "geometry": { "type": "Polygon", "coordinates": [ [ [ 121.491260100999966, 31.276796032300126 ], [ 121.490818634, 31.27679471310012 ], [ 121.490818625000088, 31.276895538600058 ], [ 121.491260092000061, 31.276896857700084 ], [ 121.491260100999966, 31.276796032300126 ] ] ] } },
{ "type": "Feature", "properties": { "clean_id": 21, "Id": 0, "Floor": 2, "height": 6, "source_count": 1, "source_uids": "26" }, "geometry": { "type": "Polygon", "coordinates": [ [ [ 121.491873841000128, 31.276898692899977 ], [ 121.491755398, 31.276898338600134 ], [ 121.491755389000105, 31.276999164000014 ], [ 121.491873832, 31.276999518200114 ], [ 121.491873841000128, 31.276898692899977 ] ] ] } },
{ "type": "Feature", "properties": { "clean_id": 22, "Id": 0, "Floor": 7, "height": 21, "source_count": 1, "source_uids": "27" }, "geometry": { "type": "Polygon", "coordinates": [ [ [ 121.491206242999965, 31.277034185900117 ], [ 121.490754009000057, 31.277032834700027 ], [ 121.490753999000063, 31.277142825799999 ], [ 121.49120623400006, 31.277144177000029 ], [ 121.491206242999965, 31.277034185900117 ] ] ] } },
{ "type": "Feature", "properties": { "clean_id": 23, "Id": 0, "Floor": 7, "height": 21, "source_count": 1, "source_uids": "28" }, "geometry": { "type": "Polygon", "coordinates": [ [ [ 121.491830758999967, 31.277036053100002 ], [ 121.491292382999973, 31.277034443400055 ], [ 121.491292374000068, 31.27714443450002 ], [ 121.491830750000076, 31.277146044199974 ], [ 121.491830758999967, 31.277036053100002 ] ] ] } },
{ "type": "Feature", "properties": { "clean_id": 24, "Id": 0, "Floor": 2, "height": 6, "source_count": 1, "source_uids": "29" }, "geometry": { "type": "Polygon", "coordinates": [ [ [ 121.491927658000137, 31.27713716820012 ], [ 121.491830750000076, 31.277146044199974 ], [ 121.491787679000154, 31.277145915400069 ], [ 121.491787670000022, 31.277255906400001 ], [ 121.491927648000114, 31.277256325100101 ], [ 121.491927658000137, 31.27713716820012 ] ] ] } },
{ "type": "Feature", "properties": { "clean_id": 25, "Id": 0, "Floor": 8, "height": 24, "source_count": 2, "source_uids": "30;31" }, "geometry": { "type": "Polygon", "coordinates": [ [ [ 121.490603259999958, 31.277087380000069 ], [ 121.49025870100013, 31.277086351200065 ], [ 121.490258692, 31.277196342300037 ], [ 121.490603250000063, 31.277197371100044 ], [ 121.490678622000118, 31.277197596199979 ], [ 121.49067863200014, 31.277087605100014 ], [ 121.490603259999958, 31.277087380000069 ] ] ] } },
{ "type": "Feature", "properties": { "clean_id": 26, "Id": 0, "Floor": 7, "height": 21, "source_count": 2, "source_uids": "32;33" }, "geometry": { "type": "Polygon", "coordinates": [ [ [ 121.490603239000052, 31.27732569380003 ], [ 121.490269448000149, 31.277324697200065 ], [ 121.490269439000159, 31.277434688000028 ], [ 121.490603230000019, 31.27743568469997 ], [ 121.490700136999976, 31.277435974100115 ], [ 121.490700146000094, 31.277325983300045 ], [ 121.490603239000052, 31.27732569380003 ] ] ] } },
{ "type": "Feature", "properties": { "clean_id": 27, "Id": 0, "Floor": 8, "height": 24, "source_count": 2, "source_uids": "34;35" }, "geometry": { "type": "Polygon", "coordinates": [ [ [ 121.490603220000125, 31.277554841300113 ], [ 121.490075615000038, 31.277553266200069 ], [ 121.490075606000133, 31.277654090900111 ], [ 121.490603211, 31.27765566599998 ], [ 121.490689351000015, 31.277655923199969 ], [ 121.490689359000044, 31.277555098500095 ], [ 121.490603220000125, 31.277554841300113 ] ] ] } },
{ "type": "Feature", "properties": { "clean_id": 28, "Id": 0, "Floor": 8, "height": 24, "source_count": 2, "source_uids": "36;37" }, "geometry": { "type": "Polygon", "coordinates": [ [ [ 121.490603203, 31.277756490600041 ], [ 121.490064829999938, 31.277764049200016 ], [ 121.490064821000033, 31.277864873700086 ], [ 121.49060319299997, 31.277866480900112 ], [ 121.490678565000053, 31.277866706000054 ], [ 121.490678575000075, 31.277756715699976 ], [ 121.490603203, 31.277756490600041 ] ] ] } },
{ "type": "Feature", "properties": { "clean_id": 29, "Id": 0, "Floor": 8, "height": 24, "source_count": 2, "source_uids": "38;39" }, "geometry": { "type": "Polygon", "coordinates": [ [ [ 121.490603187000048, 31.27793980780006 ], [ 121.49008634900008, 31.277947430700067 ], [ 121.49008634000019, 31.278048255000055 ], [ 121.490603178000143, 31.278049798000097 ], [ 121.490700085000057, 31.278050087400064 ], [ 121.49070009400009, 31.277940097200034 ], [ 121.490603187000048, 31.27793980780006 ] ] ] } },
{ "type": "Feature", "properties": { "clean_id": 30, "Id": 0, "Floor": 7, "height": 21, "source_count": 1, "source_uids": "40" }, "geometry": { "type": "Polygon", "coordinates": [ [ [ 121.491927638999982, 31.277357150099981 ], [ 121.491927648000114, 31.277256325100101 ], [ 121.49138927200012, 31.277254715200005 ], [ 121.491389262999988, 31.277364706100116 ], [ 121.491776894000054, 31.27735669920008 ], [ 121.491927638999982, 31.277357150099981 ] ] ] } },
{ "type": "Feature", "properties": { "clean_id": 31, "Id": 0, "Floor": 7, "height": 21, "source_count": 1, "source_uids": "41" }, "geometry": { "type": "Polygon", "coordinates": [ [ [ 121.491303130999981, 31.277263623600053 ], [ 121.490764757000079, 31.277262014900035 ], [ 121.490764747999947, 31.2773628399001 ], [ 121.49130312299998, 31.27736444860011 ], [ 121.491303130999981, 31.277263623600053 ] ] ] } },
{ "type": "Feature", "properties": { "clean_id": 32, "Id": 0, "Floor": 2, "height": 6, "source_count": 1, "source_uids": "42" }, "geometry": { "type": "Polygon", "coordinates": [ [ [ 121.491927638999982, 31.277357150099981 ], [ 121.491776894000054, 31.27735669920008 ], [ 121.491776885000149, 31.277457524099997 ], [ 121.491927630999953, 31.277457975000051 ], [ 121.491927638999982, 31.277357150099981 ] ] ] } },
{ "type": "Feature", "properties": { "clean_id": 33, "Id": 0, "Floor": 7, "height": 21, "source_count": 1, "source_uids": "43" }, "geometry": { "type": "Polygon", "coordinates": [ [ [ 121.491927630999953, 31.277457975000051 ], [ 121.49137848700002, 31.277456332900108 ], [ 121.491378478000115, 31.277566323600009 ], [ 121.491927621000187, 31.27756796570003 ], [ 121.491927630999953, 31.277457975000051 ] ] ] } },
{ "type": "Feature", "properties": { "clean_id": 34, "Id": 0, "Floor": 7, "height": 21, "source_count": 1, "source_uids": "44" }, "geometry": { "type": "Polygon", "coordinates": [ [ [ 121.491313881000011, 31.277474471600105 ], [ 121.490764738000181, 31.277481996500061 ], [ 121.490764729000048, 31.27758282130015 ], [ 121.491313870999988, 31.277584462199965 ], [ 121.491313881000011, 31.277474471600105 ] ] ] } },
{ "type": "Feature", "properties": { "clean_id": 35, "Id": 0, "Floor": 2, "height": 6, "source_count": 1, "source_uids": "45" }, "geometry": { "type": "Polygon", "coordinates": [ [ [ 121.491938388999984, 31.277567997900011 ], [ 121.491830714, 31.277567675800007 ], [ 121.491830706000101, 31.27765933469998 ], [ 121.49193838099994, 31.277659656700052 ], [ 121.491938388999984, 31.277567997900011 ] ] ] } },
{ "type": "Feature", "properties": { "clean_id": 36, "Id": 0, "Floor": 7, "height": 21, "source_count": 1, "source_uids": "46" }, "geometry": { "type": "Polygon", "coordinates": [ [ [ 121.49193838099994, 31.277659656700052 ], [ 121.49138923800011, 31.277658014600085 ], [ 121.491389228000116, 31.277768005100139 ], [ 121.49193837200005, 31.277769647199928 ], [ 121.49193838099994, 31.277659656700052 ] ] ] } },
{ "type": "Feature", "properties": { "clean_id": 37, "Id": 0, "Floor": 7, "height": 21, "source_count": 1, "source_uids": "47" }, "geometry": { "type": "Polygon", "coordinates": [ [ [ 121.491313862999959, 31.277685286900059 ], [ 121.490764721, 31.27768364600001 ], [ 121.490764711, 31.277793636400077 ], [ 121.491313852999951, 31.277795277400113 ], [ 121.491313862999959, 31.277685286900059 ] ] ] } },
{ "type": "Feature", "properties": { "clean_id": 38, "Id": 0, "Floor": 7, "height": 21, "source_count": 1, "source_uids": "48" }, "geometry": { "type": "Polygon", "coordinates": [ [ [ 121.491938362000056, 31.277888803400057 ], [ 121.491399986000161, 31.277887193500131 ], [ 121.491399978000118, 31.2779788520001 ], [ 121.491938354000013, 31.277980461900025 ], [ 121.491938362000056, 31.277888803400057 ] ] ] } },
{ "type": "Feature", "properties": { "clean_id": 39, "Id": 0, "Floor": 7, "height": 21, "source_count": 1, "source_uids": "49" }, "geometry": { "type": "Polygon", "coordinates": [ [ [ 121.491335380000109, 31.277896166200026 ], [ 121.490797004999976, 31.277894557399982 ], [ 121.490796997000075, 31.277995381800054 ], [ 121.491335371, 31.277996990600055 ], [ 121.491335380000109, 31.277896166200026 ] ] ] } },
{ "type": "Feature", "properties": { "clean_id": 40, "Id": 0, "Floor": 7, "height": 21, "source_count": 1, "source_uids": "50" }, "geometry": { "type": "Polygon", "coordinates": [ [ [ 121.489720322000025, 31.277185570000032 ], [ 121.489567521943471, 31.277185114364467 ], [ 121.489565768315174, 31.27729510016357 ], [ 121.489720312000031, 31.27729556100013 ], [ 121.489720322000025, 31.277185570000032 ] ] ] } },
{ "type": "Feature", "properties": { "clean_id": 41, "Id": 0, "Floor": 2, "height": 6, "source_count": 1, "source_uids": "51" }, "geometry": { "type": "Polygon", "coordinates": [ [ [ 121.490183305000059, 31.277370269599999 ], [ 121.489871050000019, 31.277369337900097 ], [ 121.489871039000164, 31.277488494500069 ], [ 121.490183295000065, 31.277489426300114 ], [ 121.490183305000059, 31.277370269599999 ] ] ] } },
{ "type": "Feature", "properties": { "clean_id": 42, "Id": 0, "Floor": 7, "height": 21, "source_count": 1, "source_uids": "52" }, "geometry": { "type": "Polygon", "coordinates": [ [ [ 121.489817210999945, 31.277387509099931 ], [ 121.489564211579378, 31.277392737064154 ], [ 121.489562699471165, 31.277487574967147 ], [ 121.48981720200004, 31.277488333900003 ], [ 121.489817210999945, 31.277387509099931 ] ] ] } },
{ "type": "Feature", "properties": { "clean_id": 43, "Id": 0, "Floor": 7, "height": 21, "source_count": 1, "source_uids": "53" }, "geometry": { "type": "Polygon", "coordinates": [ [ [ 121.490000241000075, 31.277580538900111 ], [ 121.489561123508025, 31.27758641778814 ], [ 121.489559400518488, 31.277694481955596 ], [ 121.490000232000071, 31.277681363599985 ], [ 121.490000241000075, 31.277580538900111 ] ] ] } },
{ "type": "Feature", "properties": { "clean_id": 44, "Id": 0, "Floor": 7, "height": 21, "source_count": 1, "source_uids": "54" }, "geometry": { "type": "Polygon", "coordinates": [ [ [ 121.490000223000038, 31.277791354000044 ], [ 121.489557759265381, 31.277797419697794 ], [ 121.489556178258354, 31.277896578863739 ], [ 121.490010982000058, 31.277883044800028 ], [ 121.490000223000038, 31.277791354000044 ] ] ] } },
{ "type": "Feature", "properties": { "clean_id": 45, "Id": 0, "Floor": 17, "height": 51, "source_count": 2, "source_uids": "55;138" }, "geometry": { "type": "Polygon", "coordinates": [ [ [ 121.489989429000047, 31.278102960900132 ], [ 121.489795615000176, 31.278102382700066 ], [ 121.489795622999949, 31.278010724200094 ], [ 121.489554369780109, 31.278010004797377 ], [ 121.489552616166549, 31.27811998967184 ], [ 121.489601800000059, 31.278120136300117 ], [ 121.489601795000127, 31.27818429709999 ], [ 121.489601792000016, 31.278220960500104 ], [ 121.48998941800005, 31.278222116700022 ], [ 121.489989422000122, 31.278185453400113 ], [ 121.489989429000047, 31.278102960900132 ] ] ] } },
{ "type": "Feature", "properties": { "clean_id": 46, "Id": 0, "Floor": 4, "height": 12, "source_count": 1, "source_uids": "56" }, "geometry": { "type": "Polygon", "coordinates": [ [ [ 121.495502578000142, 31.276249609499978 ], [ 121.495562026911884, 31.276201848167801 ], [ 121.495454737506321, 31.276200593033401 ], [ 121.495502578000142, 31.276249609499978 ] ] ] } },
{ "type": "Feature", "properties": { "clean_id": 47, "Id": 0, "Floor": 19, "height": 57, "source_count": 1, "source_uids": "57" }, "geometry": { "type": "Polygon", "coordinates": [ [ [ 121.495847126000058, 31.276443127900052 ], [ 121.495944042000033, 31.276360924400016 ], [ 121.495900975000154, 31.276314965400047 ], [ 121.495965586000025, 31.276260163000071 ], [ 121.495910004160478, 31.276205919009712 ], [ 121.495863648059526, 31.276205376708855 ], [ 121.495825609000121, 31.276232245500132 ], [ 121.495793193064131, 31.276204552484998 ], [ 121.495769812404646, 31.276204278964336 ], [ 121.495664089999977, 31.276277591499994 ], [ 121.495631789000072, 31.27624999670013 ], [ 121.495556411000067, 31.276304766800028 ], [ 121.495814814000028, 31.276543856900116 ], [ 121.495890193000164, 31.276479920899988 ], [ 121.495847126000058, 31.276443127900052 ] ] ] } },
{ "type": "Feature", "properties": { "clean_id": 48, "Id": 0, "Floor": 2, "height": 6, "source_count": 1, "source_uids": "58" }, "geometry": { "type": "Polygon", "coordinates": [ [ [ 121.495448729000046, 31.276368606200101 ], [ 121.495373353, 31.276405044300137 ], [ 121.495470246000082, 31.276588654300035 ], [ 121.495545623, 31.27655221620001 ], [ 121.495448729000046, 31.276368606200101 ] ] ] } },
{ "type": "Feature", "properties": { "clean_id": 49, "Id": 0, "Floor": 8, "height": 24, "source_count": 1, "source_uids": "59" }, "geometry": { "type": "Polygon", "coordinates": [ [ [ 121.493165997000119, 31.27633426970004 ], [ 121.493284440000025, 31.276334624299967 ], [ 121.493284453, 31.276187968300121 ], [ 121.493015263000075, 31.276187162300008 ], [ 121.493015257000124, 31.276260490300043 ], [ 121.493166004000045, 31.276251775700029 ], [ 121.493165997000119, 31.27633426970004 ] ] ] } },
{ "type": "Feature", "properties": { "clean_id": 50, "Id": 0, "Floor": 8, "height": 24, "source_count": 1, "source_uids": "60" }, "geometry": { "type": "Polygon", "coordinates": [ [ [ 121.493478265, 31.276234378700053 ], [ 121.493564407, 31.276225470700012 ], [ 121.493564409999976, 31.276188806700027 ], [ 121.493413663999959, 31.276188355200013 ], [ 121.493413648000114, 31.276371675200096 ], [ 121.493478254000152, 31.2763718687001 ], [ 121.493478265, 31.276234378700053 ] ] ] } },
{ "type": "Feature", "properties": { "clean_id": 51, "Id": 0, "Floor": 8, "height": 24, "source_count": 1, "source_uids": "61" }, "geometry": { "type": "Polygon", "coordinates": [ [ [ 121.492929118, 31.276232734400082 ], [ 121.492541484000071, 31.276249906100084 ], [ 121.492552241000013, 31.276378262300049 ], [ 121.492939875000047, 31.276361090600059 ], [ 121.492929118, 31.276232734400082 ] ] ] } },
{ "type": "Feature", "properties": { "clean_id": 52, "Id": 0, "Floor": 7, "height": 21, "source_count": 1, "source_uids": "62" }, "geometry": { "type": "Polygon", "coordinates": [ [ [ 121.493144461000171, 31.276343371200095 ], [ 121.493004482000188, 31.276342952100091 ], [ 121.493004465000112, 31.276544603700071 ], [ 121.493144443000119, 31.276545022799993 ], [ 121.493144461000171, 31.276343371200095 ] ] ] } },
{ "type": "Feature", "properties": { "clean_id": 53, "Id": 0, "Floor": 7, "height": 21, "source_count": 2, "source_uids": "63;64" }, "geometry": { "type": "Polygon", "coordinates": [ [ [ 121.493435175000172, 31.276463399600058 ], [ 121.493435180000134, 31.276408403699978 ], [ 121.493359807000161, 31.276408178 ], [ 121.493219828000065, 31.276407758800019 ], [ 121.493219814000099, 31.276572746399946 ], [ 121.493359792999968, 31.276573165600087 ], [ 121.493521307000037, 31.276573649300136 ], [ 121.493521315999942, 31.276463657600111 ], [ 121.493435175000172, 31.276463399600058 ] ] ] } },
{ "type": "Feature", "properties": { "clean_id": 54, "Id": 0, "Floor": 8, "height": 24, "source_count": 1, "source_uids": "65" }, "geometry": { "type": "Polygon", "coordinates": [ [ [ 121.492950631000099, 31.276498612700095 ], [ 121.492562996000061, 31.276524950300086 ], [ 121.492573752999988, 31.276653306100059 ], [ 121.492961387000051, 31.276636134500059 ], [ 121.492950631000099, 31.276498612700095 ] ] ] } },
{ "type": "Feature", "properties": { "clean_id": 55, "Id": 0, "Floor": 8, "height": 24, "source_count": 1, "source_uids": "66" }, "geometry": { "type": "Polygon", "coordinates": [ [ [ 121.492466088000029, 31.276524660300083 ], [ 121.492099991000032, 31.276523564800019 ], [ 121.492110746, 31.276670252600066 ], [ 121.492466075000152, 31.276671315800058 ], [ 121.492466088000029, 31.276524660300083 ] ] ] } },
{ "type": "Feature", "properties": { "clean_id": 56, "Id": 0, "Floor": 4, "height": 12, "source_count": 2, "source_uids": "67;78" }, "geometry": { "type": "Polygon", "coordinates": [ [ [ 121.493359787000031, 31.276637327400071 ], [ 121.493230576000073, 31.276636940499937 ], [ 121.493230569000161, 31.276719434200004 ], [ 121.493359780000091, 31.276719821100137 ], [ 121.493381316000082, 31.276719885600009 ], [ 121.493381323, 31.27663739190012 ], [ 121.493359787000031, 31.276637327400071 ] ] ] } },
{ "type": "Feature", "properties": { "clean_id": 57, "Id": 0, "Floor": 2, "height": 6, "source_count": 1, "source_uids": "68" }, "geometry": { "type": "Polygon", "coordinates": [ [ [ 121.494048946000134, 31.276263586100125 ], [ 121.493952038000103, 31.276263295800053 ], [ 121.493952031000163, 31.276336623800088 ], [ 121.494048940000084, 31.276336914099943 ], [ 121.494048946000134, 31.276263586100125 ] ] ] } },
{ "type": "Feature", "properties": { "clean_id": 58, "Id": 0, "Floor": 8, "height": 24, "source_count": 1, "source_uids": "69" }, "geometry": { "type": "Polygon", "coordinates": [ [ [ 121.49409198900004, 31.276584524600082 ], [ 121.49367205600015, 31.276546602899998 ], [ 121.493672071999981, 31.276354117200075 ], [ 121.493564396000124, 31.276353794700015 ], [ 121.493564372000165, 31.276637940099981 ], [ 121.494081214000062, 31.276676152099977 ], [ 121.49409198900004, 31.276584524600082 ] ] ] } },
{ "type": "Feature", "properties": { "clean_id": 59, "Id": 0, "Floor": 8, "height": 24, "source_count": 1, "source_uids": "70" }, "geometry": { "type": "Polygon", "coordinates": [ [ [ 121.493736632000051, 31.276885936899987 ], [ 121.493715108000174, 31.276757549100072 ], [ 121.493359772999952, 31.276802314699978 ], [ 121.493359768000118, 31.276866476300093 ], [ 121.493370530000121, 31.276930670200102 ], [ 121.493736632000051, 31.276885936899987 ] ] ] } },
{ "type": "Feature", "properties": { "clean_id": 60, "Id": 0, "Floor": 8, "height": 24, "source_count": 1, "source_uids": "71" }, "geometry": { "type": "Polygon", "coordinates": [ [ [ 121.494135039999946, 31.276813802700019 ], [ 121.493822776, 31.276849531100034 ], [ 121.493833536000011, 31.276941222800129 ], [ 121.494145801000187, 31.276896328500129 ], [ 121.494135039999946, 31.276813802700019 ] ] ] } },
{ "type": "Feature", "properties": { "clean_id": 61, "Id": 0, "Floor": 8, "height": 24, "source_count": 1, "source_uids": "72" }, "geometry": { "type": "Polygon", "coordinates": [ [ [ 121.494210395999986, 31.277024845199954 ], [ 121.493865828000025, 31.277069642700098 ], [ 121.493876588000049, 31.277161334200006 ], [ 121.494221155, 31.277116536800065 ], [ 121.494210395999986, 31.277024845199954 ] ] ] } },
{ "type": "Feature", "properties": { "clean_id": 62, "Id": 0, "Floor": 8, "height": 24, "source_count": 1, "source_uids": "73" }, "geometry": { "type": "Polygon", "coordinates": [ [ [ 121.493768923000061, 31.277032688700046 ], [ 121.49339205299998, 31.277077389700079 ], [ 121.493413576999956, 31.277205777099994 ], [ 121.493790447000137, 31.277161076200112 ], [ 121.493768923000061, 31.277032688700046 ] ] ] } },
{ "type": "Feature", "properties": { "clean_id": 63, "Id": 0, "Floor": 2, "height": 6, "source_count": 1, "source_uids": "74" }, "geometry": { "type": "Polygon", "coordinates": [ [ [ 121.494253455000049, 31.277153297300121 ], [ 121.49395196, 31.277170725900024 ], [ 121.493951954000067, 31.277244053299963 ], [ 121.494253449, 31.277226624600075 ], [ 121.494253455000049, 31.277153297300121 ] ] ] } },
{ "type": "Feature", "properties": { "clean_id": 64, "Id": 0, "Floor": 6, "height": 18, "source_count": 1, "source_uids": "75" }, "geometry": { "type": "Polygon", "coordinates": [ [ [ 121.494253448000109, 31.277235790500121 ], [ 121.493930415000136, 31.277289818300112 ], [ 121.493951939, 31.277418205500041 ], [ 121.49428573900002, 31.277373376000075 ], [ 121.494253448000109, 31.277235790500121 ] ] ] } },
{ "type": "Feature", "properties": { "clean_id": 65, "Id": 0, "Floor": 6, "height": 18, "source_count": 1, "source_uids": "76" }, "geometry": { "type": "Polygon", "coordinates": [ [ [ 121.493822738000176, 31.277298661700112 ], [ 121.493467401999965, 31.277352592900062 ], [ 121.493488928000161, 31.277471814100064 ], [ 121.493844263000156, 31.277417882999952 ], [ 121.493822738000176, 31.277298661700112 ] ] ] } },
{ "type": "Feature", "properties": { "clean_id": 66, "Id": 0, "Floor": 6, "height": 18, "source_count": 1, "source_uids": "77" }, "geometry": { "type": "Polygon", "coordinates": [ [ [ 121.494307263999985, 31.277492597100085 ], [ 121.493962697000157, 31.277537394400035 ], [ 121.493984222999984, 31.277638283600144 ], [ 121.494328790000182, 31.277602652300057 ], [ 121.494307263999985, 31.277492597100085 ] ] ] } },
{ "type": "Feature", "properties": { "clean_id": 67, "Id": 0, "Floor": 8, "height": 24, "source_count": 1, "source_uids": "79" }, "geometry": { "type": "Polygon", "coordinates": [ [ [ 121.493198262999968, 31.276765167199979 ], [ 121.492573740000012, 31.276799961500046 ], [ 121.49258449700018, 31.27692831700012 ], [ 121.493209019000119, 31.276893522800087 ], [ 121.493198262999968, 31.276765167199979 ] ] ] } },
{ "type": "Feature", "properties": { "clean_id": 68, "Id": 0, "Floor": 8, "height": 24, "source_count": 1, "source_uids": "80" }, "geometry": { "type": "Polygon", "coordinates": [ [ [ 121.492498366000063, 31.276808901800106 ], [ 121.492121502000145, 31.276807774200044 ], [ 121.492132256999966, 31.276954461500054 ], [ 121.492498354000062, 31.276955557000061 ], [ 121.492498366000063, 31.276808901800106 ] ] ] } },
{ "type": "Feature", "properties": { "clean_id": 69, "Id": 0, "Floor": 8, "height": 24, "source_count": 1, "source_uids": "81" }, "geometry": { "type": "Polygon", "coordinates": [ [ [ 121.493209007000132, 31.277040177800011 ], [ 121.492595253, 31.277065838200084 ], [ 121.492606008000067, 31.277203359300014 ], [ 121.493219762999956, 31.277177698899941 ], [ 121.493209007000132, 31.277040177800011 ] ] ] } },
{ "type": "Feature", "properties": { "clean_id": 70, "Id": 0, "Floor": 8, "height": 24, "source_count": 1, "source_uids": "82" }, "geometry": { "type": "Polygon", "coordinates": [ [ [ 121.492519864999977, 31.277239765199962 ], [ 121.49251987699995, 31.277093110400017 ], [ 121.492143013000018, 31.277091982799952 ], [ 121.492143011000067, 31.277110314600069 ], [ 121.492143, 31.277238637500098 ], [ 121.492519864999977, 31.277239765199962 ] ] ] } },
{ "type": "Feature", "properties": { "clean_id": 71, "Id": 0, "Floor": 6, "height": 18, "source_count": 2, "source_uids": "83;84" }, "geometry": { "type": "Polygon", "coordinates": [ [ [ 121.493359733000148, 31.277278943200024 ], [ 121.493305894000073, 31.277287947900106 ], [ 121.493338183, 31.277453030900006 ], [ 121.493359718000093, 31.277453095400062 ], [ 121.493435093000031, 31.277434989299991 ], [ 121.493402802999981, 31.277279072199978 ], [ 121.493359733000148, 31.277278943200024 ] ] ] } },
{ "type": "Feature", "properties": { "clean_id": 72, "Id": 0, "Floor": 5, "height": 15, "source_count": 1, "source_uids": "85" }, "geometry": { "type": "Polygon", "coordinates": [ [ [ 121.492476790000055, 31.277294631799975 ], [ 121.492186065000041, 31.277302927700081 ], [ 121.492186049, 31.277495411700045 ], [ 121.492476773000149, 31.277496281600119 ], [ 121.492476790000055, 31.277294631799975 ] ] ] } },
{ "type": "Feature", "properties": { "clean_id": 73, "Id": 0, "Floor": 8, "height": 24, "source_count": 1, "source_uids": "86" }, "geometry": { "type": "Polygon", "coordinates": [ [ [ 121.493219750999984, 31.277315187700029 ], [ 121.492616764000118, 31.277340880200086 ], [ 121.492627520000042, 31.277478401 ], [ 121.493230507000135, 31.277452708400112 ], [ 121.493219750999984, 31.277315187700029 ] ] ] } },
{ "type": "Feature", "properties": { "clean_id": 74, "Id": 0, "Floor": 6, "height": 18, "source_count": 2, "source_uids": "87;98" }, "geometry": { "type": "Polygon", "coordinates": [ [ [ 121.49335970900016, 31.277553920199978 ], [ 121.493338174000101, 31.277553855700091 ], [ 121.493359698000077, 31.277691408399971 ], [ 121.49348891000011, 31.277673463600028 ], [ 121.49346738700001, 31.277535910800115 ], [ 121.49335970900016, 31.277553920199978 ] ] ] } },
{ "type": "Feature", "properties": { "clean_id": 75, "Id": 0, "Floor": 19, "height": 57, "source_count": 3, "source_uids": "88;90;542" }, "geometry": { "type": "Polygon", "coordinates": [ [ [ 121.49614859899998, 31.276691512600046 ], [ 121.496213209999951, 31.276636710400112 ], [ 121.496148610000091, 31.276563189099928 ], [ 121.496116304999987, 31.276581424200113 ], [ 121.496073233000175, 31.276608793099978 ], [ 121.496030164999979, 31.276572000100035 ], [ 121.495911714000044, 31.276654139000019 ], [ 121.495879413000125, 31.276626544300136 ], [ 121.49580403500012, 31.276681314200065 ], [ 121.496062438000095, 31.276920403400027 ], [ 121.496116281000013, 31.276874734999979 ], [ 121.496137817, 31.276856467600112 ], [ 121.496116284000109, 31.276838071200125 ], [ 121.496094750000111, 31.276819674699993 ], [ 121.496116286999964, 31.276801407399937 ], [ 121.496202433000022, 31.276737503800064 ], [ 121.49614859899998, 31.276691512600046 ] ] ] } },
{ "type": "Feature", "properties": { "clean_id": 76, "Id": 0, "Floor": 2, "height": 6, "source_count": 1, "source_uids": "89" }, "geometry": { "type": "Polygon", "coordinates": [ [ [ 121.495577915, 31.276671470599979 ], [ 121.495265644000042, 31.276789692400147 ], [ 121.495297940000015, 31.276872282800074 ], [ 121.49561021099997, 31.276754061100114 ], [ 121.495577915, 31.276671470599979 ] ] ] } },
{ "type": "Feature", "properties": { "clean_id": 77, "Id": 0, "Floor": 2, "height": 6, "source_count": 1, "source_uids": "91" }, "geometry": { "type": "Polygon", "coordinates": [ [ [ 121.495610207000041, 31.276809056800005 ], [ 121.495330238999941, 31.27691820930005 ], [ 121.495351768999967, 31.27697326949999 ], [ 121.49563173599995, 31.27687328300004 ], [ 121.495610207000041, 31.276809056800005 ] ] ] } },
{ "type": "Feature", "properties": { "clean_id": 78, "Id": 0, "Floor": 2, "height": 6, "source_count": 1, "source_uids": "92" }, "geometry": { "type": "Polygon", "coordinates": [ [ [ 121.495674805, 31.276891744 ], [ 121.495384070000114, 31.277000864099982 ], [ 121.495416366000086, 31.277074288400062 ], [ 121.495707101999983, 31.276965168300073 ], [ 121.495674805, 31.276891744 ] ] ] } },
{ "type": "Feature", "properties": { "clean_id": 79, "Id": 0, "Floor": 2, "height": 6, "source_count": 1, "source_uids": "93" }, "geometry": { "type": "Polygon", "coordinates": [ [ [ 121.495717867000053, 31.276992698400079 ], [ 121.495405596000069, 31.277110919800005 ], [ 121.495437892000041, 31.277184344000091 ], [ 121.495739395999962, 31.277066090400119 ], [ 121.495717867000053, 31.276992698400079 ] ] ] } },
{ "type": "Feature", "properties": { "clean_id": 80, "Id": 0, "Floor": 2, "height": 6, "source_count": 1, "source_uids": "94" }, "geometry": { "type": "Polygon", "coordinates": [ [ [ 121.495771696, 31.277112016800046 ], [ 121.49545942400006, 31.277230238100003 ], [ 121.495491720000132, 31.277303662200037 ], [ 121.495793225000057, 31.277185408800054 ], [ 121.495771696, 31.277112016800046 ] ] ] } },
{ "type": "Feature", "properties": { "clean_id": 81, "Id": 0, "Floor": 2, "height": 6, "source_count": 1, "source_uids": "95" }, "geometry": { "type": "Polygon", "coordinates": [ [ [ 121.495707071999973, 31.277313473400056 ], [ 121.495577858000161, 31.277349749900104 ], [ 121.49559938699997, 31.277423141600085 ], [ 121.495728602, 31.277377699300011 ], [ 121.495707071999973, 31.277313473400056 ] ] ] } },
{ "type": "Feature", "properties": { "clean_id": 82, "Id": 0, "Floor": 6, "height": 18, "source_count": 1, "source_uids": "96" }, "geometry": { "type": "Polygon", "coordinates": [ [ [ 121.495254823000082, 31.277412943200083 ], [ 121.494748730999959, 31.277567247000036 ], [ 121.494791792000115, 31.277677366600074 ], [ 121.495297884000038, 31.277523062999933 ], [ 121.495254823000082, 31.277412943200083 ] ] ] } },
{ "type": "Feature", "properties": { "clean_id": 83, "Id": 0, "Floor": 8, "height": 24, "source_count": 1, "source_uids": "97" }, "geometry": { "type": "Polygon", "coordinates": [ [ [ 121.495502464999973, 31.277578671400136 ], [ 121.495082511000078, 31.27776073060005 ], [ 121.495147107999983, 31.277861748700051 ], [ 121.495556295000014, 31.277670491600137 ], [ 121.495502464999973, 31.277578671400136 ] ] ] } },
{ "type": "Feature", "properties": { "clean_id": 84, "Id": 0, "Floor": 8, "height": 24, "source_count": 1, "source_uids": "99" }, "geometry": { "type": "Polygon", "coordinates": [ [ [ 121.493262800000025, 31.277562795900117 ], [ 121.492670579, 31.277606852300096 ], [ 121.492681334000068, 31.277753538499951 ], [ 121.493273554999959, 31.277718648100059 ], [ 121.493262800000025, 31.277562795900117 ] ] ] } },
{ "type": "Feature", "properties": { "clean_id": 85, "Id": 0, "Floor": 5, "height": 15, "source_count": 1, "source_uids": "100" }, "geometry": { "type": "Polygon", "coordinates": [ [ [ 121.492444442999968, 31.277816990600055 ], [ 121.492530582999947, 31.27781724840008 ], [ 121.492530610000017, 31.277505608600048 ], [ 121.492207583000095, 31.277504642000107 ], [ 121.492207551000106, 31.277880442800036 ], [ 121.492444437000145, 31.277881151700004 ], [ 121.492444442999968, 31.277816990600055 ] ] ] } },
{ "type": "Feature", "properties": { "clean_id": 86, "Id": 0, "Floor": 7, "height": 21, "source_count": 2, "source_uids": "101;113" }, "geometry": { "type": "Polygon", "coordinates": [ [ [ 121.493359682000133, 31.277874725699977 ], [ 121.493338138000013, 31.277975485599949 ], [ 121.493359672999972, 31.277975550099988 ], [ 121.493941123000127, 31.277986457499996 ], [ 121.493941133000149, 31.277876467200084 ], [ 121.493359682000133, 31.277874725699977 ] ] ] } },
{ "type": "Feature", "properties": { "clean_id": 87, "Id": 0, "Floor": 8, "height": 24, "source_count": 1, "source_uids": "102" }, "geometry": { "type": "Polygon", "coordinates": [ [ [ 121.49327354, 31.277892799500023 ], [ 121.492918209000081, 31.277891735600118 ], [ 121.492918202000169, 31.277974228300074 ], [ 121.493273533, 31.277966126299983 ], [ 121.49327354, 31.277892799500023 ] ] ] } },
{ "type": "Feature", "properties": { "clean_id": 88, "Id": 0, "Floor": 5, "height": 15, "source_count": 1, "source_uids": "103" }, "geometry": { "type": "Polygon", "coordinates": [ [ [ 121.492444437000145, 31.277881151700004 ], [ 121.492239854, 31.277880539500071 ], [ 121.492239843999982, 31.277990529699988 ], [ 121.492444428000013, 31.277991141900028 ], [ 121.492444437000145, 31.277881151700004 ] ] ] } },
{ "type": "Feature", "properties": { "clean_id": 89, "Id": 0, "Floor": 8, "height": 24, "source_count": 1, "source_uids": "104" }, "geometry": { "type": "Polygon", "coordinates": [ [ [ 121.492842835000047, 31.277909841700026 ], [ 121.492562878000058, 31.277909003699961 ], [ 121.492562871000146, 31.27799149639992 ], [ 121.492842828000107, 31.27799233439999 ], [ 121.492842835000047, 31.277909841700026 ] ] ] } },
{ "type": "Feature", "properties": { "clean_id": 90, "Id": 0, "Floor": 8, "height": 24, "source_count": 1, "source_uids": "105" }, "geometry": { "type": "Polygon", "coordinates": [ [ [ 121.493262757000153, 31.278066918399979 ], [ 121.492918195000016, 31.278065886800103 ], [ 121.492918186, 31.2781667110001 ], [ 121.493262749, 31.278167742599983 ], [ 121.493262757000153, 31.278066918399979 ] ] ] } },
{ "type": "Feature", "properties": { "clean_id": 91, "Id": 0, "Floor": 8, "height": 24, "source_count": 1, "source_uids": "106" }, "geometry": { "type": "Polygon", "coordinates": [ [ [ 121.492821286000094, 31.278074762500065 ], [ 121.492272139999955, 31.278073119 ], [ 121.492272129999961, 31.27819227490005 ], [ 121.492821274999983, 31.2781939184 ], [ 121.492821286000094, 31.278074762500065 ] ] ] } },
{ "type": "Feature", "properties": { "clean_id": 92, "Id": 0, "Floor": 8, "height": 24, "source_count": 2, "source_uids": "107;240" }, "geometry": { "type": "Polygon", "coordinates": [ [ [ 121.493359627000018, 31.27851633390015 ], [ 121.493305789000132, 31.278516172700051 ], [ 121.49330577800005, 31.278653659600145 ], [ 121.493359616000035, 31.278653820800059 ], [ 121.493714945999969, 31.27865488499998 ], [ 121.493714958000169, 31.278517398100064 ], [ 121.493359627000018, 31.27851633390015 ] ] ] } },
{ "type": "Feature", "properties": { "clean_id": 93, "Id": 0, "Floor": 6, "height": 18, "source_count": 1, "source_uids": "108" }, "geometry": { "type": "Polygon", "coordinates": [ [ [ 121.493876558000011, 31.277509638700053 ], [ 121.493542758999979, 31.277545302499963 ], [ 121.493564287000012, 31.277637025800065 ], [ 121.49388731800002, 31.277601329800117 ], [ 121.493876558000011, 31.277509638700053 ] ] ] } },
{ "type": "Feature", "properties": { "clean_id": 94, "Id": 0, "Floor": 6, "height": 18, "source_count": 1, "source_uids": "109" }, "geometry": { "type": "Polygon", "coordinates": [ [ [ 121.493908844999979, 31.277693053100002 ], [ 121.493575046000174, 31.27772871680008 ], [ 121.493596575000083, 31.277811274100092 ], [ 121.493919606000091, 31.277775578200014 ], [ 121.493908844999979, 31.277693053100002 ] ] ] } },
{ "type": "Feature", "properties": { "clean_id": 95, "Id": 0, "Floor": 8, "height": 24, "source_count": 1, "source_uids": "110" }, "geometry": { "type": "Polygon", "coordinates": [ [ [ 121.494371855000054, 31.277666942500101 ], [ 121.493994984999972, 31.277711642900098 ], [ 121.494016508000072, 31.277849195399998 ], [ 121.49439338000002, 31.277795329299973 ], [ 121.494371855000054, 31.277666942500101 ] ] ] } },
{ "type": "Feature", "properties": { "clean_id": 96, "Id": 0, "Floor": 8, "height": 24, "source_count": 1, "source_uids": "111" }, "geometry": { "type": "Polygon", "coordinates": [ [ [ 121.495028671, 31.277788066900023 ], [ 121.494587186, 31.277924232000025 ], [ 121.494630246000042, 31.278043517100055 ], [ 121.495082499000091, 31.277898218600047 ], [ 121.495028671, 31.277788066900023 ] ] ] } },
{ "type": "Feature", "properties": { "clean_id": 97, "Id": 0, "Floor": 4, "height": 12, "source_count": 1, "source_uids": "112" }, "geometry": { "type": "Polygon", "coordinates": [ [ [ 121.494414910000145, 31.277850389000029 ], [ 121.494027271000178, 31.277904222800032 ], [ 121.494038030999931, 31.277995913600069 ], [ 121.494425670000169, 31.277942079800077 ], [ 121.494414910000145, 31.277850389000029 ] ] ] } },
{ "type": "Feature", "properties": { "clean_id": 98, "Id": 0, "Floor": 8, "height": 24, "source_count": 1, "source_uids": "114" }, "geometry": { "type": "Polygon", "coordinates": [ [ [ 121.494447201000071, 31.277987973600087 ], [ 121.494038025, 31.2780600745001 ], [ 121.494048784000043, 31.278170096800007 ], [ 121.494468727000154, 31.278098028200031 ], [ 121.494447201000071, 31.277987973600087 ] ] ] } },
{ "type": "Feature", "properties": { "clean_id": 99, "Id": 0, "Floor": 8, "height": 24, "source_count": 2, "source_uids": "115;116" }, "geometry": { "type": "Polygon", "coordinates": [ [ [ 121.493984186000034, 31.27807824490003 ], [ 121.493359662000117, 31.278113037799983 ], [ 121.493359654999949, 31.278195530300135 ], [ 121.493359652000095, 31.278223027800035 ], [ 121.493833429000134, 31.27819694919998 ], [ 121.493994942999947, 31.27819743309999 ], [ 121.493984186000034, 31.27807824490003 ] ] ] } },
{ "type": "Feature", "properties": { "clean_id": 100, "Id": 0, "Floor": 8, "height": 24, "source_count": 1, "source_uids": "117" }, "geometry": { "type": "Polygon", "coordinates": [ [ [ 121.494587140000021, 31.278465016 ], [ 121.493801097000059, 31.278535987699964 ], [ 121.493822622000039, 31.27866437330011 ], [ 121.494608664, 31.278593401799927 ], [ 121.494587140000021, 31.278465016 ] ] ] } },
{ "type": "Feature", "properties": { "clean_id": 101, "Id": 0, "Floor": 2, "height": 6, "source_count": 2, "source_uids": "118;548" }, "geometry": { "type": "Polygon", "coordinates": [ [ [ 121.496116198999957, 31.277837154999986 ], [ 121.496051590000107, 31.277873624899996 ], [ 121.49608388800003, 31.277928716800083 ], [ 121.496116192000045, 31.277910481900108 ], [ 121.496277714000129, 31.277828473099991 ], [ 121.496245416000079, 31.277773381200056 ], [ 121.496116198999957, 31.277837154999986 ] ] ] } },
{ "type": "Feature", "properties": { "clean_id": 102, "Id": 0, "Floor": 8, "height": 24, "source_count": 1, "source_uids": "119" }, "geometry": { "type": "Polygon", "coordinates": [ [ [ 121.495879306, 31.27789144040003 ], [ 121.495513190000125, 31.278073660299977 ], [ 121.495567021000056, 31.278156314200036 ], [ 121.495933136999952, 31.277974094400115 ], [ 121.495879306, 31.27789144040003 ] ] ] } },
{ "type": "Feature", "properties": { "clean_id": 103, "Id": 0, "Floor": 8, "height": 24, "source_count": 3, "source_uids": "120;121;124" }, "geometry": { "type": "Polygon", "coordinates": [ [ [ 121.49615924299998, 31.278139757100003 ], [ 121.496116178000079, 31.27807546720004 ], [ 121.496094644999971, 31.278047905200076 ], [ 121.495782370000143, 31.278202788700018 ], [ 121.495631617000072, 31.278275663599917 ], [ 121.495685447000028, 31.278367483100006 ], [ 121.496030026000099, 31.278203530800106 ], [ 121.496116171000168, 31.278157959799945 ], [ 121.49615924299998, 31.278139757100003 ] ] ] } },
{ "type": "Feature", "properties": { "clean_id": 104, "Id": 0, "Floor": 8, "height": 24, "source_count": 2, "source_uids": "122;123" }, "geometry": { "type": "Polygon", "coordinates": [ [ [ 121.495168615000125, 31.278200949499933 ], [ 121.495071703, 31.27823732250004 ], [ 121.495114766000157, 31.27832910980009 ], [ 121.495480876000116, 31.278201885200026 ], [ 121.495502412000079, 31.278201949800064 ], [ 121.495448582000094, 31.278100964300105 ], [ 121.495168615000125, 31.278200949499933 ] ] ] } },
{ "type": "Feature", "properties": { "clean_id": 105, "Id": 0, "Floor": 5, "height": 15, "source_count": 1, "source_uids": "125" }, "geometry": { "type": "Polygon", "coordinates": [ [ [ 121.49606232300016, 31.278276954200063 ], [ 121.495911571999955, 31.278322331600059 ], [ 121.495965401000163, 31.278432482700048 ], [ 121.496116152000013, 31.2783871054001 ], [ 121.49606232300016, 31.278276954200063 ] ] ] } },
{ "type": "Feature", "properties": { "clean_id": 106, "Id": 0, "Floor": 8, "height": 24, "source_count": 1, "source_uids": "126" }, "geometry": { "type": "Polygon", "coordinates": [ [ [ 121.495577776000118, 31.278312165600081 ], [ 121.495373184000073, 31.278384879000043 ], [ 121.495427015000146, 31.278476698500125 ], [ 121.495620838000164, 31.278403952799977 ], [ 121.495577776000118, 31.278312165600081 ] ] ] } },
{ "type": "Feature", "properties": { "clean_id": 107, "Id": 0, "Floor": 6, "height": 18, "source_count": 1, "source_uids": "127" }, "geometry": { "type": "Polygon", "coordinates": [ [ [ 121.495330104, 31.278503905499978 ], [ 121.494953226000135, 31.278621931599954 ], [ 121.495007052000105, 31.278768745500027 ], [ 121.495394696999938, 31.278650751900106 ], [ 121.495330104, 31.278503905499978 ] ] ] } },
{ "type": "Feature", "properties": { "clean_id": 108, "Id": 0, "Floor": 7, "height": 21, "source_count": 2, "source_uids": "128;130" }, "geometry": { "type": "Polygon", "coordinates": [ [ [ 121.491410731999949, 31.278134703499965 ], [ 121.491410727000016, 31.278189698499993 ], [ 121.491410724000175, 31.278226361900117 ], [ 121.49195986899997, 31.278218838200075 ], [ 121.491959871000176, 31.278191340700005 ], [ 121.491959876000138, 31.278136345699981 ], [ 121.491410731999949, 31.278134703499965 ] ] ] } },
{ "type": "Feature", "properties": { "clean_id": 109, "Id": 0, "Floor": 8, "height": 24, "source_count": 2, "source_uids": "129;131" }, "geometry": { "type": "Polygon", "coordinates": [ [ [ 121.490786217000064, 31.278142003100026 ], [ 121.490786213000092, 31.278187832300038 ], [ 121.490786208000131, 31.278242827200017 ], [ 121.491335350000099, 31.278244468200057 ], [ 121.49133535500016, 31.278189473200026 ], [ 121.491335359, 31.278143644100055 ], [ 121.490786217000064, 31.278142003100026 ] ] ] } },
{ "type": "Feature", "properties": { "clean_id": 110, "Id": 0, "Floor": 7, "height": 21, "source_count": 1, "source_uids": "132" }, "geometry": { "type": "Polygon", "coordinates": [ [ [ 121.491970614000024, 31.27847551330013 ], [ 121.491582983000058, 31.278474354000085 ], [ 121.491582973000035, 31.278593509400086 ], [ 121.491970604, 31.278594668700123 ], [ 121.491970614000024, 31.27847551330013 ] ] ] } },
{ "type": "Feature", "properties": { "clean_id": 111, "Id": 0, "Floor": 7, "height": 21, "source_count": 1, "source_uids": "133" }, "geometry": { "type": "Polygon", "coordinates": [ [ [ 121.49151837700002, 31.278492492400009 ], [ 121.490883093999983, 31.278490593699985 ], [ 121.490883085000078, 31.278600583299969 ], [ 121.491518367000026, 31.278602482 ], [ 121.49151837700002, 31.278492492400009 ] ] ] } },
{ "type": "Feature", "properties": { "clean_id": 112, "Id": 0, "Floor": 7, "height": 21, "source_count": 1, "source_uids": "134" }, "geometry": { "type": "Polygon", "coordinates": [ [ [ 121.491992128999982, 31.278713888400034 ], [ 121.491604498000015, 31.27871272909999 ], [ 121.49160448900011, 31.278822718400143 ], [ 121.491992120000077, 31.27882387770001 ], [ 121.491992128999982, 31.278713888400034 ] ] ] } },
{ "type": "Feature", "properties": { "clean_id": 113, "Id": 0, "Floor": 7, "height": 21, "source_count": 1, "source_uids": "135" }, "geometry": { "type": "Polygon", "coordinates": [ [ [ 121.491518356000142, 31.278730803100075 ], [ 121.490883073999967, 31.278728904400001 ], [ 121.490883063999945, 31.278848059500035 ], [ 121.49151834700001, 31.278840792400047 ], [ 121.491518356000142, 31.278730803100075 ] ] ] } },
{ "type": "Feature", "properties": { "clean_id": 114, "Id": 0, "Floor": 7, "height": 21, "source_count": 1, "source_uids": "136" }, "geometry": { "type": "Polygon", "coordinates": [ [ [ 121.491992112000048, 31.278915535400078 ], [ 121.491604481000081, 31.27891437610009 ], [ 121.491604471000073, 31.279033531000035 ], [ 121.49199210200004, 31.279034690400128 ], [ 121.491992112000048, 31.278915535400078 ] ] ] } },
{ "type": "Feature", "properties": { "clean_id": 115, "Id": 0, "Floor": 7, "height": 21, "source_count": 1, "source_uids": "137" }, "geometry": { "type": "Polygon", "coordinates": [ [ [ 121.491292220000105, 31.278950105699955 ], [ 121.490915357999938, 31.278948979500065 ], [ 121.490915349000034, 31.279049802799985 ], [ 121.491292212000076, 31.279041763300022 ], [ 121.491292220000105, 31.278950105699955 ] ] ] } },
{ "type": "Feature", "properties": { "clean_id": 116, "Id": 0, "Floor": 7, "height": 21, "source_count": 1, "source_uids": "139" }, "geometry": { "type": "Polygon", "coordinates": [ [ [ 121.490064760000109, 31.278579808300098 ], [ 121.489687900000035, 31.278578683999971 ], [ 121.489687892, 31.278679507700126 ], [ 121.490064750999977, 31.278680632000093 ], [ 121.490064760000109, 31.278579808300098 ] ] ] } },
{ "type": "Feature", "properties": { "clean_id": 117, "Id": 0, "Floor": 8, "height": 24, "source_count": 1, "source_uids": "140" }, "geometry": { "type": "Polygon", "coordinates": [ [ [ 121.489580216000036, 31.278697518200087 ], [ 121.489580225000068, 31.278596694500095 ], [ 121.489545017194601, 31.278596589537834 ], [ 121.489543409724021, 31.278697408471228 ], [ 121.489580216000036, 31.278697518200087 ] ] ] } },
{ "type": "Feature", "properties": { "clean_id": 118, "Id": 0, "Floor": 7, "height": 21, "source_count": 1, "source_uids": "141" }, "geometry": { "type": "Polygon", "coordinates": [ [ [ 121.490075507000029, 31.278818150900001 ], [ 121.489698646999955, 31.278817026600052 ], [ 121.489698639000153, 31.278917849999967 ], [ 121.490075498000124, 31.27891897430009 ], [ 121.490075507000029, 31.278818150900001 ] ] ] } },
{ "type": "Feature", "properties": { "clean_id": 119, "Id": 0, "Floor": 6, "height": 18, "source_count": 1, "source_uids": "142" }, "geometry": { "type": "Polygon", "coordinates": [ [ [ 121.489558667000111, 31.278862438000036 ], [ 121.489540677981097, 31.278868740635971 ], [ 121.489538782810897, 31.278987603800282 ], [ 121.489612496000163, 31.278963422 ], [ 121.489558667000111, 31.278862438000036 ] ] ] } },
{ "type": "Feature", "properties": { "clean_id": 120, "Id": 0, "Floor": 7, "height": 21, "source_count": 1, "source_uids": "143" }, "geometry": { "type": "Polygon", "coordinates": [ [ [ 121.490075489999981, 31.279019797700062 ], [ 121.489698630000021, 31.279018673400113 ], [ 121.489698622, 31.279119496700048 ], [ 121.49007548100009, 31.279120621 ], [ 121.490075489999981, 31.279019797700062 ] ] ] } },
{ "type": "Feature", "properties": { "clean_id": 121, "Id": 0, "Floor": 6, "height": 18, "source_count": 1, "source_uids": "144" }, "geometry": { "type": "Polygon", "coordinates": [ [ [ 121.489580187000115, 31.279045817500041 ], [ 121.489537619651259, 31.279060556001497 ], [ 121.489535792694298, 31.279175140901636 ], [ 121.489623248000044, 31.279146769200054 ], [ 121.489580187000115, 31.279045817500041 ] ] ] } },
{ "type": "Feature", "properties": { "clean_id": 122, "Id": 0, "Floor": 8, "height": 24, "source_count": 4, "source_uids": "145;146;148;147" }, "geometry": { "type": "Polygon", "coordinates": [ [ [ 121.490075564999984, 31.278139881300032 ], [ 121.490075561000012, 31.27818571040001 ], [ 121.490075555999951, 31.278249871200035 ], [ 121.490603160999981, 31.278242280500077 ], [ 121.490700068000152, 31.278242569900055 ], [ 121.490700072999985, 31.278187574900016 ], [ 121.490700077000056, 31.278141745800038 ], [ 121.490603170000099, 31.278141456400078 ], [ 121.490075564999984, 31.278139881300032 ] ] ] } },
{ "type": "Feature", "properties": { "clean_id": 123, "Id": 0, "Floor": 7, "height": 21, "source_count": 2, "source_uids": "149;150" }, "geometry": { "type": "Polygon", "coordinates": [ [ [ 121.490603118000067, 31.278746399699962 ], [ 121.490150885000062, 31.278745049600044 ], [ 121.490150876000129, 31.278855038900019 ], [ 121.490603108999949, 31.278856388999941 ], [ 121.490786156000127, 31.278856935800089 ], [ 121.490786165000031, 31.278746946400087 ], [ 121.490603118000067, 31.278746399699962 ] ] ] } },
{ "type": "Feature", "properties": { "clean_id": 124, "Id": 0, "Floor": 7, "height": 21, "source_count": 2, "source_uids": "151;152" }, "geometry": { "type": "Polygon", "coordinates": [ [ [ 121.490603101000161, 31.278948046700066 ], [ 121.490161635000064, 31.278946728700127 ], [ 121.490161625000042, 31.279065883600158 ], [ 121.49060309100004, 31.279058035800009 ], [ 121.490796906000128, 31.279058614699981 ], [ 121.490796915000033, 31.27894862560003 ], [ 121.490603101000161, 31.278948046700066 ] ] ] } },
{ "type": "Feature", "properties": { "clean_id": 125, "Id": 0, "Floor": 7, "height": 21, "source_count": 2, "source_uids": "153;154" }, "geometry": { "type": "Polygon", "coordinates": [ [ [ 121.490603082000106, 31.279168024799954 ], [ 121.490172384000161, 31.279166739000047 ], [ 121.49017237600016, 31.27926756209996 ], [ 121.490603074000106, 31.27925968220006 ], [ 121.490635377, 31.279259778700123 ], [ 121.490635384000043, 31.279168121300021 ], [ 121.490603082000106, 31.279168024799954 ] ] ] } },
{ "type": "Feature", "properties": { "clean_id": 126, "Id": 0, "Floor": 1, "height": 3, "source_count": 1, "source_uids": "155" }, "geometry": { "type": "Polygon", "coordinates": [ [ [ 121.491550633999964, 31.279024204300129 ], [ 121.491389121, 31.279023721399991 ], [ 121.491389102000085, 31.279243699400066 ], [ 121.491550615000065, 31.279244182300033 ], [ 121.491550633999964, 31.279024204300129 ] ] ] } },
{ "type": "Feature", "properties": { "clean_id": 127, "Id": 0, "Floor": 7, "height": 21, "source_count": 1, "source_uids": "156" }, "geometry": { "type": "Polygon", "coordinates": [ [ [ 121.491992094000139, 31.279126347899986 ], [ 121.491604461999955, 31.279134354299963 ], [ 121.491604453000051, 31.279244343200101 ], [ 121.491992084000117, 31.27924550260013 ], [ 121.491992094000139, 31.279126347899986 ] ] ] } },
{ "type": "Feature", "properties": { "clean_id": 128, "Id": 0, "Floor": 7, "height": 21, "source_count": 1, "source_uids": "157" }, "geometry": { "type": "Polygon", "coordinates": [ [ [ 121.491292202000082, 31.279160918 ], [ 121.490915340000029, 31.279159791800115 ], [ 121.490915331999986, 31.27925144919999 ], [ 121.491292194000039, 31.279252575500092 ], [ 121.491292202000082, 31.279160918 ] ] ] } },
{ "type": "Feature", "properties": { "clean_id": 129, "Id": 0, "Floor": 7, "height": 21, "source_count": 1, "source_uids": "158" }, "geometry": { "type": "Polygon", "coordinates": [ [ [ 121.49195977400008, 31.279327897500139 ], [ 121.491529073000024, 31.2793266095 ], [ 121.49152906300003, 31.279445763900121 ], [ 121.491959764000057, 31.27944705200008 ], [ 121.49195977400008, 31.279327897500139 ] ] ] } },
{ "type": "Feature", "properties": { "clean_id": 130, "Id": 0, "Floor": 7, "height": 21, "source_count": 1, "source_uids": "159" }, "geometry": { "type": "Polygon", "coordinates": [ [ [ 121.491378325000028, 31.279353656 ], [ 121.491001463000103, 31.279352529700031 ], [ 121.491001453999942, 31.279453352600111 ], [ 121.491378317000013, 31.279454479000091 ], [ 121.491378325000028, 31.279353656 ] ] ] } },
{ "type": "Feature", "properties": { "clean_id": 131, "Id": 0, "Floor": 7, "height": 21, "source_count": 1, "source_uids": "160" }, "geometry": { "type": "Polygon", "coordinates": [ [ [ 121.49194898800009, 31.279547842599936 ], [ 121.491518287000076, 31.279546554600017 ], [ 121.491518277000083, 31.279656543100089 ], [ 121.491948978000096, 31.279657831100057 ], [ 121.49194898800009, 31.279547842599936 ] ] ] } },
{ "type": "Feature", "properties": { "clean_id": 132, "Id": 0, "Floor": 7, "height": 21, "source_count": 1, "source_uids": "161" }, "geometry": { "type": "Polygon", "coordinates": [ [ [ 121.491389075000015, 31.279564499699969 ], [ 121.491012211999987, 31.279563373400038 ], [ 121.491012203999972, 31.279664196199921 ], [ 121.491389066000124, 31.279665322500083 ], [ 121.491389075000015, 31.279564499699969 ] ] ] } },
{ "type": "Feature", "properties": { "clean_id": 133, "Id": 0, "Floor": 5, "height": 15, "source_count": 1, "source_uids": "162" }, "geometry": { "type": "Polygon", "coordinates": [ [ [ 121.492293531999962, 31.27975051890002 ], [ 121.49215355399997, 31.279750100100102 ], [ 121.492153535000043, 31.279970076600076 ], [ 121.49229351300005, 31.279970495399994 ], [ 121.492293531999962, 31.27975051890002 ] ] ] } },
{ "type": "Feature", "properties": { "clean_id": 134, "Id": 0, "Floor": 7, "height": 21, "source_count": 1, "source_uids": "163" }, "geometry": { "type": "Polygon", "coordinates": [ [ [ 121.491884362000064, 31.279785957600041 ], [ 121.491022957000041, 31.279829210800141 ], [ 121.491033715000086, 31.279939231200043 ], [ 121.491895120000095, 31.279895978100111 ], [ 121.491884362000064, 31.279785957600041 ] ] ] } },
{ "type": "Feature", "properties": { "clean_id": 135, "Id": 0, "Floor": 7, "height": 21, "source_count": 1, "source_uids": "164" }, "geometry": { "type": "Polygon", "coordinates": [ [ [ 121.491916648000014, 31.279987699299951 ], [ 121.491055243000133, 31.280030952300081 ], [ 121.491066001000164, 31.280140972399984 ], [ 121.491927406000059, 31.280097719500013 ], [ 121.491916648000014, 31.279987699299951 ] ] ] } },
{ "type": "Feature", "properties": { "clean_id": 136, "Id": 0, "Floor": 7, "height": 21, "source_count": 1, "source_uids": "165" }, "geometry": { "type": "Polygon", "coordinates": [ [ [ 121.490086239999982, 31.279221476300112 ], [ 121.489709380000022, 31.279229517799987 ], [ 121.489709371999979, 31.279321175100051 ], [ 121.490086231000078, 31.279322299400004 ], [ 121.490086239999982, 31.279221476300112 ] ] ] } },
{ "type": "Feature", "properties": { "clean_id": 137, "Id": 0, "Floor": 6, "height": 18, "source_count": 1, "source_uids": "166" }, "geometry": { "type": "Polygon", "coordinates": [ [ [ 121.489558635000094, 31.279247399700072 ], [ 121.489534515017795, 31.279255275483177 ], [ 121.48953262796725, 31.279373629392023 ], [ 121.489612463000086, 31.279348383300025 ], [ 121.489558635000094, 31.279247399700072 ] ] ] } },
{ "type": "Feature", "properties": { "clean_id": 138, "Id": 0, "Floor": 7, "height": 21, "source_count": 1, "source_uids": "167" }, "geometry": { "type": "Polygon", "coordinates": [ [ [ 121.489784714000066, 31.279669697100143 ], [ 121.490118503999966, 31.279670693000018 ], [ 121.490118513000098, 31.279560704600094 ], [ 121.489817026000082, 31.279559805000083 ], [ 121.489817031000143, 31.279495645000111 ], [ 121.489530696147796, 31.279494791162186 ], [ 121.489528650294773, 31.2796231050018 ], [ 121.489784718, 31.27962386860003 ], [ 121.489784714000066, 31.279669697100143 ] ] ] } },
{ "type": "Feature", "properties": { "clean_id": 139, "Id": 0, "Floor": 7, "height": 21, "source_count": 1, "source_uids": "168" }, "geometry": { "type": "Polygon", "coordinates": [ [ [ 121.490226170000142, 31.279762671400018 ], [ 121.48955859100009, 31.279760679700075 ], [ 121.489558581000097, 31.279870668000115 ], [ 121.49022616100001, 31.27987265960008 ], [ 121.490226170000142, 31.279762671400018 ] ] ] } },
{ "type": "Feature", "properties": { "clean_id": 140, "Id": 0, "Floor": 7, "height": 21, "source_count": 1, "source_uids": "169" }, "geometry": { "type": "Polygon", "coordinates": [ [ [ 121.490226151999977, 31.279973482100097 ], [ 121.489558573000068, 31.279971490499978 ], [ 121.489558563000074, 31.280081478500041 ], [ 121.490226143000086, 31.280083470100006 ], [ 121.490226151999977, 31.279973482100097 ] ] ] } },
{ "type": "Feature", "properties": { "clean_id": 141, "Id": 0, "Floor": 7, "height": 21, "source_count": 2, "source_uids": "170;171" }, "geometry": { "type": "Polygon", "coordinates": [ [ [ 121.490603064999974, 31.27936967099998 ], [ 121.490183134000191, 31.279368417300066 ], [ 121.490183126000147, 31.279469240199994 ], [ 121.490603057000158, 31.279461328300048 ], [ 121.490646127, 31.279461456900098 ], [ 121.490646135000034, 31.279369799700088 ], [ 121.490603064999974, 31.27936967099998 ] ] ] } },
{ "type": "Feature", "properties": { "clean_id": 142, "Id": 0, "Floor": 5, "height": 15, "source_count": 1, "source_uids": "172" }, "geometry": { "type": "Polygon", "coordinates": [ [ [ 121.490807645000018, 31.279388613499965 ], [ 121.490667668000142, 31.279388195399978 ], [ 121.490667662000078, 31.279461521200115 ], [ 121.490807639000082, 31.279461939300003 ], [ 121.490807645000018, 31.279388613499965 ] ] ] } },
{ "type": "Feature", "properties": { "clean_id": 143, "Id": 0, "Floor": 7, "height": 21, "source_count": 2, "source_uids": "173;174" }, "geometry": { "type": "Polygon", "coordinates": [ [ [ 121.49060304800004, 31.279571316800105 ], [ 121.490323094000033, 31.279570480900077 ], [ 121.490323084000011, 31.27968046939997 ], [ 121.490603038000017, 31.279681305300016 ], [ 121.490882993000014, 31.279682141500132 ], [ 121.490883002000146, 31.279572153100045 ], [ 121.49060304800004, 31.279571316800105 ] ] ] } },
{ "type": "Feature", "properties": { "clean_id": 144, "Id": 0, "Floor": 7, "height": 21, "source_count": 2, "source_uids": "175;176" }, "geometry": { "type": "Polygon", "coordinates": [ [ [ 121.490603024000052, 31.279846287700021 ], [ 121.490387674999965, 31.279845644700067 ], [ 121.49038766600016, 31.279955632899945 ], [ 121.490603015000147, 31.279956275900069 ], [ 121.49093680600015, 31.2799572730001 ], [ 121.490936816000172, 31.279847284800042 ], [ 121.490603024000052, 31.279846287700021 ] ] ] } },
{ "type": "Feature", "properties": { "clean_id": 145, "Id": 0, "Floor": 7, "height": 21, "source_count": 2, "source_uids": "177;178" }, "geometry": { "type": "Polygon", "coordinates": [ [ [ 121.490603009, 31.280029601300104 ], [ 121.490409194, 31.280029022500123 ], [ 121.490409183999986, 31.28014817620004 ], [ 121.490602998000114, 31.280148754899916 ], [ 121.490969093000089, 31.280140682899969 ], [ 121.490969103000111, 31.280030694900123 ], [ 121.490603009, 31.280029601300104 ] ] ] } },
{ "type": "Feature", "properties": { "clean_id": 146, "Id": 0, "Floor": 7, "height": 21, "source_count": 2, "source_uids": "179;190" }, "geometry": { "type": "Polygon", "coordinates": [ [ [ 121.490602991000173, 31.280231245800103 ], [ 121.490409176999947, 31.280230667099996 ], [ 121.490409168000042, 31.280340654799993 ], [ 121.490602982000041, 31.280341233599923 ], [ 121.491033681000104, 31.280342520200122 ], [ 121.491022922999946, 31.280232500300095 ], [ 121.490602991000173, 31.280231245800103 ] ] ] } },
{ "type": "Feature", "properties": { "clean_id": 147, "Id": 0, "Floor": 7, "height": 21, "source_count": 1, "source_uids": "180" }, "geometry": { "type": "Polygon", "coordinates": [ [ [ 121.489537027000083, 31.280099745600072 ], [ 121.489521051432632, 31.280099697978169 ], [ 121.489519289833751, 31.280210183686631 ], [ 121.48953701799995, 31.280209733500094 ], [ 121.489537027000083, 31.280099745600072 ] ] ] } },
{ "type": "Feature", "properties": { "clean_id": 148, "Id": 0, "Floor": 7, "height": 21, "source_count": 1, "source_uids": "181" }, "geometry": { "type": "Polygon", "coordinates": [ [ [ 121.490269203000011, 31.280193586600088 ], [ 121.489601623999988, 31.280182429200117 ], [ 121.48960161399998, 31.280301582599975 ], [ 121.490269194000021, 31.280303574400076 ], [ 121.490269203000011, 31.280193586600088 ] ] ] } },
{ "type": "Feature", "properties": { "clean_id": 149, "Id": 0, "Floor": 7, "height": 21, "source_count": 1, "source_uids": "182" }, "geometry": { "type": "Polygon", "coordinates": [ [ [ 121.490279955000119, 31.280376931700058 ], [ 121.489601609000047, 31.280365742100059 ], [ 121.489601599000025, 31.280475729700065 ], [ 121.490279946, 31.280486919300071 ], [ 121.490279955000119, 31.280376931700058 ] ] ] } },
{ "type": "Feature", "properties": { "clean_id": 150, "Id": 0, "Floor": 8, "height": 24, "source_count": 1, "source_uids": "183" }, "geometry": { "type": "Polygon", "coordinates": [ [ [ 121.490043054000139, 31.280577868500071 ], [ 121.489709265000101, 31.280576872700003 ], [ 121.489709253000115, 31.280714356900035 ], [ 121.490043043000028, 31.280715352700103 ], [ 121.490043054000139, 31.280577868500071 ] ] ] } },
{ "type": "Feature", "properties": { "clean_id": 151, "Id": 0, "Floor": 7, "height": 21, "source_count": 1, "source_uids": "184" }, "geometry": { "type": "Polygon", "coordinates": [ [ [ 121.489526197000032, 31.280832963899961 ], [ 121.489526203000082, 31.28075963910004 ], [ 121.489510529988138, 31.280759592375333 ], [ 121.489509360943032, 31.280832913707759 ], [ 121.489526197000032, 31.280832963899961 ] ] ] } },
{ "type": "Feature", "properties": { "clean_id": 152, "Id": 0, "Floor": 7, "height": 21, "source_count": 1, "source_uids": "185" }, "geometry": { "type": "Polygon", "coordinates": [ [ [ 121.489623103000113, 31.280842418500125 ], [ 121.489509214811548, 31.280842078926415 ], [ 121.489507461244656, 31.280952060875059 ], [ 121.489623093000091, 31.280952405600082 ], [ 121.489623103000113, 31.280842418500125 ] ] ] } },
{ "type": "Feature", "properties": { "clean_id": 153, "Id": 0, "Floor": 8, "height": 24, "source_count": 1, "source_uids": "186" }, "geometry": { "type": "Polygon", "coordinates": [ [ [ 121.489967652000146, 31.280935102199912 ], [ 121.490226071000066, 31.280926707800123 ], [ 121.490226079000067, 31.280835051900006 ], [ 121.489967661000151, 31.280834280699992 ], [ 121.48996765600009, 31.28088927430008 ], [ 121.489687702999973, 31.280888439100064 ], [ 121.489687694000068, 31.280998426200025 ], [ 121.489967646999958, 31.280999261300003 ], [ 121.489967652000146, 31.280935102199912 ] ] ] } },
{ "type": "Feature", "properties": { "clean_id": 154, "Id": 0, "Floor": 9, "height": 27, "source_count": 1, "source_uids": "187" }, "geometry": { "type": "Polygon", "coordinates": [ [ [ 121.489580002000125, 31.281208913300137 ], [ 121.489503369596861, 31.281208684902179 ], [ 121.489501469906713, 31.281327831554528 ], [ 121.489579992, 31.281328065600064 ], [ 121.489580002000125, 31.281208913300137 ] ] ] } },
{ "type": "Feature", "properties": { "clean_id": 155, "Id": 0, "Floor": 4, "height": 12, "source_count": 1, "source_uids": "188" }, "geometry": { "type": "Polygon", "coordinates": [ [ [ 121.489784577000137, 31.281273682400062 ], [ 121.489644601000123, 31.281273264900101 ], [ 121.489644587000029, 31.281429079300036 ], [ 121.489784564000033, 31.281429496800062 ], [ 121.489784577000137, 31.281273682400062 ] ] ] } },
{ "type": "Feature", "properties": { "clean_id": 156, "Id": 0, "Floor": 8, "height": 24, "source_count": 1, "source_uids": "189" }, "geometry": { "type": "Polygon", "coordinates": [ [ [ 121.489590751000037, 31.281419753199991 ], [ 121.489500008607862, 31.281419482744859 ], [ 121.489498134570027, 31.28153702051004 ], [ 121.489590741000043, 31.281538905300064 ], [ 121.489590751000037, 31.281419753199991 ] ] ] } },
{ "type": "Feature", "properties": { "clean_id": 157, "Id": 0, "Floor": 7, "height": 21, "source_count": 4, "source_uids": "191;194;192;193" }, "geometry": { "type": "Polygon", "coordinates": [ [ [ 121.490419926999948, 31.280441509000013 ], [ 121.490419919000161, 31.280533165299964 ], [ 121.490419917000054, 31.280551496500046 ], [ 121.490602964000104, 31.280552043100098 ], [ 121.491044429999988, 31.2805533619001 ], [ 121.491044431999967, 31.280535030700097 ], [ 121.491033672999933, 31.280434176600068 ], [ 121.490602973000136, 31.28044205560013 ], [ 121.490419926999948, 31.280441509000013 ] ] ] } },
{ "type": "Feature", "properties": { "clean_id": 158, "Id": 0, "Floor": 7, "height": 21, "source_count": 2, "source_uids": "195;196" }, "geometry": { "type": "Polygon", "coordinates": [ [ [ 121.490602958000082, 31.280625368100058 ], [ 121.490419911000117, 31.280624821499934 ], [ 121.490419901000109, 31.280743974400139 ], [ 121.49060294800006, 31.280744521000024 ], [ 121.491065950000021, 31.280736738600073 ], [ 121.491055192, 31.280626719100095 ], [ 121.490602958000082, 31.280625368100058 ] ] ] } },
{ "type": "Feature", "properties": { "clean_id": 159, "Id": 0, "Floor": 7, "height": 21, "source_count": 2, "source_uids": "197;198" }, "geometry": { "type": "Polygon", "coordinates": [ [ [ 121.490602939000155, 31.280845342699987 ], [ 121.49043066000003, 31.280844828200088 ], [ 121.490430649000146, 31.28096398090009 ], [ 121.490602929000133, 31.280964495399981 ], [ 121.49106593, 31.280965878500016 ], [ 121.49106594, 31.280846725800078 ], [ 121.490602939000155, 31.280845342699987 ] ] ] } },
{ "type": "Feature", "properties": { "clean_id": 160, "Id": 0, "Floor": 7, "height": 21, "source_count": 2, "source_uids": "199;210" }, "geometry": { "type": "Polygon", "coordinates": [ [ [ 121.490936682, 31.281414605200094 ], [ 121.490936693000108, 31.281286287500002 ], [ 121.491044367999947, 31.281286609199981 ], [ 121.491055146, 31.281158323500044 ], [ 121.490602912000099, 31.281156972499996 ], [ 121.490398331000037, 31.281156361600097 ], [ 121.490398307999953, 31.281422162800133 ], [ 121.490602890000105, 31.281422773700122 ], [ 121.490602900999988, 31.281285290399978 ], [ 121.490753646000144, 31.281285740700017 ], [ 121.490753635000033, 31.281414058399946 ], [ 121.490936682, 31.281414605200094 ] ] ] } },
{ "type": "Feature", "properties": { "clean_id": 161, "Id": 0, "Floor": 7, "height": 21, "source_count": 1, "source_uids": "200" }, "geometry": { "type": "Polygon", "coordinates": [ [ [ 121.491884325000115, 31.280225909900022 ], [ 121.491087529000083, 31.280223527699999 ], [ 121.491087517999972, 31.28034268110002 ], [ 121.491884314, 31.280345063300039 ], [ 121.491884325000115, 31.280225909900022 ] ] ] } },
{ "type": "Feature", "properties": { "clean_id": 162, "Id": 0, "Floor": 2, "height": 6, "source_count": 2, "source_uids": "201;204" }, "geometry": { "type": "Polygon", "coordinates": [ [ [ 121.492175021999969, 31.280538411300093 ], [ 121.492153460000054, 31.280849977599935 ], [ 121.492271903000088, 31.280850332 ], [ 121.492293465000103, 31.280538765699987 ], [ 121.492315021000081, 31.280291357900129 ], [ 121.492196579000066, 31.280281837900013 ], [ 121.492175021999969, 31.280538411300093 ] ] ] } },
{ "type": "Feature", "properties": { "clean_id": 163, "Id": 0, "Floor": 7, "height": 21, "source_count": 1, "source_uids": "202" }, "geometry": { "type": "Polygon", "coordinates": [ [ [ 121.491895076, 31.280418420600029 ], [ 121.491249025, 31.28041648890008 ], [ 121.491249014000019, 31.280535642100123 ], [ 121.491895065999984, 31.280537573800078 ], [ 121.491895076, 31.280418420600029 ] ] ] } },
{ "type": "Feature", "properties": { "clean_id": 164, "Id": 0, "Floor": 7, "height": 21, "source_count": 1, "source_uids": "203" }, "geometry": { "type": "Polygon", "coordinates": [ [ [ 121.491776615000049, 31.280628875799945 ], [ 121.491141332, 31.280626976500056 ], [ 121.491141321000114, 31.280746129400018 ], [ 121.491776605000041, 31.280748028699978 ], [ 121.491776615000049, 31.280628875799945 ] ] ] } },
{ "type": "Feature", "properties": { "clean_id": 165, "Id": 0, "Floor": 7, "height": 21, "source_count": 1, "source_uids": "205" }, "geometry": { "type": "Polygon", "coordinates": [ [ [ 121.491787364000075, 31.280848882500099 ], [ 121.491141312999972, 31.280846951099992 ], [ 121.491141304000038, 31.280956938199953 ], [ 121.491787354000181, 31.28095886960006 ], [ 121.491787364000075, 31.280848882500099 ] ] ] } },
{ "type": "Feature", "properties": { "clean_id": 166, "Id": 0, "Floor": 4, "height": 12, "source_count": 1, "source_uids": "206" }, "geometry": { "type": "Polygon", "coordinates": [ [ [ 121.492164199000058, 31.281189136400016 ], [ 121.4920349880001, 31.281188749800098 ], [ 121.492034972000056, 31.281381226600089 ], [ 121.492164182000124, 31.281381613099995 ], [ 121.492164199000058, 31.281189136400016 ] ] ] } },
{ "type": "Feature", "properties": { "clean_id": 167, "Id": 0, "Floor": 6, "height": 18, "source_count": 1, "source_uids": "207" }, "geometry": { "type": "Polygon", "coordinates": [ [ [ 121.491765803000149, 31.28115128240006 ], [ 121.491582753999978, 31.281159900600073 ], [ 121.491582731, 31.281425701800007 ], [ 121.491755012, 31.281426216999982 ], [ 121.491765803000149, 31.28115128240006 ] ] ] } },
{ "type": "Feature", "properties": { "clean_id": 168, "Id": 0, "Floor": 7, "height": 21, "source_count": 1, "source_uids": "208" }, "geometry": { "type": "Polygon", "coordinates": [ [ [ 121.49198112299996, 31.281509383200099 ], [ 121.491970347999981, 31.281601006299987 ], [ 121.492422582000017, 31.281629856000045 ], [ 121.492433357999985, 31.28153823289999 ], [ 121.49198112299996, 31.281509383200099 ] ] ] } },
{ "type": "Feature", "properties": { "clean_id": 169, "Id": 0, "Floor": 7, "height": 21, "source_count": 1, "source_uids": "209" }, "geometry": { "type": "Polygon", "coordinates": [ [ [ 121.490990494, 31.281717228700014 ], [ 121.490872051000011, 31.281716874900042 ], [ 121.490872043999957, 31.281799364500042 ], [ 121.491065858999946, 31.281799943600049 ], [ 121.491065871000046, 31.281662460800131 ], [ 121.491496570999985, 31.281663748200007 ], [ 121.491496566000151, 31.281718741300036 ], [ 121.491335054000061, 31.281718258500117 ], [ 121.491335047, 31.281800748100132 ], [ 121.491636537000105, 31.281801649499975 ], [ 121.491636567000015, 31.281444193900086 ], [ 121.49151812499997, 31.281443839700042 ], [ 121.491518113999987, 31.281572157299987 ], [ 121.491087414000148, 31.281570869900122 ], [ 121.491087422999954, 31.281460883400026 ], [ 121.490753630999961, 31.281459886099992 ], [ 121.490753620999939, 31.28157903810013 ], [ 121.490990505000028, 31.281579745800105 ], [ 121.490990494, 31.281717228700014 ] ] ] } },
{ "type": "Feature", "properties": { "clean_id": 170, "Id": 0, "Floor": 7, "height": 21, "source_count": 2, "source_uids": "211;212" }, "geometry": { "type": "Polygon", "coordinates": [ [ [ 121.490301413000111, 31.281275224700035 ], [ 121.49017220400016, 31.281274839000048 ], [ 121.490172209000093, 31.281219845599988 ], [ 121.489892256000076, 31.281219010200001 ], [ 121.48989222299997, 31.281603963199927 ], [ 121.490301385000052, 31.281605184300133 ], [ 121.490301393999985, 31.281504363400078 ], [ 121.490301413000111, 31.281275224700035 ] ], [ [ 121.490010673000043, 31.281503495700001 ], [ 121.490010687, 31.281338515900078 ], [ 121.490172199000099, 31.2813389979001 ], [ 121.490172185, 31.281503977700069 ], [ 121.490301393999985, 31.281504363400078 ], [ 121.490010673000043, 31.281503495700001 ] ] ] } },
{ "type": "Feature", "properties": { "clean_id": 171, "Id": 0, "Floor": 18, "height": 54, "source_count": 1, "source_uids": "213" }, "geometry": { "type": "Polygon", "coordinates": [ [ [ 121.490602878, 31.281560256800052 ], [ 121.490495203000151, 31.281559935300031 ], [ 121.49049519800009, 31.281624094000101 ], [ 121.490419826, 31.281623868999986 ], [ 121.490419815000124, 31.281752186300018 ], [ 121.490602860999957, 31.281752732899974 ], [ 121.490602878, 31.281560256800052 ] ] ] } },
{ "type": "Feature", "properties": { "clean_id": 172, "Id": 0, "Floor": 18, "height": 54, "source_count": 1, "source_uids": "214" }, "geometry": { "type": "Polygon", "coordinates": [ [ [ 121.49071054599996, 31.281633902700094 ], [ 121.490656708999964, 31.281633741900009 ], [ 121.490656715000014, 31.281560417600144 ], [ 121.490602878, 31.281560256800052 ], [ 121.490602856000024, 31.281816891500004 ], [ 121.490710531, 31.281817213099998 ], [ 121.49071054599996, 31.281633902700094 ] ] ] } },
{ "type": "Feature", "properties": { "clean_id": 173, "Id": 0, "Floor": 6, "height": 18, "source_count": 2, "source_uids": "215;330" }, "geometry": { "type": "Polygon", "coordinates": [ [ [ 121.490796620999959, 31.282394896100076 ], [ 121.490785858000095, 31.282339871100074 ], [ 121.491119649999987, 31.282340868400063 ], [ 121.491119645000154, 31.282405026700076 ], [ 121.491162715000087, 31.282405155399992 ], [ 121.491162756, 31.281928550300044 ], [ 121.491044313000103, 31.281928196400038 ], [ 121.491044283000065, 31.282276484900141 ], [ 121.490721259, 31.282275519800134 ], [ 121.490721262999969, 31.282229692499985 ], [ 121.490602821000152, 31.282229338700123 ], [ 121.490473610999956, 31.282228952900144 ], [ 121.490473604000044, 31.282311442100134 ], [ 121.490602814000013, 31.282311827999987 ], [ 121.490721256000029, 31.282312181699968 ], [ 121.490721249, 31.282394670899972 ], [ 121.490796620999959, 31.282394896100076 ] ] ] } },
{ "type": "Feature", "properties": { "clean_id": 174, "Id": 0, "Floor": 8, "height": 24, "source_count": 1, "source_uids": "216" }, "geometry": { "type": "Polygon", "coordinates": [ [ [ 121.490269027000082, 31.282255838500024 ], [ 121.489946004000103, 31.282254874500094 ], [ 121.489945996000074, 31.282355694700126 ], [ 121.490269019000038, 31.282356658699996 ], [ 121.490269027000082, 31.282255838500024 ] ] ] } },
{ "type": "Feature", "properties": { "clean_id": 175, "Id": 0, "Floor": 6, "height": 18, "source_count": 1, "source_uids": "217" }, "geometry": { "type": "Polygon", "coordinates": [ [ [ 121.490484359000106, 31.282458121700135 ], [ 121.490387452000149, 31.2824578323 ], [ 121.490387439000088, 31.282613645000144 ], [ 121.490484346000031, 31.282613934300109 ], [ 121.490484359000106, 31.282458121700135 ] ] ] } },
{ "type": "Feature", "properties": { "clean_id": 176, "Id": 0, "Floor": 8, "height": 24, "source_count": 1, "source_uids": "218" }, "geometry": { "type": "Polygon", "coordinates": [ [ [ 121.49025823700002, 31.282521604799967 ], [ 121.489945982000108, 31.282520672900077 ], [ 121.489945972999976, 31.282621492800111 ], [ 121.49025822900002, 31.282613259199987 ], [ 121.49025823700002, 31.282521604799967 ] ] ] } },
{ "type": "Feature", "properties": { "clean_id": 177, "Id": 0, "Floor": 7, "height": 21, "source_count": 1, "source_uids": "219" }, "geometry": { "type": "Polygon", "coordinates": [ [ [ 121.490570474000037, 31.282751673100051 ], [ 121.490172079, 31.28274131820001 ], [ 121.490172069999986, 31.282842137899937 ], [ 121.490570466, 31.282843327299986 ], [ 121.490570474000037, 31.282751673100051 ] ] ] } },
{ "type": "Feature", "properties": { "clean_id": 178, "Id": 0, "Floor": 5, "height": 15, "source_count": 1, "source_uids": "220" }, "geometry": { "type": "Polygon", "coordinates": [ [ [ 121.492315151000085, 31.278760683700121 ], [ 121.492379757999956, 31.278742545499995 ], [ 121.492325931999986, 31.278604897499971 ], [ 121.492444377000098, 31.278586920400016 ], [ 121.492465908, 31.278632813800012 ], [ 121.492616658000088, 31.278587436 ], [ 121.492605895, 31.278532408999972 ], [ 121.492218263000026, 31.278531249000086 ], [ 121.492218236, 31.278852051499996 ], [ 121.492368981000027, 31.278852502599989 ], [ 121.492315151000085, 31.278760683700121 ] ] ] } },
{ "type": "Feature", "properties": { "clean_id": 179, "Id": 0, "Floor": 17, "height": 51, "source_count": 1, "source_uids": "221" }, "geometry": { "type": "Polygon", "coordinates": [ [ [ 121.492530494, 31.278862151700149 ], [ 121.492648940000095, 31.278825843100091 ], [ 121.492584346000058, 31.278697328800082 ], [ 121.492648952000081, 31.278688356400043 ], [ 121.492616658000088, 31.278587436 ], [ 121.492465908, 31.278632813800012 ], [ 121.492444377000098, 31.278586920400016 ], [ 121.492325931999986, 31.278604897499971 ], [ 121.492379757999956, 31.278742545499995 ], [ 121.492315151000085, 31.278760683700121 ], [ 121.492368981000027, 31.278852502599989 ], [ 121.492508964000095, 31.278807092600122 ], [ 121.492530494, 31.278862151700149 ] ] ] } },
{ "type": "Feature", "properties": { "clean_id": 180, "Id": 0, "Floor": 17, "height": 51, "source_count": 1, "source_uids": "222" }, "geometry": { "type": "Polygon", "coordinates": [ [ [ 121.49291812599995, 31.278872477800125 ], [ 121.493025804, 31.278845302800111 ], [ 121.492971977000025, 31.27871682070014 ], [ 121.493036584000166, 31.278698682600009 ], [ 121.493004289000055, 31.2786069279 ], [ 121.492842771000028, 31.278652273399981 ], [ 121.492832009000026, 31.278597246400128 ], [ 121.49271356300018, 31.27862438919999 ], [ 121.492767390000054, 31.278752871399945 ], [ 121.492702783000013, 31.278771009600067 ], [ 121.492745844999931, 31.278862796300061 ], [ 121.492896595000047, 31.278826584400118 ], [ 121.49291812599995, 31.278872477800125 ] ] ] } },
{ "type": "Feature", "properties": { "clean_id": 181, "Id": 0, "Floor": 8, "height": 24, "source_count": 2, "source_uids": "223;224" }, "geometry": { "type": "Polygon", "coordinates": [ [ [ 121.493359603000172, 31.2788004734 ], [ 121.493262695000126, 31.278800183200129 ], [ 121.493262683000125, 31.27893766980003 ], [ 121.493359590999958, 31.278937960000061 ], [ 121.493704155000046, 31.278938991900137 ], [ 121.493704166000157, 31.278801505300066 ], [ 121.493359603000172, 31.2788004734 ] ] ] } },
{ "type": "Feature", "properties": { "clean_id": 182, "Id": 0, "Floor": 5, "height": 15, "source_count": 1, "source_uids": "225" }, "geometry": { "type": "Polygon", "coordinates": [ [ [ 121.493036564000022, 31.278927827000018 ], [ 121.492788909999959, 31.278927085599999 ], [ 121.492788896000093, 31.279092069199926 ], [ 121.493036551000046, 31.279083644899917 ], [ 121.493036564000022, 31.278927827000018 ] ] ] } },
{ "type": "Feature", "properties": { "clean_id": 183, "Id": 0, "Floor": 8, "height": 24, "source_count": 2, "source_uids": "226;227" }, "geometry": { "type": "Polygon", "coordinates": [ [ [ 121.493359580000075, 31.279075446400093 ], [ 121.493176531000131, 31.279074898200005 ], [ 121.493176519000158, 31.279212384500056 ], [ 121.493359568000074, 31.279212932600096 ], [ 121.493628758000114, 31.279213738800024 ], [ 121.493628769999987, 31.27907625249998 ], [ 121.493359580000075, 31.279075446400093 ] ] ] } },
{ "type": "Feature", "properties": { "clean_id": 184, "Id": 0, "Floor": 7, "height": 21, "source_count": 1, "source_uids": "228" }, "geometry": { "type": "Polygon", "coordinates": [ [ [ 121.492261284000165, 31.279108821699939 ], [ 121.492735057000019, 31.279110239600069 ], [ 121.492735073999924, 31.278908592899999 ], [ 121.492164393000053, 31.278906885100067 ], [ 121.492164331000026, 31.279630978200032 ], [ 121.49226124000019, 31.279622102500017 ], [ 121.492261284000165, 31.279108821699939 ] ] ] } },
{ "type": "Feature", "properties": { "clean_id": 185, "Id": 0, "Floor": 5, "height": 15, "source_count": 1, "source_uids": "229" }, "geometry": { "type": "Polygon", "coordinates": [ [ [ 121.492508914000041, 31.279384535000126 ], [ 121.492595055000137, 31.279384792799991 ], [ 121.492595060000099, 31.279329798399992 ], [ 121.492648897, 31.279329959500107 ], [ 121.492648886000111, 31.279458279700055 ], [ 121.492939611, 31.279459149899992 ], [ 121.492939622, 31.27933082980001 ], [ 121.493004227000029, 31.279331023199973 ], [ 121.493004243999962, 31.279138542700025 ], [ 121.492368957000053, 31.279136641200061 ], [ 121.492368928000033, 31.279475773300071 ], [ 121.492508906, 31.279476192200033 ], [ 121.492508914000041, 31.279384535000126 ] ] ] } },
{ "type": "Feature", "properties": { "clean_id": 186, "Id": 0, "Floor": 9, "height": 27, "source_count": 2, "source_uids": "230;649" }, "geometry": { "type": "Polygon", "coordinates": [ [ [ 121.496116146000091, 31.278451266099921 ], [ 121.49593309, 31.278524044000111 ], [ 121.495900792000043, 31.278468952400019 ], [ 121.495502374999987, 31.278632742900133 ], [ 121.495610033000062, 31.278843878600128 ], [ 121.496116130000019, 31.278643747900052 ], [ 121.496213042000122, 31.27860737510013 ], [ 121.496126915, 31.278442132500125 ], [ 121.496116146000091, 31.278451266099921 ] ] ] } },
{ "type": "Feature", "properties": { "clean_id": 187, "Id": 0, "Floor": 8, "height": 24, "source_count": 2, "source_uids": "231;232" }, "geometry": { "type": "Polygon", "coordinates": [ [ [ 121.496116078000014, 31.279257854200058 ], [ 121.49608377899996, 31.279202762900017 ], [ 121.496116083000175, 31.279193694000064 ], [ 121.496148386999948, 31.279184624999967 ], [ 121.496116089, 31.279120368000061 ], [ 121.496019198, 31.278918430899925 ], [ 121.495943823000061, 31.278936536599979 ], [ 121.495922292000046, 31.278881477399921 ], [ 121.495653091, 31.278990659999977 ], [ 121.495696154000143, 31.279082446600007 ], [ 121.495556171, 31.279127855900128 ], [ 121.495653063000077, 31.279329792600034 ], [ 121.495793047, 31.279275217700039 ], [ 121.495846877000076, 31.279367036300084 ], [ 121.496116078000014, 31.279257854200058 ] ] ] } },
{ "type": "Feature", "properties": { "clean_id": 188, "Id": 0, "Floor": 6, "height": 18, "source_count": 2, "source_uids": "233;664" }, "geometry": { "type": "Polygon", "coordinates": [ [ [ 121.496600601000068, 31.279506780600101 ], [ 121.496514475000026, 31.279323208099981 ], [ 121.496116058999988, 31.279477831600097 ], [ 121.496019146999984, 31.279514204099947 ], [ 121.496094511000123, 31.279624418500067 ], [ 121.496116046999987, 31.279615317300053 ], [ 121.49642831900006, 31.279497098699999 ], [ 121.49644985, 31.279552157500003 ], [ 121.496600601000068, 31.279506780600101 ] ] ] } },
{ "type": "Feature", "properties": { "clean_id": 189, "Id": 0, "Floor": 7, "height": 21, "source_count": 1, "source_uids": "234" }, "geometry": { "type": "Polygon", "coordinates": [ [ [ 121.495717621000026, 31.279889094400112 ], [ 121.495889909000084, 31.27982545079999 ], [ 121.495836081000093, 31.279706135500138 ], [ 121.495706865999978, 31.279742411100074 ], [ 121.495685341000026, 31.279623192399924 ], [ 121.495448466000084, 31.279466665500077 ], [ 121.495351554000067, 31.279503037900103 ], [ 121.495308460000061, 31.279768714300069 ], [ 121.495394588000067, 31.279933954800121 ], [ 121.495674555000036, 31.279833971200052 ], [ 121.495717621000026, 31.279889094400112 ] ] ] } },
{ "type": "Feature", "properties": { "clean_id": 190, "Id": 0, "Floor": 4, "height": 12, "source_count": 2, "source_uids": "235;670" }, "geometry": { "type": "Polygon", "coordinates": [ [ [ 121.496169862000102, 31.279890449499923 ], [ 121.496116033000149, 31.279780299900089 ], [ 121.495889906000016, 31.279862113600078 ], [ 121.495986796000025, 31.280073214500078 ], [ 121.496116012000016, 31.280027773300098 ], [ 121.496342140000138, 31.279945959799935 ], [ 121.496288309999969, 31.279844975999932 ], [ 121.496169862000102, 31.279890449499923 ] ] ] } },
{ "type": "Feature", "properties": { "clean_id": 191, "Id": 0, "Floor": 6, "height": 18, "source_count": 1, "source_uids": "236" }, "geometry": { "type": "Polygon", "coordinates": [ [ [ 121.495179239000109, 31.279887481100033 ], [ 121.494813134999958, 31.279932212500114 ], [ 121.494791608000014, 31.279831325400039 ], [ 121.494694697999989, 31.279849366400015 ], [ 121.494726984999929, 31.280041942500127 ], [ 121.495189998, 31.279979170100027 ], [ 121.495179239000109, 31.279887481100033 ] ] ] } },
{ "type": "Feature", "properties": { "clean_id": 192, "Id": 0, "Floor": 4, "height": 12, "source_count": 1, "source_uids": "237" }, "geometry": { "type": "Polygon", "coordinates": [ [ [ 121.495792987000087, 31.2799809770001 ], [ 121.495642237999959, 31.279998856600109 ], [ 121.495663764000156, 31.280108909200074 ], [ 121.495803744, 31.280100163000046 ], [ 121.495792987000087, 31.2799809770001 ] ] ] } },
{ "type": "Feature", "properties": { "clean_id": 193, "Id": 0, "Floor": 5, "height": 15, "source_count": 1, "source_uids": "238" }, "geometry": { "type": "Polygon", "coordinates": [ [ [ 121.495469958000058, 31.279970843400005 ], [ 121.494770053000138, 31.280069568500085 ], [ 121.49478081600013, 31.280124594800107 ], [ 121.495480720000046, 31.280035035299989 ], [ 121.495469958000058, 31.279970843400005 ] ] ] } },
{ "type": "Feature", "properties": { "clean_id": 194, "Id": 0, "Floor": 7, "height": 21, "source_count": 2, "source_uids": "239;261" }, "geometry": { "type": "Polygon", "coordinates": [ [ [ 121.495437646000042, 31.280071568899977 ], [ 121.494910027000188, 31.280124981900027 ], [ 121.494942316999982, 31.280280894900045 ], [ 121.495039227, 31.280272019600087 ], [ 121.495459168000039, 31.280227449700135 ], [ 121.495513007000014, 31.280227611000097 ], [ 121.495491484999988, 31.280071730300108 ], [ 121.495437646000042, 31.280071568899977 ] ] ] } },
{ "type": "Feature", "properties": { "clean_id": 195, "Id": 0, "Floor": 8, "height": 24, "source_count": 1, "source_uids": "241" }, "geometry": { "type": "Polygon", "coordinates": [ [ [ 121.494748650000034, 31.278511329000022 ], [ 121.494716316999984, 31.278868698 ], [ 121.494802458000109, 31.278868956100037 ], [ 121.494834791000017, 31.27851158710007 ], [ 121.494748650000034, 31.278511329000022 ] ] ] } },
{ "type": "Feature", "properties": { "clean_id": 196, "Id": 0, "Floor": 5, "height": 15, "source_count": 1, "source_uids": "242" }, "geometry": { "type": "Polygon", "coordinates": [ [ [ 121.493682590000176, 31.279287225899957 ], [ 121.493661036000162, 31.279507138799939 ], [ 121.493747177000031, 31.279507396800003 ], [ 121.493779497000091, 31.279296681900068 ], [ 121.493682590000176, 31.279287225899957 ] ] ] } },
{ "type": "Feature", "properties": { "clean_id": 197, "Id": 0, "Floor": 6, "height": 18, "source_count": 1, "source_uids": "243" }, "geometry": { "type": "Polygon", "coordinates": [ [ [ 121.49475927800006, 31.280152027200071 ], [ 121.494533155000113, 31.280188012300123 ], [ 121.494543913000157, 31.280298032400026 ], [ 121.494780804000015, 31.280262079599996 ], [ 121.49475927800006, 31.280152027200071 ] ] ] } },
{ "type": "Feature", "properties": { "clean_id": 198, "Id": 0, "Floor": 1, "height": 3, "source_count": 1, "source_uids": "244" }, "geometry": { "type": "Polygon", "coordinates": [ [ [ 121.493660983000041, 31.280130405600122 ], [ 121.493628660000127, 31.280359450200081 ], [ 121.493768638, 31.280378200700106 ], [ 121.493790193000109, 31.280139958300087 ], [ 121.493660983000041, 31.280130405600122 ] ] ] } },
{ "type": "Feature", "properties": { "clean_id": 199, "Id": 0, "Floor": 6, "height": 18, "source_count": 2, "source_uids": "245;248" }, "geometry": { "type": "Polygon", "coordinates": [ [ [ 121.494597734999957, 31.280490672100086 ], [ 121.494565447000127, 31.280316428200077 ], [ 121.493908614000034, 31.280406116900114 ], [ 121.493930139000099, 31.280525334599986 ], [ 121.493930137999982, 31.280543665900041 ], [ 121.493940902000077, 31.280580360599913 ], [ 121.494016276000039, 31.280571420800076 ], [ 121.494210096000089, 31.280544504499975 ], [ 121.494597734999957, 31.280490672100086 ] ] ] } },
{ "type": "Feature", "properties": { "clean_id": 200, "Id": 0, "Floor": 5, "height": 15, "source_count": 1, "source_uids": "246" }, "geometry": { "type": "Polygon", "coordinates": [ [ [ 121.493930139000099, 31.280525334599986 ], [ 121.493908614000034, 31.280406116900114 ], [ 121.493693259999986, 31.280432968800032 ], [ 121.493704018000116, 31.280542988600004 ], [ 121.493757856, 31.280543149799989 ], [ 121.493930139000099, 31.280525334599986 ] ] ] } },
{ "type": "Feature", "properties": { "clean_id": 201, "Id": 0, "Floor": 4, "height": 12, "source_count": 2, "source_uids": "247;291" }, "geometry": { "type": "Polygon", "coordinates": [ [ [ 121.493542504000075, 31.280542504799982 ], [ 121.493488638000031, 31.280863140000012 ], [ 121.493585545999977, 31.28087259580008 ], [ 121.493628645000072, 31.280542762800057 ], [ 121.49363942000015, 31.280451138800121 ], [ 121.493553279000011, 31.280450880800061 ], [ 121.493542504000075, 31.280542504799982 ] ] ] } },
{ "type": "Feature", "properties": { "clean_id": 202, "Id": 0, "Floor": 2, "height": 6, "source_count": 1, "source_uids": "249" }, "geometry": { "type": "Polygon", "coordinates": [ [ [ 121.493757856, 31.280543149799989 ], [ 121.493704018000116, 31.280542988600004 ], [ 121.49371477800014, 31.280634677000016 ], [ 121.493768616000025, 31.280625672700129 ], [ 121.493757856, 31.280543149799989 ] ] ] } },
{ "type": "Feature", "properties": { "clean_id": 203, "Id": 0, "Floor": 8, "height": 24, "source_count": 2, "source_uids": "250;251" }, "geometry": { "type": "Polygon", "coordinates": [ [ [ 121.493359555, 31.279368750099984 ], [ 121.493154969999978, 31.27936813750005 ], [ 121.493154959000094, 31.279496457600025 ], [ 121.493359544000114, 31.279497070200144 ], [ 121.493607198000177, 31.279497811899994 ], [ 121.493607209000061, 31.279369491700031 ], [ 121.493359555, 31.279368750099984 ] ] ] } },
{ "type": "Feature", "properties": { "clean_id": 204, "Id": 0, "Floor": 8, "height": 24, "source_count": 1, "source_uids": "252" }, "geometry": { "type": "Polygon", "coordinates": [ [ [ 121.492918068999984, 31.27954157689998 ], [ 121.492368923000072, 31.279539933300036 ], [ 121.492368913000078, 31.279659087499969 ], [ 121.49291805900009, 31.279660731100076 ], [ 121.492918068999984, 31.27954157689998 ] ] ] } },
{ "type": "Feature", "properties": { "clean_id": 205, "Id": 0, "Floor": 5, "height": 15, "source_count": 2, "source_uids": "253;254" }, "geometry": { "type": "Polygon", "coordinates": [ [ [ 121.493359509000115, 31.279900360900001 ], [ 121.493499488000111, 31.279900780099979 ], [ 121.493499500000112, 31.279763294800041 ], [ 121.493359521, 31.279762875600056 ], [ 121.49335952499996, 31.279717047199927 ], [ 121.493047265000087, 31.279716112199985 ], [ 121.493047253000114, 31.2798535975001 ], [ 121.493316443000126, 31.279854403500003 ], [ 121.493316438999955, 31.279900232000102 ], [ 121.493359509000115, 31.279900360900001 ] ] ] } },
{ "type": "Feature", "properties": { "clean_id": 206, "Id": 0, "Floor": 8, "height": 24, "source_count": 1, "source_uids": "255" }, "geometry": { "type": "Polygon", "coordinates": [ [ [ 121.492896512000115, 31.2797981521 ], [ 121.492347365999976, 31.279796508500056 ], [ 121.492347355999982, 31.279915662399954 ], [ 121.492896502000121, 31.279917306000076 ], [ 121.492896512000115, 31.2797981521 ] ] ] } },
{ "type": "Feature", "properties": { "clean_id": 207, "Id": 0, "Floor": 8, "height": 24, "source_count": 2, "source_uids": "256;257" }, "geometry": { "type": "Polygon", "coordinates": [ [ [ 121.492961085000047, 31.280174138100048 ], [ 121.493359484000038, 31.280202828000082 ], [ 121.493531763999968, 31.280221675199982 ], [ 121.493542542999975, 31.28008422260007 ], [ 121.493359495000163, 31.280065343099974 ], [ 121.492971863999955, 31.280036685399981 ], [ 121.492961085000047, 31.280174138100048 ] ] ] } },
{ "type": "Feature", "properties": { "clean_id": 208, "Id": 0, "Floor": 17, "height": 51, "source_count": 1, "source_uids": "258" }, "geometry": { "type": "Polygon", "coordinates": [ [ [ 121.49251962400001, 31.280062828700117 ], [ 121.49221813400014, 31.280043595200134 ], [ 121.492196579000066, 31.280281837900013 ], [ 121.492315021000081, 31.280291357900129 ], [ 121.492498069000135, 31.280301071299959 ], [ 121.49251962400001, 31.280062828700117 ] ] ] } },
{ "type": "Feature", "properties": { "clean_id": 209, "Id": 0, "Floor": 8, "height": 24, "source_count": 2, "source_uids": "259;270" }, "geometry": { "type": "Polygon", "coordinates": [ [ [ 121.492928758000176, 31.280458176400096 ], [ 121.493359458999961, 31.28049612850003 ], [ 121.493499436999969, 31.280505713300041 ], [ 121.493510216000132, 31.280368261100026 ], [ 121.493359470000087, 31.280358643999989 ], [ 121.492950305, 31.28032075630011 ], [ 121.492928758000176, 31.280458176400096 ] ] ] } },
{ "type": "Feature", "properties": { "clean_id": 210, "Id": 0, "Floor": 4, "height": 12, "source_count": 2, "source_uids": "260;692" }, "geometry": { "type": "Polygon", "coordinates": [ [ [ 121.496116006999955, 31.280082767400025 ], [ 121.495965255999977, 31.280128144000113 ], [ 121.496019084000068, 31.28024745879992 ], [ 121.496115996000071, 31.280220252200134 ], [ 121.496439034, 31.280120397900021 ], [ 121.496395973000062, 31.28000111520004 ], [ 121.496116006999955, 31.280082767400025 ] ] ] } },
{ "type": "Feature", "properties": { "clean_id": 211, "Id": 0, "Floor": 6, "height": 18, "source_count": 1, "source_uids": "262" }, "geometry": { "type": "Polygon", "coordinates": [ [ [ 121.495469930000013, 31.280300807199911 ], [ 121.495459168000039, 31.280227449700135 ], [ 121.495039227, 31.280272019600087 ], [ 121.495049988000119, 31.280345377000064 ], [ 121.49509305900007, 31.280336340400137 ], [ 121.495469930000013, 31.280300807199911 ] ] ] } },
{ "type": "Feature", "properties": { "clean_id": 212, "Id": 0, "Floor": 5, "height": 15, "source_count": 1, "source_uids": "263" }, "geometry": { "type": "Polygon", "coordinates": [ [ [ 121.49509305900007, 31.280336340400137 ], [ 121.495049988000119, 31.280345377000064 ], [ 121.495039227, 31.280272019600087 ], [ 121.494942316999982, 31.280280894900045 ], [ 121.494920781000019, 31.280289996000022 ], [ 121.494942305, 31.280427545100107 ], [ 121.495103821000043, 31.280409697800106 ], [ 121.49509305900007, 31.280336340400137 ] ] ] } },
{ "type": "Feature", "properties": { "clean_id": 213, "Id": 0, "Floor": 5, "height": 15, "source_count": 2, "source_uids": "264;695" }, "geometry": { "type": "Polygon", "coordinates": [ [ [ 121.496115989000145, 31.280293577500064 ], [ 121.496019078, 31.280320784000075 ], [ 121.496051372000025, 31.280430868499991 ], [ 121.496115979000137, 31.280412730800101 ], [ 121.496449783, 31.280331240200045 ], [ 121.496417490000127, 31.280221155599971 ], [ 121.496115989000145, 31.280293577500064 ] ] ] } },
{ "type": "Feature", "properties": { "clean_id": 214, "Id": 0, "Floor": 4, "height": 12, "source_count": 1, "source_uids": "265" }, "geometry": { "type": "Polygon", "coordinates": [ [ [ 121.495480687000182, 31.280419992799978 ], [ 121.495469930000013, 31.280300807199911 ], [ 121.49509305900007, 31.280336340400137 ], [ 121.495103821000043, 31.280409697800106 ], [ 121.495103815999983, 31.280464691600059 ], [ 121.495480687000182, 31.280419992799978 ] ] ] } },
{ "type": "Feature", "properties": { "clean_id": 215, "Id": 0, "Floor": 9, "height": 27, "source_count": 2, "source_uids": "266;269" }, "geometry": { "type": "Polygon", "coordinates": [ [ [ 121.49564220700006, 31.280365482899921 ], [ 121.495739100000151, 31.280549086000114 ], [ 121.49591135300011, 31.280897895399956 ], [ 121.496094408999966, 31.280825119099973 ], [ 121.495954453000067, 31.280549731299967 ], [ 121.495825262000153, 31.280301871900118 ], [ 121.49564220700006, 31.280365482899921 ] ] ] } },
{ "type": "Feature", "properties": { "clean_id": 216, "Id": 0, "Floor": 5, "height": 15, "source_count": 2, "source_uids": "267;268" }, "geometry": { "type": "Polygon", "coordinates": [ [ [ 121.495588354999981, 31.280521137400058 ], [ 121.495512978999955, 31.280548408400126 ], [ 121.495254547000044, 31.280648455799959 ], [ 121.495308377000129, 31.280749438900106 ], [ 121.495448360999944, 31.280694864700024 ], [ 121.495426830000042, 31.280648972100039 ], [ 121.495502206000069, 31.280612535499984 ], [ 121.495523738000088, 31.28065842810015 ], [ 121.49563141800013, 31.280612922700136 ], [ 121.495599121000055, 31.280548666500117 ], [ 121.495588354999981, 31.280521137400058 ] ] ] } },
{ "type": "Feature", "properties": { "clean_id": 217, "Id": 0, "Floor": 17, "height": 51, "source_count": 2, "source_uids": "271;272" }, "geometry": { "type": "Polygon", "coordinates": [ [ [ 121.492465746, 31.280539281199928 ], [ 121.492444200000023, 31.280658369800111 ], [ 121.492745691, 31.280677603400076 ], [ 121.492767236999953, 31.280540183600063 ], [ 121.492778014000137, 31.280439393900114 ], [ 121.49247652300005, 31.280420160199967 ], [ 121.492465746, 31.280539281199928 ] ] ] } },
{ "type": "Feature", "properties": { "clean_id": 218, "Id": 0, "Floor": 8, "height": 24, "source_count": 2, "source_uids": "273;274" }, "geometry": { "type": "Polygon", "coordinates": [ [ [ 121.492896431999966, 31.280733048300078 ], [ 121.493359434000013, 31.280780262599933 ], [ 121.493456342000059, 31.280789718400001 ], [ 121.493477889000033, 31.280652298800025 ], [ 121.493359446, 31.28064277850012 ], [ 121.492917979000026, 31.280595628600114 ], [ 121.492896431999966, 31.280733048300078 ] ] ] } },
{ "type": "Feature", "properties": { "clean_id": 219, "Id": 0, "Floor": 17, "height": 51, "source_count": 1, "source_uids": "275" }, "geometry": { "type": "Polygon", "coordinates": [ [ [ 121.492153460000054, 31.280849977599935 ], [ 121.492142677000061, 31.281033257200122 ], [ 121.492444167000031, 31.281043324900043 ], [ 121.492454951000127, 31.280850879700044 ], [ 121.492153460000054, 31.280849977599935 ] ] ] } },
{ "type": "Feature", "properties": { "clean_id": 220, "Id": 0, "Floor": 8, "height": 24, "source_count": 1, "source_uids": "276" }, "geometry": { "type": "Polygon", "coordinates": [ [ [ 121.49287488400013, 31.280879633500092 ], [ 121.492853338000145, 31.281007887200015 ], [ 121.493036385999972, 31.281026766400092 ], [ 121.493057931000067, 31.280907678199981 ], [ 121.49287488400013, 31.280879633500092 ] ] ] } },
{ "type": "Feature", "properties": { "clean_id": 221, "Id": 0, "Floor": 8, "height": 24, "source_count": 2, "source_uids": "277;278" }, "geometry": { "type": "Polygon", "coordinates": [ [ [ 121.493111759000044, 31.28102699210006 ], [ 121.493359412000018, 31.28104606480014 ], [ 121.493434784000101, 31.281055456099924 ], [ 121.493445563000023, 31.280918004599982 ], [ 121.493359423000129, 31.280908581000126 ], [ 121.493133306000018, 31.280889572700108 ], [ 121.493111759000044, 31.28102699210006 ] ] ] } },
{ "type": "Feature", "properties": { "clean_id": 222, "Id": 0, "Floor": 4, "height": 12, "source_count": 1, "source_uids": "279" }, "geometry": { "type": "Polygon", "coordinates": [ [ [ 121.49327326699995, 31.281091634699973 ], [ 121.49286409900003, 31.281090409700134 ], [ 121.49286409299998, 31.281154568700003 ], [ 121.493273262000017, 31.281155793800046 ], [ 121.49327326699995, 31.281091634699973 ] ] ] } },
{ "type": "Feature", "properties": { "clean_id": 223, "Id": 0, "Floor": 6, "height": 18, "source_count": 1, "source_uids": "280" }, "geometry": { "type": "Polygon", "coordinates": [ [ [ 121.495297599999972, 31.280859393800029 ], [ 121.49520070799997, 31.280666625700064 ], [ 121.494759220000105, 31.280839449400105 ], [ 121.494856112000093, 31.28103221720005 ], [ 121.495114543999975, 31.280932170100023 ], [ 121.495297599999972, 31.280859393800029 ] ] ] } },
{ "type": "Feature", "properties": { "clean_id": 224, "Id": 0, "Floor": 5, "height": 15, "source_count": 2, "source_uids": "281;283" }, "geometry": { "type": "Polygon", "coordinates": [ [ [ 121.495663712000123, 31.280713841199994 ], [ 121.495297599999972, 31.280859393800029 ], [ 121.495114543999975, 31.280932170100023 ], [ 121.495168374000187, 31.281023987300099 ], [ 121.495232969999975, 31.281143333400045 ], [ 121.495782137999981, 31.280925005000075 ], [ 121.495717543000083, 31.280805658600102 ], [ 121.495663712000123, 31.280713841199994 ] ], [ [ 121.495642166000167, 31.28084209519994 ], [ 121.495685229000046, 31.280933880199992 ], [ 121.495383725000124, 31.281052129300122 ], [ 121.495340663000107, 31.28095117880008 ], [ 121.495642166000167, 31.28084209519994 ] ] ] } },
{ "type": "Feature", "properties": { "clean_id": 225, "Id": 0, "Floor": 7, "height": 21, "source_count": 1, "source_uids": "282" }, "geometry": { "type": "Polygon", "coordinates": [ [ [ 121.495642166000167, 31.28084209519994 ], [ 121.495340663000107, 31.28095117880008 ], [ 121.495383725000124, 31.281052129300122 ], [ 121.495685229000046, 31.280933880199992 ], [ 121.495642166000167, 31.28084209519994 ] ] ] } },
{ "type": "Feature", "properties": { "clean_id": 226, "Id": 0, "Floor": 7, "height": 21, "source_count": 2, "source_uids": "284;285" }, "geometry": { "type": "Polygon", "coordinates": [ [ [ 121.49613746, 31.281054387899985 ], [ 121.496115928999984, 31.281008495500082 ], [ 121.496083631000147, 31.280944239600103 ], [ 121.495092974000173, 31.281335390800052 ], [ 121.495146805000118, 31.281427207600078 ], [ 121.496115924000051, 31.281063489000129 ], [ 121.49613746, 31.281054387899985 ] ] ] } },
{ "type": "Feature", "properties": { "clean_id": 227, "Id": 0, "Floor": 6, "height": 18, "source_count": 1, "source_uids": "286" }, "geometry": { "type": "Polygon", "coordinates": [ [ [ 121.496008235000076, 31.281209815500063 ], [ 121.496115894000013, 31.281411780399935 ], [ 121.496115915000146, 31.281164310300078 ], [ 121.496008235000076, 31.281209815500063 ] ] ] } },
{ "type": "Feature", "properties": { "clean_id": 228, "Id": 0, "Floor": 3, "height": 9, "source_count": 1, "source_uids": "287" }, "geometry": { "type": "Polygon", "coordinates": [ [ [ 121.495577520999987, 31.281300180499947 ], [ 121.495286785999951, 31.281400130400066 ], [ 121.495319083000155, 31.281473551600016 ], [ 121.495609819000052, 31.281364436200136 ], [ 121.495577520999987, 31.281300180499947 ] ] ] } },
{ "type": "Feature", "properties": { "clean_id": 229, "Id": 0, "Floor": 7, "height": 21, "source_count": 1, "source_uids": "288" }, "geometry": { "type": "Polygon", "coordinates": [ [ [ 121.496008235000076, 31.281209815500063 ], [ 121.495911323000101, 31.281246187400029 ], [ 121.495943622000027, 31.281292112000131 ], [ 121.495383686000082, 31.281501241800012 ], [ 121.495459046999926, 31.281648116200138 ], [ 121.496115894000013, 31.281411780399935 ], [ 121.496008235000076, 31.281209815500063 ] ] ] } },
{ "type": "Feature", "properties": { "clean_id": 230, "Id": 0, "Floor": 6, "height": 18, "source_count": 1, "source_uids": "289" }, "geometry": { "type": "Polygon", "coordinates": [ [ [ 121.495243715000143, 31.281409166899952 ], [ 121.495060659000046, 31.281481942800092 ], [ 121.495103721999953, 31.281564561700126 ], [ 121.49528677800005, 31.281491785900119 ], [ 121.495243715000143, 31.281409166899952 ] ] ] } },
{ "type": "Feature", "properties": { "clean_id": 231, "Id": 0, "Floor": 5, "height": 15, "source_count": 1, "source_uids": "290" }, "geometry": { "type": "Polygon", "coordinates": [ [ [ 121.494016276000039, 31.280571420800076 ], [ 121.493940902000077, 31.280580360599913 ], [ 121.493940899999984, 31.280607857500005 ], [ 121.493768616000025, 31.280625672700129 ], [ 121.49371477800014, 31.280634677000016 ], [ 121.49372553600017, 31.280744696600028 ], [ 121.494037799999987, 31.280708969499987 ], [ 121.494016276000039, 31.280571420800076 ] ] ] } },
{ "type": "Feature", "properties": { "clean_id": 232, "Id": 0, "Floor": 9, "height": 27, "source_count": 1, "source_uids": "292" }, "geometry": { "type": "Polygon", "coordinates": [ [ [ 121.494005486, 31.280837191200078 ], [ 121.493553241999962, 31.280890830299985 ], [ 121.493574763999959, 31.281037544200043 ], [ 121.494027008999979, 31.280983905199992 ], [ 121.494005486, 31.280837191200078 ] ] ] } },
{ "type": "Feature", "properties": { "clean_id": 233, "Id": 0, "Floor": 9, "height": 27, "source_count": 1, "source_uids": "293" }, "geometry": { "type": "Polygon", "coordinates": [ [ [ 121.493983934999974, 31.281020438600088 ], [ 121.493833187000064, 31.281038318199926 ], [ 121.49387623500013, 31.281304248699985 ], [ 121.49402698300014, 31.281286369099977 ], [ 121.493983934999974, 31.281020438600088 ] ] ] } },
{ "type": "Feature", "properties": { "clean_id": 234, "Id": 0, "Floor": 6, "height": 18, "source_count": 2, "source_uids": "294;295" }, "geometry": { "type": "Polygon", "coordinates": [ [ [ 121.494328494000129, 31.281076464300096 ], [ 121.494317731000038, 31.28103060410001 ], [ 121.494134678000023, 31.281066717999977 ], [ 121.494274623000038, 31.281470422099972 ], [ 121.494446907999986, 31.281434276100018 ], [ 121.494414613, 31.281333358200008 ], [ 121.494694578, 31.281260872600114 ], [ 121.494597691999957, 31.280994780600107 ], [ 121.494328494000129, 31.281076464300096 ] ] ] } },
{ "type": "Feature", "properties": { "clean_id": 235, "Id": 0, "Floor": 8, "height": 24, "source_count": 1, "source_uids": "296" }, "geometry": { "type": "Polygon", "coordinates": [ [ [ 121.494974490000118, 31.28180247820012 ], [ 121.494834536999974, 31.281499596300137 ], [ 121.49440382000013, 31.281635788900072 ], [ 121.494446882000148, 31.28173673870004 ], [ 121.494543773000018, 31.281947835800061 ], [ 121.494974490000118, 31.28180247820012 ] ] ] } },
{ "type": "Feature", "properties": { "clean_id": 236, "Id": 0, "Floor": 6, "height": 18, "source_count": 1, "source_uids": "297" }, "geometry": { "type": "Polygon", "coordinates": [ [ [ 121.494554494, 31.28248863120012 ], [ 121.495039053000028, 31.282306773800084 ], [ 121.495006755999952, 31.282242518700002 ], [ 121.494974457000012, 31.282196594600066 ], [ 121.494952925000021, 31.282159868099985 ], [ 121.494479133000041, 31.282341758000143 ], [ 121.494500665000018, 31.282387649899988 ], [ 121.494532963999973, 31.282433574000088 ], [ 121.494554494, 31.28248863120012 ] ] ] } },
{ "type": "Feature", "properties": { "clean_id": 237, "Id": 0, "Floor": 2, "height": 6, "source_count": 1, "source_uids": "298" }, "geometry": { "type": "Polygon", "coordinates": [ [ [ 121.494500665000018, 31.282387649899988 ], [ 121.494446825000082, 31.282405819500074 ], [ 121.49446835500008, 31.282460876799909 ], [ 121.494532963999973, 31.282433574000088 ], [ 121.494500665000018, 31.282387649899988 ] ] ] } },
{ "type": "Feature", "properties": { "clean_id": 238, "Id": 0, "Floor": 5, "height": 15, "source_count": 1, "source_uids": "299" }, "geometry": { "type": "Polygon", "coordinates": [ [ [ 121.49446835500008, 31.282460876799909 ], [ 121.494446825000082, 31.282405819500074 ], [ 121.494425291999974, 31.282378258600033 ], [ 121.49426377199994, 31.282441932899985 ], [ 121.494339135000018, 31.282570475099991 ], [ 121.494500654000134, 31.282506800799975 ], [ 121.49446835500008, 31.282460876799909 ] ] ] } },
{ "type": "Feature", "properties": { "clean_id": 239, "Id": 0, "Floor": 4, "height": 12, "source_count": 1, "source_uids": "300" }, "geometry": { "type": "Polygon", "coordinates": [ [ [ 121.492821026000129, 31.281117777500075 ], [ 121.492648744999983, 31.281117261800034 ], [ 121.492648738000071, 31.281199751899969 ], [ 121.492573365000126, 31.281199526299986 ], [ 121.492573356, 31.281300347500064 ], [ 121.492821011000174, 31.281291923300053 ], [ 121.492821026000129, 31.281117777500075 ] ] ] } },
{ "type": "Feature", "properties": { "clean_id": 240, "Id": 0, "Floor": 4, "height": 12, "source_count": 1, "source_uids": "301" }, "geometry": { "type": "Polygon", "coordinates": [ [ [ 121.492864081, 31.281301217699991 ], [ 121.492799474000094, 31.281319355500031 ], [ 121.492842528999972, 31.281493629800075 ], [ 121.492907134999982, 31.281484657700041 ], [ 121.492864081, 31.281301217699991 ] ] ] } },
{ "type": "Feature", "properties": { "clean_id": 241, "Id": 0, "Floor": 4, "height": 12, "source_count": 1, "source_uids": "302" }, "geometry": { "type": "Polygon", "coordinates": [ [ [ 121.492616415000157, 31.281437959700103 ], [ 121.49262719, 31.28134633640008 ], [ 121.492562584999988, 31.281346143100105 ], [ 121.492541039000116, 31.281474396299984 ], [ 121.492713319000131, 31.281484077500007 ], [ 121.492724090000038, 31.28144744759998 ], [ 121.492616415000157, 31.281437959700103 ] ] ] } },
{ "type": "Feature", "properties": { "clean_id": 242, "Id": 0, "Floor": 8, "height": 24, "source_count": 1, "source_uids": "303" }, "geometry": { "type": "Polygon", "coordinates": [ [ [ 121.492551801000118, 31.281538587300073 ], [ 121.49254102600004, 31.281630210400067 ], [ 121.492928656000117, 31.28165886730006 ], [ 121.492939431000082, 31.281567244200005 ], [ 121.492551801000118, 31.281538587300073 ] ] ] } },
{ "type": "Feature", "properties": { "clean_id": 243, "Id": 0, "Floor": 7, "height": 21, "source_count": 1, "source_uids": "304" }, "geometry": { "type": "Polygon", "coordinates": [ [ [ 121.492530244000022, 31.281795157600008 ], [ 121.492519468999944, 31.281877614999985 ], [ 121.493047077000014, 31.281915856300085 ], [ 121.493057852, 31.281833399000103 ], [ 121.492530244000022, 31.281795157600008 ] ] ] } },
{ "type": "Feature", "properties": { "clean_id": 244, "Id": 0, "Floor": 8, "height": 24, "source_count": 1, "source_uids": "305" }, "geometry": { "type": "Polygon", "coordinates": [ [ [ 121.49249792, 31.282042529500011 ], [ 121.492487145000055, 31.282134152200005 ], [ 121.493143963000094, 31.282181945800062 ], [ 121.493154738000158, 31.282099488700055 ], [ 121.49249792, 31.282042529500011 ] ] ] } },
{ "type": "Feature", "properties": { "clean_id": 245, "Id": 0, "Floor": 2, "height": 6, "source_count": 1, "source_uids": "306" }, "geometry": { "type": "Polygon", "coordinates": [ [ [ 121.493122397000093, 31.282539334399978 ], [ 121.492584020999971, 31.282510226400063 ], [ 121.492584015000148, 31.282574384600082 ], [ 121.493122390000181, 31.282621823400014 ], [ 121.493122397000093, 31.282539334399978 ] ] ] } },
{ "type": "Feature", "properties": { "clean_id": 246, "Id": 0, "Floor": 2, "height": 6, "source_count": 1, "source_uids": "307" }, "geometry": { "type": "Polygon", "coordinates": [ [ [ 121.492723991000162, 31.282611465300018 ], [ 121.492616314999964, 31.282611143000111 ], [ 121.492616302999977, 31.282748624600124 ], [ 121.492723978999948, 31.282748946900149 ], [ 121.492723991000162, 31.282611465300018 ] ] ] } },
{ "type": "Feature", "properties": { "clean_id": 247, "Id": 0, "Floor": 5, "height": 15, "source_count": 1, "source_uids": "308" }, "geometry": { "type": "Polygon", "coordinates": [ [ [ 121.493639233000067, 31.282641702100079 ], [ 121.493402340999978, 31.282695985300048 ], [ 121.493423870000015, 31.2827693732001 ], [ 121.493660762000104, 31.282715090100112 ], [ 121.493639233000067, 31.282641702100079 ] ] ] } },
{ "type": "Feature", "properties": { "clean_id": 248, "Id": 0, "Floor": 2, "height": 6, "source_count": 1, "source_uids": "309" }, "geometry": { "type": "Polygon", "coordinates": [ [ [ 121.493359266000098, 31.282760014299924 ], [ 121.492551694, 31.282794258399971 ], [ 121.49256245399998, 31.282885944800114 ], [ 121.493359256999966, 31.282860834000068 ], [ 121.493359266000098, 31.282760014299924 ] ] ] } },
{ "type": "Feature", "properties": { "clean_id": 249, "Id": 0, "Floor": 4, "height": 12, "source_count": 2, "source_uids": "310;311" }, "geometry": { "type": "Polygon", "coordinates": [ [ [ 121.496148179, 31.281622684700036 ], [ 121.496115881000136, 31.281567594700114 ], [ 121.49607281700014, 31.281484975800076 ], [ 121.495491345000019, 31.281712371700049 ], [ 121.495566706999981, 31.281850080299993 ], [ 121.496115876000076, 31.281631753400124 ], [ 121.496148179, 31.281622684700036 ] ] ] } },
{ "type": "Feature", "properties": { "clean_id": 250, "Id": 0, "Floor": 6, "height": 18, "source_count": 2, "source_uids": "312;716" }, "geometry": { "type": "Polygon", "coordinates": [ [ [ 121.496115868000075, 31.281714243100001 ], [ 121.495599004000042, 31.281914335700083 ], [ 121.495663598000078, 31.282052011799912 ], [ 121.496115853999981, 31.281879222400104 ], [ 121.49628814200004, 31.281815580099934 ], [ 121.496223548000103, 31.281677903700082 ], [ 121.496115868000075, 31.281714243100001 ] ] ] } },
{ "type": "Feature", "properties": { "clean_id": 251, "Id": 0, "Floor": 6, "height": 18, "source_count": 1, "source_uids": "313" }, "geometry": { "type": "Polygon", "coordinates": [ [ [ 121.495437498, 31.281813031099997 ], [ 121.495265209999971, 31.281885838899992 ], [ 121.495351337000116, 31.282041910600075 ], [ 121.495523625000146, 31.281978268300129 ], [ 121.495437498, 31.281813031099997 ] ] ] } },
{ "type": "Feature", "properties": { "clean_id": 252, "Id": 0, "Floor": 12, "height": 36, "source_count": 2, "source_uids": "314;721" }, "geometry": { "type": "Polygon", "coordinates": [ [ [ 121.496115844000087, 31.28199837390013 ], [ 121.495782036000151, 31.282125690600072 ], [ 121.495835866, 31.282226672200061 ], [ 121.495771258000104, 31.282253975100044 ], [ 121.495825087000085, 31.282354956600045 ], [ 121.4959650710001, 31.282300383200038 ], [ 121.495943539000123, 31.282263656800126 ], [ 121.496115828000043, 31.282190849199992 ], [ 121.496331188000113, 31.282109005099983 ], [ 121.496245060000078, 31.281952933600049 ], [ 121.496115844000087, 31.28199837390013 ] ] ] } },
{ "type": "Feature", "properties": { "clean_id": 253, "Id": 0, "Floor": 5, "height": 15, "source_count": 1, "source_uids": "315" }, "geometry": { "type": "Polygon", "coordinates": [ [ [ 121.495049822000169, 31.282288475200112 ], [ 121.495243646000191, 31.282215732100045 ], [ 121.495179052000125, 31.282078056300008 ], [ 121.494985228000147, 31.282150799400075 ], [ 121.494995992999961, 31.282187493600137 ], [ 121.495028292000143, 31.282233417800057 ], [ 121.495049822000169, 31.282288475200112 ] ] ] } },
{ "type": "Feature", "properties": { "clean_id": 254, "Id": 0, "Floor": 2, "height": 6, "source_count": 1, "source_uids": "316" }, "geometry": { "type": "Polygon", "coordinates": [ [ [ 121.494995992999961, 31.282187493600137 ], [ 121.494974457000012, 31.282196594600066 ], [ 121.495006755999952, 31.282242518700002 ], [ 121.495028292000143, 31.282233417800057 ], [ 121.494995992999961, 31.282187493600137 ] ] ] } },
{ "type": "Feature", "properties": { "clean_id": 255, "Id": 0, "Floor": 2, "height": 6, "source_count": 1, "source_uids": "317" }, "geometry": { "type": "Polygon", "coordinates": [ [ [ 121.495362080999925, 31.282326072700126 ], [ 121.49528670500014, 31.282353343299974 ], [ 121.495372830999955, 31.282536910600015 ], [ 121.495458974000044, 31.282509672400014 ], [ 121.495362080999925, 31.282326072700126 ] ] ] } },
{ "type": "Feature", "properties": { "clean_id": 256, "Id": 0, "Floor": 10, "height": 30, "source_count": 1, "source_uids": "318" }, "geometry": { "type": "Polygon", "coordinates": [ [ [ 121.495265155000084, 31.282527422500088 ], [ 121.495168261, 31.282352988400021 ], [ 121.495071349, 31.282389359799989 ], [ 121.495103647000064, 31.282453614900085 ], [ 121.495168242, 31.282572959300005 ], [ 121.495265155000084, 31.282527422500088 ] ] ] } },
{ "type": "Feature", "properties": { "clean_id": 257, "Id": 0, "Floor": 1, "height": 3, "source_count": 2, "source_uids": "319;943" }, "geometry": { "type": "Polygon", "coordinates": [ [ [ 121.496546509000055, 31.282485434699993 ], [ 121.496524978000153, 31.282430377500134 ], [ 121.49668649900012, 31.282366703099964 ], [ 121.496654199999966, 31.282311613600093 ], [ 121.496115799999984, 31.282520806000047 ], [ 121.495965048000016, 31.282575347000027 ], [ 121.495997345999967, 31.282630436500092 ], [ 121.496115794000033, 31.282584964200002 ], [ 121.496428066000149, 31.28246674890006 ], [ 121.496449597000037, 31.282521806200126 ], [ 121.496546509000055, 31.282485434699993 ] ] ] } },
{ "type": "Feature", "properties": { "clean_id": 258, "Id": 0, "Floor": 6, "height": 18, "source_count": 1, "source_uids": "320" }, "geometry": { "type": "Polygon", "coordinates": [ [ [ 121.489870694000061, 31.281530574700064 ], [ 121.489623044000155, 31.281529836100102 ], [ 121.489623029000086, 31.281703981100065 ], [ 121.489870680000095, 31.281704719799965 ], [ 121.489870694000061, 31.281530574700064 ] ] ] } },
{ "type": "Feature", "properties": { "clean_id": 259, "Id": 0, "Floor": 8, "height": 24, "source_count": 1, "source_uids": "321" }, "geometry": { "type": "Polygon", "coordinates": [ [ [ 121.489579958000164, 31.281722183700033 ], [ 121.489495186331794, 31.281721931040437 ], [ 121.489493725038102, 31.281813581908974 ], [ 121.489579950000021, 31.281813838900064 ], [ 121.489579958000164, 31.281722183700033 ] ] ] } },
{ "type": "Feature", "properties": { "clean_id": 260, "Id": 0, "Floor": 8, "height": 24, "source_count": 1, "source_uids": "322" }, "geometry": { "type": "Polygon", "coordinates": [ [ [ 121.490258305000111, 31.281733373099993 ], [ 121.48981684, 31.281732055700104 ], [ 121.489816832999978, 31.281814545399982 ], [ 121.490258297999958, 31.281815862699997 ], [ 121.490258305000111, 31.281733373099993 ] ] ] } },
{ "type": "Feature", "properties": { "clean_id": 261, "Id": 0, "Floor": 8, "height": 24, "source_count": 1, "source_uids": "323" }, "geometry": { "type": "Polygon", "coordinates": [ [ [ 121.489491094713614, 31.281978553211022 ], [ 121.48948951183732, 31.28207782961659 ], [ 121.489579928000026, 31.282079638399964 ], [ 121.489579936000155, 31.281978817999974 ], [ 121.489491094713614, 31.281978553211022 ] ] ] } },
{ "type": "Feature", "properties": { "clean_id": 262, "Id": 0, "Floor": 8, "height": 24, "source_count": 1, "source_uids": "324" }, "geometry": { "type": "Polygon", "coordinates": [ [ [ 121.490258282000113, 31.281999172800113 ], [ 121.489816817000133, 31.281997855500034 ], [ 121.48981681, 31.28208034490007 ], [ 121.490258275999963, 31.282072496699922 ], [ 121.490258282000113, 31.281999172800113 ] ] ] } },
{ "type": "Feature", "properties": { "clean_id": 263, "Id": 0, "Floor": 8, "height": 24, "source_count": 1, "source_uids": "325" }, "geometry": { "type": "Polygon", "coordinates": [ [ [ 121.48983833, 31.282254553299929 ], [ 121.489526075999947, 31.282253621999914 ], [ 121.489526067000043, 31.282354442200134 ], [ 121.489838322000097, 31.282355373399977 ], [ 121.48983833, 31.282254553299929 ] ] ] } },
{ "type": "Feature", "properties": { "clean_id": 264, "Id": 0, "Floor": 8, "height": 24, "source_count": 1, "source_uids": "326" }, "geometry": { "type": "Polygon", "coordinates": [ [ [ 121.489838308, 31.282511186199944 ], [ 121.489526053999953, 31.282510254999973 ], [ 121.489526045000048, 31.282611074900103 ], [ 121.489838300000088, 31.282612006100123 ], [ 121.489838308, 31.282511186199944 ] ] ] } },
{ "type": "Feature", "properties": { "clean_id": 265, "Id": 0, "Floor": 6, "height": 18, "source_count": 1, "source_uids": "327" }, "geometry": { "type": "Polygon", "coordinates": [ [ [ 121.491765743000101, 31.28185702900009 ], [ 121.491765777999944, 31.281444580299986 ], [ 121.49166887, 31.281444290500019 ], [ 121.491668841999982, 31.281774249600065 ], [ 121.491668835000027, 31.281856739200059 ], [ 121.491765743000101, 31.28185702900009 ] ] ] } },
{ "type": "Feature", "properties": { "clean_id": 266, "Id": 0, "Floor": 8, "height": 24, "source_count": 1, "source_uids": "328" }, "geometry": { "type": "Polygon", "coordinates": [ [ [ 121.491959566999981, 31.281756788000052 ], [ 121.491948791000155, 31.281848411000066 ], [ 121.492401025000049, 31.281886426000138 ], [ 121.492411801000117, 31.28179480310007 ], [ 121.491959566999981, 31.281756788000052 ] ] ] } },
{ "type": "Feature", "properties": { "clean_id": 267, "Id": 0, "Floor": 8, "height": 24, "source_count": 1, "source_uids": "329" }, "geometry": { "type": "Polygon", "coordinates": [ [ [ 121.491938010000027, 31.282013357800103 ], [ 121.491927234000059, 31.28210498049992 ], [ 121.492379467999967, 31.282142995400129 ], [ 121.492390244000163, 31.282051372800144 ], [ 121.491938010000027, 31.282013357800103 ] ] ] } },
{ "type": "Feature", "properties": { "clean_id": 268, "Id": 0, "Floor": 8, "height": 24, "source_count": 1, "source_uids": "331" }, "geometry": { "type": "Polygon", "coordinates": [ [ [ 121.491927219999965, 31.282269959099956 ], [ 121.491916446000019, 31.28235241620013 ], [ 121.492368679000023, 31.282399596499999 ], [ 121.492379454, 31.282307974 ], [ 121.491927219999965, 31.282269959099956 ] ] ] } },
{ "type": "Feature", "properties": { "clean_id": 269, "Id": 0, "Floor": 8, "height": 24, "source_count": 1, "source_uids": "332" }, "geometry": { "type": "Polygon", "coordinates": [ [ [ 121.491905664, 31.282517362200096 ], [ 121.49189488900015, 31.282608984500087 ], [ 121.492336355000035, 31.282646967000069 ], [ 121.49234712999997, 31.282555344800137 ], [ 121.491905664, 31.282517362200096 ] ] ] } },
{ "type": "Feature", "properties": { "clean_id": 270, "Id": 0, "Floor": 7, "height": 21, "source_count": 1, "source_uids": "333" }, "geometry": { "type": "Polygon", "coordinates": [ [ [ 121.491076546000158, 31.282744019499994 ], [ 121.490667382000083, 31.282742797100006 ], [ 121.490667374000068, 31.282834451300001 ], [ 121.491076538000016, 31.282835673700109 ], [ 121.491076546000158, 31.282744019499994 ] ] ] } },
{ "type": "Feature", "properties": { "clean_id": 271, "Id": 0, "Floor": 8, "height": 24, "source_count": 1, "source_uids": "334" }, "geometry": { "type": "Polygon", "coordinates": [ [ [ 121.491647223999976, 31.282745725400112 ], [ 121.491248826000074, 31.28274453430009 ], [ 121.491248818000031, 31.282836188600069 ], [ 121.491647216000175, 31.28283737970008 ], [ 121.491647223999976, 31.282745725400112 ] ] ] } },
{ "type": "Feature", "properties": { "clean_id": 272, "Id": 0, "Floor": 8, "height": 24, "source_count": 1, "source_uids": "335" }, "geometry": { "type": "Polygon", "coordinates": [ [ [ 121.491884110000015, 31.282746433800014 ], [ 121.491873334000047, 31.282838055899955 ], [ 121.49232556700008, 31.282885235899982 ], [ 121.492336343000019, 31.282784448500024 ], [ 121.491884110000015, 31.282746433800014 ] ] ] } },
{ "type": "Feature", "properties": { "clean_id": 273, "Id": 0, "Floor": 8, "height": 24, "source_count": 1, "source_uids": "336" }, "geometry": { "type": "Polygon", "coordinates": [ [ [ 121.491625667999983, 31.282993127300127 ], [ 121.491216502000043, 31.283001069500123 ], [ 121.491216495000131, 31.283083558200072 ], [ 121.491625659999968, 31.283084781400081 ], [ 121.491625667999983, 31.282993127300127 ] ] ] } },
{ "type": "Feature", "properties": { "clean_id": 274, "Id": 0, "Floor": 6, "height": 18, "source_count": 2, "source_uids": "337;338" }, "geometry": { "type": "Polygon", "coordinates": [ [ [ 121.489536797000028, 31.282794415700099 ], [ 121.489536789999988, 31.282876904500032 ], [ 121.489655217000077, 31.283042235100083 ], [ 121.489698278, 31.283143182900066 ], [ 121.489999766000111, 31.283144082300119 ], [ 121.489999777, 31.283015766700036 ], [ 121.489784428, 31.283015124200062 ], [ 121.489784432999969, 31.282960131800106 ], [ 121.489730603000112, 31.282877482500108 ], [ 121.489666006, 31.282794801000026 ], [ 121.489536797000028, 31.282794415700099 ] ] ] } },
{ "type": "Feature", "properties": { "clean_id": 275, "Id": 0, "Floor": 8, "height": 24, "source_count": 1, "source_uids": "339" }, "geometry": { "type": "Polygon", "coordinates": [ [ [ 121.489515243000042, 31.283023486899928 ], [ 121.489474436090816, 31.283023365245786 ], [ 121.489472390306474, 31.283151674779756 ], [ 121.489515232000159, 31.283151802500068 ], [ 121.489515243000042, 31.283023486899928 ] ] ] } },
{ "type": "Feature", "properties": { "clean_id": 276, "Id": 0, "Floor": 7, "height": 21, "source_count": 1, "source_uids": "340" }, "geometry": { "type": "Polygon", "coordinates": [ [ [ 121.489999753, 31.283290728499995 ], [ 121.489470198397655, 31.283289149092163 ], [ 121.489468881216681, 31.283371761356172 ], [ 121.489999744999963, 31.283382382300097 ], [ 121.489999753, 31.283290728499995 ] ] ] } },
{ "type": "Feature", "properties": { "clean_id": 277, "Id": 0, "Floor": 4, "height": 12, "source_count": 1, "source_uids": "341" }, "geometry": { "type": "Polygon", "coordinates": [ [ [ 121.491065761000087, 31.282945626600046 ], [ 121.490656597000012, 31.282944404200123 ], [ 121.490656583000145, 31.283109381500026 ], [ 121.491065747000093, 31.283110603900123 ], [ 121.491065761000087, 31.282945626600046 ] ] ] } },
{ "type": "Feature", "properties": { "clean_id": 278, "Id": 0, "Floor": 7, "height": 21, "source_count": 1, "source_uids": "342" }, "geometry": { "type": "Polygon", "coordinates": [ [ [ 121.49057045300016, 31.282999139399916 ], [ 121.490172056999981, 31.282997950000095 ], [ 121.49017204900008, 31.283089604 ], [ 121.490570445000117, 31.283090793400056 ], [ 121.49057045300016, 31.282999139399916 ] ] ] } },
{ "type": "Feature", "properties": { "clean_id": 279, "Id": 0, "Floor": 7, "height": 21, "source_count": 1, "source_uids": "343" }, "geometry": { "type": "Polygon", "coordinates": [ [ [ 121.491076505000024, 31.28322062080008 ], [ 121.49066734100019, 31.283219398399975 ], [ 121.490667333000147, 31.28331105220008 ], [ 121.491076497999984, 31.283312274599993 ], [ 121.491076505000024, 31.28322062080008 ] ] ] } },
{ "type": "Feature", "properties": { "clean_id": 280, "Id": 0, "Floor": 7, "height": 21, "source_count": 1, "source_uids": "344" }, "geometry": { "type": "Polygon", "coordinates": [ [ [ 121.490570432000027, 31.283246605099968 ], [ 121.490172036000104, 31.283245415700094 ], [ 121.490172027999975, 31.283337069600005 ], [ 121.490570423999984, 31.283338259000061 ], [ 121.490570432000027, 31.283246605099968 ] ] ] } },
{ "type": "Feature", "properties": { "clean_id": 281, "Id": 0, "Floor": 7, "height": 21, "source_count": 1, "source_uids": "345" }, "geometry": { "type": "Polygon", "coordinates": [ [ [ 121.491076484000018, 31.283468086000092 ], [ 121.490667320000057, 31.283466863600101 ], [ 121.490667312000042, 31.283558517199989 ], [ 121.491076475999989, 31.283559739599973 ], [ 121.491076484000018, 31.283468086000092 ] ] ] } },
{ "type": "Feature", "properties": { "clean_id": 282, "Id": 0, "Floor": 7, "height": 21, "source_count": 1, "source_uids": "346" }, "geometry": { "type": "Polygon", "coordinates": [ [ [ 121.490581176999967, 31.28350326780015 ], [ 121.490172014000109, 31.283502046200063 ], [ 121.490172005999966, 31.283593699800122 ], [ 121.490570402000017, 31.283594889299991 ], [ 121.490581176999967, 31.28350326780015 ] ] ] } },
{ "type": "Feature", "properties": { "clean_id": 283, "Id": 0, "Floor": 13, "height": 39, "source_count": 2, "source_uids": "347;348" }, "geometry": { "type": "Polygon", "coordinates": [ [ [ 121.49060268400001, 31.283833284699998 ], [ 121.49017198500006, 31.283841164200059 ], [ 121.49017197700006, 31.283941982800108 ], [ 121.490602675, 31.283934103299998 ], [ 121.490807257000029, 31.283934714400012 ], [ 121.490807266000047, 31.283833895800107 ], [ 121.49060268400001, 31.283833284699998 ] ] ] } },
{ "type": "Feature", "properties": { "clean_id": 284, "Id": 0, "Floor": 7, "height": 21, "source_count": 1, "source_uids": "349" }, "geometry": { "type": "Polygon", "coordinates": [ [ [ 121.490527275999952, 31.28425466419997 ], [ 121.490430369000137, 31.284254374800014 ], [ 121.49043036, 31.284355193099998 ], [ 121.490527267000061, 31.284355482399985 ], [ 121.490527275999952, 31.28425466419997 ] ] ] } },
{ "type": "Feature", "properties": { "clean_id": 285, "Id": 0, "Floor": 7, "height": 21, "source_count": 2, "source_uids": "350;367" }, "geometry": { "type": "Polygon", "coordinates": [ [ [ 121.490602646000085, 31.284273219900058 ], [ 121.490581111, 31.284273155600033 ], [ 121.490581104000043, 31.284355643200058 ], [ 121.490602639000144, 31.284355707500076 ], [ 121.490968733000059, 31.284356801099982 ], [ 121.490968741000074, 31.284274313500138 ], [ 121.490602646000085, 31.284273219900058 ] ] ] } },
{ "type": "Feature", "properties": { "clean_id": 286, "Id": 0, "Floor": 8, "height": 24, "source_count": 1, "source_uids": "351" }, "geometry": { "type": "Polygon", "coordinates": [ [ [ 121.491873317000113, 31.28303969500007 ], [ 121.491862541000046, 31.28314048219999 ], [ 121.492077891000022, 31.283150291800041 ], [ 121.492088666999962, 31.283049504600118 ], [ 121.491873317000113, 31.28303969500007 ] ] ] } },
{ "type": "Feature", "properties": { "clean_id": 287, "Id": 0, "Floor": 8, "height": 24, "source_count": 1, "source_uids": "352" }, "geometry": { "type": "Polygon", "coordinates": [ [ [ 121.491604112000104, 31.283240528699928 ], [ 121.491194944999961, 31.283248470900094 ], [ 121.491194938000035, 31.283340124700036 ], [ 121.491604103999975, 31.283332182500033 ], [ 121.491604112000104, 31.283240528699928 ] ] ] } },
{ "type": "Feature", "properties": { "clean_id": 288, "Id": 0, "Floor": 18, "height": 54, "source_count": 1, "source_uids": "353" }, "geometry": { "type": "Polygon", "coordinates": [ [ [ 121.492110160000038, 31.283544499699985 ], [ 121.492185534999976, 31.283517229099967 ], [ 121.492131707000013, 31.283407083600135 ], [ 121.492185546000087, 31.283388913900072 ], [ 121.492153249000012, 31.283324659600048 ], [ 121.491980963000174, 31.283388301900008 ], [ 121.491948665000109, 31.283333213 ], [ 121.491873290000186, 31.283360483700001 ], [ 121.491927118000035, 31.28347062920005 ], [ 121.491862510000047, 31.283497932000049 ], [ 121.491894807999984, 31.283562186200072 ], [ 121.492077860999984, 31.283498576199911 ], [ 121.492110160000038, 31.283544499699985 ] ] ] } },
{ "type": "Feature", "properties": { "clean_id": 289, "Id": 0, "Floor": 4, "height": 12, "source_count": 1, "source_uids": "354" }, "geometry": { "type": "Polygon", "coordinates": [ [ [ 121.491539487999944, 31.283460304599998 ], [ 121.491431812999963, 31.283459982699977 ], [ 121.491431805000161, 31.283551636300107 ], [ 121.491539480000156, 31.283551958200121 ], [ 121.491539487999944, 31.283460304599998 ] ] ] } },
{ "type": "Feature", "properties": { "clean_id": 290, "Id": 0, "Floor": 4, "height": 12, "source_count": 1, "source_uids": "355" }, "geometry": { "type": "Polygon", "coordinates": [ [ [ 121.492174754000075, 31.283673007900116 ], [ 121.491959399000166, 31.283727355800007 ], [ 121.491937870000015, 31.28365396860006 ], [ 121.491884031000154, 31.283662972900117 ], [ 121.491948623000098, 31.283828142300024 ], [ 121.492207049000058, 31.283764758000082 ], [ 121.492174754000075, 31.283673007900116 ] ] ] } },
{ "type": "Feature", "properties": { "clean_id": 291, "Id": 0, "Floor": 13, "height": 39, "source_count": 1, "source_uids": "356" }, "geometry": { "type": "Polygon", "coordinates": [ [ [ 121.491539463, 31.28375359600005 ], [ 121.490893412999981, 31.283751665099992 ], [ 121.490893403999948, 31.28385248380004 ], [ 121.491539453999962, 31.283854414700105 ], [ 121.491539463, 31.28375359600005 ] ] ] } },
{ "type": "Feature", "properties": { "clean_id": 292, "Id": 0, "Floor": 15, "height": 45, "source_count": 1, "source_uids": "357" }, "geometry": { "type": "Polygon", "coordinates": [ [ [ 121.492293152000116, 31.284204951200024 ], [ 121.49219624400007, 31.284204661300009 ], [ 121.492196249, 31.284149669500088 ], [ 121.491991665000128, 31.284149057400036 ], [ 121.491991661000156, 31.284204049299948 ], [ 121.49190552000006, 31.284203791600135 ], [ 121.491905509000048, 31.284332105799937 ], [ 121.492293142000122, 31.284324100100033 ], [ 121.492293152000116, 31.284204951200024 ] ] ] } },
{ "type": "Feature", "properties": { "clean_id": 293, "Id": 0, "Floor": 4, "height": 12, "source_count": 1, "source_uids": "358" }, "geometry": { "type": "Polygon", "coordinates": [ [ [ 121.491496350000034, 31.284257559799986 ], [ 121.491097952000032, 31.284256368999987 ], [ 121.491097945000078, 31.284338856600076 ], [ 121.49149634299998, 31.284340047500049 ], [ 121.491496350000034, 31.284257559799986 ] ] ] } },
{ "type": "Feature", "properties": { "clean_id": 294, "Id": 0, "Floor": 7, "height": 21, "source_count": 1, "source_uids": "359" }, "geometry": { "type": "Polygon", "coordinates": [ [ [ 121.491474792999966, 31.28451412350006 ], [ 121.491087163000088, 31.284512964800065 ], [ 121.491087156000177, 31.284595452300092 ], [ 121.491474786000026, 31.28459661090011 ], [ 121.491474792999966, 31.28451412350006 ] ] ] } },
{ "type": "Feature", "properties": { "clean_id": 295, "Id": 0, "Floor": 15, "height": 45, "source_count": 1, "source_uids": "360" }, "geometry": { "type": "Polygon", "coordinates": [ [ [ 121.492174666000111, 31.28470868729999 ], [ 121.492077758000065, 31.284708397399982 ], [ 121.492077763, 31.284644240600073 ], [ 121.491873179999985, 31.284643628600065 ], [ 121.491873175000151, 31.28470778540008 ], [ 121.491776267000091, 31.28470749560006 ], [ 121.491776257000083, 31.284826643900033 ], [ 121.492174656000088, 31.284827835600076 ], [ 121.492174666000111, 31.28470868729999 ] ] ] } },
{ "type": "Feature", "properties": { "clean_id": 296, "Id": 0, "Floor": 7, "height": 21, "source_count": 1, "source_uids": "361" }, "geometry": { "type": "Polygon", "coordinates": [ [ [ 121.489493651999979, 31.283674164500098 ], [ 121.489464061066641, 31.283674076308312 ], [ 121.489461138536669, 31.283857374442775 ], [ 121.489493637000024, 31.283857471300049 ], [ 121.489493651999979, 31.283674164500098 ] ] ] } },
{ "type": "Feature", "properties": { "clean_id": 297, "Id": 0, "Floor": 8, "height": 24, "source_count": 1, "source_uids": "362" }, "geometry": { "type": "Polygon", "coordinates": [ [ [ 121.489924350000024, 31.283657118300084 ], [ 121.489558257, 31.283665191699978 ], [ 121.489558235, 31.283930986500017 ], [ 121.48949362999997, 31.283930793900151 ], [ 121.489493622000168, 31.284022447100025 ], [ 121.489913550999972, 31.284023699599967 ], [ 121.489924350000024, 31.283657118300084 ] ] ] } },
{ "type": "Feature", "properties": { "clean_id": 298, "Id": 0, "Floor": 5, "height": 15, "source_count": 1, "source_uids": "363" }, "geometry": { "type": "Polygon", "coordinates": [ [ [ 121.490311924000153, 31.284281517099945 ], [ 121.489827390000073, 31.284280071200048 ], [ 121.489827382000044, 31.28437172410008 ], [ 121.490311917000099, 31.284364004800004 ], [ 121.490311924000153, 31.284281517099945 ] ] ] } },
{ "type": "Feature", "properties": { "clean_id": 299, "Id": 0, "Floor": 7, "height": 21, "source_count": 1, "source_uids": "364" }, "geometry": { "type": "Polygon", "coordinates": [ [ [ 121.489762785000025, 31.284289043800118 ], [ 121.489454270611617, 31.284288123782403 ], [ 121.489452663228775, 31.284388937215873 ], [ 121.48976277600002, 31.284389862000129 ], [ 121.489762785000025, 31.284289043800118 ] ] ] } },
{ "type": "Feature", "properties": { "clean_id": 300, "Id": 0, "Floor": 8, "height": 24, "source_count": 1, "source_uids": "365" }, "geometry": { "type": "Polygon", "coordinates": [ [ [ 121.489773531000083, 31.284536538600026 ], [ 121.489450325219977, 31.284535574771301 ], [ 121.48944886396616, 31.28462722313758 ], [ 121.489773522999954, 31.284628191300044 ], [ 121.489773531000083, 31.284536538600026 ] ] ] } },
{ "type": "Feature", "properties": { "clean_id": 301, "Id": 0, "Floor": 7, "height": 21, "source_count": 1, "source_uids": "366" }, "geometry": { "type": "Polygon", "coordinates": [ [ [ 121.489935020999951, 31.284784482500132 ], [ 121.489450487000013, 31.284792202700089 ], [ 121.489450479999959, 31.284874689900107 ], [ 121.489935013000149, 31.284876134900117 ], [ 121.489935020999951, 31.284784482500132 ] ] ] } },
{ "type": "Feature", "properties": { "clean_id": 302, "Id": 0, "Floor": 4, "height": 12, "source_count": 1, "source_uids": "368" }, "geometry": { "type": "Polygon", "coordinates": [ [ [ 121.490548796, 31.284428869000052 ], [ 121.490430353999955, 31.284428515400059 ], [ 121.490430337000149, 31.284620986100094 ], [ 121.490548778999923, 31.284621339800083 ], [ 121.490548796, 31.284428869000052 ] ] ] } },
{ "type": "Feature", "properties": { "clean_id": 303, "Id": 0, "Floor": 7, "height": 21, "source_count": 1, "source_uids": "369" }, "geometry": { "type": "Polygon", "coordinates": [ [ [ 121.490979487, 31.284521808400083 ], [ 121.49060262400009, 31.284529847899996 ], [ 121.490602617000135, 31.284612335299975 ], [ 121.490979479000089, 31.28461346110009 ], [ 121.490979487, 31.284521808400083 ] ] ] } },
{ "type": "Feature", "properties": { "clean_id": 304, "Id": 0, "Floor": 7, "height": 21, "source_count": 1, "source_uids": "370" }, "geometry": { "type": "Polygon", "coordinates": [ [ [ 121.490333437000018, 31.284538209400054 ], [ 121.489838135000142, 31.28453673130014 ], [ 121.489838127999974, 31.284628384000133 ], [ 121.490333429000074, 31.284629862100068 ], [ 121.490333437000018, 31.284538209400054 ] ] ] } },
{ "type": "Feature", "properties": { "clean_id": 305, "Id": 0, "Floor": 4, "height": 12, "source_count": 1, "source_uids": "371" }, "geometry": { "type": "Polygon", "coordinates": [ [ [ 121.490538004999976, 31.284703795000098 ], [ 121.490430329999967, 31.28470347350008 ], [ 121.490430318, 31.28485011749996 ], [ 121.490537991999986, 31.284850439000138 ], [ 121.490538004999976, 31.284703795000098 ] ] ] } },
{ "type": "Feature", "properties": { "clean_id": 306, "Id": 0, "Floor": 4, "height": 12, "source_count": 1, "source_uids": "372" }, "geometry": { "type": "Polygon", "coordinates": [ [ [ 121.490247277999984, 31.284767083800034 ], [ 121.490085766999982, 31.284766601800008 ], [ 121.490085761000159, 31.28483075850005 ], [ 121.490247273000023, 31.284831240600113 ], [ 121.490247277999984, 31.284767083800034 ] ] ] } },
{ "type": "Feature", "properties": { "clean_id": 307, "Id": 0, "Floor": 7, "height": 21, "source_count": 1, "source_uids": "373" }, "geometry": { "type": "Polygon", "coordinates": [ [ [ 121.491001, 31.284778500099947 ], [ 121.490602602999957, 31.284777310000031 ], [ 121.490602596000031, 31.284859797200049 ], [ 121.491000993000071, 31.284860987300139 ], [ 121.491001, 31.284778500099947 ] ] ] } },
{ "type": "Feature", "properties": { "clean_id": 308, "Id": 0, "Floor": 6, "height": 18, "source_count": 2, "source_uids": "374;375" }, "geometry": { "type": "Polygon", "coordinates": [ [ [ 121.490602587000126, 31.284969780100134 ], [ 121.490441075000035, 31.28496929780011 ], [ 121.490441064000152, 31.285097611000136 ], [ 121.490602576000015, 31.285098093300064 ], [ 121.490774855000154, 31.285098607900121 ], [ 121.490774866000038, 31.284970294700091 ], [ 121.490602587000126, 31.284969780100134 ] ] ] } },
{ "type": "Feature", "properties": { "clean_id": 309, "Id": 0, "Floor": 7, "height": 21, "source_count": 1, "source_uids": "376" }, "geometry": { "type": "Polygon", "coordinates": [ [ [ 121.490354931999946, 31.285005701600078 ], [ 121.49007497900017, 31.285004866 ], [ 121.490074967000155, 31.285142344300091 ], [ 121.490354921000062, 31.285143180000087 ], [ 121.490354931999946, 31.285005701600078 ] ] ] } },
{ "type": "Feature", "properties": { "clean_id": 310, "Id": 0, "Floor": 7, "height": 21, "source_count": 1, "source_uids": "377" }, "geometry": { "type": "Polygon", "coordinates": [ [ [ 121.491464003000146, 31.284770718700081 ], [ 121.49107637300007, 31.284769560100123 ], [ 121.491076366000016, 31.284852047299911 ], [ 121.491463996000093, 31.284853205900106 ], [ 121.491464003000146, 31.284770718700081 ] ] ] } },
{ "type": "Feature", "properties": { "clean_id": 311, "Id": 0, "Floor": 4, "height": 12, "source_count": 1, "source_uids": "378" }, "geometry": { "type": "Polygon", "coordinates": [ [ [ 121.491453208000053, 31.285100635100029 ], [ 121.491507045000176, 31.285100796 ], [ 121.49150705600006, 31.284972482800061 ], [ 121.491302473000147, 31.284971871200064 ], [ 121.491302468999947, 31.285026862599985 ], [ 121.491453214000103, 31.28502731330008 ], [ 121.491453208000053, 31.285100635100029 ] ] ] } },
{ "type": "Feature", "properties": { "clean_id": 312, "Id": 0, "Floor": 6, "height": 18, "source_count": 2, "source_uids": "379;382" }, "geometry": { "type": "Polygon", "coordinates": [ [ [ 121.491130173999963, 31.28520048699994 ], [ 121.491130185999978, 31.285063008600108 ], [ 121.490904067999963, 31.285062333000099 ], [ 121.490904054000112, 31.285227306900023 ], [ 121.490904042000125, 31.285373950300027 ], [ 121.490968647000045, 31.285374143299972 ], [ 121.490968640000133, 31.285456630000102 ], [ 121.491173217000096, 31.285521397700112 ], [ 121.491388567000172, 31.285522041399986 ], [ 121.491388573, 31.285448719899993 ], [ 121.491162455999984, 31.285438878799944 ], [ 121.491044019000029, 31.285374368500079 ], [ 121.491173229000097, 31.285374754600124 ], [ 121.49117323400003, 31.285310598200116 ], [ 121.491065560000152, 31.285310276400143 ], [ 121.491065567000092, 31.285227789500141 ], [ 121.491065569000043, 31.285200293899997 ], [ 121.491130173999963, 31.28520048699994 ] ] ] } },
{ "type": "Feature", "properties": { "clean_id": 313, "Id": 0, "Floor": 18, "height": 54, "source_count": 2, "source_uids": "380;381" }, "geometry": { "type": "Polygon", "coordinates": [ [ [ 121.492174624000086, 31.285194444900014 ], [ 121.492174629000147, 31.285139453599925 ], [ 121.491991580999979, 31.285138906000103 ], [ 121.491991575000156, 31.285203062499924 ], [ 121.49192697, 31.285202869300011 ], [ 121.491926968000044, 31.285230364899924 ], [ 121.491926964999948, 31.28526702580001 ], [ 121.491980802000057, 31.285267186800123 ], [ 121.491980800000078, 31.285294682400092 ], [ 121.491948496999953, 31.285294585799985 ], [ 121.491916191999948, 31.285321984800081 ], [ 121.491937726000174, 31.285340379600029 ], [ 121.491883885999982, 31.285367714200042 ], [ 121.491937717000155, 31.285441196799976 ], [ 121.492023862999986, 31.285377298100105 ], [ 121.492110004000097, 31.285377555799919 ], [ 121.492217674000131, 31.285432869100017 ], [ 121.492271518000038, 31.28536887380011 ], [ 121.492228448999981, 31.285350414500037 ], [ 121.492249987000051, 31.285313818200041 ], [ 121.492206918999955, 31.28529535889999 ], [ 121.492163848000033, 31.285295230000091 ], [ 121.492163850999972, 31.285258569199982 ], [ 121.492239224000059, 31.285258794699978 ], [ 121.492239227000027, 31.285231299100023 ], [ 121.492239230000109, 31.285194638199929 ], [ 121.492174624000086, 31.285194444900014 ] ] ] } },
{ "type": "Feature", "properties": { "clean_id": 314, "Id": 0, "Floor": 7, "height": 21, "source_count": 1, "source_uids": "383" }, "geometry": { "type": "Polygon", "coordinates": [ [ [ 121.491571627, 31.285375945599988 ], [ 121.491474719000166, 31.285375655800131 ], [ 121.491474706999952, 31.285522298900105 ], [ 121.491571614000136, 31.285522588700136 ], [ 121.491571627, 31.285375945599988 ] ] ] } },
{ "type": "Feature", "properties": { "clean_id": 315, "Id": 0, "Floor": 6, "height": 18, "source_count": 1, "source_uids": "384" }, "geometry": { "type": "Polygon", "coordinates": [ [ [ 121.49158237600011, 31.285586777200134 ], [ 121.491431630999941, 31.285586326500042 ], [ 121.491431620000057, 31.28571463890006 ], [ 121.491582366000117, 31.2857059245 ], [ 121.49158237600011, 31.285586777200134 ] ] ] } },
{ "type": "Feature", "properties": { "clean_id": 316, "Id": 0, "Floor": 7, "height": 21, "source_count": 1, "source_uids": "385" }, "geometry": { "type": "Polygon", "coordinates": [ [ [ 121.491302416000053, 31.285650096499982 ], [ 121.490850179000176, 31.285676240600026 ], [ 121.490860938999958, 31.285758759300002 ], [ 121.491302409000127, 31.28573258300014 ], [ 121.491302416000053, 31.285650096499982 ] ] ] } },
{ "type": "Feature", "properties": { "clean_id": 317, "Id": 0, "Floor": 7, "height": 21, "source_count": 1, "source_uids": "386" }, "geometry": { "type": "Polygon", "coordinates": [ [ [ 121.491657732000149, 31.28578863630009 ], [ 121.491420846000111, 31.285787928099978 ], [ 121.491420836000088, 31.285907075099999 ], [ 121.491657722000127, 31.285898618200122 ], [ 121.491657732000149, 31.28578863630009 ] ] ] } },
{ "type": "Feature", "properties": { "clean_id": 318, "Id": 0, "Floor": 7, "height": 21, "source_count": 1, "source_uids": "387" }, "geometry": { "type": "Polygon", "coordinates": [ [ [ 121.489698117000117, 31.285031237400005 ], [ 121.489442434465019, 31.285030474970135 ], [ 121.489440254130727, 31.28516722334162 ], [ 121.489698106, 31.285159550500111 ], [ 121.489698117000117, 31.285031237400005 ] ] ] } },
{ "type": "Feature", "properties": { "clean_id": 319, "Id": 0, "Floor": 7, "height": 21, "source_count": 2, "source_uids": "388;389" }, "geometry": { "type": "Polygon", "coordinates": [ [ [ 121.489762707999944, 31.28518723880012 ], [ 121.489762705000103, 31.285223899699982 ], [ 121.489762695999971, 31.285324716999913 ], [ 121.490042648999989, 31.285325552200106 ], [ 121.490042658000107, 31.285224734900005 ], [ 121.490042660999961, 31.285188074000075 ], [ 121.489762707999944, 31.28518723880012 ] ] ] } },
{ "type": "Feature", "properties": { "clean_id": 320, "Id": 0, "Floor": 7, "height": 21, "source_count": 1, "source_uids": "390" }, "geometry": { "type": "Polygon", "coordinates": [ [ [ 121.489698083000107, 31.285425341499941 ], [ 121.489450433000016, 31.285424603000031 ], [ 121.489450422000132, 31.285552915700066 ], [ 121.489698072000024, 31.285553654199983 ], [ 121.489698083000107, 31.285425341499941 ] ] ] } },
{ "type": "Feature", "properties": { "clean_id": 321, "Id": 0, "Floor": 7, "height": 21, "source_count": 1, "source_uids": "391" }, "geometry": { "type": "Polygon", "coordinates": [ [ [ 121.490042640000084, 31.285435534600019 ], [ 121.489762686999939, 31.285434699400017 ], [ 121.489762675000065, 31.285572177199985 ], [ 121.490042628000083, 31.285573012399993 ], [ 121.490042640000084, 31.285435534600019 ] ] ] } },
{ "type": "Feature", "properties": { "clean_id": 322, "Id": 0, "Floor": 7, "height": 21, "source_count": 1, "source_uids": "392" }, "geometry": { "type": "Polygon", "coordinates": [ [ [ 121.489730357000084, 31.285755384399984 ], [ 121.489439637000032, 31.28576368259996 ], [ 121.489439626000021, 31.285891994899998 ], [ 121.489730346, 31.285892861800104 ], [ 121.489730357000084, 31.285755384399984 ] ] ] } },
{ "type": "Feature", "properties": { "clean_id": 323, "Id": 0, "Floor": 7, "height": 21, "source_count": 4, "source_uids": "393;394;395;396" }, "geometry": { "type": "Polygon", "coordinates": [ [ [ 121.490441056, 31.285189263199925 ], [ 121.49044105300004, 31.285225924100011 ], [ 121.49044104799998, 31.285280915300063 ], [ 121.49060256000007, 31.285281397599981 ], [ 121.490764072000047, 31.285281880000021 ], [ 121.490764077, 31.285226888800018 ], [ 121.490764080000076, 31.285190227900102 ], [ 121.490602567999986, 31.285189745500013 ], [ 121.490441056, 31.285189263199925 ] ] ] } },
{ "type": "Feature", "properties": { "clean_id": 324, "Id": 0, "Floor": 7, "height": 21, "source_count": 2, "source_uids": "397;398" }, "geometry": { "type": "Polygon", "coordinates": [ [ [ 121.490602548999959, 31.285409710500002 ], [ 121.490494875000081, 31.285409388900003 ], [ 121.490494866000176, 31.285510206100128 ], [ 121.490602541000158, 31.285510527600081 ], [ 121.490839425, 31.285511235199916 ], [ 121.490839434000137, 31.285410418000016 ], [ 121.490602548999959, 31.285409710500002 ] ] ] } },
{ "type": "Feature", "properties": { "clean_id": 325, "Id": 0, "Floor": 7, "height": 21, "source_count": 1, "source_uids": "399" }, "geometry": { "type": "Polygon", "coordinates": [ [ [ 121.490344130000153, 31.285418104100135 ], [ 121.490096477999941, 31.285417364900137 ], [ 121.490096467000185, 31.28555484269992 ], [ 121.490344117999939, 31.285555581900105 ], [ 121.490344130000153, 31.285418104100135 ] ] ] } },
{ "type": "Feature", "properties": { "clean_id": 326, "Id": 0, "Floor": 7, "height": 21, "source_count": 2, "source_uids": "400;401" }, "geometry": { "type": "Polygon", "coordinates": [ [ [ 121.490602525999975, 31.285684665999952 ], [ 121.4904625490001, 31.285684248000102 ], [ 121.490462539999967, 31.285785064899983 ], [ 121.490602516999971, 31.285785482900057 ], [ 121.490785564000021, 31.28578602959999 ], [ 121.490785573000153, 31.285685212800104 ], [ 121.490602525999975, 31.285684665999952 ] ] ] } },
{ "type": "Feature", "properties": { "clean_id": 327, "Id": 0, "Floor": 7, "height": 21, "source_count": 1, "source_uids": "402" }, "geometry": { "type": "Polygon", "coordinates": [ [ [ 121.490397943000048, 31.285693220300004 ], [ 121.489794967000066, 31.285691420900093 ], [ 121.489794957999933, 31.285801402900123 ], [ 121.490397934000157, 31.285803202300027 ], [ 121.490397943000048, 31.285693220300004 ] ] ] } },
{ "type": "Feature", "properties": { "clean_id": 328, "Id": 0, "Floor": 7, "height": 21, "source_count": 2, "source_uids": "403;405" }, "geometry": { "type": "Polygon", "coordinates": [ [ [ 121.490602503000105, 31.285950455700057 ], [ 121.490473294000026, 31.285950069900085 ], [ 121.490473286, 31.28604172130014 ], [ 121.490602494999962, 31.286042107199979 ], [ 121.49079631000005, 31.28604268600008 ], [ 121.490796318000093, 31.285941869400055 ], [ 121.490602503000105, 31.285950455700057 ] ] ] } },
{ "type": "Feature", "properties": { "clean_id": 329, "Id": 0, "Floor": 7, "height": 21, "source_count": 1, "source_uids": "404" }, "geometry": { "type": "Polygon", "coordinates": [ [ [ 121.49039792200017, 31.285940679699991 ], [ 121.489794945999961, 31.285938880200028 ], [ 121.489794936999928, 31.286048862000083 ], [ 121.490397913000038, 31.286050661400001 ], [ 121.49039792200017, 31.285940679699991 ] ] ] } },
{ "type": "Feature", "properties": { "clean_id": 330, "Id": 0, "Floor": 7, "height": 21, "source_count": 2, "source_uids": "406;407" }, "geometry": { "type": "Polygon", "coordinates": [ [ [ 121.49060248100011, 31.286207079599993 ], [ 121.490494807000118, 31.286206757999988 ], [ 121.490494798, 31.286307574400041 ], [ 121.490602472999967, 31.286307895899995 ], [ 121.490817822000054, 31.286308539099988 ], [ 121.490817830999958, 31.286207722799972 ], [ 121.49060248100011, 31.286207079599993 ] ] ] } },
{ "type": "Feature", "properties": { "clean_id": 331, "Id": 0, "Floor": 7, "height": 21, "source_count": 1, "source_uids": "408" }, "geometry": { "type": "Polygon", "coordinates": [ [ [ 121.490376363999985, 31.286215569499959 ], [ 121.489773388, 31.286213770100058 ], [ 121.489773377999981, 31.28632375160003 ], [ 121.490376355000095, 31.286325550999948 ], [ 121.490376363999985, 31.286215569499959 ] ] ] } },
{ "type": "Feature", "properties": { "clean_id": 332, "Id": 0, "Floor": 7, "height": 21, "source_count": 2, "source_uids": "409;410" }, "geometry": { "type": "Polygon", "coordinates": [ [ [ 121.49060246, 31.286454537700024 ], [ 121.490473251000026, 31.286454151900042 ], [ 121.490473242000022, 31.286554968000022 ], [ 121.49060245200009, 31.286555353800054 ], [ 121.490796266000089, 31.286555932700018 ], [ 121.49079627499998, 31.286455116599988 ], [ 121.49060246, 31.286454537700024 ] ] ] } },
{ "type": "Feature", "properties": { "clean_id": 333, "Id": 0, "Floor": 4, "height": 12, "source_count": 1, "source_uids": "411" }, "geometry": { "type": "Polygon", "coordinates": [ [ [ 121.490128680999987, 31.286590599799919 ], [ 121.490150219000157, 31.286554003700129 ], [ 121.490128688000027, 31.286508113900087 ], [ 121.490074851000145, 31.286498788100008 ], [ 121.490031779, 31.286526154900052 ], [ 121.490031775000162, 31.28657198040008 ], [ 121.490074843, 31.286599604200031 ], [ 121.490128680999987, 31.286590599799919 ] ] ] } },
{ "type": "Feature", "properties": { "clean_id": 334, "Id": 0, "Floor": 7, "height": 21, "source_count": 2, "source_uids": "412;428" }, "geometry": { "type": "Polygon", "coordinates": [ [ [ 121.490602439000099, 31.286701995300056 ], [ 121.490494764000019, 31.286701673700062 ], [ 121.490494755999975, 31.28680248960006 ], [ 121.490602429999967, 31.28680281110001 ], [ 121.490817780000043, 31.286803454399994 ], [ 121.490817788000086, 31.28670263850006 ], [ 121.490602439000099, 31.286701995300056 ] ] ] } },
{ "type": "Feature", "properties": { "clean_id": 335, "Id": 0, "Floor": 7, "height": 21, "source_count": 1, "source_uids": "413" }, "geometry": { "type": "Polygon", "coordinates": [ [ [ 121.489741101000064, 31.286030371100079 ], [ 121.489461149, 31.286029536300124 ], [ 121.489461137000035, 31.286167013300034 ], [ 121.489741089000063, 31.286167848099979 ], [ 121.489741101000064, 31.286030371100079 ] ] ] } },
{ "type": "Feature", "properties": { "clean_id": 336, "Id": 0, "Floor": 4, "height": 12, "source_count": 1, "source_uids": "414" }, "geometry": { "type": "Polygon", "coordinates": [ [ [ 121.489730315000102, 31.286250302200074 ], [ 121.489579571000036, 31.286249852600061 ], [ 121.489579564000124, 31.286332338699996 ], [ 121.489730308000162, 31.286332788200124 ], [ 121.489730315000102, 31.286250302200074 ] ] ] } },
{ "type": "Feature", "properties": { "clean_id": 337, "Id": 0, "Floor": 5, "height": 15, "source_count": 1, "source_uids": "415" }, "geometry": { "type": "Polygon", "coordinates": [ [ [ 121.489945626000022, 31.286690869500031 ], [ 121.489945617000117, 31.286791685400033 ], [ 121.490214802999958, 31.286792488700026 ], [ 121.490214809000022, 31.286719168099985 ], [ 121.490268646000118, 31.286719328800014 ], [ 121.490268653000058, 31.286646008099918 ], [ 121.490010233000149, 31.286654402000064 ], [ 121.489891803999981, 31.286516572200071 ], [ 121.489891810000032, 31.286443251399987 ], [ 121.489784136000026, 31.286442930199993 ], [ 121.489784128000011, 31.28653458120003 ], [ 121.489891789000126, 31.286690708899982 ], [ 121.489945626000022, 31.286690869500031 ] ] ] } },
{ "type": "Feature", "properties": { "clean_id": 338, "Id": 0, "Floor": 16, "height": 48, "source_count": 1, "source_uids": "416" }, "geometry": { "type": "Polygon", "coordinates": [ [ [ 121.489633363000067, 31.286781588900055 ], [ 121.489633374000178, 31.286653277799982 ], [ 121.489416523870716, 31.286655561336421 ], [ 121.48941452487243, 31.286780936495273 ], [ 121.489633363000067, 31.286781588900055 ] ] ] } },
{ "type": "Feature", "properties": { "clean_id": 339, "Id": 0, "Floor": 16, "height": 48, "source_count": 1, "source_uids": "417" }, "geometry": { "type": "Polygon", "coordinates": [ [ [ 121.490290155000039, 31.28702184040014 ], [ 121.489611808000191, 31.287019816400004 ], [ 121.489611795000087, 31.287166457200094 ], [ 121.490290143000024, 31.287168481100082 ], [ 121.490290155000039, 31.28702184040014 ] ] ] } },
{ "type": "Feature", "properties": { "clean_id": 340, "Id": 0, "Floor": 18, "height": 54, "source_count": 1, "source_uids": "418" }, "geometry": { "type": "Polygon", "coordinates": [ [ [ 121.492228394999984, 31.285982811600093 ], [ 121.492336066000121, 31.286038124699989 ], [ 121.492379142000132, 31.285974097500059 ], [ 121.492336073000047, 31.285955638300042 ], [ 121.492357610999974, 31.285919042200021 ], [ 121.492325309999941, 31.285900615199974 ], [ 121.492282240000122, 31.285900486300065 ], [ 121.492282242000101, 31.285872990899975 ], [ 121.492346847000022, 31.28587318420011 ], [ 121.492346854000061, 31.285799862899985 ], [ 121.492282248000151, 31.285799669600014 ], [ 121.492282252999985, 31.28574467859999 ], [ 121.492099205000159, 31.285744130900014 ], [ 121.492099199, 31.285808287099997 ], [ 121.492034594000089, 31.285808093800036 ], [ 121.492034589000127, 31.285872249900017 ], [ 121.492099194000048, 31.285872443199992 ], [ 121.492099190999966, 31.285899938700091 ], [ 121.492056121000147, 31.285899809800021 ], [ 121.492034584000066, 31.28592724090003 ], [ 121.492045350000012, 31.285945603400016 ], [ 121.491991508999945, 31.2859821029 ], [ 121.492045341000107, 31.286046420000044 ], [ 121.492131487000179, 31.28598252170007 ], [ 121.492228394999984, 31.285982811600093 ] ] ] } },
{ "type": "Feature", "properties": { "clean_id": 341, "Id": 0, "Floor": 7, "height": 21, "source_count": 1, "source_uids": "419" }, "geometry": { "type": "Polygon", "coordinates": [ [ [ 121.491313161999983, 31.285897588099985 ], [ 121.491011669000031, 31.285933347700109 ], [ 121.491022429000054, 31.286015866200049 ], [ 121.491323922, 31.285980106599929 ], [ 121.491313161999983, 31.285897588099985 ] ] ] } },
{ "type": "Feature", "properties": { "clean_id": 342, "Id": 0, "Floor": 17, "height": 51, "source_count": 1, "source_uids": "420" }, "geometry": { "type": "Polygon", "coordinates": [ [ [ 121.491679250000175, 31.285990334100052 ], [ 121.491410058000042, 31.286035355000138 ], [ 121.491474642999947, 31.2862738416 ], [ 121.491733067000041, 31.286228788700097 ], [ 121.491679250000175, 31.285990334100052 ] ] ] } },
{ "type": "Feature", "properties": { "clean_id": 343, "Id": 0, "Floor": 7, "height": 21, "source_count": 1, "source_uids": "421" }, "geometry": { "type": "Polygon", "coordinates": [ [ [ 121.491323911000109, 31.286108418600058 ], [ 121.490871674000132, 31.286143727700107 ], [ 121.490882434000127, 31.2862262461 ], [ 121.491334671000132, 31.286200102099997 ], [ 121.491323911000109, 31.286108418600058 ] ] ] } },
{ "type": "Feature", "properties": { "clean_id": 344, "Id": 0, "Floor": 7, "height": 21, "source_count": 1, "source_uids": "422" }, "geometry": { "type": "Polygon", "coordinates": [ [ [ 121.491883801999961, 31.286357551199959 ], [ 121.491420798000036, 31.286356166699996 ], [ 121.491420786000063, 31.286493643300041 ], [ 121.491883789999974, 31.286495027800022 ], [ 121.491883801999961, 31.286357551199959 ] ] ] } },
{ "type": "Feature", "properties": { "clean_id": 345, "Id": 0, "Floor": 7, "height": 21, "source_count": 1, "source_uids": "423" }, "geometry": { "type": "Polygon", "coordinates": [ [ [ 121.491377724000017, 31.286401863499922 ], [ 121.491280815999971, 31.286401573800102 ], [ 121.491280805999963, 31.28652072020008 ], [ 121.491377715000112, 31.286511844800074 ], [ 121.491377724000017, 31.286401863499922 ] ] ] } },
{ "type": "Feature", "properties": { "clean_id": 346, "Id": 0, "Floor": 7, "height": 21, "source_count": 1, "source_uids": "424" }, "geometry": { "type": "Polygon", "coordinates": [ [ [ 121.491226965999985, 31.286548054600068 ], [ 121.490936243999954, 31.286547185800089 ], [ 121.490936250000104, 31.286483030099923 ], [ 121.491183901999989, 31.286483770100002 ], [ 121.491183908000167, 31.286410449300092 ], [ 121.490860882999982, 31.286409484100091 ], [ 121.490860858000133, 31.286702767200101 ], [ 121.491226953000151, 31.286703861100026 ], [ 121.491226965999985, 31.286548054600068 ] ] ] } },
{ "type": "Feature", "properties": { "clean_id": 347, "Id": 0, "Floor": 7, "height": 21, "source_count": 1, "source_uids": "425" }, "geometry": { "type": "Polygon", "coordinates": [ [ [ 121.491420722000058, 31.287245179000024 ], [ 121.491420731000176, 31.28714436350009 ], [ 121.491420737, 31.287071043200051 ], [ 121.491765298000146, 31.287072073399944 ], [ 121.491765303999969, 31.286998753000095 ], [ 121.492152935000163, 31.286999912500104 ], [ 121.492152942000075, 31.286917426900054 ], [ 121.491625332999988, 31.286915848800103 ], [ 121.491625328000055, 31.286970839200077 ], [ 121.491302303000111, 31.286969873500023 ], [ 121.491302309000162, 31.28689655300014 ], [ 121.491151564, 31.286896102400075 ], [ 121.491151575000117, 31.286767791399981 ], [ 121.490925458000092, 31.286767115699995 ], [ 121.490925412000138, 31.287298688900016 ], [ 121.491420717, 31.287300169199959 ], [ 121.491420722000058, 31.287245179000024 ] ] ] } },
{ "type": "Feature", "properties": { "clean_id": 348, "Id": 0, "Floor": 14, "height": 42, "source_count": 1, "source_uids": "426" }, "geometry": { "type": "Polygon", "coordinates": [ [ [ 121.491700686000186, 31.287145200600097 ], [ 121.491420731000176, 31.28714436350009 ], [ 121.491420722000058, 31.287245179000024 ], [ 121.491700678000143, 31.287246016000037 ], [ 121.491700686000186, 31.287145200600097 ] ] ] } },
{ "type": "Feature", "properties": { "clean_id": 349, "Id": 0, "Floor": 2, "height": 6, "source_count": 1, "source_uids": "427" }, "geometry": { "type": "Polygon", "coordinates": [ [ [ 121.491700675000061, 31.287273511200109 ], [ 121.49228212300001, 31.287275250400008 ], [ 121.492282134999982, 31.28712860980005 ], [ 121.491700688000165, 31.287126870499947 ], [ 121.491700686000186, 31.287145200600097 ], [ 121.491700678000143, 31.287246016000037 ], [ 121.491700675000061, 31.287273511200109 ] ] ] } },
{ "type": "Feature", "properties": { "clean_id": 350, "Id": 0, "Floor": 11, "height": 33, "source_count": 2, "source_uids": "429;430" }, "geometry": { "type": "Polygon", "coordinates": [ [ [ 121.490527046, 31.286949227100081 ], [ 121.490527038, 31.287040877700061 ], [ 121.490602410000079, 31.287041102800004 ], [ 121.490667015, 31.287041295700075 ], [ 121.490753146000074, 31.287142368600037 ], [ 121.490753139000162, 31.287224854000041 ], [ 121.490871580999979, 31.287225207800077 ], [ 121.490871605000052, 31.286950256300095 ], [ 121.49060241799998, 31.286949452200016 ], [ 121.490527046, 31.286949227100081 ] ] ] } },
{ "type": "Feature", "properties": { "clean_id": 351, "Id": 0, "Floor": 3, "height": 9, "source_count": 2, "source_uids": "431;432" }, "geometry": { "type": "Polygon", "coordinates": [ [ [ 121.490667015, 31.287041295700075 ], [ 121.490602410000079, 31.287041102800004 ], [ 121.490527038, 31.287040877700061 ], [ 121.490527021000048, 31.287233343699995 ], [ 121.490602394, 31.287233568800101 ], [ 121.490753139000162, 31.287224854000041 ], [ 121.490753146000074, 31.287142368600037 ], [ 121.490667015, 31.287041295700075 ] ] ] } },
{ "type": "Feature", "properties": { "clean_id": 352, "Id": 0, "Floor": 4, "height": 12, "source_count": 1, "source_uids": "433" }, "geometry": { "type": "Polygon", "coordinates": [ [ [ 121.490699208000024, 31.288324491900084 ], [ 121.490893022000151, 31.288325070900047 ], [ 121.490893026999984, 31.288270081199929 ], [ 121.490957632000132, 31.288270274200045 ], [ 121.490957634000111, 31.288242779400029 ], [ 121.490957639000044, 31.288187789700089 ], [ 121.490645382000011, 31.288186856899987 ], [ 121.490645375999989, 31.288260176499929 ], [ 121.490699212999985, 31.288260337300017 ], [ 121.490699208000024, 31.288324491900084 ] ] ] } },
{ "type": "Feature", "properties": { "clean_id": 353, "Id": 0, "Floor": 7, "height": 21, "source_count": 1, "source_uids": "434" }, "geometry": { "type": "Polygon", "coordinates": [ [ [ 121.490494627000089, 31.288314716 ], [ 121.490343882000161, 31.288314265900116 ], [ 121.490343852000152, 31.288671698000034 ], [ 121.490494595999962, 31.28867214810009 ], [ 121.490494627000089, 31.288314716 ] ] ] } },
{ "type": "Feature", "properties": { "clean_id": 354, "Id": 0, "Floor": 7, "height": 21, "source_count": 1, "source_uids": "435" }, "geometry": { "type": "Polygon", "coordinates": [ [ [ 121.490892999000152, 31.288600018700031 ], [ 121.490979144000107, 31.288536121700126 ], [ 121.490871477000155, 31.288444150700112 ], [ 121.490817634999985, 31.288498979400064 ], [ 121.490753034000022, 31.28845296180004 ], [ 121.49065612000004, 31.288535156699989 ], [ 121.490742254, 31.288599568400123 ], [ 121.490817632000031, 31.288535639100076 ], [ 121.490892999000152, 31.288600018700031 ] ] ] } },
{ "type": "Feature", "properties": { "clean_id": 355, "Id": 0, "Floor": 7, "height": 21, "source_count": 2, "source_uids": "436;437" }, "geometry": { "type": "Polygon", "coordinates": [ [ [ 121.490602253000134, 31.288883262399963 ], [ 121.490354590000152, 31.289010831300118 ], [ 121.490397655000038, 31.289075114100001 ], [ 121.490602245000105, 31.288974911299992 ], [ 121.490763764, 31.288892909699999 ], [ 121.490720700000011, 31.288828626800125 ], [ 121.490602253000134, 31.288883262399963 ] ] ] } },
{ "type": "Feature", "properties": { "clean_id": 356, "Id": 0, "Floor": 8, "height": 24, "source_count": 1, "source_uids": "438" }, "geometry": { "type": "Polygon", "coordinates": [ [ [ 121.489417994999954, 31.287019238600124 ], [ 121.489410723030034, 31.287019384220592 ], [ 121.489406634288059, 31.287275825996712 ], [ 121.489407206000124, 31.287275827699936 ], [ 121.489417994999954, 31.287019238600124 ] ] ] } },
{ "type": "Feature", "properties": { "clean_id": 357, "Id": 0, "Floor": 7, "height": 21, "source_count": 1, "source_uids": "439" }, "geometry": { "type": "Polygon", "coordinates": [ [ [ 121.490160843000012, 31.288231235000062 ], [ 121.48988089, 31.288230399600081 ], [ 121.489880868, 31.288487017900025 ], [ 121.490160821000018, 31.288487853300019 ], [ 121.490160843000012, 31.288231235000062 ] ] ] } },
{ "type": "Feature", "properties": { "clean_id": 358, "Id": 0, "Floor": 4, "height": 12, "source_count": 1, "source_uids": "440" }, "geometry": { "type": "Polygon", "coordinates": [ [ [ 121.48969783400014, 31.28834899790014 ], [ 121.489389538145048, 31.288348078859411 ], [ 121.489387552655288, 31.288472606776892 ], [ 121.489697823000029, 31.288468142100051 ], [ 121.48969783400014, 31.28834899790014 ] ] ] } },
{ "type": "Feature", "properties": { "clean_id": 359, "Id": 0, "Floor": 6, "height": 18, "source_count": 1, "source_uids": "441" }, "geometry": { "type": "Polygon", "coordinates": [ [ [ 121.489611674000116, 31.288587029200073 ], [ 121.48938573902673, 31.288586355732498 ], [ 121.489383915348526, 31.288700734991995 ], [ 121.489611664999984, 31.288697008099977 ], [ 121.489611674000116, 31.288587029200073 ] ] ] } },
{ "type": "Feature", "properties": { "clean_id": 360, "Id": 0, "Floor": 5, "height": 15, "source_count": 1, "source_uids": "442" }, "geometry": { "type": "Polygon", "coordinates": [ [ [ 121.489407048999979, 31.289108818200138 ], [ 121.489407069, 31.288879696200024 ], [ 121.489381219117192, 31.288869839905189 ], [ 121.489377410223597, 31.289108729873444 ], [ 121.489407048999979, 31.289108818200138 ] ] ] } },
{ "type": "Feature", "properties": { "clean_id": 361, "Id": 0, "Floor": 5, "height": 15, "source_count": 1, "source_uids": "443" }, "geometry": { "type": "Polygon", "coordinates": [ [ [ 121.489579317, 31.2892284751 ], [ 121.489837746000163, 31.289100937699963 ], [ 121.489826981000078, 31.289073411000118 ], [ 121.489977732000071, 31.288991376800077 ], [ 121.489870073000134, 31.288807757700059 ], [ 121.48970856200016, 31.28880727600006 ], [ 121.489708555, 31.288889760000135 ], [ 121.489816229000098, 31.288890081200059 ], [ 121.489859293000109, 31.288954363900121 ], [ 121.489590096000143, 31.289091034200109 ], [ 121.489536267999952, 31.288990060000053 ], [ 121.489428589, 31.289044728299988 ], [ 121.489503952000064, 31.289154931499972 ], [ 121.48952548800014, 31.289136665999937 ], [ 121.489579317, 31.2892284751 ] ] ] } },
{ "type": "Feature", "properties": { "clean_id": 362, "Id": 0, "Floor": 7, "height": 21, "source_count": 1, "source_uids": "444" }, "geometry": { "type": "Polygon", "coordinates": [ [ [ 121.489600830000086, 31.289485155200108 ], [ 121.48978387600016, 31.289485701099984 ], [ 121.489783883999962, 31.289384887800043 ], [ 121.489622372999989, 31.289384406100055 ], [ 121.489622379000011, 31.289320252200071 ], [ 121.48941779800009, 31.289328807000111 ], [ 121.489417788000097, 31.289438785199987 ], [ 121.489600834000157, 31.289439331000047 ], [ 121.489600830000086, 31.289485155200108 ] ] ] } },
{ "type": "Feature", "properties": { "clean_id": 363, "Id": 0, "Floor": 1, "height": 3, "source_count": 1, "source_uids": "445" }, "geometry": { "type": "Polygon", "coordinates": [ [ [ 121.491291431000164, 31.288188787199939 ], [ 121.490957639000044, 31.288187789700089 ], [ 121.490957634000111, 31.288242779400029 ], [ 121.491291427000093, 31.28824377690006 ], [ 121.491291431000164, 31.288188787199939 ] ] ] } },
{ "type": "Feature", "properties": { "clean_id": 364, "Id": 0, "Floor": 1, "height": 3, "source_count": 1, "source_uids": "446" }, "geometry": { "type": "Polygon", "coordinates": [ [ [ 121.49191594800017, 31.288190654600029 ], [ 121.491592922000123, 31.28818968849999 ], [ 121.491592917000162, 31.288244678200041 ], [ 121.491915943000109, 31.288245644299987 ], [ 121.49191594800017, 31.288190654600029 ] ] ] } },
{ "type": "Feature", "properties": { "clean_id": 365, "Id": 0, "Floor": 4, "height": 12, "source_count": 1, "source_uids": "447" }, "geometry": { "type": "Polygon", "coordinates": [ [ [ 121.491345262999971, 31.288262267700084 ], [ 121.491345256000045, 31.288335587300026 ], [ 121.491549840000062, 31.28832703400013 ], [ 121.491549845, 31.288262879400065 ], [ 121.491592915999931, 31.288263008099996 ], [ 121.491592917000162, 31.288244678200041 ], [ 121.491592922000123, 31.28818968849999 ], [ 121.491291431000164, 31.288188787199939 ], [ 121.491291427000093, 31.28824377690006 ], [ 121.491291425000114, 31.288262106800119 ], [ 121.491345262999971, 31.288262267700084 ] ] ] } },
{ "type": "Feature", "properties": { "clean_id": 366, "Id": 0, "Floor": 4, "height": 12, "source_count": 1, "source_uids": "448" }, "geometry": { "type": "Polygon", "coordinates": [ [ [ 121.491980547000125, 31.28826416740003 ], [ 121.491980539999986, 31.288337486999971 ], [ 121.492174356000092, 31.288338066800012 ], [ 121.492174363, 31.288264747200046 ], [ 121.492228200000099, 31.288264908299993 ], [ 121.492228207000153, 31.288191588699995 ], [ 121.49191594800017, 31.288190654600029 ], [ 121.491915943000109, 31.288245644299987 ], [ 121.491915941000116, 31.288263974200053 ], [ 121.491980547000125, 31.28826416740003 ] ] ] } },
{ "type": "Feature", "properties": { "clean_id": 367, "Id": 0, "Floor": 7, "height": 21, "source_count": 1, "source_uids": "449" }, "geometry": { "type": "Polygon", "coordinates": [ [ [ 121.491129902000125, 31.28838076829998 ], [ 121.491216037000072, 31.288445180300133 ], [ 121.491291415999981, 31.288372086100143 ], [ 121.491183748000154, 31.288289279799983 ], [ 121.491129905999969, 31.288334943600031 ], [ 121.491065305000021, 31.288288925799964 ], [ 121.490979157999959, 31.288371152900073 ], [ 121.491054524999981, 31.288435532700067 ], [ 121.491065292000144, 31.288444729800062 ], [ 121.491129902000125, 31.28838076829998 ] ] ] } },
{ "type": "Feature", "properties": { "clean_id": 368, "Id": 0, "Floor": 7, "height": 21, "source_count": 1, "source_uids": "450" }, "geometry": { "type": "Polygon", "coordinates": [ [ [ 121.491829786000153, 31.288447015300051 ], [ 121.491915931999984, 31.288373953500006 ], [ 121.491808264000156, 31.288291147000052 ], [ 121.491754421999985, 31.288336810700116 ], [ 121.491689821000023, 31.288290792700025 ], [ 121.491592906000037, 31.288372987400123 ], [ 121.491679040000136, 31.288446564500081 ], [ 121.491754418000141, 31.288382635400009 ], [ 121.491829786000153, 31.288447015300051 ] ] ] } },
{ "type": "Feature", "properties": { "clean_id": 369, "Id": 0, "Floor": 7, "height": 21, "source_count": 1, "source_uids": "451" }, "geometry": { "type": "Polygon", "coordinates": [ [ [ 121.491517514000066, 31.288601885300071 ], [ 121.491592892999975, 31.28852879130006 ], [ 121.491495992000083, 31.288446017200101 ], [ 121.491431382000101, 31.288500813600084 ], [ 121.491377550000038, 31.288445663100052 ], [ 121.491280633999963, 31.288537022699984 ], [ 121.491366769000138, 31.288601434600135 ], [ 121.491442147000157, 31.288537505500081 ], [ 121.491517514000066, 31.288601885300071 ] ] ] } },
{ "type": "Feature", "properties": { "clean_id": 370, "Id": 0, "Floor": 7, "height": 21, "source_count": 1, "source_uids": "452" }, "geometry": { "type": "Polygon", "coordinates": [ [ [ 121.492142030999943, 31.288603753100006 ], [ 121.492217408999977, 31.288539824099981 ], [ 121.492120508999946, 31.288447884900048 ], [ 121.492055899000093, 31.288502681199986 ], [ 121.492002066000055, 31.288447530600028 ], [ 121.491905149999965, 31.288538890000044 ], [ 121.491991285000054, 31.288603302100054 ], [ 121.492055896000025, 31.288539340900005 ], [ 121.492142030999943, 31.288603753100006 ] ] ] } },
{ "type": "Feature", "properties": { "clean_id": 371, "Id": 0, "Floor": 7, "height": 21, "source_count": 1, "source_uids": "453" }, "geometry": { "type": "Polygon", "coordinates": [ [ [ 121.491205243000081, 31.288756755300092 ], [ 121.491291389000153, 31.288683693500097 ], [ 121.491183721000084, 31.288600887499975 ], [ 121.491129879000042, 31.288655716099985 ], [ 121.491065279000054, 31.288600533500123 ], [ 121.490968364000096, 31.288682728200062 ], [ 121.491054498000153, 31.288756304800014 ], [ 121.491129876000159, 31.288692375700123 ], [ 121.491205243000081, 31.288756755300092 ] ] ] } },
{ "type": "Feature", "properties": { "clean_id": 372, "Id": 0, "Floor": 7, "height": 21, "source_count": 1, "source_uids": "454" }, "geometry": { "type": "Polygon", "coordinates": [ [ [ 121.491829759999987, 31.288749457600037 ], [ 121.491905138, 31.2886855287 ], [ 121.491808236000011, 31.288611919499996 ], [ 121.491754394000182, 31.288666748000132 ], [ 121.491679027000032, 31.288602368199971 ], [ 121.491592880000098, 31.288684594800085 ], [ 121.491679014000056, 31.288758171700064 ], [ 121.491754391999976, 31.288694242699986 ], [ 121.491829759999987, 31.288749457600037 ] ] ] } },
{ "type": "Feature", "properties": { "clean_id": 373, "Id": 0, "Floor": 7, "height": 21, "source_count": 1, "source_uids": "455" }, "geometry": { "type": "Polygon", "coordinates": [ [ [ 121.492012779999982, 31.289079941099995 ], [ 121.492120454999963, 31.289080263300033 ], [ 121.492120470000046, 31.288906130500092 ], [ 121.492012794999937, 31.28890580840006 ], [ 121.492012789999976, 31.288960797700103 ], [ 121.491937417000031, 31.28896057219999 ], [ 121.491937411000109, 31.2890338913001 ], [ 121.492012784000181, 31.289034116800046 ], [ 121.492012779999982, 31.289079941099995 ] ] ] } },
{ "type": "Feature", "properties": { "clean_id": 374, "Id": 0, "Floor": 7, "height": 21, "source_count": 1, "source_uids": "456" }, "geometry": { "type": "Polygon", "coordinates": [ [ [ 121.49107601599998, 31.288957996799969 ], [ 121.490709906, 31.289140200699929 ], [ 121.490752971000106, 31.289195318500038 ], [ 121.491119079999976, 31.289022279700077 ], [ 121.49107601599998, 31.288957996799969 ] ] ] } },
{ "type": "Feature", "properties": { "clean_id": 375, "Id": 0, "Floor": 7, "height": 21, "source_count": 1, "source_uids": "457" }, "geometry": { "type": "Polygon", "coordinates": [ [ [ 121.491711275000071, 31.28924400700004 ], [ 121.491818950000152, 31.289244329100086 ], [ 121.491818965, 31.289070196499999 ], [ 121.491711290000126, 31.289069874499994 ], [ 121.491711285000065, 31.289124863799998 ], [ 121.49163591200012, 31.289124638400047 ], [ 121.491635906000056, 31.289197957299962 ], [ 121.491711279000015, 31.289198182699977 ], [ 121.491711275000071, 31.28924400700004 ] ] ] } },
{ "type": "Feature", "properties": { "clean_id": 376, "Id": 0, "Floor": 7, "height": 21, "source_count": 1, "source_uids": "458" }, "geometry": { "type": "Polygon", "coordinates": [ [ [ 121.491345188999958, 31.289123769200042 ], [ 121.490979079, 31.289305972400136 ], [ 121.491022143000023, 31.289370255 ], [ 121.491388252999968, 31.289197216900043 ], [ 121.491345188999958, 31.289123769200042 ] ] ] } },
{ "type": "Feature", "properties": { "clean_id": 377, "Id": 0, "Floor": 7, "height": 21, "source_count": 1, "source_uids": "459" }, "geometry": { "type": "Polygon", "coordinates": [ [ [ 121.491948151999978, 31.289345528900075 ], [ 121.492055827000044, 31.289345851000117 ], [ 121.492055842, 31.289171718700068 ], [ 121.491948167000032, 31.289171396600008 ], [ 121.491948161999971, 31.289226385800074 ], [ 121.491883557000051, 31.289226192599926 ], [ 121.491883551000129, 31.289299511400035 ], [ 121.491948156000149, 31.289299704699996 ], [ 121.491948151999978, 31.289345528900075 ] ] ] } },
{ "type": "Feature", "properties": { "clean_id": 378, "Id": 0, "Floor": 7, "height": 21, "source_count": 1, "source_uids": "460" }, "geometry": { "type": "Polygon", "coordinates": [ [ [ 121.491711255000055, 31.289473128300124 ], [ 121.491818930000136, 31.289473450300136 ], [ 121.491818945000091, 31.289299318200104 ], [ 121.49171127000011, 31.289298996200102 ], [ 121.491711265000049, 31.289363150200078 ], [ 121.491635892000104, 31.289362924800116 ], [ 121.49163588600004, 31.289436243499999 ], [ 121.491711258000123, 31.289436468900135 ], [ 121.491711255000055, 31.289473128300124 ] ] ] } },
{ "type": "Feature", "properties": { "clean_id": 379, "Id": 0, "Floor": 7, "height": 21, "source_count": 1, "source_uids": "461" }, "geometry": { "type": "Polygon", "coordinates": [ [ [ 121.491506678000064, 31.289408362700101 ], [ 121.49110827100003, 31.289507985100045 ], [ 121.491129799999939, 31.289581368099949 ], [ 121.491538974000036, 31.289481778000095 ], [ 121.491506678000064, 31.289408362700101 ] ] ] } },
{ "type": "Feature", "properties": { "clean_id": 380, "Id": 0, "Floor": 7, "height": 21, "source_count": 1, "source_uids": "462" }, "geometry": { "type": "Polygon", "coordinates": [ [ [ 121.492012736, 31.289593172900144 ], [ 121.492120410999959, 31.289593495000016 ], [ 121.492120426000042, 31.28941936309996 ], [ 121.492012750999947, 31.289419040999977 ], [ 121.492012745000125, 31.289483194900122 ], [ 121.491937373000027, 31.289482969400122 ], [ 121.491937366000016, 31.289556288100012 ], [ 121.49201273900006, 31.289556513600022 ], [ 121.492012736, 31.289593172900144 ] ] ] } },
{ "type": "Feature", "properties": { "clean_id": 381, "Id": 0, "Floor": 7, "height": 21, "source_count": 1, "source_uids": "463" }, "geometry": { "type": "Polygon", "coordinates": [ [ [ 121.49180814, 31.289739198200092 ], [ 121.491915815999974, 31.289739520200104 ], [ 121.491915830000167, 31.28956538850014 ], [ 121.491808155000058, 31.289565066500078 ], [ 121.491808150000125, 31.289629220300075 ], [ 121.491732777000053, 31.289628994900109 ], [ 121.491732770999988, 31.289702313500008 ], [ 121.491808143000085, 31.289702538899974 ], [ 121.49180814, 31.289739198200092 ] ] ] } },
{ "type": "Feature", "properties": { "clean_id": 382, "Id": 0, "Floor": 7, "height": 21, "source_count": 1, "source_uids": "464" }, "geometry": { "type": "Polygon", "coordinates": [ [ [ 121.49160356000003, 31.289711091900006 ], [ 121.491183625999952, 31.289719001400094 ], [ 121.491183620000129, 31.289792319900009 ], [ 121.491603552000129, 31.289793575300049 ], [ 121.49160356000003, 31.289711091900006 ] ] ] } },
{ "type": "Feature", "properties": { "clean_id": 383, "Id": 0, "Floor": 7, "height": 21, "source_count": 1, "source_uids": "465" }, "geometry": { "type": "Polygon", "coordinates": [ [ [ 121.49026844700019, 31.28905639860011 ], [ 121.489902339000082, 31.289229438600049 ], [ 121.489945403000107, 31.289302886000037 ], [ 121.490311511000087, 31.289120681299991 ], [ 121.49026844700019, 31.28905639860011 ] ] ] } },
{ "type": "Feature", "properties": { "clean_id": 384, "Id": 0, "Floor": 7, "height": 21, "source_count": 2, "source_uids": "466;467" }, "geometry": { "type": "Polygon", "coordinates": [ [ [ 121.490602225999979, 31.289194868300008 ], [ 121.490257654000047, 31.289358806900108 ], [ 121.490300717999958, 31.289423089499959 ], [ 121.490602219000039, 31.289277352000049 ], [ 121.490666827000155, 31.289240885500021 ], [ 121.490623762000027, 31.289185767700072 ], [ 121.490602225999979, 31.289194868300008 ] ] ] } },
{ "type": "Feature", "properties": { "clean_id": 385, "Id": 0, "Floor": 7, "height": 21, "source_count": 1, "source_uids": "468" }, "geometry": { "type": "Polygon", "coordinates": [ [ [ 121.490139190000036, 31.289615068899998 ], [ 121.490203794000067, 31.289615261800126 ], [ 121.490203787000155, 31.289697745200098 ], [ 121.490332997, 31.289698130899914 ], [ 121.490333006000128, 31.289588153000075 ], [ 121.49026840099998, 31.289587960099986 ], [ 121.490268409, 31.289496311799997 ], [ 121.49013920000003, 31.28949592610002 ], [ 121.490139204000101, 31.289450101900119 ], [ 121.489934624000071, 31.289440326600072 ], [ 121.489934613000059, 31.289568634299997 ], [ 121.490139194000108, 31.289569244800131 ], [ 121.490139190000036, 31.289615068899998 ] ] ] } },
{ "type": "Feature", "properties": { "clean_id": 386, "Id": 0, "Floor": 7, "height": 21, "source_count": 2, "source_uids": "469;472" }, "geometry": { "type": "Polygon", "coordinates": [ [ [ 121.489956126000038, 31.289825313500039 ], [ 121.489956118, 31.28991696160001 ], [ 121.48995611600003, 31.289935291200031 ], [ 121.49045141800012, 31.28993676960004 ], [ 121.490451420000014, 31.289918439999944 ], [ 121.490451428000142, 31.289826791900001 ], [ 121.489956126000038, 31.289825313500039 ] ] ] } },
{ "type": "Feature", "properties": { "clean_id": 387, "Id": 0, "Floor": 7, "height": 21, "source_count": 2, "source_uids": "470;471" }, "geometry": { "type": "Polygon", "coordinates": [ [ [ 121.490602171999953, 31.289827242000062 ], [ 121.490559102000034, 31.289827113400008 ], [ 121.49055909500008, 31.289918761500132 ], [ 121.490602164000052, 31.289918890100015 ], [ 121.491043631000011, 31.289920208900018 ], [ 121.491043637999965, 31.289837725700018 ], [ 121.490602171999953, 31.289827242000062 ] ] ] } },
{ "type": "Feature", "properties": { "clean_id": 388, "Id": 0, "Floor": 6, "height": 18, "source_count": 2, "source_uids": "473;474" }, "geometry": { "type": "Polygon", "coordinates": [ [ [ 121.490602139999964, 31.29020299860013 ], [ 121.490440628, 31.290202516300042 ], [ 121.490440619999958, 31.290303328800121 ], [ 121.490602132000163, 31.290294646300026 ], [ 121.490720574999955, 31.290295 ], [ 121.490720582, 31.290203352300125 ], [ 121.490602139999964, 31.29020299860013 ] ] ] } },
{ "type": "Feature", "properties": { "clean_id": 389, "Id": 0, "Floor": 7, "height": 21, "source_count": 1, "source_uids": "475" }, "geometry": { "type": "Polygon", "coordinates": [ [ [ 121.489374702999953, 31.289621953500099 ], [ 121.489374712000085, 31.289521140399991 ], [ 121.489370831588062, 31.289521335264109 ], [ 121.489369227577612, 31.289621937182563 ], [ 121.489374702999953, 31.289621953500099 ] ] ] } },
{ "type": "Feature", "properties": { "clean_id": 390, "Id": 0, "Floor": 7, "height": 21, "source_count": 1, "source_uids": "476" }, "geometry": { "type": "Polygon", "coordinates": [ [ [ 121.489611576000115, 31.289732637700013 ], [ 121.489794622, 31.289733183600056 ], [ 121.489794631000109, 31.289632370499987 ], [ 121.489622351999984, 31.289631856700105 ], [ 121.489622358000133, 31.289567702899994 ], [ 121.489417776999971, 31.289567092900146 ], [ 121.489417766999964, 31.289686235700117 ], [ 121.489611580000087, 31.289686813599982 ], [ 121.489611576000115, 31.289732637700013 ] ] ] } },
{ "type": "Feature", "properties": { "clean_id": 391, "Id": 0, "Floor": 6, "height": 18, "source_count": 2, "source_uids": "477;478" }, "geometry": { "type": "Polygon", "coordinates": [ [ [ 121.48942852100015, 31.289842069600013 ], [ 121.489428515, 31.289915388100095 ], [ 121.489428512000018, 31.289942882500092 ], [ 121.489773069999956, 31.289934745100027 ], [ 121.489773072000162, 31.289916415500098 ], [ 121.489773079000088, 31.289833932300088 ], [ 121.48942852100015, 31.289842069600013 ] ] ] } },
{ "type": "Feature", "properties": { "clean_id": 392, "Id": 0, "Floor": 7, "height": 21, "source_count": 1, "source_uids": "479" }, "geometry": { "type": "Polygon", "coordinates": [ [ [ 121.489708429999936, 31.290346967600044 ], [ 121.489708439999959, 31.290236990400103 ], [ 121.489359346572456, 31.290241663870685 ], [ 121.489357582967045, 31.290352275424169 ], [ 121.489708429999936, 31.290346967600044 ] ] ] } },
{ "type": "Feature", "properties": { "clean_id": 393, "Id": 0, "Floor": 7, "height": 21, "source_count": 2, "source_uids": "480;481" }, "geometry": { "type": "Polygon", "coordinates": [ [ [ 121.492012720000176, 31.289785634200022 ], [ 121.491905043999978, 31.289785312099983 ], [ 121.491905039000017, 31.289840300999963 ], [ 121.491829667000061, 31.289840075500024 ], [ 121.491829660000107, 31.289922558800022 ], [ 121.491905031999963, 31.289922784199977 ], [ 121.491905029000023, 31.289959443400107 ], [ 121.492012705000093, 31.289959765499983 ], [ 121.492012707999962, 31.289923106300023 ], [ 121.492012720000176, 31.289785634200022 ] ] ] } },
{ "type": "Feature", "properties": { "clean_id": 394, "Id": 0, "Floor": 4, "height": 12, "source_count": 1, "source_uids": "482" }, "geometry": { "type": "Polygon", "coordinates": [ [ [ 121.491022070000113, 31.290231747300083 ], [ 121.490752882000052, 31.290230943099971 ], [ 121.490752875000112, 31.290313426099996 ], [ 121.491022061999942, 31.290314230300059 ], [ 121.491022070000113, 31.290231747300083 ] ] ] } },
{ "type": "Feature", "properties": { "clean_id": 395, "Id": 0, "Floor": 8, "height": 24, "source_count": 1, "source_uids": "483" }, "geometry": { "type": "Polygon", "coordinates": [ [ [ 121.491129733999969, 31.290351211100013 ], [ 121.490892849000161, 31.290350503299976 ], [ 121.490892839462461, 31.290464136843347 ], [ 121.491129724288996, 31.29046690919472 ], [ 121.491129733999969, 31.290351211100013 ] ] ] } },
{ "type": "Feature", "properties": { "clean_id": 396, "Id": 0, "Floor": 3, "height": 9, "source_count": 1, "source_uids": "484" }, "geometry": { "type": "Polygon", "coordinates": [ [ [ 121.491258934402367, 31.290468421388834 ], [ 121.491635796967387, 31.290472831951863 ], [ 121.491635810000062, 31.290316064900075 ], [ 121.491215877000059, 31.290314809500039 ], [ 121.491215873000101, 31.290369798100016 ], [ 121.491258943000048, 31.2903699268001 ], [ 121.491258934402367, 31.290468421388834 ] ] ] } },
{ "type": "Feature", "properties": { "clean_id": 397, "Id": 0, "Floor": 6, "height": 18, "source_count": 1, "source_uids": "485" }, "geometry": { "type": "Polygon", "coordinates": [ [ [ 121.491904993000063, 31.290390188000117 ], [ 121.49207727299995, 31.290390703400085 ], [ 121.492077281000093, 31.290299055699997 ], [ 121.491808093000031, 31.290298250500037 ], [ 121.491808077299211, 31.290474848212767 ], [ 121.491904985340881, 31.290475982363695 ], [ 121.491904993000063, 31.290390188000117 ] ] ] } },
{ "type": "Feature", "properties": { "clean_id": 398, "Id": 0, "Floor": 16, "height": 48, "source_count": 1, "source_uids": "486" }, "geometry": { "type": "Polygon", "coordinates": [ [ [ 121.492454134000141, 31.290437654800037 ], [ 121.492389528000103, 31.290437461500058 ], [ 121.492389536000132, 31.290345813900004 ], [ 121.492152649999966, 31.290345105100009 ], [ 121.492152642000065, 31.290436752699918 ], [ 121.492088037000144, 31.29043655940001 ], [ 121.492088033289377, 31.290478124642039 ], [ 121.492454130004617, 31.290482409208312 ], [ 121.492454134000141, 31.290437654800037 ] ] ] } },
{ "type": "Feature", "properties": { "clean_id": 399, "Id": 0, "Floor": 6, "height": 18, "source_count": 2, "source_uids": "487;583" }, "geometry": { "type": "Polygon", "coordinates": [ [ [ 121.504385787000146, 31.276587778299973 ], [ 121.504644189000032, 31.276753531600097 ], [ 121.504700672463102, 31.276694935645907 ], [ 121.504701763325784, 31.276625826063842 ], [ 121.504461169000152, 31.276459677999981 ], [ 121.504385791000118, 31.276541948400109 ], [ 121.504364254000038, 31.27656938250005 ], [ 121.504385787000146, 31.276587778299973 ] ] ] } },
{ "type": "Feature", "properties": { "clean_id": 400, "Id": 0, "Floor": 7, "height": 21, "source_count": 2, "source_uids": "488;585" }, "geometry": { "type": "Polygon", "coordinates": [ [ [ 121.504213497000137, 31.276724757 ], [ 121.50438576500018, 31.276844425299945 ], [ 121.504493432000118, 31.276918072000051 ], [ 121.504579577999948, 31.276835833800021 ], [ 121.504385777000152, 31.276697769900125 ], [ 121.504299644000056, 31.276633352800033 ], [ 121.504213497000137, 31.276724757 ] ] ] } },
{ "type": "Feature", "properties": { "clean_id": 401, "Id": 0, "Floor": 6, "height": 18, "source_count": 1, "source_uids": "489" }, "geometry": { "type": "Polygon", "coordinates": [ [ [ 121.504611871999941, 31.276927589000085 ], [ 121.504695564811968, 31.277018521415762 ], [ 121.504698008787926, 31.276863687850476 ], [ 121.504611871999941, 31.276927589000085 ] ] ] } },
{ "type": "Feature", "properties": { "clean_id": 402, "Id": 0, "Floor": 6, "height": 18, "source_count": 1, "source_uids": "490" }, "geometry": { "type": "Polygon", "coordinates": [ [ [ 121.504536493000174, 31.277019025 ], [ 121.504450348999967, 31.277073765400132 ], [ 121.504665676000045, 31.277312717500021 ], [ 121.504691186465237, 31.277295903457688 ], [ 121.504693045058929, 31.277178155701012 ], [ 121.504536493000174, 31.277019025 ] ] ] } },
{ "type": "Feature", "properties": { "clean_id": 403, "Id": 0, "Floor": 7, "height": 21, "source_count": 2, "source_uids": "491;591" }, "geometry": { "type": "Polygon", "coordinates": [ [ [ 121.504385722000038, 31.27734855149993 ], [ 121.504685507186593, 31.277655703629371 ], [ 121.50468815249387, 31.277488115090495 ], [ 121.504396502999967, 31.277192762799984 ], [ 121.504385735000142, 31.277201896800019 ], [ 121.504299589999974, 31.277265802899976 ], [ 121.504385722000038, 31.27734855149993 ] ] ] } },
{ "type": "Feature", "properties": { "clean_id": 404, "Id": 0, "Floor": 7, "height": 21, "source_count": 2, "source_uids": "492;723" }, "geometry": { "type": "Polygon", "coordinates": [ [ [ 121.504385690000049, 31.277724353000117 ], [ 121.504547184999979, 31.277898983199975 ], [ 121.504633329000058, 31.27783507740002 ], [ 121.504407236000034, 31.277596094500105 ], [ 121.504385700000071, 31.277614362500007 ], [ 121.504321092000055, 31.277660000300052 ], [ 121.504385690000049, 31.277724353000117 ] ] ] } },
{ "type": "Feature", "properties": { "clean_id": 405, "Id": 0, "Floor": 7, "height": 21, "source_count": 2, "source_uids": "493;494" }, "geometry": { "type": "Polygon", "coordinates": [ [ [ 121.504654833000018, 31.278201775199989 ], [ 121.504611760999978, 31.278229145100113 ], [ 121.504547154000079, 31.27827478279994 ], [ 121.504673665043455, 31.278405940655961 ], [ 121.504676451271763, 31.278229424326184 ], [ 121.504676365, 31.278229336500097 ], [ 121.504654833000018, 31.278201775199989 ] ] ] } },
{ "type": "Feature", "properties": { "clean_id": 406, "Id": 0, "Floor": 7, "height": 21, "source_count": 2, "source_uids": "495;728" }, "geometry": { "type": "Polygon", "coordinates": [ [ [ 121.504385622999962, 31.278512615299977 ], [ 121.504654785999946, 31.278760889500106 ], [ 121.504668222180996, 31.278750763118286 ], [ 121.504670416972104, 31.278611716194625 ], [ 121.504417936999971, 31.278375223900014 ], [ 121.504385632999984, 31.278402625599941 ], [ 121.504321025000081, 31.278448263100131 ], [ 121.504385622999962, 31.278512615299977 ] ] ] } },
{ "type": "Feature", "properties": { "clean_id": 407, "Id": 0, "Floor": 7, "height": 21, "source_count": 1, "source_uids": "496" }, "geometry": { "type": "Polygon", "coordinates": [ [ [ 121.504568632999963, 31.278925618299919 ], [ 121.504482488999983, 31.278989523400014 ], [ 121.504661680404666, 31.279165205231514 ], [ 121.504664083452198, 31.279012964609439 ], [ 121.504568632999963, 31.278925618299919 ] ] ] } },
{ "type": "Feature", "properties": { "clean_id": 408, "Id": 0, "Floor": 7, "height": 21, "source_count": 1, "source_uids": "497" }, "geometry": { "type": "Polygon", "coordinates": [ [ [ 121.504514756000049, 31.279402077700063 ], [ 121.504428612000098, 31.27946598240009 ], [ 121.504653665429004, 31.279672979157482 ], [ 121.504655892445669, 31.279531890645991 ], [ 121.504514756000049, 31.279402077700063 ] ] ] } },
{ "type": "Feature", "properties": { "clean_id": 409, "Id": 0, "Floor": 7, "height": 21, "source_count": 2, "source_uids": "498;770" }, "geometry": { "type": "Polygon", "coordinates": [ [ [ 121.504385504999959, 31.279905808500079 ], [ 121.504536236000035, 31.280043740500098 ], [ 121.504611612999952, 31.27997980410008 ], [ 121.50440705000004, 31.279786718399979 ], [ 121.504385514, 31.279804985900004 ], [ 121.504320906, 31.279850622799984 ], [ 121.504385504999959, 31.279905808500079 ] ] ] } },
{ "type": "Feature", "properties": { "clean_id": 410, "Id": 0, "Floor": 6, "height": 18, "source_count": 1, "source_uids": "499" }, "geometry": { "type": "Polygon", "coordinates": [ [ [ 121.504611598000125, 31.280153951800116 ], [ 121.504645686175095, 31.280178489997112 ], [ 121.504646647403604, 31.280117593147704 ], [ 121.504611598000125, 31.280153951800116 ] ] ] } },
{ "type": "Feature", "properties": { "clean_id": 411, "Id": 0, "Floor": 7, "height": 21, "source_count": 1, "source_uids": "500" }, "geometry": { "type": "Polygon", "coordinates": [ [ [ 121.504640294924485, 31.280520042686476 ], [ 121.504640756224561, 31.280490817875698 ], [ 121.504482382, 31.280254391100023 ], [ 121.504385471999967, 31.280299932099982 ], [ 121.504385469999988, 31.280318263399977 ], [ 121.504546958000105, 31.28057538000002 ], [ 121.504640294924485, 31.280520042686476 ] ] ] } },
{ "type": "Feature", "properties": { "clean_id": 412, "Id": 0, "Floor": 6, "height": 18, "source_count": 1, "source_uids": "501" }, "geometry": { "type": "Polygon", "coordinates": [ [ [ 121.504611558999954, 31.280612233899998 ], [ 121.504557717000125, 31.280676233699978 ], [ 121.504636944765352, 31.280732285807513 ], [ 121.504638548337013, 31.280630694499258 ], [ 121.504611558999954, 31.280612233899998 ] ] ] } },
{ "type": "Feature", "properties": { "clean_id": 413, "Id": 0, "Floor": 7, "height": 21, "source_count": 2, "source_uids": "502;802" }, "geometry": { "type": "Polygon", "coordinates": [ [ [ 121.504385434000028, 31.280749047999954 ], [ 121.504417732, 31.280794971800042 ], [ 121.504385427999978, 31.280813207200087 ], [ 121.504557682000026, 31.281088685600142 ], [ 121.504631939251141, 31.28104940088248 ], [ 121.504632347518012, 31.281023535892338 ], [ 121.504482338, 31.280767666399981 ], [ 121.504525409000181, 31.280749462900069 ], [ 121.504460814000026, 31.28063928400012 ], [ 121.50438543999995, 31.280675723100053 ], [ 121.504353135999963, 31.28069395850008 ], [ 121.504385434000028, 31.280749047999954 ] ] ] } },
{ "type": "Feature", "properties": { "clean_id": 414, "Id": 0, "Floor": 7, "height": 21, "source_count": 2, "source_uids": "503;807" }, "geometry": { "type": "Polygon", "coordinates": [ [ [ 121.50462600177643, 31.281425558588534 ], [ 121.504627778950976, 31.28131296898885 ], [ 121.504385378000151, 31.281408969800054 ], [ 121.504342307000101, 31.28142717320009 ], [ 121.50438536800003, 31.281518956299919 ], [ 121.50462600177643, 31.281425558588534 ] ] ] } },
{ "type": "Feature", "properties": { "clean_id": 415, "Id": 0, "Floor": 8, "height": 24, "source_count": 1, "source_uids": "504" }, "geometry": { "type": "Polygon", "coordinates": [ [ [ 121.504482260000032, 31.281684223199992 ], [ 121.50455761800005, 31.281840260400077 ], [ 121.504619852903446, 31.281815109037488 ], [ 121.504622751253606, 31.281631489435611 ], [ 121.504482260000032, 31.281684223199992 ] ] ] } },
{ "type": "Feature", "properties": { "clean_id": 416, "Id": 0, "Floor": 8, "height": 24, "source_count": 2, "source_uids": "505;811" }, "geometry": { "type": "Polygon", "coordinates": [ [ [ 121.50438533, 31.281968066900038 ], [ 121.504169973999979, 31.28207741429997 ], [ 121.504234568000115, 31.282196757199983 ], [ 121.504385317000114, 31.282123880300048 ], [ 121.50456836900014, 31.282032767899981 ], [ 121.504503775999964, 31.281913424999967 ], [ 121.50438533, 31.281968066900038 ] ] ] } },
{ "type": "Feature", "properties": { "clean_id": 417, "Id": 0, "Floor": 8, "height": 24, "source_count": 1, "source_uids": "506" }, "geometry": { "type": "Polygon", "coordinates": [ [ [ 121.504536054000042, 31.282188485500001 ], [ 121.504579116000059, 31.282280268000015 ], [ 121.504612734862448, 31.28226605933089 ], [ 121.504614541512538, 31.282151602362429 ], [ 121.504536054000042, 31.282188485500001 ] ] ] } },
{ "type": "Feature", "properties": { "clean_id": 418, "Id": 0, "Floor": 8, "height": 24, "source_count": 2, "source_uids": "507;833" }, "geometry": { "type": "Polygon", "coordinates": [ [ [ 121.504385305000142, 31.282270528000087 ], [ 121.504245325000056, 31.282315940399997 ], [ 121.504288387999964, 31.282398557299988 ], [ 121.504385297000098, 31.28236218280011 ], [ 121.504536043000158, 31.282316802200061 ], [ 121.504492981000112, 31.282234185300069 ], [ 121.504385305000142, 31.282270528000087 ] ] ] } },
{ "type": "Feature", "properties": { "clean_id": 419, "Id": 0, "Floor": 8, "height": 24, "source_count": 2, "source_uids": "508;834" }, "geometry": { "type": "Polygon", "coordinates": [ [ [ 121.504610381139571, 31.282415175080516 ], [ 121.504385285000126, 31.282499664700133 ], [ 121.504363750000167, 31.282508766300104 ], [ 121.504385280999955, 31.282545492000107 ], [ 121.504417579000119, 31.282600580400068 ], [ 121.504608625035146, 31.282526429819736 ], [ 121.504610381139571, 31.282415175080516 ] ] ] } },
{ "type": "Feature", "properties": { "clean_id": 420, "Id": 0, "Floor": 8, "height": 24, "source_count": 1, "source_uids": "509" }, "geometry": { "type": "Polygon", "coordinates": [ [ [ 121.504471405000118, 31.28271989070004 ], [ 121.504525234999974, 31.28280253920002 ], [ 121.50460475394533, 31.282771675540602 ], [ 121.50460642433724, 31.282665850956921 ], [ 121.504471405000118, 31.28271989070004 ] ] ] } },
{ "type": "Feature", "properties": { "clean_id": 421, "Id": 0, "Floor": 16, "height": 48, "source_count": 2, "source_uids": "510;1022" }, "geometry": { "type": "Polygon", "coordinates": [ [ [ 121.504602456193496, 31.282917245347232 ], [ 121.504589829, 31.282921881100098 ], [ 121.504568294, 31.282921817300114 ], [ 121.504601337642953, 31.282988109044787 ], [ 121.504602382433333, 31.282921918287514 ], [ 121.504602456193496, 31.282917245347232 ] ] ] } },
{ "type": "Feature", "properties": { "clean_id": 422, "Id": 0, "Floor": 5, "height": 15, "source_count": 1, "source_uids": "511" }, "geometry": { "type": "Polygon", "coordinates": [ [ [ 121.496836581200213, 31.276216758651291 ], [ 121.496774019443848, 31.276216026767173 ], [ 121.496708552999976, 31.276271555099971 ], [ 121.49706385900005, 31.276584263200117 ], [ 121.497150008000162, 31.2764928615 ], [ 121.496836581200213, 31.276216758651291 ] ] ] } },
{ "type": "Feature", "properties": { "clean_id": 423, "Id": 0, "Floor": 6, "height": 18, "source_count": 1, "source_uids": "512" }, "geometry": { "type": "Polygon", "coordinates": [ [ [ 121.499474274435414, 31.276247615933542 ], [ 121.499342647827604, 31.276246076088306 ], [ 121.499421992999928, 31.276325508500122 ], [ 121.499497370999975, 31.276270737900006 ], [ 121.499474274435414, 31.276247615933542 ] ] ] } },
{ "type": "Feature", "properties": { "clean_id": 424, "Id": 0, "Floor": 7, "height": 21, "source_count": 1, "source_uids": "513" }, "geometry": { "type": "Polygon", "coordinates": [ [ [ 121.499982961452446, 31.276253566852578 ], [ 121.499762751433835, 31.276250990706639 ], [ 121.499938830000033, 31.27641871359992 ], [ 121.500068048, 31.276336605800108 ], [ 121.499982961452446, 31.276253566852578 ] ] ] } },
{ "type": "Feature", "properties": { "clean_id": 425, "Id": 0, "Floor": 2, "height": 6, "source_count": 1, "source_uids": "514" }, "geometry": { "type": "Polygon", "coordinates": [ [ [ 121.50070460017119, 31.276262009005496 ], [ 121.500604421709767, 31.276260837059109 ], [ 121.500800234000053, 31.276439618599966 ], [ 121.50085407600001, 31.27639394940002 ], [ 121.50070460017119, 31.276262009005496 ] ] ] } },
{ "type": "Feature", "properties": { "clean_id": 426, "Id": 0, "Floor": 9, "height": 27, "source_count": 1, "source_uids": "515" }, "geometry": { "type": "Polygon", "coordinates": [ [ [ 121.50057442137971, 31.276260486097655 ], [ 121.500368296869823, 31.276258074732265 ], [ 121.500681780000136, 31.276567588700114 ], [ 121.50078946400005, 31.27646708440011 ], [ 121.50057442137971, 31.276260486097655 ] ] ] } },
{ "type": "Feature", "properties": { "clean_id": 427, "Id": 0, "Floor": 4, "height": 12, "source_count": 1, "source_uids": "516" }, "geometry": { "type": "Polygon", "coordinates": [ [ [ 121.498409842999976, 31.276249152200023 ], [ 121.498427183370154, 31.27623536644823 ], [ 121.49839324145411, 31.276234969375793 ], [ 121.498409842999976, 31.276249152200023 ] ] ] } },
{ "type": "Feature", "properties": { "clean_id": 428, "Id": 0, "Floor": 7, "height": 21, "source_count": 2, "source_uids": "517;519" }, "geometry": { "type": "Polygon", "coordinates": [ [ [ 121.498813003631284, 31.276239879999892 ], [ 121.498872847000158, 31.276296367799947 ], [ 121.499098948, 31.276517028099935 ], [ 121.499185094000154, 31.276462289899996 ], [ 121.49895796103867, 31.27624157579665 ], [ 121.498872851463432, 31.276240580134935 ], [ 121.498813003631284, 31.276239879999892 ] ] ] } },
{ "type": "Feature", "properties": { "clean_id": 429, "Id": 0, "Floor": 6, "height": 18, "source_count": 1, "source_uids": "518" }, "geometry": { "type": "Polygon", "coordinates": [ [ [ 121.499234060768231, 31.276244805773196 ], [ 121.499091072751511, 31.276243133015523 ], [ 121.499260472000174, 31.276407519400042 ], [ 121.499335849999966, 31.276343582900033 ], [ 121.499234060768231, 31.276244805773196 ] ] ] } },
{ "type": "Feature", "properties": { "clean_id": 430, "Id": 0, "Floor": 7, "height": 21, "source_count": 2, "source_uids": "520;533" }, "geometry": { "type": "Polygon", "coordinates": [ [ [ 121.498500720564195, 31.276236226729448 ], [ 121.498463679000011, 31.276267645400029 ], [ 121.49887281700002, 31.276644675199968 ], [ 121.498905118000053, 31.276672269799974 ], [ 121.498980496000058, 31.276617499500045 ], [ 121.498872828000131, 31.276516351600037 ], [ 121.498574697174547, 31.276237092151217 ], [ 121.498500720564195, 31.276236226729448 ] ] ] } },
{ "type": "Feature", "properties": { "clean_id": 431, "Id": 0, "Floor": 7, "height": 21, "source_count": 1, "source_uids": "521" }, "geometry": { "type": "Polygon", "coordinates": [ [ [ 121.498269858000072, 31.276312895200018 ], [ 121.498194480000066, 31.276367665499947 ], [ 121.498388281999951, 31.276551565400091 ], [ 121.498463659999985, 31.276487629200123 ], [ 121.498269858000072, 31.276312895200018 ] ] ] } },
{ "type": "Feature", "properties": { "clean_id": 432, "Id": 0, "Floor": 7, "height": 21, "source_count": 1, "source_uids": "522" }, "geometry": { "type": "Polygon", "coordinates": [ [ [ 121.49966965200008, 31.276280418999988 ], [ 121.49958350500016, 31.276344323399993 ], [ 121.499766539000021, 31.276528190400033 ], [ 121.49985268500005, 31.276464286000014 ], [ 121.49966965200008, 31.276280418999988 ] ] ] } },
{ "type": "Feature", "properties": { "clean_id": 433, "Id": 0, "Floor": 7, "height": 21, "source_count": 1, "source_uids": "523" }, "geometry": { "type": "Polygon", "coordinates": [ [ [ 121.500229562999948, 31.276318756400084 ], [ 121.50015418500017, 31.276382693100111 ], [ 121.500498719000021, 31.276713697600041 ], [ 121.50058486500005, 31.276649793100038 ], [ 121.500229562999948, 31.276318756400084 ] ] ] } },
{ "type": "Feature", "properties": { "clean_id": 434, "Id": 0, "Floor": 7, "height": 21, "source_count": 1, "source_uids": "524" }, "geometry": { "type": "Polygon", "coordinates": [ [ [ 121.499475824, 31.276408163400102 ], [ 121.499400446, 31.276462933900056 ], [ 121.499594246000029, 31.276655998999953 ], [ 121.499669625000024, 31.276592062600006 ], [ 121.499475824, 31.276408163400102 ] ] ] } },
{ "type": "Feature", "properties": { "clean_id": 435, "Id": 0, "Floor": 5, "height": 15, "source_count": 1, "source_uids": "525" }, "geometry": { "type": "Polygon", "coordinates": [ [ [ 121.500024964, 31.276492298900116 ], [ 121.499949585999957, 31.27655623549991 ], [ 121.500218754, 31.27681368690002 ], [ 121.500294132000036, 31.276749750400029 ], [ 121.500024964, 31.276492298900116 ] ] ] } },
{ "type": "Feature", "properties": { "clean_id": 436, "Id": 0, "Floor": 7, "height": 21, "source_count": 1, "source_uids": "526" }, "geometry": { "type": "Polygon", "coordinates": [ [ [ 121.499228162, 31.276489916600045 ], [ 121.499142015000075, 31.276553820800018 ], [ 121.49959421899996, 31.2769768074001 ], [ 121.499680365000032, 31.276912903300108 ], [ 121.499228162, 31.276489916600045 ] ] ] } },
{ "type": "Feature", "properties": { "clean_id": 437, "Id": 0, "Floor": 4, "height": 12, "source_count": 1, "source_uids": "527" }, "geometry": { "type": "Polygon", "coordinates": [ [ [ 121.500649467000031, 31.27668664990011 ], [ 121.500584859999989, 31.27670478890008 ], [ 121.500606388000165, 31.27679651280004 ], [ 121.500670995000078, 31.27677837380002 ], [ 121.500649467000031, 31.27668664990011 ] ] ] } },
{ "type": "Feature", "properties": { "clean_id": 438, "Id": 0, "Floor": 6, "height": 18, "source_count": 1, "source_uids": "528" }, "geometry": { "type": "Polygon", "coordinates": [ [ [ 121.499260431000039, 31.276884149800075 ], [ 121.499185053000033, 31.27693892 ], [ 121.499368087000093, 31.277122786199978 ], [ 121.499443466, 31.277058850099987 ], [ 121.499260431000039, 31.276884149800075 ] ] ] } },
{ "type": "Feature", "properties": { "clean_id": 439, "Id": 0, "Floor": 5, "height": 15, "source_count": 1, "source_uids": "529" }, "geometry": { "type": "Polygon", "coordinates": [ [ [ 121.500100276000026, 31.277216634200101 ], [ 121.500089507000112, 31.27723493389999 ], [ 121.500229473, 31.277382006700002 ], [ 121.500326386999987, 31.277308968900012 ], [ 121.500186420999967, 31.277161896100026 ], [ 121.50019719, 31.277152762299977 ], [ 121.500089523000156, 31.277042449400025 ], [ 121.500132596999947, 31.276996748500046 ], [ 121.499777296000161, 31.276656546200112 ], [ 121.499691148000139, 31.276738782400006 ], [ 121.500035683000078, 31.277069786400023 ], [ 121.49999260900006, 31.277106321400147 ], [ 121.500100276000026, 31.277216634200101 ] ] ] } },
{ "type": "Feature", "properties": { "clean_id": 440, "Id": 0, "Floor": 7, "height": 21, "source_count": 1, "source_uids": "530" }, "geometry": { "type": "Polygon", "coordinates": [ [ [ 121.500692529000048, 31.27678760409999 ], [ 121.500574081999972, 31.276833080199992 ], [ 121.500810926, 31.277337913599979 ], [ 121.500929372999963, 31.277292437600128 ], [ 121.500692529000048, 31.27678760409999 ] ] ] } },
{ "type": "Feature", "properties": { "clean_id": 441, "Id": 0, "Floor": 7, "height": 21, "source_count": 1, "source_uids": "531" }, "geometry": { "type": "Polygon", "coordinates": [ [ [ 121.500412563000168, 31.276896759400021 ], [ 121.500304883000027, 31.276942267500083 ], [ 121.500541727000041, 31.277447100700041 ], [ 121.500649407000083, 31.277401592700013 ], [ 121.500412563000168, 31.276896759400021 ] ] ] } },
{ "type": "Feature", "properties": { "clean_id": 442, "Id": 0, "Floor": 7, "height": 21, "source_count": 1, "source_uids": "532" }, "geometry": { "type": "Polygon", "coordinates": [ [ [ 121.498108332000015, 31.276440735499978 ], [ 121.498022186000071, 31.276504639500089 ], [ 121.498215988000098, 31.276688539200055 ], [ 121.498302134000156, 31.276633801300132 ], [ 121.498108332000015, 31.276440735499978 ] ] ] } },
{ "type": "Feature", "properties": { "clean_id": 443, "Id": 0, "Floor": 6, "height": 18, "source_count": 1, "source_uids": "534" }, "geometry": { "type": "Polygon", "coordinates": [ [ [ 121.498506725999974, 31.276542754000097 ], [ 121.49843134799994, 31.276597524200035 ], [ 121.498625150999942, 31.276772257600047 ], [ 121.498689761000151, 31.276717455200131 ], [ 121.498506725999974, 31.276542754000097 ] ] ] } },
{ "type": "Feature", "properties": { "clean_id": 444, "Id": 0, "Floor": 6, "height": 18, "source_count": 1, "source_uids": "535" }, "geometry": { "type": "Polygon", "coordinates": [ [ [ 121.499023564000126, 31.276645126200094 ], [ 121.498937416999979, 31.276709030300029 ], [ 121.499131219999981, 31.276883763300013 ], [ 121.499206597999986, 31.276828993000095 ], [ 121.499023564000126, 31.276645126200094 ] ] ] } },
{ "type": "Feature", "properties": { "clean_id": 445, "Id": 0, "Floor": 6, "height": 18, "source_count": 1, "source_uids": "536" }, "geometry": { "type": "Polygon", "coordinates": [ [ [ 121.498334432999982, 31.276670561900005 ], [ 121.498259054000073, 31.276734498 ], [ 121.498452857000089, 31.27690923130001 ], [ 121.498528235000094, 31.276854461200063 ], [ 121.498334432999982, 31.276670561900005 ] ] ] } },
{ "type": "Feature", "properties": { "clean_id": 446, "Id": 0, "Floor": 6, "height": 18, "source_count": 2, "source_uids": "537;538" }, "geometry": { "type": "Polygon", "coordinates": [ [ [ 121.49875435499996, 31.276864303800036 ], [ 121.498872788999961, 31.276974649600096 ], [ 121.498937389000147, 31.277039004400027 ], [ 121.499012766999954, 31.27698423430008 ], [ 121.498872800000072, 31.276846326300024 ], [ 121.498840500000028, 31.276809565899953 ], [ 121.49875435499996, 31.276864303800036 ] ] ] } },
{ "type": "Feature", "properties": { "clean_id": 447, "Id": 0, "Floor": 4, "height": 12, "source_count": 2, "source_uids": "539;541" }, "geometry": { "type": "Polygon", "coordinates": [ [ [ 121.498625134, 31.276964742600111 ], [ 121.498872770000048, 31.277203797800098 ], [ 121.498969670000065, 31.277295746899998 ], [ 121.499055818000087, 31.277213511400127 ], [ 121.498872784, 31.277038811100056 ], [ 121.498711282000059, 31.276891672800108 ], [ 121.498625134, 31.276964742600111 ] ] ] } },
{ "type": "Feature", "properties": { "clean_id": 448, "Id": 0, "Floor": 6, "height": 18, "source_count": 1, "source_uids": "540" }, "geometry": { "type": "Polygon", "coordinates": [ [ [ 121.498603598000159, 31.276983009999924 ], [ 121.498549756, 31.277028678500024 ], [ 121.498765091000124, 31.277230973399991 ], [ 121.498829700999977, 31.277185337100086 ], [ 121.498603598000159, 31.276983009999924 ] ] ] } },
{ "type": "Feature", "properties": { "clean_id": 449, "Id": 0, "Floor": 7, "height": 21, "source_count": 1, "source_uids": "543" }, "geometry": { "type": "Polygon", "coordinates": [ [ [ 121.496460858, 31.276729112100099 ], [ 121.496191648000035, 31.276948288399975 ], [ 121.496299316, 31.277040270400111 ], [ 121.496579293000082, 31.276830292499994 ], [ 121.496460858, 31.276729112100099 ] ] ] } },
{ "type": "Feature", "properties": { "clean_id": 450, "Id": 0, "Floor": 2, "height": 6, "source_count": 1, "source_uids": "544" }, "geometry": { "type": "Polygon", "coordinates": [ [ [ 121.497731415000089, 31.277026228600043 ], [ 121.497699110000099, 31.277053629600061 ], [ 121.497849845000019, 31.27719156999996 ], [ 121.497892918000176, 31.277164201199927 ], [ 121.497731415000089, 31.277026228600043 ] ] ] } },
{ "type": "Feature", "properties": { "clean_id": 451, "Id": 0, "Floor": 13, "height": 39, "source_count": 1, "source_uids": "545" }, "geometry": { "type": "Polygon", "coordinates": [ [ [ 121.497203775000116, 31.277327123699994 ], [ 121.49710685800018, 31.277418492499976 ], [ 121.497419096000058, 31.277703570300105 ], [ 121.497526779000168, 31.277621399899996 ], [ 121.497203775000116, 31.277327123699994 ] ] ] } },
{ "type": "Feature", "properties": { "clean_id": 452, "Id": 0, "Floor": 7, "height": 21, "source_count": 1, "source_uids": "546" }, "geometry": { "type": "Polygon", "coordinates": [ [ [ 121.496869956000069, 31.277582768900114 ], [ 121.496966870000065, 31.277518898000032 ], [ 121.496773069000142, 31.277325833500011 ], [ 121.496471554, 31.27756324350014 ], [ 121.496751488000086, 31.27786655610004 ], [ 121.49698838999997, 31.277702280199939 ], [ 121.496869956000069, 31.277582768900114 ] ] ] } },
{ "type": "Feature", "properties": { "clean_id": 453, "Id": 0, "Floor": 13, "height": 39, "source_count": 1, "source_uids": "547" }, "geometry": { "type": "Polygon", "coordinates": [ [ [ 121.497214517999964, 31.277611298800132 ], [ 121.497042223999983, 31.277748270800085 ], [ 121.497149893000042, 31.277840252100027 ], [ 121.49731141999996, 31.277694081999986 ], [ 121.497214517999964, 31.277611298800132 ] ] ] } },
{ "type": "Feature", "properties": { "clean_id": 454, "Id": 0, "Floor": 5, "height": 15, "source_count": 1, "source_uids": "549" }, "geometry": { "type": "Polygon", "coordinates": [ [ [ 121.497602146000091, 31.277704118599956 ], [ 121.497408313000179, 31.27788685540008 ], [ 121.497612882000126, 31.278070785199986 ], [ 121.497892849999971, 31.277961633400025 ], [ 121.497602146000091, 31.277704118599956 ] ] ] } },
{ "type": "Feature", "properties": { "clean_id": 455, "Id": 0, "Floor": 8, "height": 24, "source_count": 1, "source_uids": "550" }, "geometry": { "type": "Polygon", "coordinates": [ [ [ 121.496557680000024, 31.277746819199994 ], [ 121.496148487000156, 31.278011403100038 ], [ 121.496213086000125, 31.278094089299991 ], [ 121.496633047000174, 31.277820371900134 ], [ 121.496557680000024, 31.277746819199994 ] ] ] } },
{ "type": "Feature", "properties": { "clean_id": 456, "Id": 0, "Floor": 4, "height": 12, "source_count": 1, "source_uids": "551" }, "geometry": { "type": "Polygon", "coordinates": [ [ [ 121.496859162999968, 31.277876044600013 ], [ 121.496740713000122, 31.277949016600012 ], [ 121.496773010000084, 31.278022440199994 ], [ 121.496902226999964, 31.27795866630003 ], [ 121.496859162999968, 31.277876044600013 ] ] ] } },
{ "type": "Feature", "properties": { "clean_id": 457, "Id": 0, "Floor": 6, "height": 18, "source_count": 1, "source_uids": "552" }, "geometry": { "type": "Polygon", "coordinates": [ [ [ 121.498463607999952, 31.277101748200046 ], [ 121.498398999000059, 31.277147384400106 ], [ 121.498614333999967, 31.277349679099984 ], [ 121.498678944000062, 31.277294877000088 ], [ 121.498463607999952, 31.277101748200046 ] ] ] } },
{ "type": "Feature", "properties": { "clean_id": 458, "Id": 0, "Floor": 6, "height": 18, "source_count": 2, "source_uids": "553;555" }, "geometry": { "type": "Polygon", "coordinates": [ [ [ 121.498872756999972, 31.277350452400011 ], [ 121.49905579100006, 31.277534318000111 ], [ 121.499131167999977, 31.277488714100063 ], [ 121.498915834000073, 31.277277254000126 ], [ 121.49887276000004, 31.277313788800029 ], [ 121.498851222999974, 31.277332056200063 ], [ 121.498872756999972, 31.277350452400011 ] ] ] } },
{ "type": "Feature", "properties": { "clean_id": 459, "Id": 0, "Floor": 6, "height": 18, "source_count": 1, "source_uids": "554" }, "geometry": { "type": "Polygon", "coordinates": [ [ [ 121.49831285300003, 31.277202122099993 ], [ 121.498248243000148, 31.277247758300017 ], [ 121.498463577000052, 31.277468384699986 ], [ 121.498538955000086, 31.27741361490013 ], [ 121.49831285300003, 31.277202122099993 ] ] ] } },
{ "type": "Feature", "properties": { "clean_id": 460, "Id": 0, "Floor": 6, "height": 18, "source_count": 1, "source_uids": "556" }, "geometry": { "type": "Polygon", "coordinates": [ [ [ 121.49817286300015, 31.27732085989998 ], [ 121.498108254000044, 31.277366496100051 ], [ 121.49831282200013, 31.277568758200118 ], [ 121.49837743099998, 31.277523122200076 ], [ 121.49817286300015, 31.27732085989998 ] ] ] } },
{ "type": "Feature", "properties": { "clean_id": 461, "Id": 0, "Floor": 6, "height": 18, "source_count": 2, "source_uids": "557;558" }, "geometry": { "type": "Polygon", "coordinates": [ [ [ 121.498700467000049, 31.277441595900033 ], [ 121.498872734999978, 31.277607097500049 ], [ 121.498915803000173, 31.277643889900105 ], [ 121.498980413000027, 31.277589087899969 ], [ 121.498872744999971, 31.277487940900077 ], [ 121.498765078000019, 31.277386793900121 ], [ 121.498700467000049, 31.277441595900033 ] ] ] } },
{ "type": "Feature", "properties": { "clean_id": 462, "Id": 0, "Floor": 6, "height": 18, "source_count": 1, "source_uids": "559" }, "geometry": { "type": "Polygon", "coordinates": [ [ [ 121.498635857000068, 31.277496397999968 ], [ 121.498571245999969, 31.277551200000065 ], [ 121.498775814000069, 31.277753461600067 ], [ 121.498840425000139, 31.277698659599984 ], [ 121.498635857000068, 31.277496397999968 ] ] ] } },
{ "type": "Feature", "properties": { "clean_id": 463, "Id": 0, "Floor": 6, "height": 18, "source_count": 1, "source_uids": "560" }, "geometry": { "type": "Polygon", "coordinates": [ [ [ 121.498485100000167, 31.277615103299979 ], [ 121.498420489000068, 31.277669905300058 ], [ 121.498625057000027, 31.277872166700035 ], [ 121.498689668, 31.277817364899988 ], [ 121.498485100000167, 31.277615103299979 ] ] ] } },
{ "type": "Feature", "properties": { "clean_id": 464, "Id": 0, "Floor": 6, "height": 18, "source_count": 1, "source_uids": "561" }, "geometry": { "type": "Polygon", "coordinates": [ [ [ 121.499045013000014, 31.277653442300068 ], [ 121.498980404000122, 31.277699078400069 ], [ 121.499184971000091, 31.277910505400094 ], [ 121.499249581000072, 31.277855703499995 ], [ 121.499045013000014, 31.277653442300068 ] ] ] } },
{ "type": "Feature", "properties": { "clean_id": 465, "Id": 0, "Floor": 5, "height": 15, "source_count": 1, "source_uids": "562" }, "geometry": { "type": "Polygon", "coordinates": [ [ [ 121.499744966000108, 31.276968092099992 ], [ 121.499648052000111, 31.277041129900113 ], [ 121.500035649999973, 31.277454754799979 ], [ 121.500132565000058, 31.277381717100003 ], [ 121.499744966000108, 31.276968092099992 ] ] ] } },
{ "type": "Feature", "properties": { "clean_id": 466, "Id": 0, "Floor": 7, "height": 21, "source_count": 1, "source_uids": "563" }, "geometry": { "type": "Polygon", "coordinates": [ [ [ 121.499529602000067, 31.27711410320007 ], [ 121.49943268800007, 31.277177974899992 ], [ 121.499787988999969, 31.277527341700022 ], [ 121.499874136000116, 31.277454272100044 ], [ 121.499529602000067, 31.27711410320007 ] ] ] } },
{ "type": "Feature", "properties": { "clean_id": 467, "Id": 0, "Floor": 7, "height": 21, "source_count": 1, "source_uids": "564" }, "geometry": { "type": "Polygon", "coordinates": [ [ [ 121.499195799000063, 31.277195598299947 ], [ 121.499098883999977, 31.277268635700118 ], [ 121.499378818999958, 31.277535284199978 ], [ 121.499475734000043, 31.27746224690009 ], [ 121.499195799000063, 31.277195598299947 ] ] ] } },
{ "type": "Feature", "properties": { "clean_id": 468, "Id": 0, "Floor": 5, "height": 15, "source_count": 1, "source_uids": "565" }, "geometry": { "type": "Polygon", "coordinates": [ [ [ 121.500358678000097, 31.277446554000104 ], [ 121.49990642399996, 31.277628520500119 ], [ 121.499949487999956, 31.277711142200026 ], [ 121.500390974000084, 31.277529143499976 ], [ 121.500358678000097, 31.277446554000104 ] ] ] } },
{ "type": "Feature", "properties": { "clean_id": 469, "Id": 0, "Floor": 6, "height": 18, "source_count": 1, "source_uids": "566" }, "geometry": { "type": "Polygon", "coordinates": [ [ [ 121.499174233999966, 31.27754383820001 ], [ 121.499120392000108, 31.277589506600069 ], [ 121.499346493000075, 31.277810164 ], [ 121.499400335000132, 31.277764495700122 ], [ 121.499174233999966, 31.27754383820001 ] ] ] } },
{ "type": "Feature", "properties": { "clean_id": 470, "Id": 0, "Floor": 7, "height": 21, "source_count": 1, "source_uids": "567" }, "geometry": { "type": "Polygon", "coordinates": [ [ [ 121.499529566000106, 31.277535735000125 ], [ 121.499454186999984, 31.277599670900088 ], [ 121.49968028800005, 31.277829493800144 ], [ 121.49976643400008, 31.277765590300071 ], [ 121.499529566000106, 31.277535735000125 ] ] ] } },
{ "type": "Feature", "properties": { "clean_id": 471, "Id": 0, "Floor": 6, "height": 18, "source_count": 2, "source_uids": "568;569" }, "geometry": { "type": "Polygon", "coordinates": [ [ [ 121.500250976999965, 31.277748706500113 ], [ 121.499960243000046, 31.277848662400004 ], [ 121.500003306000153, 31.277940449700107 ], [ 121.500294038999982, 31.27784049389998 ], [ 121.500358634000136, 31.277969008900069 ], [ 121.500423229000035, 31.278088357900113 ], [ 121.500757035000106, 31.277961032800135 ], [ 121.500703206000026, 31.277850881800127 ], [ 121.500530919000084, 31.277923694200009 ], [ 121.500434025, 31.277758419200094 ], [ 121.500283273000164, 31.277822130000118 ], [ 121.500250976999965, 31.277748706500113 ] ] ] } },
{ "type": "Feature", "properties": { "clean_id": 472, "Id": 0, "Floor": 6, "height": 18, "source_count": 1, "source_uids": "570" }, "geometry": { "type": "Polygon", "coordinates": [ [ [ 121.499454170000035, 31.277801320099961 ], [ 121.499389560000168, 31.277856122100104 ], [ 121.499594127000137, 31.278058382599959 ], [ 121.499669503999939, 31.278012778800132 ], [ 121.499454170000035, 31.277801320099961 ] ] ] } },
{ "type": "Feature", "properties": { "clean_id": 473, "Id": 0, "Floor": 7, "height": 21, "source_count": 2, "source_uids": "571;627" }, "geometry": { "type": "Polygon", "coordinates": [ [ [ 121.499701819000038, 31.277875387500043 ], [ 121.499841769000014, 31.278214942200115 ], [ 121.499884831000031, 31.278306729299963 ], [ 121.499992509999984, 31.278270387800038 ], [ 121.499970979999944, 31.278215328399998 ], [ 121.499809498000118, 31.277839045900059 ], [ 121.499701819000038, 31.277875387500043 ] ] ] } },
{ "type": "Feature", "properties": { "clean_id": 474, "Id": 0, "Floor": 5, "height": 15, "source_count": 1, "source_uids": "572" }, "geometry": { "type": "Polygon", "coordinates": [ [ [ 121.501252485000023, 31.276285146299987 ], [ 121.501277423110224, 31.276268710224141 ], [ 121.501236878247738, 31.276268235906564 ], [ 121.501252485000023, 31.276285146299987 ] ] ] } },
{ "type": "Feature", "properties": { "clean_id": 475, "Id": 0, "Floor": 7, "height": 21, "source_count": 1, "source_uids": "573" }, "geometry": { "type": "Polygon", "coordinates": [ [ [ 121.501866232999973, 31.276286976400115 ], [ 121.501886477940303, 31.276275835304709 ], [ 121.501859516804402, 31.276275519897538 ], [ 121.501866232999973, 31.276286976400115 ] ] ] } },
{ "type": "Feature", "properties": { "clean_id": 476, "Id": 0, "Floor": 6, "height": 18, "source_count": 1, "source_uids": "574" }, "geometry": { "type": "Polygon", "coordinates": [ [ [ 121.501074165329612, 31.276266332395426 ], [ 121.50087890592323, 31.276264048136397 ], [ 121.501177086000112, 31.276587398999986 ], [ 121.501284769000122, 31.276496060500047 ], [ 121.501074165329612, 31.276266332395426 ] ] ] } },
{ "type": "Feature", "properties": { "clean_id": 477, "Id": 0, "Floor": 8, "height": 24, "source_count": 2, "source_uids": "575;576" }, "geometry": { "type": "Polygon", "coordinates": [ [ [ 121.504275387145142, 31.276303782165506 ], [ 121.504091757663531, 31.276301633960138 ], [ 121.504364260999978, 31.276477722700122 ], [ 121.50438579800003, 31.276450288599953 ], [ 121.504428872000062, 31.276404586300085 ], [ 121.504385804999984, 31.276376960700134 ], [ 121.504275387145142, 31.276303782165506 ] ] ] } },
{ "type": "Feature", "properties": { "clean_id": 478, "Id": 0, "Floor": 2, "height": 6, "source_count": 1, "source_uids": "577" }, "geometry": { "type": "Polygon", "coordinates": [ [ [ 121.503352135000014, 31.27639222449994 ], [ 121.503352139000086, 31.276346394600068 ], [ 121.503244464000076, 31.276346074600031 ], [ 121.503244453999955, 31.276465232400135 ], [ 121.503352129000064, 31.276456386500115 ], [ 121.503352135000014, 31.27639222449994 ] ] ] } },
{ "type": "Feature", "properties": { "clean_id": 479, "Id": 0, "Floor": 1, "height": 3, "source_count": 1, "source_uids": "578" }, "geometry": { "type": "Polygon", "coordinates": [ [ [ 121.50340596, 31.276529874300142 ], [ 121.503492105999968, 31.276456802300117 ], [ 121.503427507000069, 31.276392448499966 ], [ 121.503352135000014, 31.27639222449994 ], [ 121.503352129000064, 31.276456386500115 ], [ 121.503352127999975, 31.276474718400038 ], [ 121.50340596, 31.276529874300142 ] ] ] } },
{ "type": "Feature", "properties": { "clean_id": 480, "Id": 0, "Floor": 3, "height": 9, "source_count": 1, "source_uids": "579" }, "geometry": { "type": "Polygon", "coordinates": [ [ [ 121.50274914, 31.276601249200102 ], [ 121.502770673000114, 31.276628811200052 ], [ 121.502802974000019, 31.276647239199971 ], [ 121.502824509000121, 31.276647303300024 ], [ 121.502824531000115, 31.276390655800128 ], [ 121.502878367999983, 31.276390816 ], [ 121.50287837200004, 31.27634498600009 ], [ 121.502878374000034, 31.276317488000117 ], [ 121.502426140999987, 31.276316142200017 ], [ 121.50242611900002, 31.276572789800067 ], [ 121.502749143000088, 31.276573751199912 ], [ 121.50274914, 31.276601249200102 ] ] ] } },
{ "type": "Feature", "properties": { "clean_id": 481, "Id": 0, "Floor": 4, "height": 12, "source_count": 1, "source_uids": "580" }, "geometry": { "type": "Polygon", "coordinates": [ [ [ 121.50324443500007, 31.276694381800052 ], [ 121.503233677000026, 31.276584358200022 ], [ 121.502921421000124, 31.276583429700057 ], [ 121.502921431000118, 31.276464272 ], [ 121.503244453999955, 31.276465232400135 ], [ 121.503244464000076, 31.276346074600031 ], [ 121.50287837200004, 31.27634498600009 ], [ 121.502878367999983, 31.276390816 ], [ 121.502824531000115, 31.276390655800128 ], [ 121.502824509000121, 31.276647303300024 ], [ 121.502824505000049, 31.276693133100022 ], [ 121.50324443500007, 31.276694381800052 ] ] ] } },
{ "type": "Feature", "properties": { "clean_id": 482, "Id": 0, "Floor": 6, "height": 18, "source_count": 1, "source_uids": "581" }, "geometry": { "type": "Polygon", "coordinates": [ [ [ 121.503492105999968, 31.276456802300117 ], [ 121.50340596, 31.276529874300142 ], [ 121.503459793000047, 31.27658503010008 ], [ 121.503115212999987, 31.276849819000017 ], [ 121.503061380000076, 31.276794663200118 ], [ 121.502953696999953, 31.276895168500005 ], [ 121.50293215400005, 31.276995929800137 ], [ 121.502985982000041, 31.277096915200044 ], [ 121.503642834999951, 31.276622237700117 ], [ 121.503492105999968, 31.276456802300117 ] ] ] } },
{ "type": "Feature", "properties": { "clean_id": 483, "Id": 0, "Floor": 4, "height": 12, "source_count": 1, "source_uids": "582" }, "geometry": { "type": "Polygon", "coordinates": [ [ [ 121.504224271999973, 31.276642295200141 ], [ 121.504310419000163, 31.276541725000136 ], [ 121.504105853000056, 31.276385296400065 ], [ 121.504052011, 31.276440132700028 ], [ 121.503863248828111, 31.276298960729772 ], [ 121.503748783926511, 31.276297621652233 ], [ 121.503729, 31.276320015999989 ], [ 121.504127368, 31.276614509900014 ], [ 121.504148905000079, 31.27658707580002 ], [ 121.504224271999973, 31.276642295200141 ] ] ] } },
{ "type": "Feature", "properties": { "clean_id": 484, "Id": 0, "Floor": 6, "height": 18, "source_count": 1, "source_uids": "584" }, "geometry": { "type": "Polygon", "coordinates": [ [ [ 121.503707462000065, 31.276356615999976 ], [ 121.503610547999983, 31.276447988200132 ], [ 121.504084283999987, 31.276788535399987 ], [ 121.504181197999984, 31.276697163300014 ], [ 121.503707462000065, 31.276356615999976 ] ] ] } },
{ "type": "Feature", "properties": { "clean_id": 485, "Id": 0, "Floor": 6, "height": 18, "source_count": 1, "source_uids": "586" }, "geometry": { "type": "Polygon", "coordinates": [ [ [ 121.503739741, 31.276631691399988 ], [ 121.503642827000149, 31.276723063400084 ], [ 121.503901222000081, 31.276980477200031 ], [ 121.503998135000074, 31.276898271299959 ], [ 121.503739741, 31.276631691399988 ] ] ] } },
{ "type": "Feature", "properties": { "clean_id": 486, "Id": 0, "Floor": 6, "height": 18, "source_count": 1, "source_uids": "587" }, "geometry": { "type": "Polygon", "coordinates": [ [ [ 121.503567452999974, 31.276750337400014 ], [ 121.503470537999988, 31.27684170910009 ], [ 121.503718166000013, 31.277108256900078 ], [ 121.503825847000144, 31.277026083200045 ], [ 121.503567452999974, 31.276750337400014 ] ] ] } },
{ "type": "Feature", "properties": { "clean_id": 487, "Id": 0, "Floor": 6, "height": 18, "source_count": 2, "source_uids": "588;589" }, "geometry": { "type": "Polygon", "coordinates": [ [ [ 121.504138119000118, 31.276807027100059 ], [ 121.50405197300006, 31.276889265100124 ], [ 121.504310371999964, 31.277100848200128 ], [ 121.504385749000107, 31.27702774420009 ], [ 121.50439651700016, 31.277018610200056 ], [ 121.504385750999987, 31.277009412300011 ], [ 121.504138119000118, 31.276807027100059 ] ] ] } },
{ "type": "Feature", "properties": { "clean_id": 488, "Id": 0, "Floor": 7, "height": 21, "source_count": 1, "source_uids": "590" }, "geometry": { "type": "Polygon", "coordinates": [ [ [ 121.503976595000054, 31.276962369000103 ], [ 121.503890450000085, 31.277035440900082 ], [ 121.504116546, 31.277256094099982 ], [ 121.504213458, 31.277192220100055 ], [ 121.503976595000054, 31.276962369000103 ] ] ] } },
{ "type": "Feature", "properties": { "clean_id": 489, "Id": 0, "Floor": 7, "height": 21, "source_count": 2, "source_uids": "592;593" }, "geometry": { "type": "Polygon", "coordinates": [ [ [ 121.501629347000176, 31.276304602300005 ], [ 121.501457058000014, 31.276395748500086 ], [ 121.501370928000028, 31.276285499600135 ], [ 121.501295551000112, 31.276331104800082 ], [ 121.501403213000117, 31.276487247800102 ], [ 121.501478590000033, 31.276441642699965 ], [ 121.501510888999988, 31.276478402900008 ], [ 121.501629336999954, 31.276414594199991 ], [ 121.501726250000047, 31.2763598871 ], [ 121.501661650999949, 31.276286366600118 ], [ 121.501629347000176, 31.276304602300005 ] ] ] } },
{ "type": "Feature", "properties": { "clean_id": 490, "Id": 0, "Floor": 7, "height": 21, "source_count": 2, "source_uids": "594;595" }, "geometry": { "type": "Polygon", "coordinates": [ [ [ 121.501629322000099, 31.276588747800009 ], [ 121.501564713999969, 31.276625219100076 ], [ 121.501629312000105, 31.276717071400078 ], [ 121.501995421999936, 31.276544009100121 ], [ 121.501930825000059, 31.276442990800088 ], [ 121.501629322000099, 31.276588747800009 ] ] ] } },
{ "type": "Feature", "properties": { "clean_id": 491, "Id": 0, "Floor": 7, "height": 21, "source_count": 1, "source_uids": "596" }, "geometry": { "type": "Polygon", "coordinates": [ [ [ 121.501230868999983, 31.277229175900054 ], [ 121.500950958000089, 31.276705881900106 ], [ 121.501004798000054, 31.276678544600031 ], [ 121.50088636800001, 31.276522369599999 ], [ 121.50073561300006, 31.276622745300067 ], [ 121.500832511000112, 31.276751358100004 ], [ 121.501112422000105, 31.277274652100111 ], [ 121.501230868999983, 31.277229175900054 ] ] ] } },
{ "type": "Feature", "properties": { "clean_id": 492, "Id": 0, "Floor": 7, "height": 21, "source_count": 1, "source_uids": "597" }, "geometry": { "type": "Polygon", "coordinates": [ [ [ 121.501844661000064, 31.276726879299982 ], [ 121.50174775000005, 31.276763254300079 ], [ 121.501930767999966, 31.277112105699928 ], [ 121.502027679000108, 31.277075730700059 ], [ 121.501844661000064, 31.276726879299982 ] ] ] } },
{ "type": "Feature", "properties": { "clean_id": 493, "Id": 0, "Floor": 8, "height": 24, "source_count": 2, "source_uids": "598;599" }, "geometry": { "type": "Polygon", "coordinates": [ [ [ 121.501478563999967, 31.276744119800071 ], [ 121.501370885000028, 31.276789628499959 ], [ 121.501596962, 31.277266931400099 ], [ 121.501629266000023, 31.277257861800134 ], [ 121.501736944999934, 31.277212353200021 ], [ 121.501629286000039, 31.277019547700085 ], [ 121.501478563999967, 31.276744119800071 ] ] ] } },
{ "type": "Feature", "properties": { "clean_id": 494, "Id": 0, "Floor": 7, "height": 21, "source_count": 1, "source_uids": "600" }, "geometry": { "type": "Polygon", "coordinates": [ [ [ 121.501780008000082, 31.27728580890005 ], [ 121.501661562000095, 31.277331285400123 ], [ 121.501909175000037, 31.277799483899965 ], [ 121.502038390000166, 31.277744873700094 ], [ 121.501780008000082, 31.27728580890005 ] ] ] } },
{ "type": "Feature", "properties": { "clean_id": 495, "Id": 0, "Floor": 7, "height": 21, "source_count": 1, "source_uids": "601" }, "geometry": { "type": "Polygon", "coordinates": [ [ [ 121.501349264000183, 31.277797814600088 ], [ 121.501456943000122, 31.277752306400032 ], [ 121.501252393000058, 31.277366728800136 ], [ 121.501090874000056, 31.277430408200011 ], [ 121.501133936999963, 31.277513029800101 ], [ 121.501198544, 31.277494890800078 ], [ 121.501349264000183, 31.277797814600088 ] ] ] } },
{ "type": "Feature", "properties": { "clean_id": 496, "Id": 0, "Floor": 7, "height": 21, "source_count": 1, "source_uids": "602" }, "geometry": { "type": "Polygon", "coordinates": [ [ [ 121.502049254, 31.276599165400118 ], [ 121.501930808000125, 31.276644642300027 ], [ 121.502156890000037, 31.277066949700099 ], [ 121.502264568999976, 31.277012274799961 ], [ 121.502049254, 31.276599165400118 ] ] ] } },
{ "type": "Feature", "properties": { "clean_id": 497, "Id": 0, "Floor": 7, "height": 21, "source_count": 1, "source_uids": "603" }, "geometry": { "type": "Polygon", "coordinates": [ [ [ 121.503395162000174, 31.27688731490008 ], [ 121.503287483000022, 31.276951156500044 ], [ 121.503492046000019, 31.277162580899969 ], [ 121.503599726000061, 31.277089573299961 ], [ 121.503395162000174, 31.27688731490008 ] ] ] } },
{ "type": "Feature", "properties": { "clean_id": 498, "Id": 0, "Floor": 6, "height": 18, "source_count": 1, "source_uids": "604" }, "geometry": { "type": "Polygon", "coordinates": [ [ [ 121.503222873000041, 31.277015126100135 ], [ 121.503125961000038, 31.277078999600061 ], [ 121.503287459000035, 31.277235300400079 ], [ 121.503373603999989, 31.277162229000108 ], [ 121.503222873000041, 31.277015126100135 ] ] ] } },
{ "type": "Feature", "properties": { "clean_id": 499, "Id": 0, "Floor": 7, "height": 21, "source_count": 1, "source_uids": "605" }, "geometry": { "type": "Polygon", "coordinates": [ [ [ 121.503072115, 31.277179664700107 ], [ 121.502964433999978, 31.277252671900044 ], [ 121.503190530999987, 31.277482491800068 ], [ 121.503287443, 31.277418618599992 ], [ 121.503072115, 31.277179664700107 ] ] ] } },
{ "type": "Feature", "properties": { "clean_id": 500, "Id": 0, "Floor": 8, "height": 24, "source_count": 1, "source_uids": "606" }, "geometry": { "type": "Polygon", "coordinates": [ [ [ 121.502307632999987, 31.277085730599989 ], [ 121.502189187000099, 31.277131207500087 ], [ 121.502436800000041, 31.27759024019991 ], [ 121.502555246000156, 31.277544763399987 ], [ 121.502307632999987, 31.277085730599989 ] ] ] } },
{ "type": "Feature", "properties": { "clean_id": 501, "Id": 0, "Floor": 7, "height": 21, "source_count": 1, "source_uids": "607" }, "geometry": { "type": "Polygon", "coordinates": [ [ [ 121.503438206000183, 31.277199084600117 ], [ 121.503341293000048, 31.277272124000103 ], [ 121.503685819999987, 31.277621451799977 ], [ 121.503782733, 31.277548412400044 ], [ 121.503438206000183, 31.277199084600117 ] ] ] } },
{ "type": "Feature", "properties": { "clean_id": 502, "Id": 0, "Floor": 6, "height": 18, "source_count": 1, "source_uids": "608" }, "geometry": { "type": "Polygon", "coordinates": [ [ [ 121.502092275999985, 31.277167582499999 ], [ 121.501984597000046, 31.277213091300098 ], [ 121.502210675000129, 31.277681225700121 ], [ 121.502339890000016, 31.277626615300047 ], [ 121.502092275999985, 31.277167582499999 ] ] ] } },
{ "type": "Feature", "properties": { "clean_id": 503, "Id": 0, "Floor": 7, "height": 21, "source_count": 1, "source_uids": "609" }, "geometry": { "type": "Polygon", "coordinates": [ [ [ 121.502856754000177, 31.277325678900123 ], [ 121.502759839999953, 31.277398717800047 ], [ 121.502975170000013, 31.277628505800074 ], [ 121.503082850000055, 31.277555498900142 ], [ 121.502856754000177, 31.277325678900123 ] ] ] } },
{ "type": "Feature", "properties": { "clean_id": 504, "Id": 0, "Floor": 7, "height": 21, "source_count": 1, "source_uids": "610" }, "geometry": { "type": "Polygon", "coordinates": [ [ [ 121.502705997, 31.277471884900134 ], [ 121.502598314999986, 31.277554057500083 ], [ 121.502705981000091, 31.277655202600045 ], [ 121.502813663000111, 31.277563864100038 ], [ 121.502705997, 31.277471884900134 ] ] ] } },
{ "type": "Feature", "properties": { "clean_id": 505, "Id": 0, "Floor": 9, "height": 27, "source_count": 1, "source_uids": "611" }, "geometry": { "type": "Polygon", "coordinates": [ [ [ 121.502587537999929, 31.277664015999964 ], [ 121.502232200999984, 31.277791280400091 ], [ 121.502275264, 31.277873901400085 ], [ 121.502630601000078, 31.277746637099995 ], [ 121.502587537999929, 31.277664015999964 ] ] ] } },
{ "type": "Feature", "properties": { "clean_id": 506, "Id": 0, "Floor": 7, "height": 21, "source_count": 1, "source_uids": "612" }, "geometry": { "type": "Polygon", "coordinates": [ [ [ 121.50085397099997, 31.277631350799993 ], [ 121.501058562000026, 31.277540302600123 ], [ 121.501015500000108, 31.277448515099994 ], [ 121.500703229000123, 31.277585071399987 ], [ 121.500821652000013, 31.277823737800013 ], [ 121.500929330999952, 31.277778229799992 ], [ 121.50085397099997, 31.277631350799993 ] ] ] } },
{ "type": "Feature", "properties": { "clean_id": 507, "Id": 0, "Floor": 5, "height": 15, "source_count": 1, "source_uids": "613" }, "geometry": { "type": "Polygon", "coordinates": [ [ [ 121.501133919000026, 31.27772384510007 ], [ 121.501176990999966, 31.27770564190007 ], [ 121.501133930000151, 31.277604688700141 ], [ 121.500950876000033, 31.277668303600144 ], [ 121.500983173, 31.277732561200079 ], [ 121.501101620999975, 31.277677919399991 ], [ 121.501133919000026, 31.27772384510007 ] ] ] } },
{ "type": "Feature", "properties": { "clean_id": 508, "Id": 0, "Floor": 7, "height": 21, "source_count": 1, "source_uids": "614" }, "geometry": { "type": "Polygon", "coordinates": [ [ [ 121.50112315000014, 31.277742144800126 ], [ 121.50101547099996, 31.27778765279999 ], [ 121.501166192000142, 31.278081410000084 ], [ 121.501284639000019, 31.278035934100046 ], [ 121.50112315000014, 31.277742144800126 ] ] ] } },
{ "type": "Feature", "properties": { "clean_id": 509, "Id": 0, "Floor": 7, "height": 21, "source_count": 1, "source_uids": "615" }, "geometry": { "type": "Polygon", "coordinates": [ [ [ 121.500907788999939, 31.277860658400122 ], [ 121.500810878000024, 31.277897032500103 ], [ 121.500929301000141, 31.27813569810013 ], [ 121.501026212000056, 31.278099323999921 ], [ 121.500907788999939, 31.277860658400122 ] ] ] } },
{ "type": "Feature", "properties": { "clean_id": 510, "Id": 0, "Floor": 7, "height": 21, "source_count": 3, "source_uids": "616;618;621" }, "geometry": { "type": "Polygon", "coordinates": [ [ [ 121.501489239999955, 31.277825729600004 ], [ 121.501381561000017, 31.277862072000012 ], [ 121.501543049000134, 31.278155860800098 ], [ 121.501478441000131, 31.278192331500115 ], [ 121.501499974000012, 31.27821989320007 ], [ 121.501532271999963, 31.278265818700103 ], [ 121.50162918400008, 31.278220278500047 ], [ 121.501650719000168, 31.278220342700088 ], [ 121.50169379099998, 31.278202139400033 ], [ 121.501629196000053, 31.278082790900097 ], [ 121.501489239999955, 31.277825729600004 ] ] ] } },
{ "type": "Feature", "properties": { "clean_id": 511, "Id": 0, "Floor": 4, "height": 12, "source_count": 2, "source_uids": "617;629" }, "geometry": { "type": "Polygon", "coordinates": [ [ [ 121.500681649000072, 31.278107461300007 ], [ 121.500735478000024, 31.278217612099994 ], [ 121.500810838, 31.278364490300081 ], [ 121.500326283000177, 31.27853719370006 ], [ 121.500390876999987, 31.27867487370008 ], [ 121.501015414999983, 31.278447593300079 ], [ 121.500886224000041, 31.278218062100002 ], [ 121.500800097000138, 31.278061985700045 ], [ 121.500681649000072, 31.278107461300007 ] ] ] } },
{ "type": "Feature", "properties": { "clean_id": 512, "Id": 0, "Floor": 7, "height": 21, "source_count": 3, "source_uids": "619;742;620" }, "geometry": { "type": "Polygon", "coordinates": [ [ [ 121.50112311700002, 31.278136276500049 ], [ 121.501004671000146, 31.278172586399993 ], [ 121.501026202000034, 31.278218479900033 ], [ 121.50113386000011, 31.278420449300146 ], [ 121.501456898000029, 31.278283925600075 ], [ 121.501424601000068, 31.278219668399977 ], [ 121.501413835999983, 31.27819213880009 ], [ 121.501338461000046, 31.278219411500064 ], [ 121.501198478000092, 31.278273988900089 ], [ 121.501166180000169, 31.27821889760002 ], [ 121.50112311700002, 31.278136276500049 ] ] ] } },
{ "type": "Feature", "properties": { "clean_id": 513, "Id": 0, "Floor": 6, "height": 18, "source_count": 1, "source_uids": "622" }, "geometry": { "type": "Polygon", "coordinates": [ [ [ 121.499314181000059, 31.277920057699991 ], [ 121.499249572000167, 31.277965693800073 ], [ 121.499454138000047, 31.278177120000013 ], [ 121.499518749000117, 31.278122318200072 ], [ 121.499314181000059, 31.277920057699991 ] ] ] } },
{ "type": "Feature", "properties": { "clean_id": 514, "Id": 0, "Floor": 7, "height": 21, "source_count": 1, "source_uids": "623" }, "geometry": { "type": "Polygon", "coordinates": [ [ [ 121.500358634000136, 31.277969008900069 ], [ 121.500078669000118, 31.278059831000121 ], [ 121.500121732000025, 31.278151618100026 ], [ 121.500401698000132, 31.278042464300089 ], [ 121.500358634000136, 31.277969008900069 ] ] ] } },
{ "type": "Feature", "properties": { "clean_id": 515, "Id": 0, "Floor": 3, "height": 9, "source_count": 2, "source_uids": "624;626" }, "geometry": { "type": "Polygon", "coordinates": [ [ [ 121.499507972999922, 31.278213944300035 ], [ 121.499464900000021, 31.278241313000084 ], [ 121.499518733000173, 31.278305634800009 ], [ 121.499691022000093, 31.278214491600018 ], [ 121.49972332699997, 31.278196256499996 ], [ 121.499669495000148, 31.278122768900008 ], [ 121.499507972999922, 31.278213944300035 ] ] ] } },
{ "type": "Feature", "properties": { "clean_id": 516, "Id": 0, "Floor": 6, "height": 18, "source_count": 2, "source_uids": "625;636" }, "geometry": { "type": "Polygon", "coordinates": [ [ [ 121.499109581999974, 31.278084431100066 ], [ 121.49923878300001, 31.278213139300078 ], [ 121.49931415000016, 31.278286691300078 ], [ 121.499389526999948, 31.278241087600058 ], [ 121.499357227000132, 31.278213493500122 ], [ 121.499174193000044, 31.278029629300136 ], [ 121.499109581999974, 31.278084431100066 ] ] ] } },
{ "type": "Feature", "properties": { "clean_id": 517, "Id": 0, "Floor": 7, "height": 21, "source_count": 1, "source_uids": "628" }, "geometry": { "type": "Polygon", "coordinates": [ [ [ 121.499777159, 31.278260578299975 ], [ 121.499260297999953, 31.278451515000032 ], [ 121.49930336, 31.278543301900072 ], [ 121.499820222000153, 31.278352365200014 ], [ 121.499777159, 31.278260578299975 ] ] ] } },
{ "type": "Feature", "properties": { "clean_id": 518, "Id": 0, "Floor": 7, "height": 21, "source_count": 1, "source_uids": "630" }, "geometry": { "type": "Polygon", "coordinates": [ [ [ 121.500057093000123, 31.278536389400017 ], [ 121.500143218999952, 31.27871079699997 ], [ 121.500078612000038, 31.278728935500109 ], [ 121.500121676000049, 31.278811556200072 ], [ 121.500272427000127, 31.278747846099968 ], [ 121.500089407000132, 31.278408164699947 ], [ 121.499777136000148, 31.278535552700014 ], [ 121.499820199000055, 31.278627339500083 ], [ 121.499884805999955, 31.2786000352001 ], [ 121.500057093000123, 31.278536389400017 ] ] ] } },
{ "type": "Feature", "properties": { "clean_id": 519, "Id": 0, "Floor": 4, "height": 12, "source_count": 1, "source_uids": "631" }, "geometry": { "type": "Polygon", "coordinates": [ [ [ 121.500778515999983, 31.278593539000038 ], [ 121.500563157999963, 31.278675388200043 ], [ 121.500584689999982, 31.278712115699989 ], [ 121.500800047999974, 31.278630266500056 ], [ 121.500778515999983, 31.278593539000038 ] ] ] } },
{ "type": "Feature", "properties": { "clean_id": 520, "Id": 0, "Floor": 6, "height": 18, "source_count": 2, "source_uids": "632;633" }, "geometry": { "type": "Polygon", "coordinates": [ [ [ 121.498872714000072, 31.277854576100136 ], [ 121.49905574900005, 31.278029275000101 ], [ 121.499120359000031, 31.277974473100009 ], [ 121.49890502400001, 31.277772179900069 ], [ 121.498872719000133, 31.277799580900083 ], [ 121.498840414000028, 31.277826981799933 ], [ 121.498872714000072, 31.277854576100136 ] ] ] } },
{ "type": "Feature", "properties": { "clean_id": 521, "Id": 0, "Floor": 6, "height": 18, "source_count": 2, "source_uids": "634;635" }, "geometry": { "type": "Polygon", "coordinates": [ [ [ 121.498678891000068, 31.277927323000032 ], [ 121.498872692000063, 31.278111219900033 ], [ 121.498894226000061, 31.278129615999948 ], [ 121.498958836000043, 31.278083980100124 ], [ 121.498872702000085, 31.278001229799997 ], [ 121.498743501000149, 31.277872521200099 ], [ 121.498678891000068, 31.277927323000032 ] ] ] } },
{ "type": "Feature", "properties": { "clean_id": 522, "Id": 0, "Floor": 6, "height": 18, "source_count": 2, "source_uids": "637;638" }, "geometry": { "type": "Polygon", "coordinates": [ [ [ 121.49895882600002, 31.278193970199993 ], [ 121.498980360000132, 31.278212366200087 ], [ 121.499174162000145, 31.278396262500053 ], [ 121.499238771000037, 31.278350626699989 ], [ 121.499088036000089, 31.278212688400114 ], [ 121.49902343600013, 31.278148334300113 ], [ 121.49895882600002, 31.278193970199993 ] ] ] } },
{ "type": "Feature", "properties": { "clean_id": 523, "Id": 0, "Floor": 7, "height": 21, "source_count": 1, "source_uids": "639" }, "geometry": { "type": "Polygon", "coordinates": [ [ [ 121.498032738, 31.27903445180003 ], [ 121.498592673999951, 31.278816149400036 ], [ 121.498538845999988, 31.278696833100071 ], [ 121.498452702000137, 31.27873323840004 ], [ 121.498431171, 31.278687345000034 ], [ 121.498043523999968, 31.278823671300128 ], [ 121.497989692000033, 31.278750183899941 ], [ 121.497698956000136, 31.278859302700024 ], [ 121.497795849, 31.27904290820004 ], [ 121.49798967300012, 31.278970162500116 ], [ 121.498032738, 31.27903445180003 ] ] ] } },
{ "type": "Feature", "properties": { "clean_id": 524, "Id": 0, "Floor": 5, "height": 15, "source_count": 1, "source_uids": "640" }, "geometry": { "type": "Polygon", "coordinates": [ [ [ 121.498711119000063, 31.278807338100073 ], [ 121.498592671999958, 31.278843646700114 ], [ 121.498269633000177, 31.27896183489997 ], [ 121.498355760000095, 31.27912707640014 ], [ 121.498775714, 31.278926686500029 ], [ 121.498711119000063, 31.278807338100073 ] ] ] } },
{ "type": "Feature", "properties": { "clean_id": 525, "Id": 0, "Floor": 3, "height": 9, "source_count": 1, "source_uids": "641" }, "geometry": { "type": "Polygon", "coordinates": [ [ [ 121.498301927000171, 31.279062754899996 ], [ 121.497903513999987, 31.279180716899987 ], [ 121.497925044000013, 31.279244941600041 ], [ 121.498323458000087, 31.279117813900026 ], [ 121.498301927000171, 31.279062754899996 ] ] ] } },
{ "type": "Feature", "properties": { "clean_id": 526, "Id": 0, "Floor": 4, "height": 12, "source_count": 2, "source_uids": "642;645" }, "geometry": { "type": "Polygon", "coordinates": [ [ [ 121.496643806000066, 31.277921228699991 ], [ 121.496353069000079, 31.278048679499999 ], [ 121.496428429000062, 31.278204724600009 ], [ 121.496460727000112, 31.278259816300071 ], [ 121.496600712000031, 31.278205240800045 ], [ 121.496762232000037, 31.27814156380003 ], [ 121.496643806000066, 31.277921228699991 ] ] ] } },
{ "type": "Feature", "properties": { "clean_id": 527, "Id": 0, "Floor": 6, "height": 18, "source_count": 2, "source_uids": "643;646" }, "geometry": { "type": "Polygon", "coordinates": [ [ [ 121.497429830999977, 31.278079402800127 ], [ 121.497386765999977, 31.278024278699995 ], [ 121.497074490000159, 31.278179162700042 ], [ 121.496977589000025, 31.278096379800036 ], [ 121.497096041000091, 31.277995910299914 ], [ 121.49702067300008, 31.277940689400111 ], [ 121.496869915000175, 31.278068559700046 ], [ 121.496912982000154, 31.278105352100113 ], [ 121.49688067600006, 31.27814191869998 ], [ 121.496956043999944, 31.278206305300046 ], [ 121.497031411000066, 31.278279857800104 ], [ 121.497171397000102, 31.278206950500028 ], [ 121.497429830999977, 31.278079402800127 ] ] ] } },
{ "type": "Feature", "properties": { "clean_id": 528, "Id": 0, "Floor": 7, "height": 21, "source_count": 2, "source_uids": "644;647" }, "geometry": { "type": "Polygon", "coordinates": [ [ [ 121.496342290000143, 31.278176969000075 ], [ 121.496266914000117, 31.278204240600125 ], [ 121.496116163, 31.278258783899947 ], [ 121.496116161000145, 31.278277115500025 ], [ 121.496266884000079, 31.278561707400122 ], [ 121.496493011999974, 31.278470726900022 ], [ 121.496353055999975, 31.278204498700006 ], [ 121.496342290000143, 31.278176969000075 ] ] ] } },
{ "type": "Feature", "properties": { "clean_id": 529, "Id": 0, "Floor": 2, "height": 6, "source_count": 2, "source_uids": "648;650" }, "geometry": { "type": "Polygon", "coordinates": [ [ [ 121.497602086000015, 31.278400722800086 ], [ 121.497655926000107, 31.278382552399993 ], [ 121.497580565000021, 31.278235673499978 ], [ 121.497063700000126, 31.278444939200035 ], [ 121.497139059, 31.278619315300087 ], [ 121.497225201999967, 31.278592075900004 ], [ 121.497289797000121, 31.278720590500022 ], [ 121.497225189000133, 31.278747894300007 ], [ 121.497300549000101, 31.27891310410013 ], [ 121.497828182000148, 31.278694705599939 ], [ 121.497742053000024, 31.278556960700037 ], [ 121.497677444000146, 31.278593430400011 ], [ 121.497623619000024, 31.278437450500068 ], [ 121.497602086000015, 31.278400722800086 ] ], [ [ 121.497257505999983, 31.278583006900071 ], [ 121.497214441999986, 31.278509551500068 ], [ 121.49746210499994, 31.278427801000014 ], [ 121.497472866999942, 31.278491993900097 ], [ 121.497537474999945, 31.278464690000138 ], [ 121.497591302000046, 31.278602338200013 ], [ 121.497548230000135, 31.27862054079997 ], [ 121.497580528000057, 31.278675632300068 ], [ 121.497365169000091, 31.278748313599976 ], [ 121.497332870000037, 31.278702388000102 ], [ 121.497257505999983, 31.278583006900071 ] ] ] } },
{ "type": "Feature", "properties": { "clean_id": 530, "Id": 0, "Floor": 7, "height": 21, "source_count": 1, "source_uids": "651" }, "geometry": { "type": "Polygon", "coordinates": [ [ [ 121.497440512000026, 31.279096838600086 ], [ 121.497655872000124, 31.279024157500032 ], [ 121.497602044000132, 31.278904841300115 ], [ 121.497322075000071, 31.279023157800001 ], [ 121.497343605999973, 31.279069051100009 ], [ 121.497128247000092, 31.279141732000024 ], [ 121.49720361000017, 31.279261112399976 ], [ 121.497483578000015, 31.279161127800016 ], [ 121.497440512000026, 31.279096838600086 ] ] ] } },
{ "type": "Feature", "properties": { "clean_id": 531, "Id": 0, "Floor": 7, "height": 21, "source_count": 1, "source_uids": "652" }, "geometry": { "type": "Polygon", "coordinates": [ [ [ 121.499680226000123, 31.278553594600098 ], [ 121.499378724000181, 31.27866268270008 ], [ 121.499421785999971, 31.278763635100113 ], [ 121.499734056000094, 31.278645413499987 ], [ 121.499680226000123, 31.278553594600098 ] ] ] } },
{ "type": "Feature", "properties": { "clean_id": 532, "Id": 0, "Floor": 2, "height": 6, "source_count": 1, "source_uids": "653" }, "geometry": { "type": "Polygon", "coordinates": [ [ [ 121.499895572000128, 31.278627564700002 ], [ 121.499830964000139, 31.278654868999975 ], [ 121.499874026000157, 31.278755821400008 ], [ 121.49994940100008, 31.278728549300066 ], [ 121.499895572000128, 31.278627564700002 ] ] ] } },
{ "type": "Feature", "properties": { "clean_id": 533, "Id": 0, "Floor": 7, "height": 21, "source_count": 1, "source_uids": "654" }, "geometry": { "type": "Polygon", "coordinates": [ [ [ 121.499637135000185, 31.278791776400048 ], [ 121.499464848000017, 31.278855421699969 ], [ 121.499518676999969, 31.278965572 ], [ 121.499690964000038, 31.278901926699973 ], [ 121.499637135000185, 31.278791776400048 ] ] ] } },
{ "type": "Feature", "properties": { "clean_id": 534, "Id": 0, "Floor": 7, "height": 21, "source_count": 1, "source_uids": "655" }, "geometry": { "type": "Polygon", "coordinates": [ [ [ 121.499949393999941, 31.27881104139999 ], [ 121.499841715, 31.278847382700061 ], [ 121.49998167, 31.279131939700108 ], [ 121.500089349000078, 31.279095598399969 ], [ 121.499949393999941, 31.27881104139999 ] ] ] } },
{ "type": "Feature", "properties": { "clean_id": 535, "Id": 0, "Floor": 7, "height": 21, "source_count": 1, "source_uids": "656" }, "geometry": { "type": "Polygon", "coordinates": [ [ [ 121.499755563, 31.278984611700132 ], [ 121.499583274999978, 31.279048257000053 ], [ 121.499626337, 31.279149209000018 ], [ 121.499798624000064, 31.27909472960004 ], [ 121.499755563, 31.278984611700132 ] ] ] } },
{ "type": "Feature", "properties": { "clean_id": 536, "Id": 0, "Floor": 6, "height": 18, "source_count": 1, "source_uids": "657" }, "geometry": { "type": "Polygon", "coordinates": [ [ [ 121.500358552000094, 31.278931419000102 ], [ 121.500197034000038, 31.278985931100014 ], [ 121.50024009699996, 31.279068551600002 ], [ 121.500304704999976, 31.279041247300029 ], [ 121.500380064000069, 31.279206456000054 ], [ 121.500164705999978, 31.279279138600092 ], [ 121.500207769000113, 31.279370924600073 ], [ 121.500520038000118, 31.279261868500111 ], [ 121.500358552000094, 31.278931419000102 ] ] ] } },
{ "type": "Feature", "properties": { "clean_id": 537, "Id": 0, "Floor": 2, "height": 6, "source_count": 1, "source_uids": "658" }, "geometry": { "type": "Polygon", "coordinates": [ [ [ 121.500110879999966, 31.279141491499956 ], [ 121.49997089700004, 31.279186902000056 ], [ 121.500003193999973, 31.279260324500111 ], [ 121.500132409000102, 31.279214881900032 ], [ 121.500110879999966, 31.279141491499956 ] ] ] } },
{ "type": "Feature", "properties": { "clean_id": 538, "Id": 0, "Floor": 7, "height": 21, "source_count": 1, "source_uids": "659" }, "geometry": { "type": "Polygon", "coordinates": [ [ [ 121.499841687000071, 31.279177350099985 ], [ 121.49966939900014, 31.279250161000046 ], [ 121.499723228999983, 31.279351145000025 ], [ 121.499895516000151, 31.279278334099956 ], [ 121.499841687000071, 31.279177350099985 ] ] ] } },
{ "type": "Feature", "properties": { "clean_id": 539, "Id": 0, "Floor": 7, "height": 21, "source_count": 1, "source_uids": "660" }, "geometry": { "type": "Polygon", "coordinates": [ [ [ 121.500100097000086, 31.279324774200113 ], [ 121.499777059000166, 31.279442963200033 ], [ 121.499820121999974, 31.279525583500114 ], [ 121.500153927000156, 31.279416592400079 ], [ 121.500100097000086, 31.279324774200113 ] ] ] } },
{ "type": "Feature", "properties": { "clean_id": 540, "Id": 0, "Floor": 6, "height": 18, "source_count": 1, "source_uids": "661" }, "geometry": { "type": "Polygon", "coordinates": [ [ [ 121.500541563000056, 31.279381087400047 ], [ 121.50031543700014, 31.279453737800065 ], [ 121.500369265, 31.279573052900098 ], [ 121.500584624000112, 31.279491204700033 ], [ 121.500541563000056, 31.279381087400047 ] ] ] } },
{ "type": "Feature", "properties": { "clean_id": 541, "Id": 0, "Floor": 9, "height": 27, "source_count": 1, "source_uids": "662" }, "geometry": { "type": "Polygon", "coordinates": [ [ [ 121.497806605000051, 31.279189592500131 ], [ 121.497386655000113, 31.279325820900052 ], [ 121.497440481000126, 31.279463468000024 ], [ 121.497860431000049, 31.279327239800068 ], [ 121.497806605000051, 31.279189592500131 ] ] ] } },
{ "type": "Feature", "properties": { "clean_id": 542, "Id": 0, "Floor": 8, "height": 24, "source_count": 1, "source_uids": "663" }, "geometry": { "type": "Polygon", "coordinates": [ [ [ 121.496999003000042, 31.27951714 ], [ 121.49726820399998, 31.279407957700005 ], [ 121.497225139000079, 31.279334502800047 ], [ 121.496988242000057, 31.279434616199978 ], [ 121.496912870999935, 31.279406893200076 ], [ 121.496945180000139, 31.279333664200124 ], [ 121.496848272999969, 31.279315042400022 ], [ 121.496826732000045, 31.279379138000142 ], [ 121.496762129, 31.279351447300087 ], [ 121.496719066999958, 31.27925049510009 ], [ 121.496611386000041, 31.279296001200116 ], [ 121.496675980999967, 31.279433680700091 ], [ 121.496891328999936, 31.279489320200017 ], [ 121.496999003000042, 31.27951714 ] ] ] } },
{ "type": "Feature", "properties": { "clean_id": 543, "Id": 0, "Floor": 7, "height": 21, "source_count": 1, "source_uids": "665" }, "geometry": { "type": "Polygon", "coordinates": [ [ [ 121.496891328999936, 31.279489320200017 ], [ 121.496675980999967, 31.279433680700091 ], [ 121.496772872000065, 31.279635616800132 ], [ 121.496912856000108, 31.279581041899984 ], [ 121.496891328999936, 31.279489320200017 ] ] ] } },
{ "type": "Feature", "properties": { "clean_id": 544, "Id": 0, "Floor": 2, "height": 6, "source_count": 1, "source_uids": "666" }, "geometry": { "type": "Polygon", "coordinates": [ [ [ 121.497332806000045, 31.279444814100092 ], [ 121.49695592800002, 31.279572005200063 ], [ 121.496977457999961, 31.279627064000064 ], [ 121.497354337000047, 31.279499872900089 ], [ 121.497332806000045, 31.279444814100092 ] ] ] } },
{ "type": "Feature", "properties": { "clean_id": 545, "Id": 0, "Floor": 9, "height": 27, "source_count": 1, "source_uids": "667" }, "geometry": { "type": "Polygon", "coordinates": [ [ [ 121.497935792000021, 31.279474117100111 ], [ 121.497548146000099, 31.279601276300067 ], [ 121.497612741, 31.279729789599973 ], [ 121.497989619000123, 31.279611764000038 ], [ 121.497935792000021, 31.279474117100111 ] ] ] } },
{ "type": "Feature", "properties": { "clean_id": 546, "Id": 0, "Floor": 7, "height": 21, "source_count": 1, "source_uids": "668" }, "geometry": { "type": "Polygon", "coordinates": [ [ [ 121.496632903000105, 31.279516043100049 ], [ 121.496126808999989, 31.279679509500056 ], [ 121.496180636999952, 31.279798824900137 ], [ 121.496686730999954, 31.279635358700094 ], [ 121.496632903000105, 31.279516043100049 ] ] ] } },
{ "type": "Feature", "properties": { "clean_id": 547, "Id": 0, "Floor": 12, "height": 36, "source_count": 1, "source_uids": "669" }, "geometry": { "type": "Polygon", "coordinates": [ [ [ 121.497203567000042, 31.279774392500038 ], [ 121.497418919999959, 31.279765871899997 ], [ 121.497418929999981, 31.27965588350008 ], [ 121.497160505000011, 31.279664275100011 ], [ 121.496697485000155, 31.279791207799921 ], [ 121.496482121999975, 31.279909716500011 ], [ 121.496557489000097, 31.279992433400029 ], [ 121.496783620000073, 31.279873957099991 ], [ 121.497203567000042, 31.279774392500038 ] ] ] } },
{ "type": "Feature", "properties": { "clean_id": 548, "Id": 0, "Floor": 9, "height": 27, "source_count": 1, "source_uids": "671" }, "geometry": { "type": "Polygon", "coordinates": [ [ [ 121.497957300000152, 31.279794981300036 ], [ 121.497666565000031, 31.279894933200126 ], [ 121.497720393, 31.28001424830012 ], [ 121.498011127000055, 31.279923462100037 ], [ 121.497957300000152, 31.279794981300036 ] ] ] } },
{ "type": "Feature", "properties": { "clean_id": 549, "Id": 0, "Floor": 25, "height": 75, "source_count": 1, "source_uids": "672" }, "geometry": { "type": "Polygon", "coordinates": [ [ [ 121.498624951000124, 31.279118716300104 ], [ 121.498301905000162, 31.279319395800137 ], [ 121.498528002000171, 31.279595044300098 ], [ 121.498840280000067, 31.279394332900036 ], [ 121.498624951000124, 31.279118716300104 ] ] ] } },
{ "type": "Feature", "properties": { "clean_id": 550, "Id": 0, "Floor": 10, "height": 30, "source_count": 2, "source_uids": "673;674" }, "geometry": { "type": "Polygon", "coordinates": [ [ [ 121.499066376000087, 31.279679146600134 ], [ 121.498872580000011, 31.27943109250003 ], [ 121.498840280000067, 31.279394332900036 ], [ 121.498528002000171, 31.279595044300098 ], [ 121.498743332, 31.279861494000095 ], [ 121.498872549999987, 31.27978855510003 ], [ 121.499066376000087, 31.279679146600134 ] ] ] } },
{ "type": "Feature", "properties": { "clean_id": 551, "Id": 0, "Floor": 7, "height": 21, "source_count": 2, "source_uids": "675;676" }, "geometry": { "type": "Polygon", "coordinates": [ [ [ 121.498872528999968, 31.280026862799961 ], [ 121.498732546000042, 31.280081437999964 ], [ 121.498775608999949, 31.28016405780005 ], [ 121.498872520999967, 31.280127685200011 ], [ 121.49944322400016, 31.279900250399969 ], [ 121.499400161000054, 31.279817630400029 ], [ 121.498872528999968, 31.280026862799961 ] ] ] } },
{ "type": "Feature", "properties": { "clean_id": 552, "Id": 0, "Floor": 15, "height": 45, "source_count": 1, "source_uids": "677" }, "geometry": { "type": "Polygon", "coordinates": [ [ [ 121.498990946000063, 31.280348015200104 ], [ 121.49908785699995, 31.280320808200084 ], [ 121.499055560000116, 31.280256552000083 ], [ 121.499184775000018, 31.280211110300062 ], [ 121.499217071999979, 31.280275366400083 ], [ 121.499357056, 31.280220791200062 ], [ 121.499281694000175, 31.280092246500026 ], [ 121.498883279, 31.280237705300078 ], [ 121.498926343, 31.280311159300087 ], [ 121.498958646999981, 31.28030209029999 ], [ 121.498990946000063, 31.280348015200104 ] ] ] } },
{ "type": "Feature", "properties": { "clean_id": 553, "Id": 0, "Floor": 22, "height": 66, "source_count": 1, "source_uids": "678" }, "geometry": { "type": "Polygon", "coordinates": [ [ [ 121.498323358999983, 31.280281857800048 ], [ 121.498269519000132, 31.280300028000113 ], [ 121.49822645800009, 31.280189911200008 ], [ 121.498054170000046, 31.280253555000122 ], [ 121.498097231999964, 31.280354506100029 ], [ 121.498032623999975, 31.280381809600105 ], [ 121.498097217000122, 31.280528653100131 ], [ 121.498377183, 31.280437834900056 ], [ 121.498323358999983, 31.280281857800048 ] ] ] } },
{ "type": "Feature", "properties": { "clean_id": 554, "Id": 0, "Floor": 4, "height": 12, "source_count": 1, "source_uids": "679" }, "geometry": { "type": "Polygon", "coordinates": [ [ [ 121.498743288, 31.280383936800042 ], [ 121.498614073000113, 31.280420212600006 ], [ 121.498646367999982, 31.280511965600063 ], [ 121.498775582, 31.280484855400104 ], [ 121.498743288, 31.280383936800042 ] ] ] } },
{ "type": "Feature", "properties": { "clean_id": 555, "Id": 0, "Floor": 6, "height": 18, "source_count": 4, "source_uids": "680;705;702;703" }, "geometry": { "type": "Polygon", "coordinates": [ [ [ 121.498840184000073, 31.280530876900112 ], [ 121.498850949000143, 31.280558406 ], [ 121.498872480000045, 31.280604298500119 ], [ 121.498904777000106, 31.280677720100137 ], [ 121.499260119000041, 31.280559629999907 ], [ 121.499195525, 31.280421952300109 ], [ 121.498872486999986, 31.280521807900016 ], [ 121.498840184000073, 31.280530876900112 ] ] ] } },
{ "type": "Feature", "properties": { "clean_id": 556, "Id": 0, "Floor": 1, "height": 3, "source_count": 2, "source_uids": "681;704" }, "geometry": { "type": "Polygon", "coordinates": [ [ [ 121.498517158000155, 31.280493247700115 ], [ 121.498301800000036, 31.280556762500108 ], [ 121.498237192000033, 31.280574900299989 ], [ 121.498258722000074, 31.280648289700142 ], [ 121.498527920000129, 31.280557439300029 ], [ 121.498517158000155, 31.280493247700115 ] ] ] } },
{ "type": "Feature", "properties": { "clean_id": 557, "Id": 0, "Floor": 27, "height": 81, "source_count": 1, "source_uids": "682" }, "geometry": { "type": "Polygon", "coordinates": [ [ [ 121.500552281000068, 31.27995855879999 ], [ 121.500584589000013, 31.27990366120013 ], [ 121.500659959000018, 31.279931383299925 ], [ 121.500713809999965, 31.279784893100047 ], [ 121.500649206000176, 31.279766368800097 ], [ 121.500681514, 31.279702305400001 ], [ 121.500520006000102, 31.279637663100107 ], [ 121.500487698000143, 31.279701726600074 ], [ 121.500401559000025, 31.27967397220004 ], [ 121.500347709000167, 31.279820462499917 ], [ 121.500423080000132, 31.279848184699908 ], [ 121.500390772000074, 31.279903082399972 ], [ 121.500552281000068, 31.27995855879999 ] ] ] } },
{ "type": "Feature", "properties": { "clean_id": 558, "Id": 0, "Floor": 9, "height": 27, "source_count": 1, "source_uids": "683" }, "geometry": { "type": "Polygon", "coordinates": [ [ [ 121.500293836999944, 31.280223591299947 ], [ 121.50024000400002, 31.280168436500098 ], [ 121.500218474000022, 31.280104212500135 ], [ 121.500240015000145, 31.280030951500009 ], [ 121.500304625000126, 31.279985316200047 ], [ 121.500369231000164, 31.279976343499925 ], [ 121.500218518, 31.279590934000041 ], [ 121.499895481000053, 31.279699957200133 ], [ 121.500196921000096, 31.280314958299968 ], [ 121.500369208000066, 31.280242147799928 ], [ 121.500293836999944, 31.280223591299947 ] ] ] } },
{ "type": "Feature", "properties": { "clean_id": 559, "Id": 0, "Floor": 6, "height": 18, "source_count": 1, "source_uids": "684" }, "geometry": { "type": "Polygon", "coordinates": [ [ [ 121.499400151000032, 31.279927618600084 ], [ 121.499281703999927, 31.279973092799981 ], [ 121.49943242400002, 31.280285176199971 ], [ 121.49955087100011, 31.280248867699981 ], [ 121.499400151000032, 31.279927618600084 ] ] ] } },
{ "type": "Feature", "properties": { "clean_id": 560, "Id": 0, "Floor": 34, "height": 102, "source_count": 1, "source_uids": "685" }, "geometry": { "type": "Polygon", "coordinates": [ [ [ 121.500369208000066, 31.280242147799928 ], [ 121.500444582000114, 31.280233207200013 ], [ 121.500498423999957, 31.28018753980006 ], [ 121.50051996599997, 31.280105113100095 ], [ 121.500509202999979, 31.280050086999939 ], [ 121.500455370000054, 31.279994932100127 ], [ 121.500369231000164, 31.279976343499925 ], [ 121.500304625000126, 31.279985316200047 ], [ 121.500240015000145, 31.280030951500009 ], [ 121.500218474000022, 31.280104212500135 ], [ 121.50024000400002, 31.280168436500098 ], [ 121.500293836999944, 31.280223591299947 ], [ 121.500369208000066, 31.280242147799928 ] ] ] } },
{ "type": "Feature", "properties": { "clean_id": 561, "Id": 0, "Floor": 7, "height": 21, "source_count": 1, "source_uids": "686" }, "geometry": { "type": "Polygon", "coordinates": [ [ [ 121.500649147, 31.280453793700023 ], [ 121.500692225999956, 31.280353100200102 ], [ 121.500584553000053, 31.28032528180006 ], [ 121.500347658000024, 31.280416230700045 ], [ 121.500315348999948, 31.280498624900133 ], [ 121.500401486999976, 31.280526379100142 ], [ 121.500595310000108, 31.280444467300121 ], [ 121.500649147, 31.280453793700023 ] ] ] } },
{ "type": "Feature", "properties": { "clean_id": 562, "Id": 0, "Floor": 10, "height": 30, "source_count": 1, "source_uids": "687" }, "geometry": { "type": "Polygon", "coordinates": [ [ [ 121.49943240000016, 31.280560145300118 ], [ 121.499712368000033, 31.280441829100095 ], [ 121.499658540000041, 31.280322514899922 ], [ 121.499281662000143, 31.280468038200002 ], [ 121.49931395800013, 31.280541459800027 ], [ 121.499410870000034, 31.280505087099986 ], [ 121.49943240000016, 31.280560145300118 ] ] ] } },
{ "type": "Feature", "properties": { "clean_id": 563, "Id": 0, "Floor": 17, "height": 51, "source_count": 2, "source_uids": "688;690" }, "geometry": { "type": "Polygon", "coordinates": [ [ [ 121.5005953000001, 31.28056362040013 ], [ 121.500519922999956, 31.280609223500107 ], [ 121.500444552999966, 31.28058150150008 ], [ 121.500401476000093, 31.28065469779995 ], [ 121.500509148999981, 31.280691681900013 ], [ 121.500476836999965, 31.280792407100137 ], [ 121.500573743000018, 31.28082019329991 ], [ 121.500595283000067, 31.280765264000074 ], [ 121.500681426000156, 31.28073802439997 ], [ 121.500756797000122, 31.280756580599927 ], [ 121.500789108000177, 31.280665021000054 ], [ 121.500670668, 31.280628004899999 ], [ 121.500702975999943, 31.280563942000128 ], [ 121.500713745999988, 31.280536477200091 ], [ 121.500627608000187, 31.280508723100073 ], [ 121.5005953000001, 31.28056362040013 ] ] ] } },
{ "type": "Feature", "properties": { "clean_id": 564, "Id": 0, "Floor": 6, "height": 18, "source_count": 1, "source_uids": "689" }, "geometry": { "type": "Polygon", "coordinates": [ [ [ 121.499540076000031, 31.280560467200132 ], [ 121.499270878000175, 31.280660484100107 ], [ 121.499303173000058, 31.280743071200114 ], [ 121.499572372, 31.280643054400116 ], [ 121.499540076000031, 31.280560467200132 ] ] ] } },
{ "type": "Feature", "properties": { "clean_id": 565, "Id": 0, "Floor": 9, "height": 27, "source_count": 1, "source_uids": "691" }, "geometry": { "type": "Polygon", "coordinates": [ [ [ 121.499755429000189, 31.280561111099985 ], [ 121.499712358000139, 31.280560982300074 ], [ 121.499604678999958, 31.280597322900118 ], [ 121.499669274000098, 31.280716669100059 ], [ 121.499518522000017, 31.280789543200061 ], [ 121.499604652, 31.28091811920007 ], [ 121.499895387000038, 31.28079983550003 ], [ 121.499755429000189, 31.280561111099985 ] ] ] } },
{ "type": "Feature", "properties": { "clean_id": 566, "Id": 0, "Floor": 16, "height": 48, "source_count": 1, "source_uids": "693" }, "geometry": { "type": "Polygon", "coordinates": [ [ [ 121.497601948000124, 31.280023059200069 ], [ 121.497214301000113, 31.280168548900004 ], [ 121.497278896000012, 31.28028789590002 ], [ 121.497655776999977, 31.28014237410008 ], [ 121.497601948000124, 31.280023059200069 ] ] ] } },
{ "type": "Feature", "properties": { "clean_id": 567, "Id": 0, "Floor": 4, "height": 12, "source_count": 1, "source_uids": "694" }, "geometry": { "type": "Polygon", "coordinates": [ [ [ 121.497871123000095, 31.280216344299966 ], [ 121.49773114000017, 31.280261753400115 ], [ 121.497763437, 31.280335175300142 ], [ 121.497903419000068, 31.280298931900006 ], [ 121.497871123000095, 31.280216344299966 ] ] ] } },
{ "type": "Feature", "properties": { "clean_id": 568, "Id": 0, "Floor": 15, "height": 45, "source_count": 1, "source_uids": "696" }, "geometry": { "type": "Polygon", "coordinates": [ [ [ 121.497063547000053, 31.280241422500126 ], [ 121.496654371000105, 31.280304356200133 ], [ 121.496686662000016, 31.280441937600131 ], [ 121.497095839000053, 31.280369838300093 ], [ 121.497063547000053, 31.280241422500126 ] ] ] } },
{ "type": "Feature", "properties": { "clean_id": 569, "Id": 0, "Floor": 7, "height": 21, "source_count": 2, "source_uids": "697;699" }, "geometry": { "type": "Polygon", "coordinates": [ [ [ 121.497569611000131, 31.280426251300007 ], [ 121.497623438000133, 31.280554731300004 ], [ 121.497946397999954, 31.281371436100134 ], [ 121.498107917000098, 31.281326091900102 ], [ 121.497935674000118, 31.280858131600098 ], [ 121.497860299000095, 31.280876237100134 ], [ 121.497828003999985, 31.280784484400105 ], [ 121.497881845000066, 31.280757148800028 ], [ 121.497795721, 31.280555247300072 ], [ 121.497720362999985, 31.280371708900077 ], [ 121.497569611000131, 31.280426251300007 ] ] ] } },
{ "type": "Feature", "properties": { "clean_id": 570, "Id": 0, "Floor": 17, "height": 51, "source_count": 1, "source_uids": "698" }, "geometry": { "type": "Polygon", "coordinates": [ [ [ 121.49751574699998, 31.280728555600032 ], [ 121.497063493000041, 31.280873850600063 ], [ 121.497095786000159, 31.280993100100087 ], [ 121.497569574999943, 31.280847869699986 ], [ 121.49751574699998, 31.280728555600032 ] ] ] } },
{ "type": "Feature", "properties": { "clean_id": 571, "Id": 0, "Floor": 23, "height": 69, "source_count": 1, "source_uids": "700" }, "geometry": { "type": "Polygon", "coordinates": [ [ [ 121.496718912, 31.281074461300015 ], [ 121.496697381999979, 31.281010237700052 ], [ 121.496438979, 31.280761992300029 ], [ 121.496288226000047, 31.280834865500083 ], [ 121.496331269000066, 31.28115579000006 ], [ 121.496374335000056, 31.281210912500057 ], [ 121.496718912, 31.281074461300015 ] ] ] } },
{ "type": "Feature", "properties": { "clean_id": 572, "Id": 0, "Floor": 16, "height": 48, "source_count": 1, "source_uids": "701" }, "geometry": { "type": "Polygon", "coordinates": [ [ [ 121.49770953600013, 31.281068263000016 ], [ 121.497181908000144, 31.281222497500039 ], [ 121.497224967999955, 31.281350944400057 ], [ 121.497763363, 31.281196742300093 ], [ 121.49770953600013, 31.281068263000016 ] ] ] } },
{ "type": "Feature", "properties": { "clean_id": 573, "Id": 0, "Floor": 2, "height": 6, "source_count": 1, "source_uids": "706" }, "geometry": { "type": "Polygon", "coordinates": [ [ [ 121.498194122000086, 31.280574771400097 ], [ 121.498043371000094, 31.280620148200004 ], [ 121.498075667000066, 31.280702735399988 ], [ 121.498226416999955, 31.280666524300095 ], [ 121.498194122000086, 31.280574771400097 ] ] ] } },
{ "type": "Feature", "properties": { "clean_id": 574, "Id": 0, "Floor": 6, "height": 18, "source_count": 1, "source_uids": "707" }, "geometry": { "type": "Polygon", "coordinates": [ [ [ 121.499217042000168, 31.280632826200126 ], [ 121.498947844000085, 31.280714511400102 ], [ 121.498990908000124, 31.280797130800117 ], [ 121.499249338000155, 31.280715413299962 ], [ 121.499217042000168, 31.280632826200126 ] ] ] } },
{ "type": "Feature", "properties": { "clean_id": 575, "Id": 0, "Floor": 2, "height": 6, "source_count": 1, "source_uids": "708" }, "geometry": { "type": "Polygon", "coordinates": [ [ [ 121.498743259999983, 31.28070473370002 ], [ 121.498678651999953, 31.280732037200092 ], [ 121.498646356, 31.280658615600085 ], [ 121.498398692000123, 31.280749530500074 ], [ 121.498430990000088, 31.280813786400017 ], [ 121.498280238, 31.280868328799951 ], [ 121.498323301000141, 31.280960113700019 ], [ 121.49878632300009, 31.280796518600031 ], [ 121.498743259999983, 31.28070473370002 ] ] ] } },
{ "type": "Feature", "properties": { "clean_id": 576, "Id": 0, "Floor": 8, "height": 24, "source_count": 2, "source_uids": "709;922" }, "geometry": { "type": "Polygon", "coordinates": [ [ [ 121.498872448000043, 31.280989253899978 ], [ 121.498937040000101, 31.281145262100097 ], [ 121.499044719000139, 31.281108921900056 ], [ 121.498937066000067, 31.280842797700071 ], [ 121.498872459000168, 31.280860935599954 ], [ 121.498829387000129, 31.280879137900062 ], [ 121.498872448000043, 31.280989253899978 ] ] ] } },
{ "type": "Feature", "properties": { "clean_id": 577, "Id": 0, "Floor": 8, "height": 24, "source_count": 1, "source_uids": "710" }, "geometry": { "type": "Polygon", "coordinates": [ [ [ 121.499238563000077, 31.280797871600086 ], [ 121.499012434999941, 31.280898016800112 ], [ 121.499098561, 31.281072420600143 ], [ 121.499335458000147, 31.280963142200118 ], [ 121.499238563000077, 31.280797871600086 ] ] ] } },
{ "type": "Feature", "properties": { "clean_id": 578, "Id": 0, "Floor": 5, "height": 15, "source_count": 1, "source_uids": "711" }, "geometry": { "type": "Polygon", "coordinates": [ [ [ 121.498075661000144, 31.280776060300127 ], [ 121.497967981999977, 31.280803234700098 ], [ 121.498107932000039, 31.281151946200104 ], [ 121.49821561, 31.28112477180014 ], [ 121.498075661000144, 31.280776060300127 ] ] ] } },
{ "type": "Feature", "properties": { "clean_id": 579, "Id": 0, "Floor": 6, "height": 18, "source_count": 1, "source_uids": "712" }, "geometry": { "type": "Polygon", "coordinates": [ [ [ 121.496374294000134, 31.281696686400082 ], [ 121.496115915000146, 31.281164310300078 ], [ 121.496115893000152, 31.281430111499962 ], [ 121.496277381000027, 31.281742223700071 ], [ 121.496374294000134, 31.281696686400082 ] ] ] } },
{ "type": "Feature", "properties": { "clean_id": 580, "Id": 0, "Floor": 2, "height": 6, "source_count": 1, "source_uids": "713" }, "geometry": { "type": "Polygon", "coordinates": [ [ [ 121.496675803000144, 31.281523444599994 ], [ 121.497041914999969, 31.281377892700036 ], [ 121.496998853000051, 31.281276942500028 ], [ 121.496406615000083, 31.281476810400019 ], [ 121.496492742, 31.281651213700002 ], [ 121.496697333000043, 31.281578502400063 ], [ 121.496675803000144, 31.281523444599994 ] ] ] } },
{ "type": "Feature", "properties": { "clean_id": 581, "Id": 0, "Floor": 4, "height": 12, "source_count": 1, "source_uids": "714" }, "geometry": { "type": "Polygon", "coordinates": [ [ [ 121.497838721, 31.281380279200114 ], [ 121.497289555999927, 31.281552779900039 ], [ 121.49735415, 31.281699621900085 ], [ 121.497903314000169, 31.281536286900014 ], [ 121.497838721, 31.281380279200114 ] ] ] } },
{ "type": "Feature", "properties": { "clean_id": 582, "Id": 0, "Floor": 11, "height": 33, "source_count": 1, "source_uids": "715" }, "geometry": { "type": "Polygon", "coordinates": [ [ [ 121.497343375000128, 31.281782079300108 ], [ 121.497268014000156, 31.281635205200022 ], [ 121.497074190000163, 31.281707948799969 ], [ 121.497084955, 31.281735477700003 ], [ 121.497138783999972, 31.281854790600047 ], [ 121.497343375000128, 31.281782079300108 ] ] ] } },
{ "type": "Feature", "properties": { "clean_id": 583, "Id": 0, "Floor": 6, "height": 18, "source_count": 1, "source_uids": "717" }, "geometry": { "type": "Polygon", "coordinates": [ [ [ 121.496406590000106, 31.281779272900053 ], [ 121.496341980999986, 31.281806575900085 ], [ 121.49642810800016, 31.281971813099975 ], [ 121.496492716000162, 31.281953675699981 ], [ 121.496406590000106, 31.281779272900053 ] ] ] } },
{ "type": "Feature", "properties": { "clean_id": 584, "Id": 0, "Floor": 9, "height": 27, "source_count": 1, "source_uids": "718" }, "geometry": { "type": "Polygon", "coordinates": [ [ [ 121.497106478999967, 31.281873024899994 ], [ 121.497041882999952, 31.281753679700092 ], [ 121.496589628000166, 31.281917303999986 ], [ 121.496654223000064, 31.28204581460006 ], [ 121.497106478000106, 31.28188219039998 ], [ 121.497106478999967, 31.281873024899994 ] ] ] } },
{ "type": "Feature", "properties": { "clean_id": 585, "Id": 0, "Floor": 2, "height": 6, "source_count": 1, "source_uids": "719" }, "geometry": { "type": "Polygon", "coordinates": [ [ [ 121.496363503000012, 31.281971619500041 ], [ 121.496385038999961, 31.281953353000063 ], [ 121.496363509000034, 31.28189829550001 ], [ 121.496245060000078, 31.281952933600049 ], [ 121.496331188000113, 31.282109005099983 ], [ 121.496417331999965, 31.282072601300001 ], [ 121.496363503000012, 31.281971619500041 ] ] ] } },
{ "type": "Feature", "properties": { "clean_id": 586, "Id": 0, "Floor": 5, "height": 15, "source_count": 1, "source_uids": "720" }, "geometry": { "type": "Polygon", "coordinates": [ [ [ 121.496503481999966, 31.28197203889999 ], [ 121.496428105999939, 31.281999309599993 ], [ 121.496481937000013, 31.28209112579999 ], [ 121.496546545000015, 31.282063822900113 ], [ 121.496503481999966, 31.28197203889999 ] ] ] } },
{ "type": "Feature", "properties": { "clean_id": 587, "Id": 0, "Floor": 7, "height": 21, "source_count": 1, "source_uids": "722" }, "geometry": { "type": "Polygon", "coordinates": [ [ [ 121.503761233, 31.277135882600021 ], [ 121.503675088000023, 31.277208954200027 ], [ 121.503901183000039, 31.277438773200117 ], [ 121.503987328000107, 31.277365701599926 ], [ 121.503761233, 31.277135882600021 ] ] ] } },
{ "type": "Feature", "properties": { "clean_id": 588, "Id": 0, "Floor": 7, "height": 21, "source_count": 1, "source_uids": "724" }, "geometry": { "type": "Polygon", "coordinates": [ [ [ 121.503998078000109, 31.277576549199978 ], [ 121.503911934000158, 31.277640454800064 ], [ 121.504256459000104, 31.277998945799993 ], [ 121.504342602999955, 31.277935040200013 ], [ 121.503998078000109, 31.277576549199978 ] ] ] } },
{ "type": "Feature", "properties": { "clean_id": 589, "Id": 0, "Floor": 7, "height": 21, "source_count": 1, "source_uids": "725" }, "geometry": { "type": "Polygon", "coordinates": [ [ [ 121.5037719500001, 31.277731698100073 ], [ 121.503675038, 31.27779557139996 ], [ 121.504030331000081, 31.278154094400058 ], [ 121.504127243999974, 31.278081055200118 ], [ 121.5037719500001, 31.277731698100073 ] ] ] } },
{ "type": "Feature", "properties": { "clean_id": 590, "Id": 0, "Floor": 7, "height": 21, "source_count": 2, "source_uids": "726;727" }, "geometry": { "type": "Polygon", "coordinates": [ [ [ 121.503395067000056, 31.278005554600039 ], [ 121.503599630000181, 31.278226142499985 ], [ 121.503728827000145, 31.278364013600136 ], [ 121.50383650699996, 31.278291006700041 ], [ 121.50377190800009, 31.278226654100024 ], [ 121.503470445000062, 31.277941617600003 ], [ 121.503395067000056, 31.278005554600039 ] ] ] } },
{ "type": "Feature", "properties": { "clean_id": 591, "Id": 0, "Floor": 5, "height": 15, "source_count": 1, "source_uids": "729" }, "geometry": { "type": "Polygon", "coordinates": [ [ [ 121.503793408000092, 31.278630013800118 ], [ 121.503685726999962, 31.278712186200032 ], [ 121.503761093, 31.278785736300101 ], [ 121.503879541000188, 31.278703595900023 ], [ 121.503793408000092, 31.278630013800118 ] ] ] } },
{ "type": "Feature", "properties": { "clean_id": 592, "Id": 0, "Floor": 7, "height": 21, "source_count": 2, "source_uids": "730;731" }, "geometry": { "type": "Polygon", "coordinates": [ [ [ 121.504073361, 31.278621678900091 ], [ 121.504385589999984, 31.278906744199958 ], [ 121.504407122999964, 31.278925139600002 ], [ 121.504504034999968, 31.278852100600091 ], [ 121.504385604000035, 31.278741760199974 ], [ 121.504170274, 31.278539474100114 ], [ 121.504073361, 31.278621678900091 ] ] ] } },
{ "type": "Feature", "properties": { "clean_id": 593, "Id": 0, "Floor": 8, "height": 24, "source_count": 1, "source_uids": "732" }, "geometry": { "type": "Polygon", "coordinates": [ [ [ 121.502867494000057, 31.27764651730007 ], [ 121.502781347000123, 31.277728753900018 ], [ 121.503093574000118, 31.278068819400001 ], [ 121.503190488000087, 31.277986614900094 ], [ 121.502867494000057, 31.27764651730007 ] ] ] } },
{ "type": "Feature", "properties": { "clean_id": 594, "Id": 0, "Floor": 7, "height": 21, "source_count": 2, "source_uids": "733;737" }, "geometry": { "type": "Polygon", "coordinates": [ [ [ 121.501919936000149, 31.277872842900134 ], [ 121.502092187000031, 31.278221658399961 ], [ 121.502232140000046, 31.278506215700006 ], [ 121.502339818, 31.27846987309999 ], [ 121.502210629000047, 31.27822201120005 ], [ 121.502006079000012, 31.27783643610007 ], [ 121.501919936000149, 31.277872842900134 ] ] ] } },
{ "type": "Feature", "properties": { "clean_id": 595, "Id": 0, "Floor": 8, "height": 24, "source_count": 2, "source_uids": "734;736" }, "geometry": { "type": "Polygon", "coordinates": [ [ [ 121.502759783000116, 31.278076992500079 ], [ 121.502425980000112, 31.2782043208 ], [ 121.502436746000058, 31.278222684500061 ], [ 121.50246904200003, 31.278296107299976 ], [ 121.502684398000156, 31.278223421600039 ], [ 121.502813611000079, 31.278177976899947 ], [ 121.502759783000116, 31.278076992500079 ] ] ] } },
{ "type": "Feature", "properties": { "clean_id": 596, "Id": 0, "Floor": 7, "height": 21, "source_count": 2, "source_uids": "735;738" }, "geometry": { "type": "Polygon", "coordinates": [ [ [ 121.503158170000134, 31.278169835700069 ], [ 121.503212003000158, 31.27822499080008 ], [ 121.503502697000044, 31.278528326699988 ], [ 121.503599610000038, 31.27845528810008 ], [ 121.50337351400016, 31.278225470799953 ], [ 121.503255083, 31.278105962900042 ], [ 121.503158170000134, 31.278169835700069 ] ] ] } },
{ "type": "Feature", "properties": { "clean_id": 597, "Id": 0, "Floor": 7, "height": 21, "source_count": 1, "source_uids": "739" }, "geometry": { "type": "Polygon", "coordinates": [ [ [ 121.50310432699996, 31.27824300229998 ], [ 121.502996646000028, 31.278316008800012 ], [ 121.503351942000108, 31.278665365800062 ], [ 121.503448855000116, 31.278592327299972 ], [ 121.50310432699996, 31.27824300229998 ] ] ] } },
{ "type": "Feature", "properties": { "clean_id": 598, "Id": 0, "Floor": 7, "height": 21, "source_count": 1, "source_uids": "740" }, "geometry": { "type": "Polygon", "coordinates": [ [ [ 121.502899736, 31.278352383800094 ], [ 121.502598233000072, 31.278525637199948 ], [ 121.502673596000136, 31.278626685400024 ], [ 121.502964332000033, 31.278453400000103 ], [ 121.502899736, 31.278352383800094 ] ] ] } },
{ "type": "Feature", "properties": { "clean_id": 599, "Id": 0, "Floor": 5, "height": 15, "source_count": 1, "source_uids": "741" }, "geometry": { "type": "Polygon", "coordinates": [ [ [ 121.502059855000098, 31.278560697300062 ], [ 121.501995247999957, 31.278588002200081 ], [ 121.502049078000141, 31.278679820600079 ], [ 121.50211368500004, 31.27865251570006 ], [ 121.502059855000098, 31.278560697300062 ] ] ] } },
{ "type": "Feature", "properties": { "clean_id": 600, "Id": 0, "Floor": 7, "height": 21, "source_count": 3, "source_uids": "743;744;746" }, "geometry": { "type": "Polygon", "coordinates": [ [ [ 121.501446113000043, 31.278494707200075 ], [ 121.501489173999957, 31.278595659500123 ], [ 121.501629157000153, 31.278541082100098 ], [ 121.501715299000011, 31.278513841500121 ], [ 121.501779893000176, 31.278651521000089 ], [ 121.50162914200007, 31.278715232200106 ], [ 121.501424551000142, 31.278806279999966 ], [ 121.50147838, 31.278907264099988 ], [ 121.501629130999945, 31.2788435531 ], [ 121.501962935000051, 31.278707061300047 ], [ 121.501769148000108, 31.278376514800019 ], [ 121.501629166000043, 31.278431092400062 ], [ 121.501446113000043, 31.278494707200075 ] ] ] } },
{ "type": "Feature", "properties": { "clean_id": 601, "Id": 0, "Floor": 7, "height": 21, "source_count": 1, "source_uids": "745" }, "geometry": { "type": "Polygon", "coordinates": [ [ [ 121.501381506000129, 31.278512846200048 ], [ 121.500896950000083, 31.278703882100039 ], [ 121.500940011000111, 31.278814000100109 ], [ 121.501435334000021, 31.278622996299934 ], [ 121.501381506000129, 31.278512846200048 ] ] ] } },
{ "type": "Feature", "properties": { "clean_id": 602, "Id": 0, "Floor": 4, "height": 12, "source_count": 1, "source_uids": "747" }, "geometry": { "type": "Polygon", "coordinates": [ [ [ 121.501338418000174, 31.278723530999969 ], [ 121.501101524999967, 31.278805316300129 ], [ 121.501198415999966, 31.279007252399939 ], [ 121.501446075999979, 31.278925499300051 ], [ 121.501338418000174, 31.278723530999969 ] ] ] } },
{ "type": "Feature", "properties": { "clean_id": 603, "Id": 0, "Floor": 7, "height": 21, "source_count": 1, "source_uids": "748" }, "geometry": { "type": "Polygon", "coordinates": [ [ [ 121.501123051000022, 31.278915369900115 ], [ 121.500756941999953, 31.279051763600023 ], [ 121.50068158199997, 31.278904886400031 ], [ 121.500886172000037, 31.278832170900102 ], [ 121.500832341999967, 31.278731186600048 ], [ 121.500509304000161, 31.2788585431 ], [ 121.50069232400017, 31.279198222800009 ], [ 121.501166112000078, 31.279016321799926 ], [ 121.501123051000022, 31.278915369900115 ] ] ] } },
{ "type": "Feature", "properties": { "clean_id": 604, "Id": 0, "Floor": 8, "height": 24, "source_count": 2, "source_uids": "749;750" }, "geometry": { "type": "Polygon", "coordinates": [ [ [ 121.501629115000128, 31.279036034300024 ], [ 121.501424525000076, 31.279117916000011 ], [ 121.501467587000093, 31.279209701900122 ], [ 121.501629104000017, 31.279155189099981 ], [ 121.501769086999943, 31.279100611800001 ], [ 121.501726025000153, 31.278999660099991 ], [ 121.501629115000128, 31.279036034300024 ] ] ] } },
{ "type": "Feature", "properties": { "clean_id": 605, "Id": 0, "Floor": 8, "height": 24, "source_count": 1, "source_uids": "751" }, "geometry": { "type": "Polygon", "coordinates": [ [ [ 121.501370687999952, 31.279108589700115 ], [ 121.500670775000017, 31.279363141800044 ], [ 121.500724603000108, 31.279482456900034 ], [ 121.501424516000171, 31.279218739200132 ], [ 121.501370687999952, 31.279108589700115 ] ] ] } },
{ "type": "Feature", "properties": { "clean_id": 606, "Id": 0, "Floor": 7, "height": 21, "source_count": 1, "source_uids": "752" }, "geometry": { "type": "Polygon", "coordinates": [ [ [ 121.502975095000124, 31.278508426800094 ], [ 121.502867414, 31.278581433000099 ], [ 121.503093510000099, 31.278820416000087 ], [ 121.503190424000096, 31.278747377800073 ], [ 121.502975095000124, 31.278508426800094 ] ] ] } },
{ "type": "Feature", "properties": { "clean_id": 607, "Id": 0, "Floor": 7, "height": 21, "source_count": 1, "source_uids": "753" }, "geometry": { "type": "Polygon", "coordinates": [ [ [ 121.502770503000079, 31.278636139500051 ], [ 121.502662823000037, 31.278690813900024 ], [ 121.502845848, 31.278957166000051 ], [ 121.502953527000173, 31.278893325900071 ], [ 121.502770503000079, 31.278636139500051 ] ] ] } },
{ "type": "Feature", "properties": { "clean_id": 608, "Id": 0, "Floor": 7, "height": 21, "source_count": 1, "source_uids": "754" }, "geometry": { "type": "Polygon", "coordinates": [ [ [ 121.502415176999989, 31.278625916199992 ], [ 121.50230749800005, 31.278680590300109 ], [ 121.50253358000009, 31.27909372330009 ], [ 121.502641258000168, 31.279048215000046 ], [ 121.502415176999989, 31.278625916199992 ] ] ] } },
{ "type": "Feature", "properties": { "clean_id": 609, "Id": 0, "Floor": 8, "height": 24, "source_count": 1, "source_uids": "755" }, "geometry": { "type": "Polygon", "coordinates": [ [ [ 121.50221054099994, 31.279257744900132 ], [ 121.502339756000069, 31.279203135300058 ], [ 121.502135206000176, 31.278817564000065 ], [ 121.501812171, 31.278935756500115 ], [ 121.501876766000123, 31.279055103999944 ], [ 121.502070585999945, 31.278991521199995 ], [ 121.50221054099994, 31.279257744900132 ] ] ] } },
{ "type": "Feature", "properties": { "clean_id": 610, "Id": 0, "Floor": 6, "height": 18, "source_count": 1, "source_uids": "756" }, "geometry": { "type": "Polygon", "coordinates": [ [ [ 121.503728786, 31.278840635100106 ], [ 121.503265759, 31.279178392900125 ], [ 121.50334112500002, 31.279251942799995 ], [ 121.503814918999964, 31.278914217000132 ], [ 121.503728786, 31.278840635100106 ] ] ] } },
{ "type": "Feature", "properties": { "clean_id": 611, "Id": 0, "Floor": 7, "height": 21, "source_count": 2, "source_uids": "757;758" }, "geometry": { "type": "Polygon", "coordinates": [ [ [ 121.503147308000052, 31.279288029700009 ], [ 121.503222683, 31.279251590800122 ], [ 121.503147322000018, 31.279123046300128 ], [ 121.502985804, 31.279195892000075 ], [ 121.503007334000031, 31.279250950500057 ], [ 121.502921192000031, 31.279287357300117 ], [ 121.502899661000143, 31.279241464599981 ], [ 121.502705839999976, 31.279323379600086 ], [ 121.502759669000056, 31.279415197100032 ], [ 121.50295349, 31.27933328210009 ], [ 121.502985784999979, 31.279415869700138 ], [ 121.503061161000133, 31.279370265200054 ], [ 121.503018100000077, 31.279269313999922 ], [ 121.503104243000166, 31.279232907200022 ], [ 121.503147308000052, 31.279288029700009 ] ] ] } },
{ "type": "Feature", "properties": { "clean_id": 612, "Id": 0, "Floor": 8, "height": 24, "source_count": 1, "source_uids": "759" }, "geometry": { "type": "Polygon", "coordinates": [ [ [ 121.502436656999961, 31.279276749699996 ], [ 121.502307442000074, 31.279331359400036 ], [ 121.502458161000163, 31.279634277 ], [ 121.502587375999951, 31.279579667399958 ], [ 121.502436656999961, 31.279276749699996 ] ] ] } },
{ "type": "Feature", "properties": { "clean_id": 613, "Id": 0, "Floor": 3, "height": 9, "source_count": 1, "source_uids": "760" }, "geometry": { "type": "Polygon", "coordinates": [ [ [ 121.503071926999937, 31.279388628700076 ], [ 121.502996551000152, 31.279443398900021 ], [ 121.50314728, 31.279617995699997 ], [ 121.503222657000151, 31.279554059800038 ], [ 121.503071926999937, 31.279388628700076 ] ] ] } },
{ "type": "Feature", "properties": { "clean_id": 614, "Id": 0, "Floor": 7, "height": 21, "source_count": 1, "source_uids": "761" }, "geometry": { "type": "Polygon", "coordinates": [ [ [ 121.503244215, 31.279288317800066 ], [ 121.503158070000026, 31.279352221800021 ], [ 121.503577965999966, 31.279738429699986 ], [ 121.503664111000148, 31.279674525600054 ], [ 121.503244215, 31.279288317800066 ] ] ] } },
{ "type": "Feature", "properties": { "clean_id": 615, "Id": 0, "Floor": 7, "height": 21, "source_count": 1, "source_uids": "762" }, "geometry": { "type": "Polygon", "coordinates": [ [ [ 121.503965665000024, 31.278878001300029 ], [ 121.503857984999982, 31.278951007900051 ], [ 121.504073317, 31.279144127900054 ], [ 121.504180996000173, 31.279071121299978 ], [ 121.503965665000024, 31.278878001300029 ] ] ] } },
{ "type": "Feature", "properties": { "clean_id": 616, "Id": 0, "Floor": 7, "height": 21, "source_count": 1, "source_uids": "763" }, "geometry": { "type": "Polygon", "coordinates": [ [ [ 121.50376107, 31.27905154370001 ], [ 121.503653390000068, 31.279133715700077 ], [ 121.503879486999963, 31.279345199100081 ], [ 121.503987167, 31.279263027000017 ], [ 121.50376107, 31.27905154370001 ] ] ] } },
{ "type": "Feature", "properties": { "clean_id": 617, "Id": 0, "Floor": 7, "height": 21, "source_count": 2, "source_uids": "764;766" }, "geometry": { "type": "Polygon", "coordinates": [ [ [ 121.50418098199998, 31.279236104800081 ], [ 121.50438554599998, 31.279420026099952 ], [ 121.504396313000143, 31.27942922379998 ], [ 121.504482457, 31.279365319000128 ], [ 121.504385557999953, 31.279282540099988 ], [ 121.504267127000062, 31.279172200100117 ], [ 121.50418098199998, 31.279236104800081 ] ] ] } },
{ "type": "Feature", "properties": { "clean_id": 618, "Id": 0, "Floor": 7, "height": 21, "source_count": 1, "source_uids": "765" }, "geometry": { "type": "Polygon", "coordinates": [ [ [ 121.503567244, 31.279206785900097 ], [ 121.503459563000092, 31.279288957699929 ], [ 121.503674893000166, 31.279500409100134 ], [ 121.503782572999967, 31.279427402999936 ], [ 121.503567244, 31.279206785900097 ] ] ] } },
{ "type": "Feature", "properties": { "clean_id": 619, "Id": 0, "Floor": 4, "height": 12, "source_count": 1, "source_uids": "767" }, "geometry": { "type": "Polygon", "coordinates": [ [ [ 121.504159436000137, 31.279373527000129 ], [ 121.504116363000108, 31.279410062100048 ], [ 121.504256328, 31.279538797399994 ], [ 121.504310167999975, 31.279502294200025 ], [ 121.504159436000137, 31.279373527000129 ] ] ] } },
{ "type": "Feature", "properties": { "clean_id": 620, "Id": 0, "Floor": 7, "height": 21, "source_count": 1, "source_uids": "768" }, "geometry": { "type": "Polygon", "coordinates": [ [ [ 121.503987156000107, 31.279400513000045 ], [ 121.503890243000015, 31.279473551200045 ], [ 121.504105574000178, 31.279666670200132 ], [ 121.504191719000019, 31.279593600099929 ], [ 121.503987156000107, 31.279400513000045 ] ] ] } },
{ "type": "Feature", "properties": { "clean_id": 621, "Id": 0, "Floor": 7, "height": 21, "source_count": 1, "source_uids": "769" }, "geometry": { "type": "Polygon", "coordinates": [ [ [ 121.503836402000047, 31.27951922 ], [ 121.50372872200002, 31.279601391800046 ], [ 121.503944052999941, 31.279794510800105 ], [ 121.504040966000176, 31.279712307100105 ], [ 121.503836402000047, 31.27951922 ] ] ] } },
{ "type": "Feature", "properties": { "clean_id": 622, "Id": 0, "Floor": 7, "height": 21, "source_count": 1, "source_uids": "771" }, "geometry": { "type": "Polygon", "coordinates": [ [ [ 121.503771777999987, 31.279757336600017 ], [ 121.503685633000146, 31.27982124070002 ], [ 121.504105527999968, 31.280216611000064 ], [ 121.504191673000037, 31.280143541300117 ], [ 121.503771777999987, 31.279757336600017 ] ] ] } },
{ "type": "Feature", "properties": { "clean_id": 623, "Id": 0, "Floor": 8, "height": 24, "source_count": 2, "source_uids": "772;773" }, "geometry": { "type": "Polygon", "coordinates": [ [ [ 121.501629091000154, 31.27931100670008 ], [ 121.501542948000065, 31.279347412800064 ], [ 121.501575243000175, 31.279439166399982 ], [ 121.501629082000022, 31.27942099540001 ], [ 121.501876743000025, 31.279320910600003 ], [ 121.501833681, 31.279229124900031 ], [ 121.501629091000154, 31.27931100670008 ] ] ] } },
{ "type": "Feature", "properties": { "clean_id": 624, "Id": 0, "Floor": 7, "height": 21, "source_count": 1, "source_uids": "774" }, "geometry": { "type": "Polygon", "coordinates": [ [ [ 121.502210534000028, 31.279340236499991 ], [ 121.501629070000035, 31.279558481200006 ], [ 121.501682898000013, 31.279668630199968 ], [ 121.502275130000044, 31.279450417699991 ], [ 121.502210534000028, 31.279340236499991 ] ] ] } },
{ "type": "Feature", "properties": { "clean_id": 625, "Id": 0, "Floor": 8, "height": 24, "source_count": 1, "source_uids": "775" }, "geometry": { "type": "Polygon", "coordinates": [ [ [ 121.501446040000019, 31.279347123799937 ], [ 121.500789199999986, 31.27958347270004 ], [ 121.500843028999967, 31.279684456200009 ], [ 121.501499869999975, 31.279438941600063 ], [ 121.501446040000019, 31.279347123799937 ] ] ] } },
{ "type": "Feature", "properties": { "clean_id": 626, "Id": 0, "Floor": 8, "height": 24, "source_count": 1, "source_uids": "776" }, "geometry": { "type": "Polygon", "coordinates": [ [ [ 121.501575232000064, 31.27956748640014 ], [ 121.501133750000108, 31.279721986600126 ], [ 121.501176811000164, 31.279822937800073 ], [ 121.501629061000145, 31.279668469700077 ], [ 121.501575232000064, 31.27956748640014 ] ] ] } },
{ "type": "Feature", "properties": { "clean_id": 627, "Id": 0, "Floor": 8, "height": 24, "source_count": 2, "source_uids": "777;779" }, "geometry": { "type": "Polygon", "coordinates": [ [ [ 121.501629056999946, 31.27971429820002 ], [ 121.501101430000048, 31.279923535400034 ], [ 121.501166024999975, 31.280042881999972 ], [ 121.501629044999973, 31.279860949299973 ], [ 121.501715188000048, 31.279824543399968 ], [ 121.501661360000071, 31.279705228800026 ], [ 121.501629056999946, 31.27971429820002 ] ] ] } },
{ "type": "Feature", "properties": { "clean_id": 628, "Id": 0, "Floor": 7, "height": 21, "source_count": 1, "source_uids": "778" }, "geometry": { "type": "Polygon", "coordinates": [ [ [ 121.501101445, 31.27974022159998 ], [ 121.500853783000139, 31.279840305100038 ], [ 121.500896846000046, 31.279932090500086 ], [ 121.501144509000042, 31.279822841400012 ], [ 121.501101445, 31.27974022159998 ] ] ] } },
{ "type": "Feature", "properties": { "clean_id": 629, "Id": 0, "Floor": 5, "height": 15, "source_count": 1, "source_uids": "780" }, "geometry": { "type": "Polygon", "coordinates": [ [ [ 121.500961448999988, 31.279959780400066 ], [ 121.500821464999959, 31.280023522300045 ], [ 121.500864525999987, 31.280133638900111 ], [ 121.501015278000068, 31.280060763499989 ], [ 121.500961448999988, 31.279959780400066 ] ] ] } },
{ "type": "Feature", "properties": { "clean_id": 630, "Id": 0, "Floor": 8, "height": 24, "source_count": 2, "source_uids": "781;823" }, "geometry": { "type": "Polygon", "coordinates": [ [ [ 121.501629031000107, 31.280016765899973 ], [ 121.501187548000061, 31.280189596800142 ], [ 121.501241377000042, 31.280290579700022 ], [ 121.50162902, 31.280145085200044 ], [ 121.501855146000139, 31.280054102600104 ], [ 121.501801316999959, 31.279953119699989 ], [ 121.501629031000107, 31.280016765899973 ] ] ] } },
{ "type": "Feature", "properties": { "clean_id": 631, "Id": 0, "Floor": 7, "height": 21, "source_count": 1, "source_uids": "782" }, "geometry": { "type": "Polygon", "coordinates": [ [ [ 121.50229666000007, 31.279505476099924 ], [ 121.501725963000126, 31.279732918499981 ], [ 121.501769024000055, 31.279843035200091 ], [ 121.5023612560001, 31.279615657100063 ], [ 121.50229666000007, 31.279505476099924 ] ] ] } },
{ "type": "Feature", "properties": { "clean_id": 632, "Id": 0, "Floor": 7, "height": 21, "source_count": 1, "source_uids": "783" }, "geometry": { "type": "Polygon", "coordinates": [ [ [ 121.503244194000104, 31.279535792400004 ], [ 121.503222657000151, 31.279554059800038 ], [ 121.50314728, 31.279617995699997 ], [ 121.503384141000097, 31.279884504999931 ], [ 121.503491821999987, 31.279802333699937 ], [ 121.503244194000104, 31.279535792400004 ] ] ] } },
{ "type": "Feature", "properties": { "clean_id": 633, "Id": 0, "Floor": 7, "height": 21, "source_count": 1, "source_uids": "784" }, "geometry": { "type": "Polygon", "coordinates": [ [ [ 121.502931947999983, 31.279415709600123 ], [ 121.502802733000053, 31.27947948530004 ], [ 121.503093407000179, 31.280039457399987 ], [ 121.503233388000126, 31.279984879499921 ], [ 121.502931947999983, 31.279415709600123 ] ] ] } },
{ "type": "Feature", "properties": { "clean_id": 634, "Id": 0, "Floor": 7, "height": 21, "source_count": 1, "source_uids": "785" }, "geometry": { "type": "Polygon", "coordinates": [ [ [ 121.502641204000156, 31.279689816100078 ], [ 121.502533525, 31.279735324099917 ], [ 121.502695010000139, 31.280056603700029 ], [ 121.502824223000061, 31.280011159800036 ], [ 121.502641204000156, 31.279689816100078 ] ] ] } },
{ "type": "Feature", "properties": { "clean_id": 635, "Id": 0, "Floor": 8, "height": 24, "source_count": 1, "source_uids": "786" }, "geometry": { "type": "Polygon", "coordinates": [ [ [ 121.502436613, 31.27979002980004 ], [ 121.502059739000075, 31.279935558400048 ], [ 121.502113568000155, 31.280036541200097 ], [ 121.502490442000081, 31.279891012700098 ], [ 121.502436613, 31.27979002980004 ] ] ] } },
{ "type": "Feature", "properties": { "clean_id": 636, "Id": 0, "Floor": 8, "height": 24, "source_count": 1, "source_uids": "787" }, "geometry": { "type": "Polygon", "coordinates": [ [ [ 121.502544270000044, 31.28000116110001 ], [ 121.502188931000077, 31.280146753800064 ], [ 121.502242758999941, 31.280256902000136 ], [ 121.502598097000046, 31.280120475000096 ], [ 121.502544270000044, 31.28000116110001 ] ] ] } },
{ "type": "Feature", "properties": { "clean_id": 637, "Id": 0, "Floor": 7, "height": 21, "source_count": 1, "source_uids": "788" }, "geometry": { "type": "Polygon", "coordinates": [ [ [ 121.502845753000088, 31.280075383599975 ], [ 121.502738073000046, 31.280130057200036 ], [ 121.502867260000031, 31.280396245500071 ], [ 121.503007241000105, 31.280350833600046 ], [ 121.502845753000088, 31.280075383599975 ] ] ] } },
{ "type": "Feature", "properties": { "clean_id": 638, "Id": 0, "Floor": 8, "height": 24, "source_count": 1, "source_uids": "789" }, "geometry": { "type": "Polygon", "coordinates": [ [ [ 121.502651926000127, 31.280221457499977 ], [ 121.502318123000123, 31.280357948599995 ], [ 121.502361185000169, 31.280449733199998 ], [ 121.502705755999969, 31.280313274200005 ], [ 121.502651926000127, 31.280221457499977 ] ] ] } },
{ "type": "Feature", "properties": { "clean_id": 639, "Id": 0, "Floor": 7, "height": 21, "source_count": 2, "source_uids": "790;813" }, "geometry": { "type": "Polygon", "coordinates": [ [ [ 121.503319513999941, 31.280140951900076 ], [ 121.503190300000043, 31.280204727500003 ], [ 121.503394849999935, 31.280571961100009 ], [ 121.503416381000093, 31.280617853200056 ], [ 121.503513291000118, 31.280572313 ], [ 121.503534825999978, 31.280572377 ], [ 121.503319513999941, 31.280140951900076 ] ] ] } },
{ "type": "Feature", "properties": { "clean_id": 640, "Id": 0, "Floor": 9, "height": 27, "source_count": 2, "source_uids": "791;814" }, "geometry": { "type": "Polygon", "coordinates": [ [ [ 121.502899557999967, 31.28045133539996 ], [ 121.502964153000107, 31.280570680800054 ], [ 121.503039512, 31.280717554800106 ], [ 121.503157956999985, 31.280681244500094 ], [ 121.503104129000121, 31.280571097000067 ], [ 121.503018004000069, 31.280405859499979 ], [ 121.502899557999967, 31.28045133539996 ] ] ] } },
{ "type": "Feature", "properties": { "clean_id": 641, "Id": 0, "Floor": 7, "height": 21, "source_count": 2, "source_uids": "792;794" }, "geometry": { "type": "Polygon", "coordinates": [ [ [ 121.504245529000045, 31.279914559100121 ], [ 121.504159384, 31.279987629099924 ], [ 121.504385482999965, 31.28017161300005 ], [ 121.504385482999965, 31.280162447300022 ], [ 121.504460859000119, 31.280107676800068 ], [ 121.504385493999976, 31.280043293599991 ], [ 121.504245529000045, 31.279914559100121 ] ] ] } },
{ "type": "Feature", "properties": { "clean_id": 642, "Id": 0, "Floor": 4, "height": 12, "source_count": 1, "source_uids": "793" }, "geometry": { "type": "Polygon", "coordinates": [ [ [ 121.503610260999949, 31.279830182600044 ], [ 121.503502581000021, 31.279903188300011 ], [ 121.50392247000002, 31.280362718300008 ], [ 121.504019382000152, 31.28028968070004 ], [ 121.503610260999949, 31.279830182600044 ] ] ] } },
{ "type": "Feature", "properties": { "clean_id": 643, "Id": 0, "Floor": 7, "height": 21, "source_count": 1, "source_uids": "795" }, "geometry": { "type": "Polygon", "coordinates": [ [ [ 121.503545642000176, 31.279994973000036 ], [ 121.503437962000135, 31.280067978500135 ], [ 121.503760952999983, 31.280435563999959 ], [ 121.503868633000152, 31.280362558500027 ], [ 121.503545642000176, 31.279994973000036 ] ] ] } },
{ "type": "Feature", "properties": { "clean_id": 644, "Id": 0, "Floor": 7, "height": 21, "source_count": 3, "source_uids": "796;800;799" }, "geometry": { "type": "Polygon", "coordinates": [ [ [ 121.504137813000057, 31.280409185500048 ], [ 121.504245473000069, 31.280574486200127 ], [ 121.504310068, 31.280675499600076 ], [ 121.504385443000061, 31.280639060599981 ], [ 121.504417747000176, 31.280620825100129 ], [ 121.504385448, 31.280574901200055 ], [ 121.504245491000134, 31.280363676600135 ], [ 121.504137813000057, 31.280409185500048 ] ] ] } },
{ "type": "Feature", "properties": { "clean_id": 645, "Id": 0, "Floor": 7, "height": 21, "source_count": 2, "source_uids": "797;801" }, "geometry": { "type": "Polygon", "coordinates": [ [ [ 121.503911690000109, 31.280509336500074 ], [ 121.503943986999957, 31.28057359180001 ], [ 121.504083941, 31.280830644300007 ], [ 121.504180851000015, 31.280785103800092 ], [ 121.504062428000125, 31.280573943200014 ], [ 121.504008600000134, 31.280463796 ], [ 121.503911690000109, 31.280509336500074 ] ] ] } },
{ "type": "Feature", "properties": { "clean_id": 646, "Id": 0, "Floor": 7, "height": 21, "source_count": 2, "source_uids": "798;803" }, "geometry": { "type": "Polygon", "coordinates": [ [ [ 121.503782478000062, 31.280554781099973 ], [ 121.50373940700014, 31.280572984499994 ], [ 121.5036748, 31.280600289600031 ], [ 121.50384705099998, 31.280921597299987 ], [ 121.503954728000053, 31.280885254500113 ], [ 121.503793243000132, 31.280573144400027 ], [ 121.503782478000062, 31.280554781099973 ] ] ] } },
{ "type": "Feature", "properties": { "clean_id": 647, "Id": 0, "Floor": 7, "height": 21, "source_count": 1, "source_uids": "804" }, "geometry": { "type": "Polygon", "coordinates": [ [ [ 121.504213147999948, 31.280849358800026 ], [ 121.504116237000062, 31.280894899300112 ], [ 121.504288489000032, 31.281207040100075 ], [ 121.504385397999968, 31.281170665099971 ], [ 121.504213147999948, 31.280849358800026 ] ] ] } },
{ "type": "Feature", "properties": { "clean_id": 648, "Id": 0, "Floor": 7, "height": 21, "source_count": 1, "source_uids": "805" }, "geometry": { "type": "Polygon", "coordinates": [ [ [ 121.503987025000015, 31.280940343999987 ], [ 121.503879348000055, 31.280985852400089 ], [ 121.504051598000046, 31.281307158700027 ], [ 121.504148507999957, 31.281261618399974 ], [ 121.503987025000015, 31.280940343999987 ] ] ] } },
{ "type": "Feature", "properties": { "clean_id": 649, "Id": 0, "Floor": 7, "height": 21, "source_count": 1, "source_uids": "806" }, "geometry": { "type": "Polygon", "coordinates": [ [ [ 121.503750135000132, 31.281031296700117 ], [ 121.503653225000107, 31.281076836900013 ], [ 121.503814708000064, 31.281398111299943 ], [ 121.503922386000113, 31.281352603100121 ], [ 121.503750135000132, 31.281031296700117 ] ] ] } },
{ "type": "Feature", "properties": { "clean_id": 650, "Id": 0, "Floor": 8, "height": 24, "source_count": 1, "source_uids": "808" }, "geometry": { "type": "Polygon", "coordinates": [ [ [ 121.504288468000126, 31.281445344600112 ], [ 121.50390083100001, 31.281590843400117 ], [ 121.503933125, 31.281682594500012 ], [ 121.504342297000107, 31.281537159699955 ], [ 121.504288468000126, 31.281445344600112 ] ] ] } },
{ "type": "Feature", "properties": { "clean_id": 651, "Id": 0, "Floor": 8, "height": 24, "source_count": 2, "source_uids": "809;810" }, "geometry": { "type": "Polygon", "coordinates": [ [ [ 121.504385356000185, 31.281665604900077 ], [ 121.503997719000168, 31.281811103600091 ], [ 121.504040780000096, 31.281912052000106 ], [ 121.504385347000053, 31.281775591200127 ], [ 121.504439185000138, 31.281757419700057 ], [ 121.50439612300012, 31.281665636800025 ], [ 121.504385356000185, 31.281665604900077 ] ] ] } },
{ "type": "Feature", "properties": { "clean_id": 652, "Id": 0, "Floor": 5, "height": 15, "source_count": 2, "source_uids": "812;815" }, "geometry": { "type": "Polygon", "coordinates": [ [ [ 121.502845719000106, 31.280469506499973 ], [ 121.502587292000058, 31.280569559500016 ], [ 121.502404238000054, 31.280642339599982 ], [ 121.502458066000045, 31.280761652900022 ], [ 121.502888779000045, 31.28058878780001 ], [ 121.5028780130001, 31.2805704246 ], [ 121.502845719000106, 31.280469506499973 ] ] ] } },
{ "type": "Feature", "properties": { "clean_id": 653, "Id": 0, "Floor": 7, "height": 21, "source_count": 1, "source_uids": "816" }, "geometry": { "type": "Polygon", "coordinates": [ [ [ 121.503545585999973, 31.280654899500121 ], [ 121.503437909000013, 31.280691242099973 ], [ 121.50361016, 31.281012549900087 ], [ 121.503717838000071, 31.280976207300053 ], [ 121.503545585999973, 31.280654899500121 ] ] ] } },
{ "type": "Feature", "properties": { "clean_id": 654, "Id": 0, "Floor": 4, "height": 12, "source_count": 1, "source_uids": "817" }, "geometry": { "type": "Polygon", "coordinates": [ [ [ 121.50300719300013, 31.280919102000041 ], [ 121.502264213000117, 31.281210189600074 ], [ 121.502339571999968, 31.281366228600131 ], [ 121.503093318999959, 31.281075173100088 ], [ 121.50300719300013, 31.280919102000041 ] ] ] } },
{ "type": "Feature", "properties": { "clean_id": 655, "Id": 0, "Floor": 6, "height": 18, "source_count": 1, "source_uids": "818" }, "geometry": { "type": "Polygon", "coordinates": [ [ [ 121.502888703000053, 31.281477849499975 ], [ 121.502899469000127, 31.281505378200055 ], [ 121.502824093000072, 31.281541816100059 ], [ 121.502920986000163, 31.281707084 ], [ 121.503340930000149, 31.281543352800046 ], [ 121.503405522999984, 31.281681027800008 ], [ 121.503653182, 31.281580942600101 ], [ 121.503265619, 31.280828214299959 ], [ 121.503190244000066, 31.280864652700018 ], [ 121.503287133999947, 31.281057418100076 ], [ 121.502705672000175, 31.281293993900139 ], [ 121.502748733999965, 31.281385777600061 ], [ 121.502824109000017, 31.281358505200032 ], [ 121.502888703000053, 31.281477849499975 ] ] ] } },
{ "type": "Feature", "properties": { "clean_id": 656, "Id": 0, "Floor": 2, "height": 6, "source_count": 1, "source_uids": "819" }, "geometry": { "type": "Polygon", "coordinates": [ [ [ 121.502587229000042, 31.28131197250007 ], [ 121.502501084999963, 31.281357543900072 ], [ 121.502673337000033, 31.281678850600034 ], [ 121.502759481000012, 31.281633279300074 ], [ 121.502587229000042, 31.28131197250007 ] ] ] } },
{ "type": "Feature", "properties": { "clean_id": 657, "Id": 0, "Floor": 2, "height": 6, "source_count": 1, "source_uids": "820" }, "geometry": { "type": "Polygon", "coordinates": [ [ [ 121.502641036999989, 31.28165125790003 ], [ 121.502178019000112, 31.281842355299936 ], [ 121.502210315999946, 31.281906610099998 ], [ 121.502662566000154, 31.281724646200079 ], [ 121.502641036999989, 31.28165125790003 ] ] ] } },
{ "type": "Feature", "properties": { "clean_id": 658, "Id": 0, "Floor": 7, "height": 21, "source_count": 2, "source_uids": "821;842" }, "geometry": { "type": "Polygon", "coordinates": [ [ [ 121.50336243400011, 31.281910037800106 ], [ 121.501908778000015, 31.28247397180002 ], [ 121.502134857999977, 31.28291458659999 ], [ 121.502339408000012, 31.283300142700117 ], [ 121.503330046000087, 31.282918142700115 ], [ 121.50380382699997, 31.282736241400009 ], [ 121.50336243400011, 31.281910037800106 ] ] ] } },
{ "type": "Feature", "properties": { "clean_id": 659, "Id": 0, "Floor": 6, "height": 18, "source_count": 1, "source_uids": "822" }, "geometry": { "type": "Polygon", "coordinates": [ [ [ 121.502059732000134, 31.280018049500029 ], [ 121.501908981000042, 31.280081760000034 ], [ 121.501995109000077, 31.28022866730004 ], [ 121.502135092, 31.280164924700042 ], [ 121.502059732000134, 31.280018049500029 ] ] ] } },
{ "type": "Feature", "properties": { "clean_id": 660, "Id": 0, "Floor": 8, "height": 24, "source_count": 2, "source_uids": "824;825" }, "geometry": { "type": "Polygon", "coordinates": [ [ [ 121.501629012999942, 31.280236741800017 ], [ 121.501273672000139, 31.280373166800018 ], [ 121.501327501999981, 31.28047414940011 ], [ 121.501629002000058, 31.280355895200046 ], [ 121.501952038999988, 31.280228539 ], [ 121.501898210000135, 31.280127556300094 ], [ 121.501629012999942, 31.280236741800017 ] ] ] } },
{ "type": "Feature", "properties": { "clean_id": 661, "Id": 0, "Floor": 17, "height": 51, "source_count": 1, "source_uids": "826" }, "geometry": { "type": "Polygon", "coordinates": [ [ [ 121.500875260000043, 31.280527793799934 ], [ 121.500886032000039, 31.280472832100028 ], [ 121.500982943000182, 31.280436458800128 ], [ 121.501047546999985, 31.280454982900029 ], [ 121.501090624000085, 31.280372620700007 ], [ 121.500972185000151, 31.280326439000071 ], [ 121.501004494999947, 31.2802440446 ], [ 121.50091835700016, 31.28020712489996 ], [ 121.500896816000036, 31.280280385800101 ], [ 121.500821439999982, 31.280316823400028 ], [ 121.500746069000115, 31.280289101400051 ], [ 121.500702993000019, 31.280362298000117 ], [ 121.500810666, 31.280390116399985 ], [ 121.500778353999976, 31.280500007599915 ], [ 121.500875260000043, 31.280527793799934 ] ] ] } },
{ "type": "Feature", "properties": { "clean_id": 662, "Id": 0, "Floor": 7, "height": 21, "source_count": 2, "source_uids": "827;829" }, "geometry": { "type": "Polygon", "coordinates": [ [ [ 121.501650519999984, 31.280566769000078 ], [ 121.501704348000075, 31.280676916999941 ], [ 121.501984312000104, 31.280567763900066 ], [ 121.502221205000055, 31.280476813300133 ], [ 121.502167377000092, 31.280366665300047 ], [ 121.501650519999984, 31.280566769000078 ] ] ] } },
{ "type": "Feature", "properties": { "clean_id": 663, "Id": 0, "Floor": 4, "height": 12, "source_count": 1, "source_uids": "828" }, "geometry": { "type": "Polygon", "coordinates": [ [ [ 121.501219821999939, 31.280528822000072 ], [ 121.501176758000042, 31.28045536850005 ], [ 121.501058310999966, 31.280500843199999 ], [ 121.501101374999962, 31.280565131099927 ], [ 121.501122910000063, 31.280565195400019 ], [ 121.501219821999939, 31.280528822000072 ] ] ] } },
{ "type": "Feature", "properties": { "clean_id": 664, "Id": 0, "Floor": 10, "height": 30, "source_count": 2, "source_uids": "830;938" }, "geometry": { "type": "Polygon", "coordinates": [ [ [ 121.500605883000048, 31.282735883099971 ], [ 121.500681241000066, 31.282910251200004 ], [ 121.500692007000012, 31.282928614200038 ], [ 121.500875056000154, 31.282929160700117 ], [ 121.500864289999981, 31.282910797700143 ], [ 121.500724339000044, 31.282589589700024 ], [ 121.500175177000088, 31.282771258299981 ], [ 121.500239771999986, 31.282890601900071 ], [ 121.500444362000053, 31.282827055000048 ], [ 121.500422830000062, 31.282790329000015 ], [ 121.500605883000048, 31.282735883099971 ] ] ] } },
{ "type": "Feature", "properties": { "clean_id": 665, "Id": 0, "Floor": 2, "height": 6, "source_count": 1, "source_uids": "831" }, "geometry": { "type": "Polygon", "coordinates": [ [ [ 121.500842705999958, 31.283478987800038 ], [ 121.500627346999977, 31.283569998600004 ], [ 121.500702708000176, 31.283716869300008 ], [ 121.500928834, 31.283625890800064 ], [ 121.500842705999958, 31.283478987800038 ] ] ] } },
{ "type": "Feature", "properties": { "clean_id": 666, "Id": 0, "Floor": 5, "height": 15, "source_count": 1, "source_uids": "832" }, "geometry": { "type": "Polygon", "coordinates": [ [ [ 121.503825425000173, 31.28199390239995 ], [ 121.50370698100005, 31.282030212800016 ], [ 121.50390076099994, 31.282415738300067 ], [ 121.504019206000066, 31.282370262400033 ], [ 121.503825425000173, 31.28199390239995 ] ] ] } },
{ "type": "Feature", "properties": { "clean_id": 667, "Id": 0, "Floor": 8, "height": 24, "source_count": 2, "source_uids": "835;836" }, "geometry": { "type": "Polygon", "coordinates": [ [ [ 121.504105311, 31.282773797799962 ], [ 121.504169902000157, 31.28292063620005 ], [ 121.504212965000079, 31.283003252700041 ], [ 121.504352944999951, 31.282948675300013 ], [ 121.504342179999981, 31.282921147100009 ], [ 121.504245291000089, 31.282719220399937 ], [ 121.504105311, 31.282773797799962 ] ] ] } },
{ "type": "Feature", "properties": { "clean_id": 668, "Id": 0, "Floor": 7, "height": 21, "source_count": 2, "source_uids": "837;838" }, "geometry": { "type": "Polygon", "coordinates": [ [ [ 121.504385239000044, 31.283040425199946 ], [ 121.504116047000039, 31.283140446299974 ], [ 121.504169876000091, 31.283232260000091 ], [ 121.504385231000128, 31.283141244600071 ], [ 121.504460603999988, 31.283113971800056 ], [ 121.504417542000169, 31.283031355499922 ], [ 121.504385239000044, 31.283040425199946 ] ] ] } },
{ "type": "Feature", "properties": { "clean_id": 669, "Id": 0, "Floor": 9, "height": 27, "source_count": 1, "source_uids": "839" }, "geometry": { "type": "Polygon", "coordinates": [ [ [ 121.503792998, 31.283469441599951 ], [ 121.503900676000058, 31.283414769 ], [ 121.503976050999981, 31.283378331200034 ], [ 121.503760742000054, 31.282919422000127 ], [ 121.503459243000066, 31.283056007800042 ], [ 121.503588440000158, 31.283203038000014 ], [ 121.503749932000019, 31.283423486900016 ], [ 121.503792998, 31.283469441599951 ] ] ] } },
{ "type": "Feature", "properties": { "clean_id": 670, "Id": 0, "Floor": 7, "height": 21, "source_count": 2, "source_uids": "840;1023" }, "geometry": { "type": "Polygon", "coordinates": [ [ [ 121.504385217000049, 31.283297056300007 ], [ 121.504223703000093, 31.283351569700013 ], [ 121.504266765000011, 31.2834341858001 ], [ 121.50438521, 31.283388710100105 ], [ 121.504568260000042, 31.28332509500007 ], [ 121.50452519700012, 31.283242478899982 ], [ 121.504385217000049, 31.283297056300007 ] ] ] } },
{ "type": "Feature", "properties": { "clean_id": 671, "Id": 0, "Floor": 7, "height": 21, "source_count": 2, "source_uids": "841;852" }, "geometry": { "type": "Polygon", "coordinates": [ [ [ 121.504417477000061, 31.283792081700028 ], [ 121.504385176000028, 31.283782820600042 ], [ 121.504245202, 31.28376407489991 ], [ 121.504202119999931, 31.283910592600137 ], [ 121.50438516200019, 31.283947796700033 ], [ 121.504385165000031, 31.283911135300059 ], [ 121.504417477000061, 31.283792081700028 ] ] ] } },
{ "type": "Feature", "properties": { "clean_id": 672, "Id": 0, "Floor": 2, "height": 6, "source_count": 1, "source_uids": "843" }, "geometry": { "type": "Polygon", "coordinates": [ [ [ 121.503459243000066, 31.283056007800042 ], [ 121.503276192000044, 31.283119621700003 ], [ 121.503383848999988, 31.283321580300029 ], [ 121.503588440000158, 31.283203038000014 ], [ 121.503459243000066, 31.283056007800042 ] ] ] } },
{ "type": "Feature", "properties": { "clean_id": 673, "Id": 0, "Floor": 8, "height": 24, "source_count": 1, "source_uids": "844" }, "geometry": { "type": "Polygon", "coordinates": [ [ [ 121.503276192000044, 31.283119621700003 ], [ 121.502770105000096, 31.283319755500028 ], [ 121.502910057999983, 31.2836042984 ], [ 121.503383848999988, 31.283321580300029 ], [ 121.503276192000044, 31.283119621700003 ] ] ] } },
{ "type": "Feature", "properties": { "clean_id": 674, "Id": 0, "Floor": 5, "height": 15, "source_count": 1, "source_uids": "845" }, "geometry": { "type": "Polygon", "coordinates": [ [ [ 121.503900676000058, 31.283414769 ], [ 121.503792998, 31.283469441599951 ], [ 121.503749932000019, 31.283423486900016 ], [ 121.50301772399996, 31.283696272099967 ], [ 121.503071549999973, 31.283833912399981 ], [ 121.503932971000168, 31.283506518600124 ], [ 121.503900676000058, 31.283414769 ] ] ] } },
{ "type": "Feature", "properties": { "clean_id": 675, "Id": 0, "Floor": 6, "height": 18, "source_count": 1, "source_uids": "846" }, "geometry": { "type": "Polygon", "coordinates": [ [ [ 121.502576253000157, 31.283768281499988 ], [ 121.502468596999975, 31.283538827200012 ], [ 121.502134796000178, 31.283647817500132 ], [ 121.502253217000089, 31.283895634500141 ], [ 121.502490110000068, 31.283804686500048 ], [ 121.502576253000157, 31.283768281499988 ] ] ] } },
{ "type": "Feature", "properties": { "clean_id": 676, "Id": 0, "Floor": 2, "height": 6, "source_count": 1, "source_uids": "847" }, "geometry": { "type": "Polygon", "coordinates": [ [ [ 121.50275929600015, 31.283805487600038 ], [ 121.502447029999985, 31.283923707600088 ], [ 121.502500858000076, 31.284024686500004 ], [ 121.502813124000113, 31.283915631800138 ], [ 121.50275929600015, 31.283805487600038 ] ] ] } },
{ "type": "Feature", "properties": { "clean_id": 677, "Id": 0, "Floor": 8, "height": 24, "source_count": 1, "source_uids": "848" }, "geometry": { "type": "Polygon", "coordinates": [ [ [ 121.503459157999941, 31.284064197699987 ], [ 121.503416076000107, 31.284210714700119 ], [ 121.503588351000076, 31.284247887700065 ], [ 121.50363143300001, 31.284101370700114 ], [ 121.503459157999941, 31.284064197699987 ] ] ] } },
{ "type": "Feature", "properties": { "clean_id": 678, "Id": 0, "Floor": 7, "height": 21, "source_count": 1, "source_uids": "849" }, "geometry": { "type": "Polygon", "coordinates": [ [ [ 121.50331917699998, 31.284109608300071 ], [ 121.503146894, 31.284164088100113 ], [ 121.503286846000023, 31.284448628400064 ], [ 121.503459131000014, 31.284384983300011 ], [ 121.50331917699998, 31.284109608300071 ] ] ] } },
{ "type": "Feature", "properties": { "clean_id": 679, "Id": 0, "Floor": 2, "height": 6, "source_count": 1, "source_uids": "850" }, "geometry": { "type": "Polygon", "coordinates": [ [ [ 121.502974567000024, 31.284731823500127 ], [ 121.503146851999986, 31.284659013699972 ], [ 121.502974601000105, 31.284328551299954 ], [ 121.502737708000154, 31.284428664900023 ], [ 121.502802300999974, 31.284575501499994 ], [ 121.502619245, 31.284675774800068 ], [ 121.502737666000144, 31.2849235891 ], [ 121.503006862, 31.284814406900011 ], [ 121.502974567000024, 31.284731823500127 ] ] ] } },
{ "type": "Feature", "properties": { "clean_id": 680, "Id": 0, "Floor": 7, "height": 21, "source_count": 2, "source_uids": "851;877" }, "geometry": { "type": "Polygon", "coordinates": [ [ [ 121.503512893, 31.285265007400032 ], [ 121.503308305000132, 31.285346886400134 ], [ 121.503340601, 31.28542030400012 ], [ 121.503717473000052, 31.285265615000021 ], [ 121.503803616000027, 31.285229209900137 ], [ 121.503771318999966, 31.285164957400067 ], [ 121.503512893, 31.285265007400032 ] ] ] } },
{ "type": "Feature", "properties": { "clean_id": 681, "Id": 0, "Floor": 8, "height": 24, "source_count": 1, "source_uids": "853" }, "geometry": { "type": "Polygon", "coordinates": [ [ [ 121.503986778000026, 31.283854961700062 ], [ 121.503943696000093, 31.284001479200064 ], [ 121.504115971000019, 31.284038651599985 ], [ 121.504159052999981, 31.283892134200002 ], [ 121.503986778000026, 31.283854961700062 ] ] ] } },
{ "type": "Feature", "properties": { "clean_id": 682, "Id": 0, "Floor": 8, "height": 24, "source_count": 1, "source_uids": "854" }, "geometry": { "type": "Polygon", "coordinates": [ [ [ 121.50373912, 31.283955045299976 ], [ 121.503696038000157, 31.284101562499927 ], [ 121.503868313000112, 31.284138735200088 ], [ 121.503911395000159, 31.283983052700066 ], [ 121.50373912, 31.283955045299976 ] ] ] } },
{ "type": "Feature", "properties": { "clean_id": 683, "Id": 0, "Floor": 7, "height": 21, "source_count": 2, "source_uids": "855;1026" }, "geometry": { "type": "Polygon", "coordinates": [ [ [ 121.504202104999976, 31.284093899000087 ], [ 121.504385147000107, 31.284131103099988 ], [ 121.504471284000047, 31.284149689000063 ], [ 121.504449745000116, 31.284204617099974 ], [ 121.504581720240239, 31.284230933229935 ], [ 121.504583128072539, 31.284141742622808 ], [ 121.504492821000099, 31.284122256900108 ], [ 121.504503593000095, 31.284067296899991 ], [ 121.504385154000147, 31.284039449900089 ], [ 121.504223647000018, 31.284011475 ], [ 121.504202104999976, 31.284093899000087 ] ] ] } },
{ "type": "Feature", "properties": { "clean_id": 684, "Id": 0, "Floor": 7, "height": 21, "source_count": 1, "source_uids": "856" }, "geometry": { "type": "Polygon", "coordinates": [ [ [ 121.503954452000016, 31.284129825600068 ], [ 121.50393291, 31.284221414800122 ], [ 121.504342063000095, 31.284305116200066 ], [ 121.504363604, 31.284222692299981 ], [ 121.503954452000016, 31.284129825600068 ] ] ] } },
{ "type": "Feature", "properties": { "clean_id": 685, "Id": 0, "Floor": 7, "height": 21, "source_count": 1, "source_uids": "857" }, "geometry": { "type": "Polygon", "coordinates": [ [ [ 121.503642189999951, 31.284220551700116 ], [ 121.503620649000027, 31.284302975400006 ], [ 121.504019029, 31.284450802700057 ], [ 121.504040571000019, 31.284368379000057 ], [ 121.503642189999951, 31.284220551700116 ] ] ] } },
{ "type": "Feature", "properties": { "clean_id": 686, "Id": 0, "Floor": 5, "height": 15, "source_count": 2, "source_uids": "858;1027" }, "geometry": { "type": "Polygon", "coordinates": [ [ [ 121.504579001085574, 31.284403200233371 ], [ 121.504580046106028, 31.284336994900357 ], [ 121.50438512300002, 31.284415227400014 ], [ 121.50434205199997, 31.284433430300059 ], [ 121.504363582000011, 31.284488485800129 ], [ 121.504385117000098, 31.284479384400136 ], [ 121.504579001085574, 31.284403200233371 ] ] ] } },
{ "type": "Feature", "properties": { "clean_id": 687, "Id": 0, "Floor": 6, "height": 18, "source_count": 1, "source_uids": "859" }, "geometry": { "type": "Polygon", "coordinates": [ [ [ 121.503771384000075, 31.284404241300017 ], [ 121.503340673000025, 31.284577102300041 ], [ 121.503394502000106, 31.284668915000054 ], [ 121.503825213000155, 31.2844960539 ], [ 121.503771384000075, 31.284404241300017 ] ] ] } },
{ "type": "Feature", "properties": { "clean_id": 688, "Id": 0, "Floor": 5, "height": 15, "source_count": 1, "source_uids": "860" }, "geometry": { "type": "Polygon", "coordinates": [ [ [ 121.504245136000122, 31.284543126300036 ], [ 121.503997478999963, 31.284634044399919 ], [ 121.504029777000142, 31.284689131799997 ], [ 121.50427743399996, 31.284598213700122 ], [ 121.504245136000122, 31.284543126300036 ] ] ] } },
{ "type": "Feature", "properties": { "clean_id": 689, "Id": 0, "Floor": 4, "height": 12, "source_count": 1, "source_uids": "861" }, "geometry": { "type": "Polygon", "coordinates": [ [ [ 121.503922105000115, 31.284661316500085 ], [ 121.503685214000157, 31.284761431200085 ], [ 121.50371751199998, 31.284816518599946 ], [ 121.50395440299998, 31.284716403900106 ], [ 121.503922105000115, 31.284661316500085 ] ] ] } },
{ "type": "Feature", "properties": { "clean_id": 690, "Id": 0, "Floor": 6, "height": 18, "source_count": 1, "source_uids": "862" }, "geometry": { "type": "Polygon", "coordinates": [ [ [ 121.501305668999976, 31.283975298200112 ], [ 121.501424115999953, 31.283929824899982 ], [ 121.501327223999951, 31.283737063700066 ], [ 121.501208778000105, 31.283782537100077 ], [ 121.501219543000161, 31.283810065300035 ], [ 121.501294904000133, 31.283947770099992 ], [ 121.501305668999976, 31.283975298200112 ] ] ] } },
{ "type": "Feature", "properties": { "clean_id": 691, "Id": 0, "Floor": 7, "height": 21, "source_count": 1, "source_uids": "863" }, "geometry": { "type": "Polygon", "coordinates": [ [ [ 121.501144152000052, 31.284020643000012 ], [ 121.501294904000133, 31.283947770099992 ], [ 121.501219543000161, 31.283810065300035 ], [ 121.500982648, 31.283910177099987 ], [ 121.501036476999943, 31.284011156400091 ], [ 121.501133388000085, 31.283983949600099 ], [ 121.501144152000052, 31.284020643000012 ] ] ] } },
{ "type": "Feature", "properties": { "clean_id": 692, "Id": 0, "Floor": 6, "height": 18, "source_count": 1, "source_uids": "864" }, "geometry": { "type": "Polygon", "coordinates": [ [ [ 121.500982648, 31.283910177099987 ], [ 121.500853433000088, 31.283964783400052 ], [ 121.500907262000169, 31.284065762700038 ], [ 121.501036476999943, 31.284011156400091 ], [ 121.500982648, 31.283910177099987 ] ] ] } },
{ "type": "Feature", "properties": { "clean_id": 693, "Id": 0, "Floor": 5, "height": 15, "source_count": 1, "source_uids": "865" }, "geometry": { "type": "Polygon", "coordinates": [ [ [ 121.501079532999938, 31.284176260600077 ], [ 121.501079530999959, 31.284203756500055 ], [ 121.501079528999966, 31.284231252399991 ], [ 121.501101062000075, 31.28424964729999 ], [ 121.501165668000112, 31.284249840000083 ], [ 121.501197966000078, 31.284304928200072 ], [ 121.501251794000041, 31.284415072300135 ], [ 121.501327168999978, 31.28438780130006 ], [ 121.501262576000059, 31.284240963800073 ], [ 121.501531773000025, 31.284140948299971 ], [ 121.501477945000033, 31.284030804000118 ], [ 121.501208748000067, 31.284130819499971 ], [ 121.501187216000048, 31.284094094 ], [ 121.501219518999974, 31.284085025100069 ], [ 121.501230288000102, 31.284066726600088 ], [ 121.50123029099997, 31.284039230600111 ], [ 121.501219524000035, 31.284030033200114 ], [ 121.501208758000089, 31.284011670399927 ], [ 121.501176454999936, 31.284011574100063 ], [ 121.501144152000052, 31.284020643000012 ], [ 121.501133388000085, 31.283983949600099 ], [ 121.501036476999943, 31.284011156400091 ], [ 121.501111838000043, 31.284148861 ], [ 121.501101070000018, 31.284157994199969 ], [ 121.501079532999938, 31.284176260600077 ] ] ] } },
{ "type": "Feature", "properties": { "clean_id": 694, "Id": 0, "Floor": 6, "height": 18, "source_count": 1, "source_uids": "866" }, "geometry": { "type": "Polygon", "coordinates": [ [ [ 121.501531773000025, 31.284140948299971 ], [ 121.501262576000059, 31.284240963800073 ], [ 121.501327168999978, 31.28438780130006 ], [ 121.501607133000107, 31.284287818000045 ], [ 121.501531773000025, 31.284140948299971 ] ] ] } },
{ "type": "Feature", "properties": { "clean_id": 695, "Id": 0, "Floor": 6, "height": 18, "source_count": 1, "source_uids": "867" }, "geometry": { "type": "Polygon", "coordinates": [ [ [ 121.501197966000078, 31.284304928200072 ], [ 121.501025679000108, 31.284368571200041 ], [ 121.501090275000124, 31.284478747399991 ], [ 121.501251794000041, 31.284415072300135 ], [ 121.501197966000078, 31.284304928200072 ] ] ] } },
{ "type": "Feature", "properties": { "clean_id": 696, "Id": 0, "Floor": 6, "height": 18, "source_count": 4, "source_uids": "868;882;869;883" }, "geometry": { "type": "Polygon", "coordinates": [ [ [ 121.501725503000088, 31.285149705500086 ], [ 121.502016236000145, 31.28503142400012 ], [ 121.501962406000061, 31.284939611200056 ], [ 121.501628602, 31.285066929599971 ], [ 121.501434781000057, 31.285139673500108 ], [ 121.501488610000138, 31.285240651399921 ], [ 121.501607056000012, 31.285195178500025 ], [ 121.501628588, 31.285241068800136 ], [ 121.501639353000087, 31.2852594314001 ], [ 121.50171471299997, 31.285415464600131 ], [ 121.50162856999998, 31.285442703300134 ], [ 121.50160703500012, 31.285451804300063 ], [ 121.501628565000047, 31.285506859699964 ], [ 121.501650095000073, 31.285561915000017 ], [ 121.502177721000081, 31.285352687800014 ], [ 121.502134659000035, 31.285260907400009 ], [ 121.502113124000061, 31.285260843300016 ], [ 121.501833158999943, 31.285369991600021 ], [ 121.50177933099998, 31.285259848600049 ], [ 121.501725503000088, 31.285149705500086 ] ] ] } },
{ "type": "Feature", "properties": { "clean_id": 697, "Id": 0, "Floor": 4, "height": 12, "source_count": 2, "source_uids": "870;871" }, "geometry": { "type": "Polygon", "coordinates": [ [ [ 121.50200546300016, 31.285095548500124 ], [ 121.501811642, 31.285168292700121 ], [ 121.501854704000024, 31.28526007329992 ], [ 121.501876236000044, 31.285296798300067 ], [ 121.501973146000068, 31.285260426200068 ], [ 121.502070056999983, 31.285224054100073 ], [ 121.50200546300016, 31.285095548500124 ] ] ] } },
{ "type": "Feature", "properties": { "clean_id": 698, "Id": 0, "Floor": 5, "height": 15, "source_count": 1, "source_uids": "872" }, "geometry": { "type": "Polygon", "coordinates": [ [ [ 121.504342027, 31.284726719000044 ], [ 121.504105137000025, 31.284817669000056 ], [ 121.504137434999961, 31.284872756399981 ], [ 121.504385091000032, 31.284781838200054 ], [ 121.504342027, 31.284726719000044 ] ] ] } },
{ "type": "Feature", "properties": { "clean_id": 699, "Id": 0, "Floor": 5, "height": 15, "source_count": 1, "source_uids": "873" }, "geometry": { "type": "Polygon", "coordinates": [ [ [ 121.50402976300019, 31.284854106400019 ], [ 121.503792871999963, 31.284945055800051 ], [ 121.503814403000092, 31.285000111200088 ], [ 121.504062060000024, 31.284909193700052 ], [ 121.50402976300019, 31.284854106400019 ] ] ] } },
{ "type": "Feature", "properties": { "clean_id": 700, "Id": 0, "Floor": 5, "height": 15, "source_count": 2, "source_uids": "874;875" }, "geometry": { "type": "Polygon", "coordinates": [ [ [ 121.504385079000031, 31.284928482200151 ], [ 121.504158956999945, 31.285019464100007 ], [ 121.504202020999983, 31.285083748500025 ], [ 121.504385071999977, 31.285010969399927 ], [ 121.504481982, 31.284965430400003 ], [ 121.504449685000068, 31.284901177999973 ], [ 121.504385079000031, 31.284928482200151 ] ] ] } },
{ "type": "Feature", "properties": { "clean_id": 701, "Id": 0, "Floor": 5, "height": 15, "source_count": 1, "source_uids": "876" }, "geometry": { "type": "Polygon", "coordinates": [ [ [ 121.504137421, 31.285037730700129 ], [ 121.503900531000113, 31.285128680100009 ], [ 121.503932826999971, 31.285192932500031 ], [ 121.504169716999968, 31.285101983099992 ], [ 121.504137421, 31.285037730700129 ] ] ] } },
{ "type": "Feature", "properties": { "clean_id": 702, "Id": 0, "Floor": 5, "height": 15, "source_count": 2, "source_uids": "878;1030" }, "geometry": { "type": "Polygon", "coordinates": [ [ [ 121.504385058000153, 31.285175943500114 ], [ 121.504309683999978, 31.285203215700047 ], [ 121.504341981000053, 31.285267468000086 ], [ 121.504385053000092, 31.285240100000127 ], [ 121.504567004796954, 31.285163202861174 ], [ 121.504567392998894, 31.285138609046793 ], [ 121.504546574000088, 31.285103100400022 ], [ 121.504385058000153, 31.285175943500114 ] ] ] } },
{ "type": "Feature", "properties": { "clean_id": 703, "Id": 0, "Floor": 5, "height": 15, "source_count": 2, "source_uids": "879;880" }, "geometry": { "type": "Polygon", "coordinates": [ [ [ 121.504234311, 31.285221322600083 ], [ 121.504126634000045, 31.285266829299982 ], [ 121.503997421, 31.285321437200025 ], [ 121.504018951000162, 31.285376492400079 ], [ 121.504266609000069, 31.28526724450013 ], [ 121.504234311, 31.285221322600083 ] ] ] } },
{ "type": "Feature", "properties": { "clean_id": 704, "Id": 0, "Floor": 7, "height": 21, "source_count": 1, "source_uids": "881" }, "geometry": { "type": "Polygon", "coordinates": [ [ [ 121.503889742000084, 31.285376108900106 ], [ 121.50342672800015, 31.285567203100126 ], [ 121.503459024999984, 31.28563145530012 ], [ 121.503922038000027, 31.2854495264001 ], [ 121.503889742000084, 31.285376108900106 ] ] ] } },
{ "type": "Feature", "properties": { "clean_id": 705, "Id": 0, "Floor": 2, "height": 6, "source_count": 1, "source_uids": "884" }, "geometry": { "type": "Polygon", "coordinates": [ [ [ 121.501230162000084, 31.285551497500084 ], [ 121.501014803999965, 31.285642506700064 ], [ 121.501090166000054, 31.285771044100041 ], [ 121.501305524000045, 31.285680034899997 ], [ 121.501230162000084, 31.285551497500084 ] ] ] } },
{ "type": "Feature", "properties": { "clean_id": 706, "Id": 0, "Floor": 6, "height": 18, "source_count": 1, "source_uids": "885" }, "geometry": { "type": "Polygon", "coordinates": [ [ [ 121.501628515999982, 31.286084265200088 ], [ 121.501628507000078, 31.286194246800111 ], [ 121.501671578, 31.286176044900007 ], [ 121.501628515999982, 31.286084265200088 ] ] ] } },
{ "type": "Feature", "properties": { "clean_id": 707, "Id": 0, "Floor": 6, "height": 18, "source_count": 1, "source_uids": "886" }, "geometry": { "type": "Polygon", "coordinates": [ [ [ 121.501628502000017, 31.286249237600085 ], [ 121.501628515999982, 31.286084265200088 ], [ 121.50159622000001, 31.286010847700091 ], [ 121.501294719000157, 31.286129095400106 ], [ 121.501391609000038, 31.286331017300082 ], [ 121.501606967000029, 31.286249173300043 ], [ 121.501628502000017, 31.286249237600085 ] ] ] } },
{ "type": "Feature", "properties": { "clean_id": 708, "Id": 0, "Floor": 6, "height": 18, "source_count": 1, "source_uids": "887" }, "geometry": { "type": "Polygon", "coordinates": [ [ [ 121.501628507000078, 31.286194246800111 ], [ 121.501628502000017, 31.286249237600085 ], [ 121.50165003799998, 31.286240136599982 ], [ 121.501628507000078, 31.286194246800111 ] ] ] } },
{ "type": "Feature", "properties": { "clean_id": 709, "Id": 0, "Floor": 1, "height": 3, "source_count": 3, "source_uids": "888;889;890" }, "geometry": { "type": "Polygon", "coordinates": [ [ [ 121.50162849700007, 31.286304228300079 ], [ 121.501650027999986, 31.286350118100124 ], [ 121.501628493000126, 31.286359219000076 ], [ 121.501434670000094, 31.28644112709997 ], [ 121.501466965999938, 31.286514544300072 ], [ 121.501628485000083, 31.286450870099944 ], [ 121.501703861000138, 31.286414434400001 ], [ 121.501768468, 31.286387131599955 ], [ 121.501703871000132, 31.28628612280005 ], [ 121.501682336000172, 31.286295223699994 ], [ 121.50165003799998, 31.286240136599982 ], [ 121.501628502000017, 31.286249237600085 ], [ 121.501606967000029, 31.286249173300043 ], [ 121.50162849700007, 31.286304228300079 ] ] ] } },
{ "type": "Feature", "properties": { "clean_id": 710, "Id": 0, "Floor": 4, "height": 12, "source_count": 1, "source_uids": "891" }, "geometry": { "type": "Polygon", "coordinates": [ [ [ 121.501768468, 31.286387131599955 ], [ 121.501703861000138, 31.286414434400001 ], [ 121.501746924000017, 31.286487883699984 ], [ 121.501800764, 31.286460548800104 ], [ 121.501768468, 31.286387131599955 ] ] ] } },
{ "type": "Feature", "properties": { "clean_id": 711, "Id": 0, "Floor": 4, "height": 12, "source_count": 1, "source_uids": "892" }, "geometry": { "type": "Polygon", "coordinates": [ [ [ 121.503943556000081, 31.285651224400066 ], [ 121.50345900700006, 31.28584225430005 ], [ 121.503491304000121, 31.285897341200101 ], [ 121.503975853000156, 31.28570631140013 ], [ 121.503943556000081, 31.285651224400066 ] ] ] } },
{ "type": "Feature", "properties": { "clean_id": 712, "Id": 0, "Floor": 7, "height": 21, "source_count": 2, "source_uids": "893;1031" }, "geometry": { "type": "Polygon", "coordinates": [ [ [ 121.504556208070795, 31.285847209434763 ], [ 121.504558107092279, 31.285726900447322 ], [ 121.504385006, 31.285790011500119 ], [ 121.504245027000024, 31.285835422300007 ], [ 121.504288087000091, 31.28594553190004 ], [ 121.504384996, 31.285909158600134 ], [ 121.504556208070795, 31.285847209434763 ] ] ] } },
{ "type": "Feature", "properties": { "clean_id": 713, "Id": 0, "Floor": 7, "height": 21, "source_count": 1, "source_uids": "894" }, "geometry": { "type": "Polygon", "coordinates": [ [ [ 121.504105052000114, 31.285816676799929 ], [ 121.503728181000056, 31.285971366000069 ], [ 121.503771244000177, 31.286044815000015 ], [ 121.504148115000021, 31.285899291000074 ], [ 121.504105052000114, 31.285816676799929 ] ] ] } },
{ "type": "Feature", "properties": { "clean_id": 714, "Id": 0, "Floor": 7, "height": 21, "source_count": 2, "source_uids": "895;1032" }, "geometry": { "type": "Polygon", "coordinates": [ [ [ 121.504552699173374, 31.286069509125824 ], [ 121.504554619992817, 31.285947819170712 ], [ 121.504384987000094, 31.286009975299976 ], [ 121.504331149, 31.28602814589993 ], [ 121.5043849770001, 31.286129122099954 ], [ 121.504552699173374, 31.286069509125824 ] ] ] } },
{ "type": "Feature", "properties": { "clean_id": 715, "Id": 0, "Floor": 5, "height": 15, "source_count": 1, "source_uids": "896" }, "geometry": { "type": "Polygon", "coordinates": [ [ [ 121.503706643999976, 31.285998797499982 ], [ 121.503458985999956, 31.286089713400031 ], [ 121.503502049999952, 31.286153997299998 ], [ 121.503738940999952, 31.286063049400127 ], [ 121.503706643999976, 31.285998797499982 ] ] ] } },
{ "type": "Feature", "properties": { "clean_id": 716, "Id": 0, "Floor": 7, "height": 21, "source_count": 1, "source_uids": "897" }, "geometry": { "type": "Polygon", "coordinates": [ [ [ 121.504223473000039, 31.286055322100083 ], [ 121.503835835000132, 31.286209979300047 ], [ 121.503889664999974, 31.286283460099973 ], [ 121.504266536000145, 31.286137936099976 ], [ 121.504223473000039, 31.286055322100083 ] ] ] } },
{ "type": "Feature", "properties": { "clean_id": 717, "Id": 0, "Floor": 5, "height": 15, "source_count": 1, "source_uids": "898" }, "geometry": { "type": "Polygon", "coordinates": [ [ [ 121.503803532, 31.286219048500008 ], [ 121.503566641, 31.28630999640006 ], [ 121.503588171000047, 31.286365051000018 ], [ 121.503835827999978, 31.286283300299942 ], [ 121.503803532, 31.286219048500008 ] ] ] } },
{ "type": "Feature", "properties": { "clean_id": 718, "Id": 0, "Floor": 8, "height": 24, "source_count": 1, "source_uids": "899" }, "geometry": { "type": "Polygon", "coordinates": [ [ [ 121.504363429000037, 31.286284865500022 ], [ 121.504169611999941, 31.286348446600073 ], [ 121.504201907000052, 31.28642186329995 ], [ 121.504384957999946, 31.286358250300115 ], [ 121.504363429000037, 31.286284865500022 ] ] ] } },
{ "type": "Feature", "properties": { "clean_id": 719, "Id": 0, "Floor": 5, "height": 15, "source_count": 1, "source_uids": "900" }, "geometry": { "type": "Polygon", "coordinates": [ [ [ 121.504126542000108, 31.28634831880003 ], [ 121.503652761000012, 31.286539379999969 ], [ 121.503685059000063, 31.286594466499995 ], [ 121.504158838999942, 31.286403405300067 ], [ 121.504126542000108, 31.28634831880003 ] ] ] } },
{ "type": "Feature", "properties": { "clean_id": 720, "Id": 0, "Floor": 8, "height": 24, "source_count": 1, "source_uids": "901" }, "geometry": { "type": "Polygon", "coordinates": [ [ [ 121.504180358000099, 31.286595936400083 ], [ 121.503814256000069, 31.28673232649998 ], [ 121.503857318999977, 31.286805775000119 ], [ 121.504223422000123, 31.286660219800009 ], [ 121.504180358000099, 31.286595936400083 ] ] ] } },
{ "type": "Feature", "properties": { "clean_id": 721, "Id": 0, "Floor": 5, "height": 15, "source_count": 1, "source_uids": "902" }, "geometry": { "type": "Polygon", "coordinates": [ [ [ 121.503254466000058, 31.28537422200003 ], [ 121.503017573999969, 31.285465169800094 ], [ 121.50304987200002, 31.285520257000144 ], [ 121.503286763, 31.285429309300074 ], [ 121.503254466000058, 31.28537422200003 ] ] ] } },
{ "type": "Feature", "properties": { "clean_id": 722, "Id": 0, "Floor": 5, "height": 15, "source_count": 1, "source_uids": "903" }, "geometry": { "type": "Polygon", "coordinates": [ [ [ 121.503372889000175, 31.285585373500048 ], [ 121.503135998000175, 31.285676321200064 ], [ 121.503157527999974, 31.285731376300131 ], [ 121.503405186000109, 31.285649625700049 ], [ 121.503372889000175, 31.285585373500048 ] ] ] } },
{ "type": "Feature", "properties": { "clean_id": 723, "Id": 0, "Floor": 6, "height": 18, "source_count": 1, "source_uids": "904" }, "geometry": { "type": "Polygon", "coordinates": [ [ [ 121.502242312000135, 31.285517853800009 ], [ 121.502102329999971, 31.285572428000084 ], [ 121.502285349000104, 31.28590291930005 ], [ 121.502425331000168, 31.285848345200122 ], [ 121.502242312000135, 31.285517853800009 ] ] ] } },
{ "type": "Feature", "properties": { "clean_id": 724, "Id": 0, "Floor": 8, "height": 24, "source_count": 1, "source_uids": "905" }, "geometry": { "type": "Polygon", "coordinates": [ [ [ 121.50343747099997, 31.285851355500032 ], [ 121.503146741000137, 31.285960473300008 ], [ 121.503179038, 31.28603389049994 ], [ 121.503469766999942, 31.285924772700017 ], [ 121.50343747099997, 31.285851355500032 ] ] ] } },
{ "type": "Feature", "properties": { "clean_id": 725, "Id": 0, "Floor": 8, "height": 24, "source_count": 1, "source_uids": "906" }, "geometry": { "type": "Polygon", "coordinates": [ [ [ 121.503426680999951, 31.286117112800138 ], [ 121.503265165000144, 31.286171623700113 ], [ 121.503297460999988, 31.286254205900029 ], [ 121.503469744000085, 31.286199727000053 ], [ 121.503426680999951, 31.286117112800138 ] ] ] } },
{ "type": "Feature", "properties": { "clean_id": 726, "Id": 0, "Floor": 29, "height": 87, "source_count": 1, "source_uids": "907" }, "geometry": { "type": "Polygon", "coordinates": [ [ [ 121.502468379000106, 31.286105097600053 ], [ 121.502016129000026, 31.28628705340002 ], [ 121.502220677000096, 31.286690927400063 ], [ 121.502683694999973, 31.286509003899944 ], [ 121.502468379000106, 31.286105097600053 ] ] ] } },
{ "type": "Feature", "properties": { "clean_id": 727, "Id": 0, "Floor": 8, "height": 24, "source_count": 1, "source_uids": "908" }, "geometry": { "type": "Polygon", "coordinates": [ [ [ 121.503534337000019, 31.286337395799936 ], [ 121.50336205300016, 31.286391874600103 ], [ 121.503405116000067, 31.286474488599985 ], [ 121.503566632000116, 31.286419977800044 ], [ 121.503534337000019, 31.286337395799936 ] ] ] } },
{ "type": "Feature", "properties": { "clean_id": 728, "Id": 0, "Floor": 8, "height": 24, "source_count": 1, "source_uids": "909" }, "geometry": { "type": "Polygon", "coordinates": [ [ [ 121.503652759000019, 31.2865577102001 ], [ 121.50348047600005, 31.286612189100076 ], [ 121.503523539000071, 31.286694802800124 ], [ 121.503685055, 31.286640292000012 ], [ 121.503652759000019, 31.2865577102001 ] ] ] } },
{ "type": "Feature", "properties": { "clean_id": 729, "Id": 0, "Floor": 6, "height": 18, "source_count": 1, "source_uids": "910" }, "geometry": { "type": "Polygon", "coordinates": [ [ [ 121.503049715999978, 31.287353279000111 ], [ 121.503114321999988, 31.287344306000136 ], [ 121.503135860000057, 31.287298544900004 ], [ 121.503146632000053, 31.287252751700009 ], [ 121.503135869000062, 31.287197729500068 ], [ 121.503114338000159, 31.287151840200057 ], [ 121.503071271000053, 31.287124216999985 ], [ 121.503017435000061, 31.287105726800004 ], [ 121.50293129600017, 31.287096305600016 ], [ 121.502877457000068, 31.287123640600047 ], [ 121.502834384000153, 31.28715100770011 ], [ 121.502812846000083, 31.287196768800072 ], [ 121.502812841000022, 31.287251759100062 ], [ 121.502845140000076, 31.28728851530008 ], [ 121.503049715999978, 31.287353279000111 ] ] ] } },
{ "type": "Feature", "properties": { "clean_id": 730, "Id": 0, "Floor": 4, "height": 12, "source_count": 1, "source_uids": "911" }, "geometry": { "type": "Polygon", "coordinates": [ [ [ 121.502328309000063, 31.287204491700098 ], [ 121.502199096000155, 31.287240767100062 ], [ 121.502209859000018, 31.287295789399987 ], [ 121.502339072000169, 31.287250349000086 ], [ 121.502328309000063, 31.287204491700098 ] ] ] } },
{ "type": "Feature", "properties": { "clean_id": 731, "Id": 0, "Floor": 8, "height": 24, "source_count": 1, "source_uids": "912" }, "geometry": { "type": "Polygon", "coordinates": [ [ [ 121.501262405000162, 31.286257310899998 ], [ 121.500745544999972, 31.286457401000057 ], [ 121.500788608999969, 31.286530850400027 ], [ 121.500680930000058, 31.286576354400033 ], [ 121.500637866000034, 31.286493739900088 ], [ 121.500433276000095, 31.286575614900066 ], [ 121.500497871, 31.286694954000101 ], [ 121.501316233000011, 31.286376618000013 ], [ 121.501262405000162, 31.286257310899998 ] ] ] } },
{ "type": "Feature", "properties": { "clean_id": 732, "Id": 0, "Floor": 7, "height": 21, "source_count": 1, "source_uids": "913" }, "geometry": { "type": "Polygon", "coordinates": [ [ [ 121.501897667, 31.286515828300036 ], [ 121.50188690200001, 31.286488300900086 ], [ 121.501854599000126, 31.28649736970004 ], [ 121.501833068, 31.286451479999975 ], [ 121.501779228000032, 31.286478814800031 ], [ 121.501811524, 31.286552231899979 ], [ 121.501876131000145, 31.286534094300116 ], [ 121.501897667, 31.286515828300036 ] ] ] } },
{ "type": "Feature", "properties": { "clean_id": 733, "Id": 0, "Floor": 6, "height": 18, "source_count": 2, "source_uids": "914;915" }, "geometry": { "type": "Polygon", "coordinates": [ [ [ 121.501811524, 31.286552231899979 ], [ 121.501779228000032, 31.286478814800031 ], [ 121.501628477000054, 31.286542521199966 ], [ 121.501531566000153, 31.286578892600115 ], [ 121.501606926000136, 31.286725758800003 ], [ 121.501628462, 31.286716657900055 ], [ 121.501908426999989, 31.286607511300069 ], [ 121.501876131000145, 31.286534094300116 ], [ 121.501811524, 31.286552231899979 ] ] ] } },
{ "type": "Feature", "properties": { "clean_id": 734, "Id": 0, "Floor": 8, "height": 24, "source_count": 1, "source_uids": "916" }, "geometry": { "type": "Polygon", "coordinates": [ [ [ 121.501391587000072, 31.286587640300123 ], [ 121.500616299000171, 31.286878609300118 ], [ 121.500680892999981, 31.287007113100056 ], [ 121.50145618199997, 31.286706979100074 ], [ 121.501391587000072, 31.286587640300123 ] ] ] } },
{ "type": "Feature", "properties": { "clean_id": 735, "Id": 0, "Floor": 11, "height": 33, "source_count": 1, "source_uids": "917" }, "geometry": { "type": "Polygon", "coordinates": [ [ [ 121.501197716000078, 31.287246947000032 ], [ 121.501165418000028, 31.287191860300037 ], [ 121.50154229400016, 31.287046343600135 ], [ 121.501466934000049, 31.286890312799976 ], [ 121.50099314600017, 31.287081365700029 ], [ 121.501100802, 31.287310813100135 ], [ 121.501208481000162, 31.287274474200103 ], [ 121.501197716000078, 31.287246947000032 ] ] ] } },
{ "type": "Feature", "properties": { "clean_id": 736, "Id": 0, "Floor": 8, "height": 24, "source_count": 1, "source_uids": "918" }, "geometry": { "type": "Polygon", "coordinates": [ [ [ 121.50154229400016, 31.287046343600135 ], [ 121.501165418000028, 31.287191860300037 ], [ 121.501197716000078, 31.287246947000032 ], [ 121.501574592, 31.287101430300144 ], [ 121.50154229400016, 31.287046343600135 ] ] ] } },
{ "type": "Feature", "properties": { "clean_id": 737, "Id": 0, "Floor": 6, "height": 18, "source_count": 5, "source_uids": "919;1187;1184;1212;1185" }, "geometry": { "type": "Polygon", "coordinates": [ [ [ 121.500530120999983, 31.287318274500024 ], [ 121.500680872000103, 31.287254569399973 ], [ 121.500734701000056, 31.287364710500139 ], [ 121.500659325000029, 31.287401145600025 ], [ 121.500648558999956, 31.287373618400121 ], [ 121.500573184000018, 31.287400888400111 ], [ 121.500185537999982, 31.287555535800042 ], [ 121.500099393000028, 31.287601103500037 ], [ 121.500153223000112, 31.28769291440004 ], [ 121.500390118000041, 31.287601972 ], [ 121.500702388000136, 31.287483759400118 ], [ 121.50069162200009, 31.287465397199973 ], [ 121.501036195000083, 31.287338115400125 ], [ 121.500917773000083, 31.28709030580006 ], [ 121.500734718999979, 31.287153914700067 ], [ 121.500540896000089, 31.287226656300046 ], [ 121.500487066000019, 31.28713484509996 ], [ 121.499970204999968, 31.28733493180005 ], [ 121.500024034000148, 31.287435908000077 ], [ 121.500110178000128, 31.287399505300016 ], [ 121.500487056999987, 31.287244825600059 ], [ 121.500530120999983, 31.287318274500024 ] ], [ [ 121.500906996000126, 31.287191089200018 ], [ 121.500950059000047, 31.287282868100071 ], [ 121.500831611000081, 31.287337504800025 ], [ 121.500777782000128, 31.287236528700017 ], [ 121.500906996000126, 31.287191089200018 ] ] ] } },
{ "type": "Feature", "properties": { "clean_id": 738, "Id": 0, "Floor": 10, "height": 30, "source_count": 2, "source_uids": "920;921" }, "geometry": { "type": "Polygon", "coordinates": [ [ [ 121.501639125999986, 31.28793563919999 ], [ 121.501628360000169, 31.287917277200048 ], [ 121.501574533000067, 31.287797971900037 ], [ 121.501089979999975, 31.287952331300104 ], [ 121.501165341000174, 31.288099195700052 ], [ 121.501628359000051, 31.2879356071 ], [ 121.501639125999986, 31.28793563919999 ] ] ] } },
{ "type": "Feature", "properties": { "clean_id": 739, "Id": 0, "Floor": 9, "height": 27, "source_count": 1, "source_uids": "923" }, "geometry": { "type": "Polygon", "coordinates": [ [ [ 121.498463251, 31.281299658900142 ], [ 121.498829360000059, 31.281190767700082 ], [ 121.498764767000125, 31.281043925199981 ], [ 121.498355585000013, 31.281180184299956 ], [ 121.498387880999985, 31.281262771099922 ], [ 121.498430953000025, 31.281244568799988 ], [ 121.498463251, 31.281299658900142 ] ] ] } },
{ "type": "Feature", "properties": { "clean_id": 740, "Id": 0, "Floor": 2, "height": 6, "source_count": 1, "source_uids": "924" }, "geometry": { "type": "Polygon", "coordinates": [ [ [ 121.498312514000077, 31.281189220900053 ], [ 121.498150999000131, 31.281188737400043 ], [ 121.498150991999978, 31.281271227499989 ], [ 121.498312507000151, 31.281262545400121 ], [ 121.498312514000077, 31.281189220900053 ] ] ] } },
{ "type": "Feature", "properties": { "clean_id": 741, "Id": 0, "Floor": 2, "height": 6, "source_count": 1, "source_uids": "925" }, "geometry": { "type": "Polygon", "coordinates": [ [ [ 121.498301735000155, 31.281317506599969 ], [ 121.498054072000158, 31.281408420700068 ], [ 121.498064834000161, 31.281472611799991 ], [ 121.498323264999954, 31.28138172990009 ], [ 121.498301735000155, 31.281317506599969 ] ] ] } },
{ "type": "Feature", "properties": { "clean_id": 742, "Id": 0, "Floor": 2, "height": 6, "source_count": 6, "source_uids": "926;930;927;928;931;929" }, "geometry": { "type": "Polygon", "coordinates": [ [ [ 121.498549269000037, 31.282748065100115 ], [ 121.498635397000044, 31.282904135100061 ], [ 121.498667695000094, 31.28295922430009 ], [ 121.498796911000113, 31.28290461850003 ], [ 121.498872287000168, 31.282877347700033 ], [ 121.499001503000159, 31.282822741799919 ], [ 121.498893844, 31.282620780099929 ], [ 121.498872312000017, 31.282584053800065 ], [ 121.49851703700007, 31.281913910699984 ], [ 121.498193996000069, 31.282050426300032 ], [ 121.498409314000128, 31.282463517300027 ], [ 121.498495458000107, 31.282427113300002 ], [ 121.498527756000172, 31.282491368200109 ], [ 121.498441612000079, 31.282527772200076 ], [ 121.498549269000037, 31.282748065100115 ] ], [ [ 121.498807700000057, 31.282657184100113 ], [ 121.498872294781179, 31.282785693064824 ], [ 121.498872294781151, 31.282785693573885 ], [ 121.498710776000166, 31.282840202800053 ], [ 121.498646181000041, 31.282711693400131 ], [ 121.498807700000057, 31.282657184100113 ] ] ] } },
{ "type": "Feature", "properties": { "clean_id": 743, "Id": 0, "Floor": 2, "height": 6, "source_count": 1, "source_uids": "932" }, "geometry": { "type": "Polygon", "coordinates": [ [ [ 121.500670649999961, 31.280838813900125 ], [ 121.500595274000148, 31.28087525120003 ], [ 121.500627572, 31.280930341300007 ], [ 121.500692179, 31.28090303740003 ], [ 121.500670649999961, 31.280838813900125 ] ] ] } },
{ "type": "Feature", "properties": { "clean_id": 744, "Id": 0, "Floor": 2, "height": 6, "source_count": 1, "source_uids": "933" }, "geometry": { "type": "Polygon", "coordinates": [ [ [ 121.500003027000048, 31.281221774200056 ], [ 121.499970729999973, 31.281157518700063 ], [ 121.49993843200015, 31.281102428700148 ], [ 121.499733840999966, 31.281175141800009 ], [ 121.49979843600012, 31.281303652800084 ], [ 121.49997072400015, 31.281230843199978 ], [ 121.500003027000048, 31.281221774200056 ] ] ] } },
{ "type": "Feature", "properties": { "clean_id": 745, "Id": 0, "Floor": 4, "height": 12, "source_count": 1, "source_uids": "934" }, "geometry": { "type": "Polygon", "coordinates": [ [ [ 121.500035337999975, 31.281130214999973 ], [ 121.499970729999973, 31.281157518700063 ], [ 121.500003027000048, 31.281221774200056 ], [ 121.49997072400015, 31.281230843199978 ], [ 121.500024552000113, 31.281340990899992 ], [ 121.499949175999959, 31.28137742780007 ], [ 121.500024537000058, 31.281515136299955 ], [ 121.499830714000041, 31.281597046900064 ], [ 121.499873779000026, 31.281661334299997 ], [ 121.500239889000127, 31.281515779699998 ], [ 121.500035337999975, 31.281130214999973 ] ] ] } },
{ "type": "Feature", "properties": { "clean_id": 746, "Id": 0, "Floor": 1, "height": 3, "source_count": 1, "source_uids": "935" }, "geometry": { "type": "Polygon", "coordinates": [ [ [ 121.500239867000133, 31.281781580099956 ], [ 121.500336779000136, 31.281736042000077 ], [ 121.500229119000082, 31.281543244199995 ], [ 121.499895312000135, 31.281679729700048 ], [ 121.499959907999937, 31.281799074600041 ], [ 121.500196803000122, 31.281698961700048 ], [ 121.500239867000133, 31.281781580099956 ] ] ] } },
{ "type": "Feature", "properties": { "clean_id": 747, "Id": 0, "Floor": 4, "height": 12, "source_count": 1, "source_uids": "936" }, "geometry": { "type": "Polygon", "coordinates": [ [ [ 121.499776872000112, 31.281642713599965 ], [ 121.499733800000072, 31.281660915900076 ], [ 121.500035243000056, 31.282239243700129 ], [ 121.500078315000096, 31.282221041400017 ], [ 121.499776872000112, 31.281642713599965 ] ] ] } },
{ "type": "Feature", "properties": { "clean_id": 748, "Id": 0, "Floor": 2, "height": 6, "source_count": 1, "source_uids": "937" }, "geometry": { "type": "Polygon", "coordinates": [ [ [ 121.500293696999975, 31.281873396100146 ], [ 121.500207553000124, 31.281909800799998 ], [ 121.500433632000068, 31.28237791600009 ], [ 121.500530544000071, 31.282341543600072 ], [ 121.500293696999975, 31.281873396100146 ] ] ] } },
{ "type": "Feature", "properties": { "clean_id": 749, "Id": 0, "Floor": 8, "height": 24, "source_count": 1, "source_uids": "939" }, "geometry": { "type": "Polygon", "coordinates": [ [ [ 121.500605856999982, 31.283038342000062 ], [ 121.500831975999972, 31.283039017100013 ], [ 121.500950400999955, 31.283259340200061 ], [ 121.500799649000101, 31.283323047900126 ], [ 121.500875011000062, 31.283460753499924 ], [ 121.501144209000145, 31.28335157240009 ], [ 121.500918125999974, 31.282929289200005 ], [ 121.500487422999967, 31.282928003300068 ], [ 121.500487412999973, 31.283056319100012 ], [ 121.500358196999954, 31.283110925599942 ], [ 121.50037972500013, 31.283193478499928 ], [ 121.50061661800008, 31.283120862799986 ], [ 121.500605856999982, 31.283038342000062 ] ] ] } },
{ "type": "Feature", "properties": { "clean_id": 750, "Id": 0, "Floor": 2, "height": 6, "source_count": 2, "source_uids": "940;952" }, "geometry": { "type": "Polygon", "coordinates": [ [ [ 121.500024379000024, 31.283375724599921 ], [ 121.500013613999954, 31.283348196200112 ], [ 121.500196669000047, 31.283275420099926 ], [ 121.500035183000023, 31.282954148500043 ], [ 121.49984135900003, 31.283036057900009 ], [ 121.499938250000127, 31.283237986400074 ], [ 121.49934601200016, 31.283465350300045 ], [ 121.499356779000095, 31.283483713200038 ], [ 121.498979899000119, 31.283638397100042 ], [ 121.499033726999983, 31.283748542400019 ], [ 121.499421375000125, 31.283593890800084 ], [ 121.499432141000057, 31.283612253700078 ], [ 121.500024379000024, 31.283375724599921 ] ] ] } },
{ "type": "Feature", "properties": { "clean_id": 751, "Id": 0, "Floor": 2, "height": 6, "source_count": 1, "source_uids": "941" }, "geometry": { "type": "Polygon", "coordinates": [ [ [ 121.500207435000121, 31.283293783100145 ], [ 121.500056684000128, 31.283357490299977 ], [ 121.50007821500003, 31.283403381600003 ], [ 121.500228967000112, 31.28333967430012 ], [ 121.500207435000121, 31.283293783100145 ] ] ] } },
{ "type": "Feature", "properties": { "clean_id": 752, "Id": 0, "Floor": 9, "height": 27, "source_count": 1, "source_uids": "942" }, "geometry": { "type": "Polygon", "coordinates": [ [ [ 121.497149523000076, 31.282184780799984 ], [ 121.496934163, 31.28226662490005 ], [ 121.497074118000114, 31.282551173600048 ], [ 121.497300246, 31.282469361799997 ], [ 121.497149523000076, 31.282184780799984 ] ] ] } },
{ "type": "Feature", "properties": { "clean_id": 753, "Id": 0, "Floor": 8, "height": 24, "source_count": 1, "source_uids": "944" }, "geometry": { "type": "Polygon", "coordinates": [ [ [ 121.496783383999968, 31.282641957100001 ], [ 121.496826456, 31.282623755200117 ], [ 121.496847988000027, 31.282660481499992 ], [ 121.496998740000109, 31.282605940499995 ], [ 121.496837252000091, 31.282293831 ], [ 121.496708035000111, 31.282348436700026 ], [ 121.496815695000123, 31.282550399400122 ], [ 121.496740319000082, 31.282577669900093 ], [ 121.496783383999968, 31.282641957100001 ] ] ] } },
{ "type": "Feature", "properties": { "clean_id": 754, "Id": 0, "Floor": 4, "height": 12, "source_count": 1, "source_uids": "945" }, "geometry": { "type": "Polygon", "coordinates": [ [ [ 121.496675725000046, 31.282439994599933 ], [ 121.496546509000055, 31.282485434699993 ], [ 121.496449597000037, 31.282521806200126 ], [ 121.496331148999943, 31.282567278499982 ], [ 121.496374212999982, 31.282640731100113 ], [ 121.496718788999942, 31.282513447300058 ], [ 121.496675725000046, 31.282439994599933 ] ] ] } },
{ "type": "Feature", "properties": { "clean_id": 755, "Id": 0, "Floor": 7, "height": 21, "source_count": 3, "source_uids": "946;949;1045" }, "geometry": { "type": "Polygon", "coordinates": [ [ [ 121.496352656000113, 31.282897298699993 ], [ 121.496374188000132, 31.282934024899991 ], [ 121.496460333000073, 31.282897621300041 ], [ 121.496503404999984, 31.282879419499977 ], [ 121.496438808000107, 31.282769240800064 ], [ 121.496783383999968, 31.282641957100001 ], [ 121.496740319000082, 31.282577669900093 ], [ 121.496718788999942, 31.282513447300058 ], [ 121.496374212999982, 31.282640731100113 ], [ 121.496331148999943, 31.282567278499982 ], [ 121.496201932999952, 31.282612718600038 ], [ 121.496244996000101, 31.282704502099932 ], [ 121.496115780000082, 31.282759107500002 ], [ 121.496083475999967, 31.282768176100078 ], [ 121.496115773000156, 31.282832430899923 ], [ 121.496137305000175, 31.282878322499982 ], [ 121.496309592999978, 31.282814680800072 ], [ 121.496352656000113, 31.282897298699993 ] ] ] } },
{ "type": "Feature", "properties": { "clean_id": 756, "Id": 0, "Floor": 1, "height": 3, "source_count": 4, "source_uids": "947;948;950;951" }, "geometry": { "type": "Polygon", "coordinates": [ [ [ 121.497171015000035, 31.282698111000055 ], [ 121.497192545000075, 31.282753168100097 ], [ 121.497138706000101, 31.28277133770013 ], [ 121.497106409000025, 31.282697917400075 ], [ 121.496998728999984, 31.282734256599962 ], [ 121.497031026000059, 31.282807676800015 ], [ 121.496966418000056, 31.282825814100025 ], [ 121.496998715000032, 31.282899234300089 ], [ 121.497149432000143, 31.283257136600064 ], [ 121.497203271999979, 31.283238967100033 ], [ 121.497235570000157, 31.283294056200081 ], [ 121.497332482000175, 31.283257684899976 ], [ 121.497310951000017, 31.283211793500133 ], [ 121.497375559000048, 31.283184490800121 ], [ 121.49740785500012, 31.283267076099943 ], [ 121.497784732000127, 31.283149054600013 ], [ 121.497677077000162, 31.282901266200106 ], [ 121.49754789300016, 31.282580089000028 ], [ 121.497171015000035, 31.282698111000055 ] ] ] } },
{ "type": "Feature", "properties": { "clean_id": 757, "Id": 0, "Floor": 4, "height": 12, "source_count": 5, "source_uids": "953;954;956;958;959" }, "geometry": { "type": "Polygon", "coordinates": [ [ [ 121.498667611000101, 31.283949084300104 ], [ 121.498742973000063, 31.284077624400091 ], [ 121.498872165000066, 31.284316309000026 ], [ 121.498882931000139, 31.284334671799968 ], [ 121.498958293000101, 31.284463211300075 ], [ 121.49927056599995, 31.284326666100068 ], [ 121.499205971000052, 31.284198158600145 ], [ 121.499055246000012, 31.283941078800016 ], [ 121.498990650999986, 31.283812570900064 ], [ 121.498872203000147, 31.283867208500109 ], [ 121.498667611000101, 31.283949084300104 ] ] ] } },
{ "type": "Feature", "properties": { "clean_id": 758, "Id": 0, "Floor": 2, "height": 6, "source_count": 1, "source_uids": "955" }, "geometry": { "type": "Polygon", "coordinates": [ [ [ 121.498624533, 31.284031443400071 ], [ 121.498495316999978, 31.28408604850005 ], [ 121.498538379000024, 31.284186995900033 ], [ 121.498678363000082, 31.284132422900019 ], [ 121.498624533, 31.284031443400071 ] ] ] } },
{ "type": "Feature", "properties": { "clean_id": 759, "Id": 0, "Floor": 5, "height": 15, "source_count": 1, "source_uids": "957" }, "geometry": { "type": "Polygon", "coordinates": [ [ [ 121.497666206000076, 31.284120227499951 ], [ 121.498064621000026, 31.283974775399997 ], [ 121.498139982, 31.284121646099944 ], [ 121.498549164999986, 31.283967060499997 ], [ 121.498495337, 31.283856915400008 ], [ 121.498139994, 31.283984166399982 ], [ 121.498064633000126, 31.283837295400023 ], [ 121.497547769000107, 31.284028219600028 ], [ 121.497623130000079, 31.284184255699987 ], [ 121.497267785999952, 31.284320670899991 ], [ 121.497321614000171, 31.284439980900114 ], [ 121.497741566000059, 31.284276263400098 ], [ 121.497666206000076, 31.284120227499951 ] ] ] } },
{ "type": "Feature", "properties": { "clean_id": 760, "Id": 0, "Floor": 6, "height": 18, "source_count": 1, "source_uids": "960" }, "geometry": { "type": "Polygon", "coordinates": [ [ [ 121.498613718000129, 31.284590494100023 ], [ 121.498872151000114, 31.284481284100078 ], [ 121.498732195000116, 31.284205906500048 ], [ 121.498366082999965, 31.284351455600131 ], [ 121.498441445000026, 31.284489160500023 ], [ 121.498538356000168, 31.284452789400106 ], [ 121.498613718000129, 31.284590494100023 ] ] ] } },
{ "type": "Feature", "properties": { "clean_id": 761, "Id": 0, "Floor": 2, "height": 6, "source_count": 1, "source_uids": "961" }, "geometry": { "type": "Polygon", "coordinates": [ [ [ 121.498183013000144, 31.28458920489998 ], [ 121.498247620000043, 31.284571067800009 ], [ 121.498215322999954, 31.284506814200022 ], [ 121.498344538999973, 31.284452209300088 ], [ 121.498376837000123, 31.284516462900005 ], [ 121.498441445000026, 31.284489160500023 ], [ 121.498366082999965, 31.284351455600131 ], [ 121.498010737999948, 31.284497036399962 ], [ 121.498096865000093, 31.284671434400035 ], [ 121.498204544000032, 31.284635095799956 ], [ 121.498183013000144, 31.28458920489998 ] ] ] } },
{ "type": "Feature", "properties": { "clean_id": 762, "Id": 0, "Floor": 8, "height": 24, "source_count": 1, "source_uids": "962" }, "geometry": { "type": "Polygon", "coordinates": [ [ [ 121.496826391000141, 31.283393649600097 ], [ 121.496804854999951, 31.283402750500048 ], [ 121.496890986000039, 31.283522158300109 ], [ 121.496934058999969, 31.283494791300082 ], [ 121.496966364000073, 31.28346739189999 ], [ 121.497041741, 31.283421790900025 ], [ 121.496955610999962, 31.283293217500095 ], [ 121.496869464000042, 31.283357117100028 ], [ 121.496837165999978, 31.283302028100028 ], [ 121.496944848999988, 31.283229027599983 ], [ 121.496869485000175, 31.283109651600057 ], [ 121.496772570999951, 31.283173519099936 ], [ 121.496729507000055, 31.283100066800046 ], [ 121.496837188999976, 31.283036231600022 ], [ 121.49677259300006, 31.282916887700075 ], [ 121.496611069999972, 31.283017223300018 ], [ 121.49672949800005, 31.2832008862 ], [ 121.496707961999959, 31.283209987100125 ], [ 121.496826391000141, 31.283393649600097 ] ] ] } },
{ "type": "Feature", "properties": { "clean_id": 763, "Id": 0, "Floor": 6, "height": 18, "source_count": 1, "source_uids": "963" }, "geometry": { "type": "Polygon", "coordinates": [ [ [ 121.496966364000073, 31.28346739189999 ], [ 121.496934058999969, 31.283494791300082 ], [ 121.496998654000095, 31.283614134500102 ], [ 121.497041727000024, 31.28358676750009 ], [ 121.496966364000073, 31.28346739189999 ] ] ] } },
{ "type": "Feature", "properties": { "clean_id": 764, "Id": 0, "Floor": 16, "height": 48, "source_count": 1, "source_uids": "964" }, "geometry": { "type": "Polygon", "coordinates": [ [ [ 121.49727863, 31.28342250050008 ], [ 121.497041727000024, 31.28358676750009 ], [ 121.496998654000095, 31.283614134500102 ], [ 121.496654068000012, 31.283860566600083 ], [ 121.496761732, 31.284007534400136 ], [ 121.497375525000066, 31.283578601999977 ], [ 121.49727863, 31.28342250050008 ] ] ] } },
{ "type": "Feature", "properties": { "clean_id": 765, "Id": 0, "Floor": 2, "height": 6, "source_count": 2, "source_uids": "965;1078" }, "geometry": { "type": "Polygon", "coordinates": [ [ [ 121.496126437000171, 31.284051457500141 ], [ 121.496374101000029, 31.283960546399999 ], [ 121.496363336000044, 31.283923852799994 ], [ 121.496406408999988, 31.28390565120014 ], [ 121.496384876000107, 31.283868925300112 ], [ 121.496331037, 31.283887094699999 ], [ 121.496277208000038, 31.283767784000023 ], [ 121.496180297000123, 31.283794989600089 ], [ 121.49616953099995, 31.283776626700096 ], [ 121.496115691000114, 31.28380396140011 ], [ 121.496158753000131, 31.28389574380008 ], [ 121.496115681000092, 31.283913945400119 ], [ 121.496061841000156, 31.283932114699951 ], [ 121.496115671000098, 31.284033094599977 ], [ 121.496126437000171, 31.284051457500141 ] ] ] } },
{ "type": "Feature", "properties": { "clean_id": 766, "Id": 0, "Floor": 7, "height": 21, "source_count": 2, "source_uids": "966;1081" }, "geometry": { "type": "Polygon", "coordinates": [ [ [ 121.496115650999954, 31.284271392599972 ], [ 121.495437266999957, 31.284525987899997 ], [ 121.495491095000148, 31.284645297800129 ], [ 121.496115639999971, 31.284399706700139 ], [ 121.49652482400019, 31.284245122700099 ], [ 121.496470994999981, 31.284134977799965 ], [ 121.496115650999954, 31.284271392599972 ] ] ] } },
{ "type": "Feature", "properties": { "clean_id": 767, "Id": 0, "Floor": 7, "height": 21, "source_count": 1, "source_uids": "967" }, "geometry": { "type": "Polygon", "coordinates": [ [ [ 121.497741514000055, 31.284881171300015 ], [ 121.497763047000163, 31.284908731600005 ], [ 121.498032247000069, 31.284808719900123 ], [ 121.497967651000081, 31.284698543400054 ], [ 121.497558466999962, 31.28485312740003 ], [ 121.497612298000035, 31.284935775799966 ], [ 121.497676906000024, 31.284908473600005 ], [ 121.497741514000055, 31.284881171300015 ] ] ] } },
{ "type": "Feature", "properties": { "clean_id": 768, "Id": 0, "Floor": 8, "height": 24, "source_count": 1, "source_uids": "968" }, "geometry": { "type": "Polygon", "coordinates": [ [ [ 121.497763047000163, 31.284908731600005 ], [ 121.497741514000055, 31.284881171300015 ], [ 121.497676906000024, 31.284908473600005 ], [ 121.497709204000117, 31.284972727000145 ], [ 121.497784580000044, 31.284945456999989 ], [ 121.497763047000163, 31.284908731600005 ] ] ] } },
{ "type": "Feature", "properties": { "clean_id": 769, "Id": 0, "Floor": 5, "height": 15, "source_count": 1, "source_uids": "969" }, "geometry": { "type": "Polygon", "coordinates": [ [ [ 121.49721385700002, 31.285383678400141 ], [ 121.49680466999996, 31.285565756499913 ], [ 121.49690156600002, 31.285721854800101 ], [ 121.497310751999962, 31.28553977690013 ], [ 121.49721385700002, 31.285383678400141 ] ] ] } },
{ "type": "Feature", "properties": { "clean_id": 770, "Id": 0, "Floor": 5, "height": 15, "source_count": 1, "source_uids": "970" }, "geometry": { "type": "Polygon", "coordinates": [ [ [ 121.497052298000085, 31.285896444500111 ], [ 121.497343035999961, 31.285769003099922 ], [ 121.497407643999964, 31.285741701100005 ], [ 121.497343047000072, 31.28564069070012 ], [ 121.496923092999978, 31.285822736200036 ], [ 121.496987690000083, 31.285923746500089 ], [ 121.496998458, 31.285923778700123 ], [ 121.497052298000085, 31.285896444500111 ] ] ] } },
{ "type": "Feature", "properties": { "clean_id": 771, "Id": 0, "Floor": 4, "height": 12, "source_count": 1, "source_uids": "971" }, "geometry": { "type": "Polygon", "coordinates": [ [ [ 121.497407643999964, 31.285741701100005 ], [ 121.497343035999961, 31.285769003099922 ], [ 121.497439931000031, 31.285925101100077 ], [ 121.497493772, 31.285897766900128 ], [ 121.497407643999964, 31.285741701100005 ] ] ] } },
{ "type": "Feature", "properties": { "clean_id": 772, "Id": 0, "Floor": 2, "height": 6, "source_count": 1, "source_uids": "972" }, "geometry": { "type": "Polygon", "coordinates": [ [ [ 121.500368918000035, 31.283660880300026 ], [ 121.500250470999973, 31.28370635329998 ], [ 121.500282769000123, 31.283761441799978 ], [ 121.500239697000083, 31.283779643900065 ], [ 121.500336590000074, 31.283954074700034 ], [ 121.500487342000042, 31.283890367700003 ], [ 121.500368918000035, 31.283660880300026 ] ] ] } },
{ "type": "Feature", "properties": { "clean_id": 773, "Id": 0, "Floor": 2, "height": 6, "source_count": 1, "source_uids": "973" }, "geometry": { "type": "Polygon", "coordinates": [ [ [ 121.499668996000068, 31.283988741000091 ], [ 121.499970499000028, 31.283870492900068 ], [ 121.500272001000098, 31.283761409699984 ], [ 121.500218171000157, 31.283669595399999 ], [ 121.49962593500014, 31.283878628299938 ], [ 121.499518278, 31.28365833809999 ], [ 121.499399830000129, 31.283703810600052 ], [ 121.499625910000063, 31.284171918500075 ], [ 121.499744358000029, 31.2841264461 ], [ 121.499668996000068, 31.283988741000091 ] ] ] } },
{ "type": "Feature", "properties": { "clean_id": 774, "Id": 0, "Floor": 1, "height": 3, "source_count": 1, "source_uids": "974" }, "geometry": { "type": "Polygon", "coordinates": [ [ [ 121.499970499000028, 31.283870492900068 ], [ 121.499668996000068, 31.283988741000091 ], [ 121.499744358000029, 31.2841264461 ], [ 121.500035093000065, 31.284008165899994 ], [ 121.499970499000028, 31.283870492900068 ] ] ] } },
{ "type": "Feature", "properties": { "clean_id": 775, "Id": 0, "Floor": 2, "height": 6, "source_count": 1, "source_uids": "975" }, "geometry": { "type": "Polygon", "coordinates": [ [ [ 121.500476553000013, 31.284137799199982 ], [ 121.50027196300006, 31.284210510600079 ], [ 121.500336556999954, 31.284339017799983 ], [ 121.500541148000011, 31.284257141100049 ], [ 121.500476553000013, 31.284137799199982 ] ] ] } },
{ "type": "Feature", "properties": { "clean_id": 776, "Id": 0, "Floor": 2, "height": 6, "source_count": 2, "source_uids": "976;984" }, "geometry": { "type": "Polygon", "coordinates": [ [ [ 121.500293485000157, 31.284366385000055 ], [ 121.50028271799998, 31.284357187500056 ], [ 121.500228890000017, 31.284237877800141 ], [ 121.500218123000082, 31.284228680299975 ], [ 121.499044416000075, 31.284674270300059 ], [ 121.49905518300001, 31.284683467800054 ], [ 121.498882894999952, 31.284756274400074 ], [ 121.498947490999967, 31.284866450700004 ], [ 121.499119779, 31.284802809399935 ], [ 121.499130544999943, 31.284821172100123 ], [ 121.500293485000157, 31.284366385000055 ] ] ] } },
{ "type": "Feature", "properties": { "clean_id": 777, "Id": 0, "Floor": 5, "height": 15, "source_count": 4, "source_uids": "977;993;987;980" }, "geometry": { "type": "Polygon", "coordinates": [ [ [ 121.499399705999977, 31.28517025620004 ], [ 121.499442777000027, 31.285161219700001 ], [ 121.499475079000021, 31.285170481600016 ], [ 121.499571991000039, 31.285124945199932 ], [ 121.499615054000174, 31.285216726200023 ], [ 121.499636586000065, 31.285253451400138 ], [ 121.499668884000016, 31.28530853930004 ], [ 121.499636580000015, 31.285317607900144 ], [ 121.499625814999959, 31.285290080100026 ], [ 121.499561199000155, 31.285418199800109 ], [ 121.499593501000049, 31.285418296399992 ], [ 121.499582731000146, 31.285454925000064 ], [ 121.499722707000146, 31.285492004200023 ], [ 121.499701174000037, 31.28545527910013 ], [ 121.499733479000142, 31.285437045200005 ], [ 121.499776543000181, 31.285510495500091 ], [ 121.499787307000133, 31.285547188500008 ], [ 121.499830371000144, 31.285629803900068 ], [ 121.499733459000126, 31.285666174900147 ], [ 121.499722689000123, 31.28569363830001 ], [ 121.499690385000136, 31.285711872000096 ], [ 121.499658083000114, 31.285702610300063 ], [ 121.499475027000017, 31.285775384300059 ], [ 121.499539624000022, 31.285885559499995 ], [ 121.500024182000061, 31.285694539400023 ], [ 121.499862694000043, 31.285391605500024 ], [ 121.499905766000083, 31.285373403800111 ], [ 121.499841170000096, 31.285254063000135 ], [ 121.499808868000073, 31.285253966500083 ], [ 121.49978733200011, 31.285253902100067 ], [ 121.499636610000039, 31.284969329400042 ], [ 121.499141284000089, 31.285160318000116 ], [ 121.499184346000106, 31.285252098999987 ], [ 121.499195112000052, 31.285270461700126 ], [ 121.499248952000144, 31.285252292300122 ], [ 121.499388936000173, 31.285197719599978 ], [ 121.499399705999977, 31.28517025620004 ] ] ] } },
{ "type": "Feature", "properties": { "clean_id": 778, "Id": 0, "Floor": 14, "height": 42, "source_count": 2, "source_uids": "978;979" }, "geometry": { "type": "Polygon", "coordinates": [ [ [ 121.499442777000027, 31.285161219700001 ], [ 121.499399705999977, 31.28517025620004 ], [ 121.499388936000173, 31.285197719599978 ], [ 121.499367396000139, 31.285252646499988 ], [ 121.499335087000063, 31.285325871600097 ], [ 121.499356619000082, 31.285362596800038 ], [ 121.499539663000064, 31.28542730060002 ], [ 121.499561199000155, 31.285418199800109 ], [ 121.499625814999959, 31.285290080100026 ], [ 121.499636586000065, 31.285253451400138 ], [ 121.499615054000174, 31.285216726200023 ], [ 121.499475079000021, 31.285170481600016 ], [ 121.499442777000027, 31.285161219700001 ] ] ] } },
{ "type": "Feature", "properties": { "clean_id": 779, "Id": 0, "Floor": 12, "height": 36, "source_count": 1, "source_uids": "981" }, "geometry": { "type": "Polygon", "coordinates": [ [ [ 121.499593501000049, 31.285418296399992 ], [ 121.499561199000155, 31.285418199800109 ], [ 121.499539663000064, 31.28542730060002 ], [ 121.499518125000122, 31.285454731799909 ], [ 121.499550427000031, 31.28546399359999 ], [ 121.499582731000146, 31.285454925000064 ], [ 121.499593501000049, 31.285418296399992 ] ] ] } },
{ "type": "Feature", "properties": { "clean_id": 780, "Id": 0, "Floor": 5, "height": 15, "source_count": 1, "source_uids": "982" }, "geometry": { "type": "Polygon", "coordinates": [ [ [ 121.49785999300002, 31.284478254500012 ], [ 121.49829071299996, 31.284314568800021 ], [ 121.498247648000074, 31.284241117500009 ], [ 121.498215345000077, 31.284250186100113 ], [ 121.498193812000068, 31.284213460399933 ], [ 121.49770925200005, 31.284404480799981 ], [ 121.497806145000041, 31.284588076500025 ], [ 121.497483105000128, 31.284715422899978 ], [ 121.49754770200002, 31.284825599400047 ], [ 121.497956885, 31.284671015300031 ], [ 121.49785999300002, 31.284478254500012 ] ] ] } },
{ "type": "Feature", "properties": { "clean_id": 781, "Id": 0, "Floor": 3, "height": 9, "source_count": 1, "source_uids": "983" }, "geometry": { "type": "Polygon", "coordinates": [ [ [ 121.498613718000129, 31.284590494100023 ], [ 121.498538356000168, 31.284452789400106 ], [ 121.498441445000026, 31.284489160500023 ], [ 121.498376837000123, 31.284516462900005 ], [ 121.498247620000043, 31.284571067800009 ], [ 121.498183013000144, 31.28458920489998 ], [ 121.498204544000032, 31.284635095799956 ], [ 121.498258373999988, 31.284736074800094 ], [ 121.498613718000129, 31.284590494100023 ] ] ] } },
{ "type": "Feature", "properties": { "clean_id": 782, "Id": 0, "Floor": 4, "height": 12, "source_count": 3, "source_uids": "985;988;986" }, "geometry": { "type": "Polygon", "coordinates": [ [ [ 121.498279886999967, 31.284992766200109 ], [ 121.497730716000092, 31.285247748300097 ], [ 121.497450746000041, 31.285375222699997 ], [ 121.497504575999983, 31.285467035900069 ], [ 121.497827618000102, 31.285321360100109 ], [ 121.497881448000157, 31.285422338599965 ], [ 121.497569173999977, 31.285568046499982 ], [ 121.49763377, 31.285678222199973 ], [ 121.497913741000048, 31.285541582800079 ], [ 121.497978337000063, 31.285651758399915 ], [ 121.498075249000081, 31.285615387900055 ], [ 121.498021418000135, 31.28553274 ], [ 121.498236778999967, 31.285432567600022 ], [ 121.498279844000095, 31.285496852899932 ], [ 121.498172164000039, 31.285542356499946 ], [ 121.498204463000079, 31.285588279200113 ], [ 121.497730669000148, 31.285797659600075 ], [ 121.497784498000101, 31.285907802700024 ], [ 121.498613638000165, 31.28553451280003 ], [ 121.498419844999958, 31.285249811500023 ], [ 121.498409079000012, 31.285231448799991 ], [ 121.498366006000083, 31.285249650300052 ], [ 121.497978357000079, 31.285422628700019 ], [ 121.497892226999966, 31.285284892800011 ], [ 121.49796760400011, 31.285248457600062 ], [ 121.49833371800004, 31.285084579700037 ], [ 121.498279886999967, 31.284992766200109 ] ] ] } },
{ "type": "Feature", "properties": { "clean_id": 783, "Id": 0, "Floor": 6, "height": 18, "source_count": 1, "source_uids": "989" }, "geometry": { "type": "Polygon", "coordinates": [ [ [ 121.499184238999987, 31.286507725700005 ], [ 121.499130409000145, 31.28641591350004 ], [ 121.498925817000099, 31.286497787500082 ], [ 121.49895811500005, 31.286552874700067 ], [ 121.498990415000094, 31.286589631800044 ], [ 121.499184238999987, 31.286507725700005 ] ] ] } },
{ "type": "Feature", "properties": { "clean_id": 784, "Id": 0, "Floor": 7, "height": 21, "source_count": 1, "source_uids": "990" }, "geometry": { "type": "Polygon", "coordinates": [ [ [ 121.49867817300003, 31.286368734900009 ], [ 121.498365898999964, 31.286514442000051 ], [ 121.498441261000153, 31.286642979000135 ], [ 121.498753534, 31.286506437099998 ], [ 121.49867817300003, 31.286368734900009 ] ] ] } },
{ "type": "Feature", "properties": { "clean_id": 785, "Id": 0, "Floor": 1, "height": 3, "source_count": 1, "source_uids": "991" }, "geometry": { "type": "Polygon", "coordinates": [ [ [ 121.498085945999946, 31.286449448200017 ], [ 121.497945961000028, 31.286513184800015 ], [ 121.497989026000127, 31.286577469500063 ], [ 121.498118243, 31.28651370070008 ], [ 121.498085945999946, 31.286449448200017 ] ] ] } },
{ "type": "Feature", "properties": { "clean_id": 786, "Id": 0, "Floor": 2, "height": 6, "source_count": 1, "source_uids": "992" }, "geometry": { "type": "Polygon", "coordinates": [ [ [ 121.499507341000026, 31.285647168500141 ], [ 121.499485807000056, 31.285628773800116 ], [ 121.499356619000082, 31.285362596800038 ], [ 121.499335087000063, 31.285325871600097 ], [ 121.499313556000075, 31.285270815899988 ], [ 121.498990516000063, 31.285407327700113 ], [ 121.499216598999979, 31.285838767600065 ], [ 121.499539639000091, 31.285702256200011 ], [ 121.499507341000026, 31.285647168500141 ] ] ] } },
{ "type": "Feature", "properties": { "clean_id": 787, "Id": 0, "Floor": 14, "height": 42, "source_count": 1, "source_uids": "994" }, "geometry": { "type": "Polygon", "coordinates": [ [ [ 121.499690385000136, 31.285711872000096 ], [ 121.499722689000123, 31.28569363830001 ], [ 121.499733459000126, 31.285666174900147 ], [ 121.499787307000133, 31.285547188500008 ], [ 121.499776543000181, 31.285510495500091 ], [ 121.499722707000146, 31.285492004200023 ], [ 121.499582731000146, 31.285454925000064 ], [ 121.499550427000031, 31.28546399359999 ], [ 121.499485807000056, 31.285628773800116 ], [ 121.499507341000026, 31.285647168500141 ], [ 121.499658083000114, 31.285702610300063 ], [ 121.499690385000136, 31.285711872000096 ] ] ] } },
{ "type": "Feature", "properties": { "clean_id": 788, "Id": 0, "Floor": 3, "height": 9, "source_count": 1, "source_uids": "995" }, "geometry": { "type": "Polygon", "coordinates": [ [ [ 121.499841083, 31.28628056180003 ], [ 121.49987338699998, 31.286262328100012 ], [ 121.500013371000023, 31.286207755700048 ], [ 121.501100932, 31.28578940649998 ], [ 121.501090166000054, 31.285771044100041 ], [ 121.501014803999965, 31.285642506700064 ], [ 121.501004038000019, 31.285624144200128 ], [ 121.500013387999957, 31.28600612269997 ], [ 121.499873404000041, 31.286069860300067 ], [ 121.499765724999975, 31.286106199000127 ], [ 121.499776491000148, 31.286124561500053 ], [ 121.499830317000146, 31.286262199400081 ], [ 121.499841083, 31.28628056180003 ] ] ] } },
{ "type": "Feature", "properties": { "clean_id": 789, "Id": 0, "Floor": 2, "height": 6, "source_count": 1, "source_uids": "996" }, "geometry": { "type": "Polygon", "coordinates": [ [ [ 121.499776491000148, 31.286124561500053 ], [ 121.499582666000038, 31.286215633399994 ], [ 121.499647262000053, 31.286334973200042 ], [ 121.499830317000146, 31.286262199400081 ], [ 121.499776491000148, 31.286124561500053 ] ] ] } },
{ "type": "Feature", "properties": { "clean_id": 790, "Id": 0, "Floor": 11, "height": 33, "source_count": 1, "source_uids": "997" }, "geometry": { "type": "Polygon", "coordinates": [ [ [ 121.500788608999969, 31.286530850400027 ], [ 121.500745544999972, 31.286457401000057 ], [ 121.500724015000074, 31.286402346000049 ], [ 121.500616335000032, 31.286447850100046 ], [ 121.500637866000034, 31.286493739900088 ], [ 121.500680930000058, 31.286576354400033 ], [ 121.500788608999969, 31.286530850400027 ] ] ] } },
{ "type": "Feature", "properties": { "clean_id": 791, "Id": 0, "Floor": 9, "height": 27, "source_count": 1, "source_uids": "998" }, "geometry": { "type": "Polygon", "coordinates": [ [ [ 121.499313442000144, 31.286618093300032 ], [ 121.499345739999967, 31.286673180500099 ], [ 121.499421116000121, 31.286636745500001 ], [ 121.499399583000013, 31.286609185800042 ], [ 121.499431887000028, 31.286600117300004 ], [ 121.499410355, 31.286554227400075 ], [ 121.499378052000111, 31.28656329590001 ], [ 121.499248858000101, 31.28636127710007 ], [ 121.499130409000145, 31.28641591350004 ], [ 121.499184238999987, 31.286507725700005 ], [ 121.499259600999949, 31.286645427600035 ], [ 121.499313442000144, 31.286618093300032 ] ] ] } },
{ "type": "Feature", "properties": { "clean_id": 792, "Id": 0, "Floor": 3, "height": 9, "source_count": 1, "source_uids": "999" }, "geometry": { "type": "Polygon", "coordinates": [ [ [ 121.500411722999942, 31.286786347600124 ], [ 121.500250203000064, 31.286850020600014 ], [ 121.500314799000094, 31.28696019440002 ], [ 121.500476318999958, 31.286896521400024 ], [ 121.500411722999942, 31.286786347600124 ] ] ] } },
{ "type": "Feature", "properties": { "clean_id": 793, "Id": 0, "Floor": 4, "height": 12, "source_count": 1, "source_uids": "1000" }, "geometry": { "type": "Polygon", "coordinates": [ [ [ 121.500314799000094, 31.28696019440002 ], [ 121.500250203000064, 31.286850020600014 ], [ 121.500228672000176, 31.286804130900126 ], [ 121.500142529000087, 31.286831368800048 ], [ 121.500174827000023, 31.286886455700095 ], [ 121.500228656, 31.286996597300114 ], [ 121.500314799000094, 31.28696019440002 ] ] ] } },
{ "type": "Feature", "properties": { "clean_id": 794, "Id": 0, "Floor": 3, "height": 9, "source_count": 1, "source_uids": "1001" }, "geometry": { "type": "Polygon", "coordinates": [ [ [ 121.499636441000121, 31.286958167100117 ], [ 121.499787192000113, 31.286903627400079 ], [ 121.499744130000067, 31.286811847900129 ], [ 121.499388788000161, 31.286939096500081 ], [ 121.499431849999951, 31.287030875899976 ], [ 121.49956106500008, 31.286985437000052 ], [ 121.499636441000121, 31.286958167100117 ] ] ] } },
{ "type": "Feature", "properties": { "clean_id": 795, "Id": 0, "Floor": 6, "height": 18, "source_count": 1, "source_uids": "1002" }, "geometry": { "type": "Polygon", "coordinates": [ [ [ 121.496384693, 31.286022756500074 ], [ 121.496320099000187, 31.285885085699995 ], [ 121.496535460000132, 31.285784914200121 ], [ 121.496503161999968, 31.285729826400026 ], [ 121.496158584000014, 31.28588460169998 ], [ 121.496180115000143, 31.285939657200061 ], [ 121.496137041999987, 31.285957858400018 ], [ 121.496212404000076, 31.286095561399978 ], [ 121.496363157, 31.286031857099996 ], [ 121.496384693, 31.286022756500074 ] ] ] } },
{ "type": "Feature", "properties": { "clean_id": 796, "Id": 0, "Floor": 4, "height": 12, "source_count": 1, "source_uids": "1003" }, "geometry": { "type": "Polygon", "coordinates": [ [ [ 121.497052298000085, 31.285896444500111 ], [ 121.496998458, 31.285923778700123 ], [ 121.497073818000089, 31.286079812000139 ], [ 121.49713842600012, 31.286052510100038 ], [ 121.497052298000085, 31.285896444500111 ] ] ] } },
{ "type": "Feature", "properties": { "clean_id": 797, "Id": 0, "Floor": 11, "height": 33, "source_count": 1, "source_uids": "1004" }, "geometry": { "type": "Polygon", "coordinates": [ [ [ 121.497493772, 31.285897766900128 ], [ 121.497439931000031, 31.285925101100077 ], [ 121.49713842600012, 31.286052510100038 ], [ 121.497073818000089, 31.286079812000139 ], [ 121.497030746000078, 31.28609801329997 ], [ 121.497095342000065, 31.286217353499918 ], [ 121.497569135000177, 31.286017139600062 ], [ 121.497493772, 31.285897766900128 ] ] ] } },
{ "type": "Feature", "properties": { "clean_id": 798, "Id": 0, "Floor": 5, "height": 15, "source_count": 1, "source_uids": "1005" }, "geometry": { "type": "Polygon", "coordinates": [ [ [ 121.496707697000048, 31.286326173700104 ], [ 121.496890754, 31.28624423600008 ], [ 121.496826157999976, 31.286124895800128 ], [ 121.496481580000122, 31.286279670600038 ], [ 121.496578475999968, 31.286435767900109 ], [ 121.496729228000163, 31.286372063799998 ], [ 121.496707697000048, 31.286326173700104 ] ] ] } },
{ "type": "Feature", "properties": { "clean_id": 799, "Id": 0, "Floor": 3, "height": 9, "source_count": 1, "source_uids": "1006" }, "geometry": { "type": "Polygon", "coordinates": [ [ [ 121.496406206000088, 31.286279444800076 ], [ 121.496320062000109, 31.286315847200054 ], [ 121.49644925400014, 31.286554527100115 ], [ 121.496535398000091, 31.286518124800072 ], [ 121.496406206000088, 31.286279444800076 ] ] ] } },
{ "type": "Feature", "properties": { "clean_id": 800, "Id": 0, "Floor": 3, "height": 9, "source_count": 1, "source_uids": "1007" }, "geometry": { "type": "Polygon", "coordinates": [ [ [ 121.497601381999971, 31.286677124700081 ], [ 121.497612149000133, 31.286686322100085 ], [ 121.497633684, 31.286695551600079 ], [ 121.497665987000119, 31.286695648399981 ], [ 121.497687522999968, 31.286686547800056 ], [ 121.497698290000031, 31.286686580000094 ], [ 121.497709059000158, 31.28667744720013 ], [ 121.497719826000093, 31.286677479399998 ], [ 121.497730595, 31.286668346600031 ], [ 121.49774136200007, 31.286668378800073 ], [ 121.49775213099997, 31.286659245999939 ], [ 121.497762899000023, 31.286650113200036 ], [ 121.497773668000036, 31.286640980300092 ], [ 121.497784436000074, 31.286631847500136 ], [ 121.497784437000192, 31.28662268239998 ], [ 121.497795206000077, 31.286604384400054 ], [ 121.497795206999967, 31.286595219300125 ], [ 121.49779520800007, 31.286586054200132 ], [ 121.497795209000188, 31.286567724 ], [ 121.497784442000125, 31.286558526700045 ], [ 121.497762908000027, 31.286549297100009 ], [ 121.497698302, 31.286549103600059 ], [ 121.497676766000055, 31.286558204299983 ], [ 121.497665997000126, 31.286567337100109 ], [ 121.497644462000039, 31.286567272600042 ], [ 121.497633694000015, 31.286576405499996 ], [ 121.497622924999959, 31.286594703400048 ], [ 121.497612156000073, 31.286603836299999 ], [ 121.497601388000021, 31.286612969100133 ], [ 121.497590618, 31.286631267000015 ], [ 121.497590617000142, 31.286649597199968 ], [ 121.497590616000025, 31.286658762300135 ], [ 121.497601381999971, 31.286677124700081 ] ] ] } },
{ "type": "Feature", "properties": { "clean_id": 801, "Id": 0, "Floor": 2, "height": 6, "source_count": 1, "source_uids": "1008" }, "geometry": { "type": "Polygon", "coordinates": [ [ [ 121.49774136200007, 31.286668378800073 ], [ 121.497730595, 31.286668346600031 ], [ 121.497719826000093, 31.286677479399998 ], [ 121.497709059000158, 31.28667744720013 ], [ 121.497719825, 31.286695809600129 ], [ 121.497752128000116, 31.286686741300056 ], [ 121.49774136200007, 31.286668378800073 ] ] ] } },
{ "type": "Feature", "properties": { "clean_id": 802, "Id": 0, "Floor": 8, "height": 24, "source_count": 1, "source_uids": "1009" }, "geometry": { "type": "Polygon", "coordinates": [ [ [ 121.497170644000121, 31.287051602599945 ], [ 121.49736447, 31.286960532600059 ], [ 121.49721374000012, 31.286758449499931 ], [ 121.496793784000033, 31.286958823000127 ], [ 121.496933746000082, 31.287170038599974 ], [ 121.497095268000066, 31.287088037 ], [ 121.497170644000121, 31.287051602599945 ] ] ] } },
{ "type": "Feature", "properties": { "clean_id": 803, "Id": 0, "Floor": 2, "height": 6, "source_count": 1, "source_uids": "1010" }, "geometry": { "type": "Polygon", "coordinates": [ [ [ 121.497170644000121, 31.287051602599945 ], [ 121.497095268000066, 31.287088037 ], [ 121.497149099, 31.287170683700133 ], [ 121.497224475000053, 31.287134249299925 ], [ 121.497170644000121, 31.287051602599945 ] ] ] } },
{ "type": "Feature", "properties": { "clean_id": 804, "Id": 0, "Floor": 6, "height": 18, "source_count": 1, "source_uids": "1011" }, "geometry": { "type": "Polygon", "coordinates": [ [ [ 121.497407533000128, 31.287043147100004 ], [ 121.497224475000053, 31.287134249299925 ], [ 121.497149099, 31.287170683700133 ], [ 121.496976810000106, 31.287243488 ], [ 121.497084472999973, 31.287408781100059 ], [ 121.497515197000098, 31.287199275399988 ], [ 121.497407533000128, 31.287043147100004 ] ] ] } },
{ "type": "Feature", "properties": { "clean_id": 805, "Id": 0, "Floor": 5, "height": 15, "source_count": 2, "source_uids": "1012;1013" }, "geometry": { "type": "Polygon", "coordinates": [ [ [ 121.49895811500005, 31.286552874700067 ], [ 121.498871971000071, 31.28658927740014 ], [ 121.498818132, 31.286607446499993 ], [ 121.49887196300007, 31.286690093399951 ], [ 121.499011947000113, 31.286626356599974 ], [ 121.498990415000094, 31.286589631800044 ], [ 121.49895811500005, 31.286552874700067 ] ] ] } },
{ "type": "Feature", "properties": { "clean_id": 806, "Id": 0, "Floor": 2, "height": 6, "source_count": 1, "source_uids": "1014" }, "geometry": { "type": "Polygon", "coordinates": [ [ [ 121.498290508999943, 31.286706683400094 ], [ 121.498290511000164, 31.286679188100038 ], [ 121.49827974699997, 31.286642495500132 ], [ 121.498258213999961, 31.286614935799999 ], [ 121.49823668, 31.286596541100039 ], [ 121.498204379000086, 31.286578114200044 ], [ 121.49815053600004, 31.286632943600072 ], [ 121.498215135000137, 31.286715622800113 ], [ 121.498279741000147, 31.286706651200056 ], [ 121.498290508999943, 31.286706683400094 ] ] ] } },
{ "type": "Feature", "properties": { "clean_id": 807, "Id": 0, "Floor": 6, "height": 18, "source_count": 2, "source_uids": "1015;1016" }, "geometry": { "type": "Polygon", "coordinates": [ [ [ 121.49887196300007, 31.286690093399951 ], [ 121.498818132, 31.286607446499993 ], [ 121.498796599000116, 31.286579886800041 ], [ 121.498764295, 31.286588955200092 ], [ 121.498742761, 31.286570560600129 ], [ 121.498699689000091, 31.28658876189996 ], [ 121.498796581999954, 31.286772353600039 ], [ 121.498871958, 31.286745083899977 ], [ 121.498893493999958, 31.286735983200007 ], [ 121.498871961000077, 31.286708423600082 ], [ 121.49887196300007, 31.286690093399951 ] ] ] } },
{ "type": "Feature", "properties": { "clean_id": 808, "Id": 0, "Floor": 6, "height": 18, "source_count": 1, "source_uids": "1017" }, "geometry": { "type": "Polygon", "coordinates": [ [ [ 121.498602769000044, 31.286725948199997 ], [ 121.498667377999936, 31.286689481200085 ], [ 121.49862431300005, 31.286625196700076 ], [ 121.498462792000041, 31.286698033999976 ], [ 121.498559686000121, 31.286872460500032 ], [ 121.498656599000029, 31.286826925200106 ], [ 121.498602769000044, 31.286725948199997 ] ] ] } },
{ "type": "Feature", "properties": { "clean_id": 809, "Id": 0, "Floor": 6, "height": 18, "source_count": 2, "source_uids": "1018;1020" }, "geometry": { "type": "Polygon", "coordinates": [ [ [ 121.499345739999967, 31.286673180500099 ], [ 121.499313442000144, 31.286618093300032 ], [ 121.499259600999949, 31.286645427600035 ], [ 121.498871953000048, 31.286809239400043 ], [ 121.498818111999981, 31.286836573600048 ], [ 121.498850410000173, 31.286900825700005 ], [ 121.498871946, 31.28689172510013 ], [ 121.499151914000095, 31.286773416700044 ], [ 121.49935650600014, 31.286691542800039 ], [ 121.499345739999967, 31.286673180500099 ] ] ] } },
{ "type": "Feature", "properties": { "clean_id": 810, "Id": 0, "Floor": 11, "height": 33, "source_count": 1, "source_uids": "1019" }, "geometry": { "type": "Polygon", "coordinates": [ [ [ 121.498247428000013, 31.286825700500117 ], [ 121.498322805000157, 31.286789265800049 ], [ 121.498279741000147, 31.286706651200056 ], [ 121.498215135000137, 31.286715622800113 ], [ 121.49815053600004, 31.286632943600072 ], [ 121.498204379000086, 31.286578114200044 ], [ 121.498150547000023, 31.286504632299959 ], [ 121.498118243, 31.28651370070008 ], [ 121.497989026000127, 31.286577469500063 ], [ 121.497752128000116, 31.286686741300056 ], [ 121.497719825, 31.286695809600129 ], [ 121.497644448000074, 31.286732244199985 ], [ 121.497816706000108, 31.287016877300008 ], [ 121.498182820000011, 31.28685300230001 ], [ 121.498247428000013, 31.286825700500117 ] ] ] } },
{ "type": "Feature", "properties": { "clean_id": 811, "Id": 0, "Floor": 4, "height": 12, "source_count": 1, "source_uids": "1021" }, "geometry": { "type": "Polygon", "coordinates": [ [ [ 121.498818111999981, 31.286836573600048 ], [ 121.498796579999976, 31.286799848800108 ], [ 121.498645828000122, 31.286863553300126 ], [ 121.498699657000103, 31.286973695199947 ], [ 121.498850410000173, 31.286900825700005 ], [ 121.498818111999981, 31.286836573600048 ] ] ] } },
{ "type": "Feature", "properties": { "clean_id": 812, "Id": 0, "Floor": 7, "height": 21, "source_count": 1, "source_uids": "1024" }, "geometry": { "type": "Polygon", "coordinates": [ [ [ 121.504503629000055, 31.283645691499995 ], [ 121.504460547000122, 31.283792209400012 ], [ 121.504588210488194, 31.28381975560211 ], [ 121.504590661589177, 31.283664470642474 ], [ 121.504503629000055, 31.283645691499995 ] ] ] } },
{ "type": "Feature", "properties": { "clean_id": 813, "Id": 0, "Floor": 7, "height": 21, "source_count": 1, "source_uids": "1025" }, "geometry": { "type": "Polygon", "coordinates": [ [ [ 121.504546667000113, 31.284012432700024 ], [ 121.504585070624003, 31.284018675877576 ], [ 121.504587498166686, 31.283864883410342 ], [ 121.504546667000113, 31.284012432700024 ] ] ] } },
{ "type": "Feature", "properties": { "clean_id": 814, "Id": 0, "Floor": 6, "height": 18, "source_count": 1, "source_uids": "1028" }, "geometry": { "type": "Polygon", "coordinates": [ [ [ 121.504546624, 31.284516524199947 ], [ 121.504395876, 31.284580234300108 ], [ 121.504438938000021, 31.284662849400092 ], [ 121.504575815750471, 31.284605001235057 ], [ 121.504576313243831, 31.284573483464431 ], [ 121.504546624, 31.284516524199947 ] ] ] } },
{ "type": "Feature", "properties": { "clean_id": 815, "Id": 0, "Floor": 6, "height": 18, "source_count": 1, "source_uids": "1029" }, "geometry": { "type": "Polygon", "coordinates": [ [ [ 121.504546600000026, 31.284800647499985 ], [ 121.504571959606096, 31.284849300112178 ], [ 121.504572903031828, 31.284789531124204 ], [ 121.504546600000026, 31.284800647499985 ] ] ] } },
{ "type": "Feature", "properties": { "clean_id": 816, "Id": 0, "Floor": 8, "height": 24, "source_count": 1, "source_uids": "1033" }, "geometry": { "type": "Polygon", "coordinates": [ [ [ 121.50443880399996, 31.286248428399915 ], [ 121.504492632000051, 31.2863494043001 ], [ 121.504548608393691, 31.286328672889539 ], [ 121.504550516734568, 31.286207773491956 ], [ 121.50443880399996, 31.286248428399915 ] ] ] } },
{ "type": "Feature", "properties": { "clean_id": 817, "Id": 0, "Floor": 7, "height": 21, "source_count": 1, "source_uids": "1034" }, "geometry": { "type": "Polygon", "coordinates": [ [ [ 121.504492579000058, 31.286972630499971 ], [ 121.504536951055769, 31.287067201924796 ], [ 121.504538717165033, 31.286955313345889 ], [ 121.504492579000058, 31.286972630499971 ] ] ] } },
{ "type": "Feature", "properties": { "clean_id": 818, "Id": 0, "Floor": 12, "height": 36, "source_count": 1, "source_uids": "1035" }, "geometry": { "type": "Polygon", "coordinates": [ [ [ 121.495103647000064, 31.282453614900085 ], [ 121.494532941999978, 31.282681041100034 ], [ 121.494586771000058, 31.282791187600139 ], [ 121.495168242, 31.282572959300005 ], [ 121.495103647000064, 31.282453614900085 ] ] ] } },
{ "type": "Feature", "properties": { "clean_id": 819, "Id": 0, "Floor": 10, "height": 30, "source_count": 1, "source_uids": "1036" }, "geometry": { "type": "Polygon", "coordinates": [ [ [ 121.494532941999978, 31.282681041100034 ], [ 121.494489877999968, 31.282607588500131 ], [ 121.494360661999949, 31.282662194000011 ], [ 121.494457555000068, 31.282845792999975 ], [ 121.494586771000058, 31.282791187600139 ], [ 121.494532941999978, 31.282681041100034 ] ] ] } },
{ "type": "Feature", "properties": { "clean_id": 820, "Id": 0, "Floor": 2, "height": 6, "source_count": 2, "source_uids": "1037;1040" }, "geometry": { "type": "Polygon", "coordinates": [ [ [ 121.493994558000068, 31.282716089900021 ], [ 121.494091452000021, 31.282890523300004 ], [ 121.494102218000094, 31.28290888640004 ], [ 121.493929931000153, 31.282972528200101 ], [ 121.493746875000056, 31.283045303200019 ], [ 121.493660731999967, 31.283072541399974 ], [ 121.493703795999977, 31.283145993600048 ], [ 121.494252962000132, 31.28293683430002 ], [ 121.494231431, 31.282890942699968 ], [ 121.49410223800011, 31.282670585300071 ], [ 121.493994558000068, 31.282716089900021 ] ] ] } },
{ "type": "Feature", "properties": { "clean_id": 821, "Id": 0, "Floor": 20, "height": 60, "source_count": 1, "source_uids": "1038" }, "geometry": { "type": "Polygon", "coordinates": [ [ [ 121.493994543000113, 31.282890232999932 ], [ 121.493940715000122, 31.282770921200036 ], [ 121.493854572000131, 31.282798159500043 ], [ 121.493833040000155, 31.282761433299974 ], [ 121.493649985000047, 31.282825043000056 ], [ 121.493671515000088, 31.282889265400062 ], [ 121.493973008000026, 31.282890168500103 ], [ 121.493994543000113, 31.282890232999932 ] ] ] } },
{ "type": "Feature", "properties": { "clean_id": 822, "Id": 0, "Floor": 20, "height": 60, "source_count": 1, "source_uids": "1039" }, "geometry": { "type": "Polygon", "coordinates": [ [ [ 121.493746875000056, 31.283045303200019 ], [ 121.493929931000153, 31.282972528200101 ], [ 121.4939084, 31.282917471200115 ], [ 121.493973008000026, 31.282890168500103 ], [ 121.493649980000086, 31.282889200900065 ], [ 121.49359614000015, 31.28290737050008 ], [ 121.493649968000113, 31.283026682099937 ], [ 121.493714576000116, 31.282999379399943 ], [ 121.493746875000056, 31.283045303200019 ] ] ] } },
{ "type": "Feature", "properties": { "clean_id": 823, "Id": 0, "Floor": 11, "height": 33, "source_count": 1, "source_uids": "1041" }, "geometry": { "type": "Polygon", "coordinates": [ [ [ 121.494608259999936, 31.283332010900107 ], [ 121.495114356000158, 31.283141054200033 ], [ 121.495049762000136, 31.283003379499917 ], [ 121.494403683000073, 31.283248909500006 ], [ 121.494489813000101, 31.283377482999938 ], [ 121.494565188000024, 31.283350212599945 ], [ 121.494608259999936, 31.283332010900107 ] ] ] } },
{ "type": "Feature", "properties": { "clean_id": 824, "Id": 0, "Floor": 5, "height": 15, "source_count": 1, "source_uids": "1042" }, "geometry": { "type": "Polygon", "coordinates": [ [ [ 121.49429598800009, 31.283468556000102 ], [ 121.494349824000082, 31.283487048000037 ], [ 121.494414431, 31.283478076200026 ], [ 121.494457504000152, 31.283441543799992 ], [ 121.494489813000101, 31.283377482999938 ], [ 121.494403683000073, 31.283248909500006 ], [ 121.494339077000063, 31.283248716000053 ], [ 121.494274468999947, 31.283266853200015 ], [ 121.49424216400007, 31.283294252600108 ], [ 121.494220625000025, 31.283340015000018 ], [ 121.494220620999968, 31.283385841799991 ], [ 121.494242152999945, 31.283431733200015 ], [ 121.49429598800009, 31.283468556000102 ] ] ] } },
{ "type": "Feature", "properties": { "clean_id": 825, "Id": 0, "Floor": 5, "height": 15, "source_count": 2, "source_uids": "1043;1066" }, "geometry": { "type": "Polygon", "coordinates": [ [ [ 121.494112943000118, 31.283403850000081 ], [ 121.494059112000073, 31.283321200300001 ], [ 121.493822217000115, 31.283412144500119 ], [ 121.493553016999968, 31.283521322700082 ], [ 121.493596081999968, 31.283594774599916 ], [ 121.493660688999967, 31.283576637300087 ], [ 121.493876003000082, 31.284026384000082 ], [ 121.494177506000014, 31.283908137900035 ], [ 121.494016020000018, 31.28357770170004 ], [ 121.493962191000165, 31.283467556 ], [ 121.494112943000118, 31.283403850000081 ] ] ] } },
{ "type": "Feature", "properties": { "clean_id": 826, "Id": 0, "Floor": 10, "height": 30, "source_count": 1, "source_uids": "1044" }, "geometry": { "type": "Polygon", "coordinates": [ [ [ 121.494608259999936, 31.283332010900107 ], [ 121.494565188000024, 31.283350212599945 ], [ 121.494651321999982, 31.283432959100082 ], [ 121.494371345, 31.2836520890001 ], [ 121.494414411999969, 31.283698044799962 ], [ 121.494726695000168, 31.283442350300103 ], [ 121.494608259999936, 31.283332010900107 ] ] ] } },
{ "type": "Feature", "properties": { "clean_id": 827, "Id": 0, "Floor": 8, "height": 24, "source_count": 5, "source_uids": "1046;1047;1048;1049;1050" }, "geometry": { "type": "Polygon", "coordinates": [ [ [ 121.495803509999973, 31.282849826100062 ], [ 121.495738913999958, 31.282730481899929 ], [ 121.495286659000044, 31.282894104400039 ], [ 121.495211283000131, 31.282921374800022 ], [ 121.495275878000029, 31.283049884100137 ], [ 121.495318942000026, 31.283123336400031 ], [ 121.495308170000158, 31.283178296500132 ], [ 121.49532970099996, 31.283224188000126 ], [ 121.495362002, 31.283251781000047 ], [ 121.49540507100015, 31.28327024080011 ], [ 121.495448142, 31.283261204500029 ], [ 121.495501982000064, 31.283243035100028 ], [ 121.49552352, 31.283215603400091 ], [ 121.495534291000112, 31.28317897409995 ], [ 121.495534294999985, 31.283133147099996 ], [ 121.495846577000066, 31.282895782199994 ], [ 121.495835809000027, 31.282895750000133 ], [ 121.495803509999973, 31.282849826100062 ] ] ] } },
{ "type": "Feature", "properties": { "clean_id": 828, "Id": 0, "Floor": 16, "height": 48, "source_count": 3, "source_uids": "1051;1052;1053" }, "geometry": { "type": "Polygon", "coordinates": [ [ [ 121.495943451000016, 31.283299350299998 ], [ 121.496040365000113, 31.283235483000116 ], [ 121.495965, 31.283134437799951 ], [ 121.495771171, 31.283271337899919 ], [ 121.495566580000073, 31.283334882500132 ], [ 121.495491204000018, 31.283362152800063 ], [ 121.495458901000134, 31.283371221299994 ], [ 121.495448131000117, 31.283398685200098 ], [ 121.495448129000138, 31.283417016000094 ], [ 121.495523490000096, 31.283563887699987 ], [ 121.495555794999973, 31.283545653800047 ], [ 121.495631171, 31.283518383500112 ], [ 121.495663466999986, 31.283591803200117 ], [ 121.496094188000043, 31.28341895190011 ], [ 121.496051124000019, 31.283345499800017 ], [ 121.495975748, 31.283372770100016 ], [ 121.495943451000016, 31.283299350299998 ] ] ] } },
{ "type": "Feature", "properties": { "clean_id": 829, "Id": 0, "Floor": 7, "height": 21, "source_count": 2, "source_uids": "1054;1075" }, "geometry": { "type": "Polygon", "coordinates": [ [ [ 121.496137234000017, 31.283712372500073 ], [ 121.496115702, 31.28366648120004 ], [ 121.496083405000164, 31.283602226900026 ], [ 121.495684988999969, 31.283747678699978 ], [ 121.495749585, 31.283867021700019 ], [ 121.495986481000045, 31.283776078199988 ], [ 121.49611569800004, 31.283721473300027 ], [ 121.496137234000017, 31.283712372500073 ] ] ] } },
{ "type": "Feature", "properties": { "clean_id": 830, "Id": 0, "Floor": 6, "height": 18, "source_count": 1, "source_uids": "1055" }, "geometry": { "type": "Polygon", "coordinates": [ [ [ 121.492207117, 31.282967370300071 ], [ 121.492196338999989, 31.283095653700123 ], [ 121.492379386000152, 31.28310536679999 ], [ 121.492390163999971, 31.282986248800054 ], [ 121.492207117, 31.282967370300071 ] ] ] } },
{ "type": "Feature", "properties": { "clean_id": 831, "Id": 0, "Floor": 18, "height": 54, "source_count": 2, "source_uids": "1056;1057" }, "geometry": { "type": "Polygon", "coordinates": [ [ [ 121.493423847000159, 31.283044335700136 ], [ 121.493391550000069, 31.282980081100103 ], [ 121.493359246000082, 31.282989149800017 ], [ 121.49320849500009, 31.283043690899994 ], [ 121.493186965000064, 31.282988633900001 ], [ 121.493111589000037, 31.283015904500015 ], [ 121.493165418, 31.283126050500066 ], [ 121.49310081, 31.283153353300058 ], [ 121.493133107000062, 31.28321760770012 ], [ 121.493316162000028, 31.283153998100044 ], [ 121.493337693000186, 31.28319988950005 ], [ 121.493359229000134, 31.283190788600105 ], [ 121.493423836000048, 31.283172651300049 ], [ 121.493370006999967, 31.283062505300006 ], [ 121.493423847000159, 31.283044335700136 ] ] ] } },
{ "type": "Feature", "properties": { "clean_id": 832, "Id": 0, "Floor": 18, "height": 54, "source_count": 1, "source_uids": "1058" }, "geometry": { "type": "Polygon", "coordinates": [ [ [ 121.492939290999985, 31.283217027500029 ], [ 121.49301466600015, 31.283189756900008 ], [ 121.492960837000055, 31.283079611000012 ], [ 121.493014677000033, 31.283061441399923 ], [ 121.492982380000171, 31.282997186800046 ], [ 121.492810093, 31.283060828900037 ], [ 121.492788562000101, 31.283005772000021 ], [ 121.492713187000163, 31.283033042599982 ], [ 121.492767016000016, 31.283143188600032 ], [ 121.492702408000028, 31.283170491400071 ], [ 121.492734704999961, 31.283234745800094 ], [ 121.492917758999965, 31.283171136000018 ], [ 121.492939290999985, 31.283217027500029 ] ] ] } },
{ "type": "Feature", "properties": { "clean_id": 833, "Id": 0, "Floor": 18, "height": 54, "source_count": 1, "source_uids": "1059" }, "geometry": { "type": "Polygon", "coordinates": [ [ [ 121.49257316399995, 31.283555050500006 ], [ 121.492648539000143, 31.283527780000036 ], [ 121.492627009000117, 31.283472723300019 ], [ 121.492594711000152, 31.283417634399989 ], [ 121.492648551000116, 31.283390299499956 ], [ 121.492616254000055, 31.283326045100129 ], [ 121.492443967000114, 31.283389687200103 ], [ 121.492422435999956, 31.283343795800086 ], [ 121.492347061000032, 31.283371066400093 ], [ 121.492400889000024, 31.28348121200008 ], [ 121.492325515000047, 31.283499317200096 ], [ 121.492357811000034, 31.283572736700084 ], [ 121.492551634000051, 31.283499993900012 ], [ 121.49257316399995, 31.283555050500006 ] ] ] } },
{ "type": "Feature", "properties": { "clean_id": 834, "Id": 0, "Floor": 4, "height": 12, "source_count": 2, "source_uids": "1060;1061" }, "geometry": { "type": "Polygon", "coordinates": [ [ [ 121.493488412000048, 31.283521129199926 ], [ 121.493359196000029, 31.283575734400134 ], [ 121.493025389999943, 31.283703049899945 ], [ 121.493068453999982, 31.283776501600126 ], [ 121.49315458, 31.283950900800107 ], [ 121.49335917000009, 31.283878190800124 ], [ 121.493617600999983, 31.283778145999975 ], [ 121.493542241, 31.28362210939996 ], [ 121.493488412000048, 31.283521129199926 ] ] ] } },
{ "type": "Feature", "properties": { "clean_id": 835, "Id": 0, "Floor": 1, "height": 3, "source_count": 1, "source_uids": "1062" }, "geometry": { "type": "Polygon", "coordinates": [ [ [ 121.49268080800006, 31.28392198649999 ], [ 121.492745416000048, 31.283894683900026 ], [ 121.492777714999974, 31.283940607199995 ], [ 121.492971538000134, 31.283867864800012 ], [ 121.492950006000115, 31.283831138999975 ], [ 121.493068453999982, 31.283776501600126 ], [ 121.493025389999943, 31.283703049899945 ], [ 121.492379314000132, 31.283957745500057 ], [ 121.492443909000031, 31.284077088 ], [ 121.492713106999986, 31.283967909800026 ], [ 121.49268080800006, 31.28392198649999 ] ] ] } },
{ "type": "Feature", "properties": { "clean_id": 836, "Id": 0, "Floor": 5, "height": 15, "source_count": 2, "source_uids": "1063;1085" }, "geometry": { "type": "Polygon", "coordinates": [ [ [ 121.493359103000103, 31.284666406399939 ], [ 121.493316030999964, 31.284684607899973 ], [ 121.493359096999939, 31.284739728499968 ], [ 121.493628295, 31.284639716800086 ], [ 121.493606764999967, 31.284584660699981 ], [ 121.493359103000103, 31.284666406399939 ] ] ] } },
{ "type": "Feature", "properties": { "clean_id": 837, "Id": 0, "Floor": 4, "height": 12, "source_count": 1, "source_uids": "1064" }, "geometry": { "type": "Polygon", "coordinates": [ [ [ 121.49317607, 31.284482552800061 ], [ 121.492788424999972, 31.284618871400024 ], [ 121.49292838099997, 31.284885082900132 ], [ 121.493305257999964, 31.284748732500017 ], [ 121.49317607, 31.284482552800061 ] ] ] } },
{ "type": "Feature", "properties": { "clean_id": 838, "Id": 0, "Floor": 12, "height": 36, "source_count": 1, "source_uids": "1065" }, "geometry": { "type": "Polygon", "coordinates": [ [ [ 121.494726695000168, 31.283442350300103 ], [ 121.494414411999969, 31.283698044799962 ], [ 121.494479012000184, 31.283762395800061 ], [ 121.494791295000155, 31.28350670150002 ], [ 121.494726695000168, 31.283442350300103 ] ] ] } },
{ "type": "Feature", "properties": { "clean_id": 839, "Id": 0, "Floor": 3, "height": 9, "source_count": 1, "source_uids": "1067" }, "geometry": { "type": "Polygon", "coordinates": [ [ [ 121.493768329999966, 31.283989400200021 ], [ 121.493800627000027, 31.284053654200026 ], [ 121.493876003000082, 31.284026384000082 ], [ 121.493660688999967, 31.283576637300087 ], [ 121.493596081999968, 31.283594774599916 ], [ 121.493542241, 31.28362210939996 ], [ 121.493617600999983, 31.283778145999975 ], [ 121.493736025000089, 31.284007633999924 ], [ 121.493768329999966, 31.283989400200021 ] ] ] } },
{ "type": "Feature", "properties": { "clean_id": 840, "Id": 0, "Floor": 4, "height": 12, "source_count": 1, "source_uids": "1068" }, "geometry": { "type": "Polygon", "coordinates": [ [ [ 121.494414401999975, 31.283817194300003 ], [ 121.494274417000156, 31.28388093220013 ], [ 121.494295947999959, 31.283935988700144 ], [ 121.494220572000032, 31.283963258900087 ], [ 121.494263635000152, 31.284045875800071 ], [ 121.494489763000047, 31.283954900100014 ], [ 121.494414401999975, 31.283817194300003 ] ] ] } },
{ "type": "Feature", "properties": { "clean_id": 841, "Id": 0, "Floor": 6, "height": 18, "source_count": 1, "source_uids": "1069" }, "geometry": { "type": "Polygon", "coordinates": [ [ [ 121.493994405999956, 31.284503334299934 ], [ 121.493919044, 31.284374794499964 ], [ 121.493563700999971, 31.284502044199993 ], [ 121.493606764999967, 31.284584660699981 ], [ 121.493628295, 31.284639716800086 ], [ 121.493994405999956, 31.284503334299934 ] ] ] } },
{ "type": "Feature", "properties": { "clean_id": 842, "Id": 0, "Floor": 8, "height": 24, "source_count": 1, "source_uids": "1070" }, "geometry": { "type": "Polygon", "coordinates": [ [ [ 121.494543527000019, 31.284825763700105 ], [ 121.49417741600007, 31.284962145500003 ], [ 121.494220478000116, 31.285063092100081 ], [ 121.494715806000059, 31.284872106100064 ], [ 121.49457585100005, 31.284578398400125 ], [ 121.494661995000129, 31.284551160700058 ], [ 121.494608166000148, 31.284441016100111 ], [ 121.494371270000087, 31.284531959100097 ], [ 121.494317442000124, 31.284421814499975 ], [ 121.494543570000133, 31.284330839000113 ], [ 121.494478974000117, 31.284211496599987 ], [ 121.494091326, 31.284366145300051 ], [ 121.494145154000094, 31.284485455299997 ], [ 121.494285138000123, 31.284430883000088 ], [ 121.494360498999981, 31.28457775319999 ], [ 121.494058995000159, 31.284695998500126 ], [ 121.494102058000067, 31.28478778 ], [ 121.494457399999988, 31.284660531000046 ], [ 121.494543527000019, 31.284825763700105 ] ] ] } },
{ "type": "Feature", "properties": { "clean_id": 843, "Id": 0, "Floor": 6, "height": 18, "source_count": 1, "source_uids": "1071" }, "geometry": { "type": "Polygon", "coordinates": [ [ [ 121.493832861999977, 31.284851130399947 ], [ 121.493811329000096, 31.284823570199983 ], [ 121.493789795, 31.284814340399922 ], [ 121.493757492, 31.284814243700051 ], [ 121.493434454000081, 31.2849324244001 ], [ 121.493369846000078, 31.284959726600114 ], [ 121.493477506000104, 31.285143353700118 ], [ 121.493897457000131, 31.284979637300005 ], [ 121.493832861999977, 31.284851130399947 ] ] ] } },
{ "type": "Feature", "properties": { "clean_id": 844, "Id": 0, "Floor": 9, "height": 27, "source_count": 2, "source_uids": "1072;1074" }, "geometry": { "type": "Polygon", "coordinates": [ [ [ 121.493951295999977, 31.284961468099997 ], [ 121.493897457000131, 31.284979637300005 ], [ 121.493477506000104, 31.285143353700118 ], [ 121.49340213000005, 31.285179788800004 ], [ 121.493423660000076, 31.28523484460009 ], [ 121.493466724000086, 31.285317460499975 ], [ 121.493682083000067, 31.28523561859998 ], [ 121.494015890000014, 31.2851083053 ], [ 121.493951295999977, 31.284961468099997 ] ] ] } },
{ "type": "Feature", "properties": { "clean_id": 845, "Id": 0, "Floor": 5, "height": 15, "source_count": 6, "source_uids": "1073;1095;1096;1101;1106;1127" }, "geometry": { "type": "Polygon", "coordinates": [ [ [ 121.494295840000078, 31.285200796200119 ], [ 121.494317372000069, 31.285237521600035 ], [ 121.4944465640001, 31.28546703879999 ], [ 121.494425028000137, 31.285476139500076 ], [ 121.494500388999981, 31.285623008300043 ], [ 121.494521925000072, 31.285613907600119 ], [ 121.494769541999986, 31.286063742500119 ], [ 121.494748006000023, 31.286072843100037 ], [ 121.494823367, 31.286219711100088 ], [ 121.494844904000047, 31.286201445300037 ], [ 121.495027927000024, 31.286513607699987 ], [ 121.495523256000084, 31.286313459500086 ], [ 121.495458661000157, 31.286184954199999 ], [ 121.495092549, 31.286330499200073 ], [ 121.494984888999952, 31.286137708900071 ], [ 121.494898758999966, 31.285999973600095 ], [ 121.494823398, 31.28586227049999 ], [ 121.495211047, 31.285698459099983 ], [ 121.495146450999968, 31.285579118200129 ], [ 121.494758802999968, 31.285733764600032 ], [ 121.494661909999977, 31.285550170700109 ], [ 121.494586549000019, 31.285403301800109 ], [ 121.494511187000057, 31.285265597900093 ], [ 121.494575795000074, 31.285238295900005 ], [ 121.494898836999937, 31.285092620200029 ], [ 121.494834241000149, 31.284973278599985 ], [ 121.494295840000078, 31.285200796200119 ] ] ] } },
{ "type": "Feature", "properties": { "clean_id": 846, "Id": 0, "Floor": 5, "height": 15, "source_count": 2, "source_uids": "1076;1077" }, "geometry": { "type": "Polygon", "coordinates": [ [ [ 121.49611569800004, 31.283721473300027 ], [ 121.495986481000045, 31.283776078199988 ], [ 121.49601877900011, 31.283840332400018 ], [ 121.496115691000114, 31.28380396140011 ], [ 121.49616953099995, 31.283776626700096 ], [ 121.496137234000017, 31.283712372500073 ], [ 121.49611569800004, 31.283721473300027 ] ] ] } },
{ "type": "Feature", "properties": { "clean_id": 847, "Id": 0, "Floor": 8, "height": 24, "source_count": 1, "source_uids": "1079" }, "geometry": { "type": "Polygon", "coordinates": [ [ [ 121.495631109, 31.2842424448001 ], [ 121.49602952500004, 31.284087828400057 ], [ 121.495964929000024, 31.283968485600052 ], [ 121.495631120999974, 31.284095799900122 ], [ 121.495555760000016, 31.283948928899978 ], [ 121.495749585, 31.283867021700019 ], [ 121.495684988999969, 31.283747678699978 ], [ 121.495372717000123, 31.283865892400005 ], [ 121.495544972000062, 31.284196360199932 ], [ 121.49559881100015, 31.2841781909001 ], [ 121.495631109, 31.2842424448001 ] ] ] } },
{ "type": "Feature", "properties": { "clean_id": 848, "Id": 0, "Floor": 8, "height": 24, "source_count": 1, "source_uids": "1080" }, "geometry": { "type": "Polygon", "coordinates": [ [ [ 121.495146563000048, 31.284268488700103 ], [ 121.494715842000019, 31.284441338699995 ], [ 121.494780438000035, 31.284560680899975 ], [ 121.495200389000061, 31.28440612939999 ], [ 121.495254218000014, 31.284516274100096 ], [ 121.494834266, 31.284679990700059 ], [ 121.494888094000089, 31.284799300300111 ], [ 121.495351118000045, 31.284617382500013 ], [ 121.495243461000101, 31.284387927900124 ], [ 121.495448053000146, 31.284306053400087 ], [ 121.4954049910001, 31.284205106000115 ], [ 121.49518963200012, 31.284277783100041 ], [ 121.495103507000053, 31.284094218900059 ], [ 121.495297331000074, 31.284012311799984 ], [ 121.495232735000059, 31.283902134299929 ], [ 121.49459742100008, 31.284175190299997 ], [ 121.494662017999985, 31.284276202099988 ], [ 121.49507120300008, 31.284103287399986 ], [ 121.495146563000048, 31.284268488700103 ] ] ] } },
{ "type": "Feature", "properties": { "clean_id": 849, "Id": 0, "Floor": 7, "height": 21, "source_count": 1, "source_uids": "1082" }, "geometry": { "type": "Polygon", "coordinates": [ [ [ 121.495372642000021, 31.284745760699984 ], [ 121.494898848000048, 31.284955141699978 ], [ 121.494963444999939, 31.28506531810007 ], [ 121.495437238, 31.284865102600058 ], [ 121.495372642000021, 31.284745760699984 ] ] ] } },
{ "type": "Feature", "properties": { "clean_id": 850, "Id": 0, "Floor": 4, "height": 12, "source_count": 1, "source_uids": "1083" }, "geometry": { "type": "Polygon", "coordinates": [ [ [ 121.495491066, 31.284984411999915 ], [ 121.495351081000095, 31.285057314399978 ], [ 121.495447975000175, 31.28522257880002 ], [ 121.495598729, 31.285149708800024 ], [ 121.495491066, 31.284984411999915 ] ] ] } },
{ "type": "Feature", "properties": { "clean_id": 851, "Id": 0, "Floor": 7, "height": 21, "source_count": 2, "source_uids": "1084;1125" }, "geometry": { "type": "Polygon", "coordinates": [ [ [ 121.496115506000024, 31.285966958999946 ], [ 121.495997058000157, 31.286012429900101 ], [ 121.496029357000111, 31.286067517499976 ], [ 121.49596474800002, 31.286094819400088 ], [ 121.496007811000027, 31.286186599800089 ], [ 121.496115492000058, 31.286141096700124 ], [ 121.496212404000076, 31.286095561399978 ], [ 121.496137041999987, 31.285957858400018 ], [ 121.496115506000024, 31.285966958999946 ] ] ] } },
{ "type": "Feature", "properties": { "clean_id": 852, "Id": 0, "Floor": 4, "height": 12, "source_count": 2, "source_uids": "1086;1087" }, "geometry": { "type": "Polygon", "coordinates": [ [ [ 121.493337534000034, 31.285060447499976 ], [ 121.493359066000039, 31.285097172900119 ], [ 121.49340213000005, 31.285179788800004 ], [ 121.493477506000104, 31.285143353700118 ], [ 121.493369846000078, 31.284959726600114 ], [ 121.493434454000081, 31.2849324244001 ], [ 121.493402155000126, 31.284877336199997 ], [ 121.493359082999987, 31.284895537700038 ], [ 121.492992973000014, 31.285041085300119 ], [ 121.493025269, 31.285114503800003 ], [ 121.493089876999989, 31.285087201600057 ], [ 121.493122175000053, 31.285142289600003 ], [ 121.493337534000034, 31.285060447499976 ] ] ] } },
{ "type": "Feature", "properties": { "clean_id": 853, "Id": 0, "Floor": 15, "height": 45, "source_count": 1, "source_uids": "1088" }, "geometry": { "type": "Polygon", "coordinates": [ [ [ 121.492788386000029, 31.28507713379997 ], [ 121.49270224500016, 31.285076875900131 ], [ 121.492702250999983, 31.285012719300077 ], [ 121.49249766700008, 31.285012107 ], [ 121.49249766100003, 31.285076263600036 ], [ 121.492400753000084, 31.285075973600044 ], [ 121.492400743000061, 31.285195121500124 ], [ 121.492788376000021, 31.285196281600001 ], [ 121.492788386000029, 31.28507713379997 ] ] ] } },
{ "type": "Feature", "properties": { "clean_id": 854, "Id": 0, "Floor": 5, "height": 15, "source_count": 2, "source_uids": "1089;1090" }, "geometry": { "type": "Polygon", "coordinates": [ [ [ 121.493240615999966, 31.28517930520001 ], [ 121.493089865000016, 31.285233845100095 ], [ 121.493154460000142, 31.285353186200101 ], [ 121.493294443000096, 31.285307779399993 ], [ 121.493262146, 31.28523436090012 ], [ 121.493240615999966, 31.28517930520001 ] ] ] } },
{ "type": "Feature", "properties": { "clean_id": 855, "Id": 0, "Floor": 6, "height": 18, "source_count": 1, "source_uids": "1091" }, "geometry": { "type": "Polygon", "coordinates": [ [ [ 121.492605314, 31.285351542300134 ], [ 121.492443795000085, 31.285415215300016 ], [ 121.492497623999938, 31.285516193600024 ], [ 121.492659142999983, 31.285452520600018 ], [ 121.492605314, 31.285351542300134 ] ] ] } },
{ "type": "Feature", "properties": { "clean_id": 856, "Id": 0, "Floor": 6, "height": 18, "source_count": 1, "source_uids": "1092" }, "geometry": { "type": "Polygon", "coordinates": [ [ [ 121.492594510000018, 31.285773108500052 ], [ 121.492626814, 31.285764040099995 ], [ 121.492648345000148, 31.285809930300051 ], [ 121.492928311, 31.285700786400067 ], [ 121.492949843000019, 31.285737511500024 ], [ 121.493025219000074, 31.285701076500118 ], [ 121.49307905900001, 31.285682907300092 ], [ 121.492992932000107, 31.285517676200012 ], [ 121.492863716999977, 31.285563115300132 ], [ 121.492799120000086, 31.285462104800104 ], [ 121.49255145799998, 31.285562180600035 ], [ 121.492616052000017, 31.285690686500008 ], [ 121.492572977000137, 31.285745548600062 ], [ 121.492594510000018, 31.285773108500052 ] ] ] } },
{ "type": "Feature", "properties": { "clean_id": 857, "Id": 0, "Floor": 2, "height": 6, "source_count": 1, "source_uids": "1093" }, "geometry": { "type": "Polygon", "coordinates": [ [ [ 121.493025219000074, 31.285701076500118 ], [ 121.492949843000019, 31.285737511500024 ], [ 121.492928311, 31.285700786400067 ], [ 121.492648345000148, 31.285809930300051 ], [ 121.492626814, 31.285764040099995 ], [ 121.492594510000018, 31.285773108500052 ], [ 121.492680637000149, 31.285938339200133 ], [ 121.493079050000119, 31.285783724200016 ], [ 121.493025219000074, 31.285701076500118 ] ] ] } },
{ "type": "Feature", "properties": { "clean_id": 858, "Id": 0, "Floor": 5, "height": 15, "source_count": 1, "source_uids": "1094" }, "geometry": { "type": "Polygon", "coordinates": [ [ [ 121.492852902999957, 31.28611299260012 ], [ 121.492949814999974, 31.286067457100103 ], [ 121.492895986000121, 31.285966479299926 ], [ 121.492723698000077, 31.286039284800097 ], [ 121.492766762999977, 31.286103569699947 ], [ 121.492831370999966, 31.286076267599981 ], [ 121.492852902999957, 31.28611299260012 ] ] ] } },
{ "type": "Feature", "properties": { "clean_id": 859, "Id": 0, "Floor": 4, "height": 12, "source_count": 2, "source_uids": "1097;1099" }, "geometry": { "type": "Polygon", "coordinates": [ [ [ 121.494080457000109, 31.285557593900073 ], [ 121.494015861000094, 31.285438252900057 ], [ 121.493692820999982, 31.28557476310004 ], [ 121.493369780999942, 31.285720438499922 ], [ 121.493434376999971, 31.285830614000126 ], [ 121.493552824000062, 31.285785142900014 ], [ 121.493768185000036, 31.285684971000077 ], [ 121.493735885999982, 31.285648213600105 ], [ 121.493789726000145, 31.285620879299991 ], [ 121.4938220250001, 31.285666801900099 ], [ 121.494080457000109, 31.285557593900073 ] ] ] } },
{ "type": "Feature", "properties": { "clean_id": 860, "Id": 0, "Floor": 6, "height": 18, "source_count": 1, "source_uids": "1098" }, "geometry": { "type": "Polygon", "coordinates": [ [ [ 121.494037381999988, 31.285612456000035 ], [ 121.493886630000148, 31.285676160600023 ], [ 121.493940459999962, 31.285767973600056 ], [ 121.494091210999954, 31.285713434200026 ], [ 121.494037381999988, 31.285612456000035 ] ] ] } },
{ "type": "Feature", "properties": { "clean_id": 861, "Id": 0, "Floor": 4, "height": 12, "source_count": 1, "source_uids": "1100" }, "geometry": { "type": "Polygon", "coordinates": [ [ [ 121.494360393999955, 31.285805892300065 ], [ 121.49423120500002, 31.285539715099954 ], [ 121.494037381999988, 31.285612456000035 ], [ 121.494091210999954, 31.285713434200026 ], [ 121.4941773380001, 31.285878665200123 ], [ 121.494360393999955, 31.285805892300065 ] ] ] } },
{ "type": "Feature", "properties": { "clean_id": 862, "Id": 0, "Floor": 4, "height": 12, "source_count": 1, "source_uids": "1102" }, "geometry": { "type": "Polygon", "coordinates": [ [ [ 121.493725109000025, 31.285758163399976 ], [ 121.493628196000017, 31.285803698999988 ], [ 121.493703558000107, 31.285932236900127 ], [ 121.493800470999986, 31.285886701400088 ], [ 121.493725109000025, 31.285758163399976 ] ] ] } },
{ "type": "Feature", "properties": { "clean_id": 863, "Id": 0, "Floor": 5, "height": 15, "source_count": 1, "source_uids": "1103" }, "geometry": { "type": "Polygon", "coordinates": [ [ [ 121.494058899000152, 31.285823319400045 ], [ 121.493703555000039, 31.285978062699993 ], [ 121.493757384999981, 31.28606987540001 ], [ 121.494112729000108, 31.285924297400008 ], [ 121.494058899000152, 31.285823319400045 ] ] ] } },
{ "type": "Feature", "properties": { "clean_id": 864, "Id": 0, "Floor": 5, "height": 15, "source_count": 1, "source_uids": "1104" }, "geometry": { "type": "Polygon", "coordinates": [ [ [ 121.493552824000062, 31.285785142900014 ], [ 121.493434376999971, 31.285830614000126 ], [ 121.493606632, 31.286142745000106 ], [ 121.493725080000104, 31.286097273999978 ], [ 121.493552824000062, 31.285785142900014 ] ] ] } },
{ "type": "Feature", "properties": { "clean_id": 865, "Id": 0, "Floor": 6, "height": 18, "source_count": 1, "source_uids": "1105" }, "geometry": { "type": "Polygon", "coordinates": [ [ [ 121.494048098000022, 31.286217388400015 ], [ 121.494101937999986, 31.286199219400032 ], [ 121.494543427000053, 31.286008074100096 ], [ 121.494468063, 31.285888701300113 ], [ 121.493940429999952, 31.286116249400088 ], [ 121.493972728000017, 31.286180502100144 ], [ 121.494015800000057, 31.286162300800129 ], [ 121.494048098000022, 31.286217388400015 ] ] ] } },
{ "type": "Feature", "properties": { "clean_id": 866, "Id": 0, "Floor": 2, "height": 6, "source_count": 1, "source_uids": "1107" }, "geometry": { "type": "Polygon", "coordinates": [ [ [ 121.494101937999986, 31.286199219400032 ], [ 121.494048098000022, 31.286217388400015 ], [ 121.494015800000057, 31.286162300800129 ], [ 121.493972728000017, 31.286180502100144 ], [ 121.493865047999975, 31.286226005200092 ], [ 121.493929643000115, 31.286345345200001 ], [ 121.494134235000146, 31.286263472000073 ], [ 121.494101937999986, 31.286199219400032 ] ] ] } },
{ "type": "Feature", "properties": { "clean_id": 867, "Id": 0, "Floor": 4, "height": 12, "source_count": 1, "source_uids": "1108" }, "geometry": { "type": "Polygon", "coordinates": [ [ [ 121.494672601000062, 31.28644838730003 ], [ 121.494780281000089, 31.286402884400115 ], [ 121.494704918000039, 31.286274346899969 ], [ 121.494597237999969, 31.286319849900114 ], [ 121.494629536000161, 31.286384102499987 ], [ 121.494295727, 31.286529744100115 ], [ 121.494349556999978, 31.286621556400064 ], [ 121.494683365000114, 31.28648507999992 ], [ 121.494672601000062, 31.28644838730003 ] ] ] } },
{ "type": "Feature", "properties": { "clean_id": 868, "Id": 0, "Floor": 4, "height": 12, "source_count": 2, "source_uids": "1109;1121" }, "geometry": { "type": "Polygon", "coordinates": [ [ [ 121.493358937000153, 31.286609424000115 ], [ 121.493294329000037, 31.286636725900056 ], [ 121.493358926000042, 31.286737735299987 ], [ 121.493358927000131, 31.286728570200015 ], [ 121.49380041500001, 31.286537425499944 ], [ 121.493746585000068, 31.286445613199991 ], [ 121.493358937000153, 31.286609424000115 ] ] ] } },
{ "type": "Feature", "properties": { "clean_id": 869, "Id": 0, "Floor": 2, "height": 6, "source_count": 1, "source_uids": "1110" }, "geometry": { "type": "Polygon", "coordinates": [ [ [ 121.49396190799996, 31.286794531700139 ], [ 121.493951142000014, 31.286776169300129 ], [ 121.493929609000034, 31.286748609600011 ], [ 121.493897308, 31.286730182600024 ], [ 121.493875772000138, 31.28673928320012 ], [ 121.493757323999944, 31.286784753800013 ], [ 121.493821921000063, 31.286885763099974 ], [ 121.493961905000106, 31.286822026899976 ], [ 121.49396190799996, 31.286794531700139 ] ] ] } },
{ "type": "Feature", "properties": { "clean_id": 870, "Id": 0, "Floor": 11, "height": 33, "source_count": 1, "source_uids": "1111" }, "geometry": { "type": "Polygon", "coordinates": [ [ [ 121.493585024000041, 31.286995034400086 ], [ 121.493821921000063, 31.286885763099974 ], [ 121.493757323999944, 31.286784753800013 ], [ 121.493358907000129, 31.286966861999986 ], [ 121.493423504000035, 31.287067871100138 ], [ 121.493531184999938, 31.287013203300027 ], [ 121.493585024000041, 31.286995034400086 ] ] ] } },
{ "type": "Feature", "properties": { "clean_id": 871, "Id": 0, "Floor": 5, "height": 15, "source_count": 1, "source_uids": "1112" }, "geometry": { "type": "Polygon", "coordinates": [ [ [ 121.494220313000142, 31.287006102400078 ], [ 121.494144950000077, 31.286877565700095 ], [ 121.49416648600004, 31.286868465199976 ], [ 121.494080358000033, 31.286721565899931 ], [ 121.494004981000117, 31.286758000399967 ], [ 121.494069577000133, 31.286877339900062 ], [ 121.493725000000154, 31.287032113900064 ], [ 121.493821895, 31.287188210000018 ], [ 121.494112632000011, 31.287060770199957 ], [ 121.494220313000142, 31.287006102400078 ] ] ] } },
{ "type": "Feature", "properties": { "clean_id": 872, "Id": 0, "Floor": 1, "height": 3, "source_count": 1, "source_uids": "1113" }, "geometry": { "type": "Polygon", "coordinates": [ [ [ 121.493585024000041, 31.286995034400086 ], [ 121.493531184999938, 31.287013203300027 ], [ 121.493552716000053, 31.287059093000092 ], [ 121.493606555000156, 31.287040924200141 ], [ 121.493585024000041, 31.286995034400086 ] ] ] } },
{ "type": "Feature", "properties": { "clean_id": 873, "Id": 0, "Floor": 2, "height": 6, "source_count": 1, "source_uids": "1114" }, "geometry": { "type": "Polygon", "coordinates": [ [ [ 121.494220313000142, 31.287006102400078 ], [ 121.494112632000011, 31.287060770199957 ], [ 121.49415569700011, 31.287125054499981 ], [ 121.494263378000028, 31.28707038680011 ], [ 121.494220313000142, 31.287006102400078 ] ] ] } },
{ "type": "Feature", "properties": { "clean_id": 874, "Id": 0, "Floor": 5, "height": 15, "source_count": 1, "source_uids": "1115" }, "geometry": { "type": "Polygon", "coordinates": [ [ [ 121.493229767999978, 31.286114121000086 ], [ 121.49308980900004, 31.285884573200111 ], [ 121.492939058000047, 31.285948277900104 ], [ 121.493003652000084, 31.286076783399992 ], [ 121.492842132999954, 31.28614045580003 ], [ 121.492852898000024, 31.286167983400112 ], [ 121.492906728000108, 31.286259795899916 ], [ 121.493229767999978, 31.286114121000086 ] ] ] } },
{ "type": "Feature", "properties": { "clean_id": 875, "Id": 0, "Floor": 6, "height": 18, "source_count": 1, "source_uids": "1116" }, "geometry": { "type": "Polygon", "coordinates": [ [ [ 121.492583689999947, 31.28638714060008 ], [ 121.492906728000108, 31.286259795899916 ], [ 121.492852898000024, 31.286167983400112 ], [ 121.492809826000084, 31.286186184799995 ], [ 121.492766762999977, 31.286103569699947 ], [ 121.492723698000077, 31.286039284800097 ], [ 121.492411427999983, 31.286166662100079 ], [ 121.492519088, 31.286350286800033 ], [ 121.492551392, 31.286332053199999 ], [ 121.492583689999947, 31.28638714060008 ] ] ] } },
{ "type": "Feature", "properties": { "clean_id": 876, "Id": 0, "Floor": 6, "height": 18, "source_count": 2, "source_uids": "1117;1118" }, "geometry": { "type": "Polygon", "coordinates": [ [ [ 121.49335895600008, 31.286389461599985 ], [ 121.493175901000086, 31.286462234300018 ], [ 121.493251264000165, 31.286581606299933 ], [ 121.493358943999979, 31.286536103300012 ], [ 121.493617375, 31.28642689600008 ], [ 121.493542012000034, 31.286307523699978 ], [ 121.49335895600008, 31.286389461599985 ] ] ] } },
{ "type": "Feature", "properties": { "clean_id": 877, "Id": 0, "Floor": 7, "height": 21, "source_count": 1, "source_uids": "1119" }, "geometry": { "type": "Polygon", "coordinates": [ [ [ 121.493132815999942, 31.286627077100025 ], [ 121.493078987, 31.28652609990014 ], [ 121.492669804, 31.28669901180001 ], [ 121.492734400000018, 31.286809186100122 ], [ 121.49278824000011, 31.286781852 ], [ 121.493132815999942, 31.286627077100025 ] ] ] } },
{ "type": "Feature", "properties": { "clean_id": 878, "Id": 0, "Floor": 8, "height": 24, "source_count": 1, "source_uids": "1120" }, "geometry": { "type": "Polygon", "coordinates": [ [ [ 121.492508287000064, 31.286744353800024 ], [ 121.492454446000139, 31.286771687900004 ], [ 121.492497510000135, 31.2868451374 ], [ 121.492594422000025, 31.286799602100022 ], [ 121.492572890000034, 31.286762877300124 ], [ 121.492605195000138, 31.286744643800088 ], [ 121.492454468000133, 31.286515065400064 ], [ 121.492422164000118, 31.286533298900121 ], [ 121.492400632000113, 31.286496574100006 ], [ 121.492303720000095, 31.286542109600028 ], [ 121.492357552000158, 31.286615591500038 ], [ 121.492411392000122, 31.286588257300075 ], [ 121.492508287000064, 31.286744353800024 ] ] ] } },
{ "type": "Feature", "properties": { "clean_id": 879, "Id": 0, "Floor": 4, "height": 12, "source_count": 1, "source_uids": "1122" }, "geometry": { "type": "Polygon", "coordinates": [ [ [ 121.49278824000011, 31.286781852 ], [ 121.492734400000018, 31.286809186100122 ], [ 121.492669804, 31.28669901180001 ], [ 121.492605207000111, 31.286598002400069 ], [ 121.492551367000047, 31.286625336600025 ], [ 121.492648261000127, 31.28679059810003 ], [ 121.492475973000069, 31.286872568200074 ], [ 121.492529803000039, 31.286964379899985 ], [ 121.492820538000046, 31.28683693920004 ], [ 121.49278824000011, 31.286781852 ] ] ] } },
{ "type": "Feature", "properties": { "clean_id": 880, "Id": 0, "Floor": 4, "height": 12, "source_count": 1, "source_uids": "1123" }, "geometry": { "type": "Polygon", "coordinates": [ [ [ 121.493068201000028, 31.28673686470006 ], [ 121.492820538000046, 31.28683693920004 ], [ 121.492949728999989, 31.28707561760007 ], [ 121.493197391999956, 31.286975543499977 ], [ 121.493068201000028, 31.28673686470006 ] ] ] } },
{ "type": "Feature", "properties": { "clean_id": 881, "Id": 0, "Floor": 2, "height": 6, "source_count": 1, "source_uids": "1124" }, "geometry": { "type": "Polygon", "coordinates": [ [ [ 121.493283519000087, 31.287140772300063 ], [ 121.493197391999956, 31.286975543499977 ], [ 121.492949728999989, 31.28707561760007 ], [ 121.492992792000123, 31.287158232000024 ], [ 121.49289588000012, 31.287203767099985 ], [ 121.492938944000116, 31.287277216300133 ], [ 121.493035856000134, 31.287240846299994 ], [ 121.493283519000087, 31.287140772300063 ] ] ] } },
{ "type": "Feature", "properties": { "clean_id": 882, "Id": 0, "Floor": 8, "height": 24, "source_count": 1, "source_uids": "1126" }, "geometry": { "type": "Polygon", "coordinates": [ [ [ 121.496029357000111, 31.286067517499976 ], [ 121.495997058000157, 31.286012429900101 ], [ 121.495975527000041, 31.285966539600004 ], [ 121.49565248600004, 31.286103048800037 ], [ 121.495706315000021, 31.286204026599986 ], [ 121.49596474800002, 31.286094819400088 ], [ 121.496029357000111, 31.286067517499976 ] ] ] } },
{ "type": "Feature", "properties": { "clean_id": 883, "Id": 0, "Floor": 4, "height": 12, "source_count": 2, "source_uids": "1128;1129" }, "geometry": { "type": "Polygon", "coordinates": [ [ [ 121.496190775000059, 31.287195307700081 ], [ 121.496115413999988, 31.287048441100129 ], [ 121.496018521000096, 31.286864849400043 ], [ 121.495372441000086, 31.287110370099978 ], [ 121.495544695000135, 31.287440827600115 ], [ 121.496115399000132, 31.287222577000133 ], [ 121.496190775000059, 31.287195307700081 ] ] ] } },
{ "type": "Feature", "properties": { "clean_id": 884, "Id": 0, "Floor": 1, "height": 3, "source_count": 1, "source_uids": "1130" }, "geometry": { "type": "Polygon", "coordinates": [ [ [ 121.495372441000086, 31.287110370099978 ], [ 121.495124777, 31.287210443500037 ], [ 121.495297032000181, 31.287531735699989 ], [ 121.495544695000135, 31.287440827600115 ], [ 121.495372441000086, 31.287110370099978 ] ] ] } },
{ "type": "Feature", "properties": { "clean_id": 885, "Id": 0, "Floor": 6, "height": 18, "source_count": 3, "source_uids": "1131;1206;1202" }, "geometry": { "type": "Polygon", "coordinates": [ [ [ 121.496847569000138, 31.287591371699992 ], [ 121.496869114, 31.287472291100009 ], [ 121.496244596, 31.287406264800047 ], [ 121.496223044999965, 31.287589500600067 ], [ 121.496223041999983, 31.287616995600104 ], [ 121.496115367000144, 31.28760750790007 ], [ 121.495910783, 31.287588564900027 ], [ 121.495803106000039, 31.287588242200108 ], [ 121.495781553000029, 31.287798972600005 ], [ 121.495318548000014, 31.287751760300122 ], [ 121.495297002000143, 31.287880005500021 ], [ 121.495921520000138, 31.287946031800001 ], [ 121.495943074000152, 31.287726136700027 ], [ 121.496115355000029, 31.287744982899984 ], [ 121.496373776000041, 31.287773252199933 ], [ 121.496406095, 31.287590049000123 ], [ 121.49640609800008, 31.287553388999978 ], [ 121.49676142700001, 31.287591113700103 ], [ 121.496847569000138, 31.287591371699992 ] ] ] } },
{ "type": "Feature", "properties": { "clean_id": 886, "Id": 0, "Floor": 2, "height": 6, "source_count": 2, "source_uids": "1132;1209" }, "geometry": { "type": "Polygon", "coordinates": [ [ [ 121.496427561000019, 31.288405796000063 ], [ 121.496524468999951, 31.288415251300083 ], [ 121.496556790000113, 31.288195389400013 ], [ 121.496362974000036, 31.288176478799979 ], [ 121.49634143000003, 31.28827722869994 ], [ 121.49611531100004, 31.288258221300058 ], [ 121.495964566000112, 31.288239439700135 ], [ 121.495943015999956, 31.288404344100115 ], [ 121.496072227000013, 31.288413896200048 ], [ 121.496061454000127, 31.288478018500019 ], [ 121.496115292000013, 31.288478179799988 ], [ 121.496179898000022, 31.2884875383001 ], [ 121.496406016000037, 31.288515710699983 ], [ 121.496427561000019, 31.288405796000063 ] ] ] } },
{ "type": "Feature", "properties": { "clean_id": 887, "Id": 0, "Floor": 7, "height": 21, "source_count": 1, "source_uids": "1133" }, "geometry": { "type": "Polygon", "coordinates": [ [ [ 121.495318471000033, 31.288659090600113 ], [ 121.495340017999979, 31.288521681299983 ], [ 121.495587670999953, 31.288549918200083 ], [ 121.495609215000172, 31.288449168599982 ], [ 121.495243119000065, 31.288402246799993 ], [ 121.495232343, 31.288503028799997 ], [ 121.494812408000016, 31.288465110800068 ], [ 121.494812404999948, 31.288501770500027 ], [ 121.494769335000115, 31.288492476499975 ], [ 121.49475856100014, 31.288565763699925 ], [ 121.495232333999965, 31.28861300789999 ], [ 121.495221562999973, 31.288649635300086 ], [ 121.495318471000033, 31.288659090600113 ] ] ] } },
{ "type": "Feature", "properties": { "clean_id": 888, "Id": 0, "Floor": 5, "height": 15, "source_count": 4, "source_uids": "1134;1221;1224;1283" }, "geometry": { "type": "Polygon", "coordinates": [ [ [ 121.496599812999989, 31.288763744100038 ], [ 121.496610589000056, 31.288662962300059 ], [ 121.496642891000079, 31.288672224000095 ], [ 121.496664437000064, 31.288543979700076 ], [ 121.496406016000037, 31.288515710699983 ], [ 121.496179898000022, 31.2884875383001 ], [ 121.49616912, 31.288606650099993 ], [ 121.496115282000019, 31.28859732380004 ], [ 121.496007607000024, 31.288587836300046 ], [ 121.495964512999976, 31.288853489500134 ], [ 121.496115259000035, 31.288872271 ], [ 121.496126027000059, 31.288872303300028 ], [ 121.496255238000018, 31.28888185540012 ], [ 121.496233692000047, 31.289000934400125 ], [ 121.496115249000141, 31.288991414600048 ], [ 121.495996805000019, 31.28898189480002 ], [ 121.495996801000047, 31.289027719200071 ], [ 121.495953731999975, 31.289018425300075 ], [ 121.495942954000157, 31.289137536400062 ], [ 121.496018327, 31.289146927100031 ], [ 121.496018331000073, 31.289091937900132 ], [ 121.496115239000119, 31.289101393199985 ], [ 121.496341358999985, 31.289111235600107 ], [ 121.496395225000143, 31.288790625800047 ], [ 121.496266014000085, 31.288781073699962 ], [ 121.496276784999964, 31.288735281500067 ], [ 121.496599812999989, 31.288763744100038 ] ] ] } },
{ "type": "Feature", "properties": { "clean_id": 889, "Id": 0, "Floor": 8, "height": 24, "source_count": 1, "source_uids": "1135" }, "geometry": { "type": "Polygon", "coordinates": [ [ [ 121.503771182000136, 31.286778024 ], [ 121.503598899000067, 31.286832502899987 ], [ 121.503631195000011, 31.286905919400049 ], [ 121.503803478, 31.286851440500072 ], [ 121.503771182000136, 31.286778024 ] ] ] } },
{ "type": "Feature", "properties": { "clean_id": 890, "Id": 0, "Floor": 8, "height": 24, "source_count": 1, "source_uids": "1136" }, "geometry": { "type": "Polygon", "coordinates": [ [ [ 121.504277247, 31.286797855700051 ], [ 121.504029590000073, 31.286888771900131 ], [ 121.504061887000134, 31.286953023200056 ], [ 121.50430954399998, 31.286862107099985 ], [ 121.504277247, 31.286797855700051 ] ] ] } },
{ "type": "Feature", "properties": { "clean_id": 891, "Id": 0, "Floor": 8, "height": 24, "source_count": 2, "source_uids": "1137;1139" }, "geometry": { "type": "Polygon", "coordinates": [ [ [ 121.504406433000099, 31.287064025800031 ], [ 121.50438490199997, 31.287018136600068 ], [ 121.504384903000059, 31.286999806499921 ], [ 121.504126478000103, 31.287099855799962 ], [ 121.504158774999965, 31.287164107000081 ], [ 121.504384897000037, 31.287073126999971 ], [ 121.504406433000099, 31.287064025800031 ] ] ] } },
{ "type": "Feature", "properties": { "clean_id": 892, "Id": 0, "Floor": 8, "height": 24, "source_count": 1, "source_uids": "1138" }, "geometry": { "type": "Polygon", "coordinates": [ [ [ 121.50387883900008, 31.286979975199987 ], [ 121.503706555999983, 31.287034454100084 ], [ 121.503738851000094, 31.287117035499932 ], [ 121.503911134000063, 31.287062556600006 ], [ 121.50387883900008, 31.286979975199987 ] ] ] } },
{ "type": "Feature", "properties": { "clean_id": 893, "Id": 0, "Floor": 8, "height": 24, "source_count": 1, "source_uids": "1140" }, "geometry": { "type": "Polygon", "coordinates": [ [ [ 121.503986495000163, 31.287181926 ], [ 121.503814212999927, 31.2872364049 ], [ 121.503846509000141, 31.287309821100045 ], [ 121.504018791000135, 31.287255342100085 ], [ 121.503986495000163, 31.287181926 ] ] ] } },
{ "type": "Feature", "properties": { "clean_id": 894, "Id": 0, "Floor": 7, "height": 21, "source_count": 2, "source_uids": "1141;1248" }, "geometry": { "type": "Polygon", "coordinates": [ [ [ 121.504384881999954, 31.28725642789999 ], [ 121.503911104000053, 31.287419993199926 ], [ 121.50394340000004, 31.287484244200019 ], [ 121.504384875000042, 31.28732974820003 ], [ 121.504524855000113, 31.287284337899965 ], [ 121.504492558000152, 31.287220086900103 ], [ 121.504384881999954, 31.28725642789999 ] ] ] } },
{ "type": "Feature", "properties": { "clean_id": 895, "Id": 0, "Floor": 7, "height": 21, "source_count": 3, "source_uids": "1142;1249;1143" }, "geometry": { "type": "Polygon", "coordinates": [ [ [ 121.504529981095416, 31.287508770842674 ], [ 121.504531313846044, 31.287424336897658 ], [ 121.504384863000041, 31.287476388600123 ], [ 121.504007994000077, 31.287612746099967 ], [ 121.504040290000049, 31.287676996900071 ], [ 121.504223341000042, 31.287613384900101 ], [ 121.504384856000016, 31.287558873700107 ], [ 121.504529981095416, 31.287508770842674 ] ] ] } },
{ "type": "Feature", "properties": { "clean_id": 896, "Id": 0, "Floor": 6, "height": 18, "source_count": 1, "source_uids": "1144" }, "geometry": { "type": "Polygon", "coordinates": [ [ [ 121.503867934000027, 31.288602146700033 ], [ 121.503534133000016, 31.288738629299978 ], [ 121.503609491000034, 31.288894656500027 ], [ 121.503943291000155, 31.288767338900012 ], [ 121.503867934000027, 31.288602146700033 ] ] ] } },
{ "type": "Feature", "properties": { "clean_id": 897, "Id": 0, "Floor": 14, "height": 42, "source_count": 1, "source_uids": "1145" }, "geometry": { "type": "Polygon", "coordinates": [ [ [ 121.503017401999941, 31.287499823299978 ], [ 121.503103541999963, 31.287490914400056 ], [ 121.503265056000032, 31.287463899500043 ], [ 121.503211230000034, 31.287326264100098 ], [ 121.503146625000113, 31.287335237100024 ], [ 121.503114321999988, 31.287344306000136 ], [ 121.503049715999978, 31.287353279000111 ], [ 121.502845140000076, 31.28728851530008 ], [ 121.502812841000022, 31.287251759100062 ], [ 121.502737476000121, 31.287169049400003 ], [ 121.502575958000065, 31.287232724099972 ], [ 121.502683622999953, 31.287352190000085 ], [ 121.50274822300004, 31.287407372400086 ], [ 121.503017401999941, 31.287499823299978 ] ] ] } },
{ "type": "Feature", "properties": { "clean_id": 898, "Id": 0, "Floor": 9, "height": 27, "source_count": 1, "source_uids": "1146" }, "geometry": { "type": "Polygon", "coordinates": [ [ [ 121.502414442000031, 31.287287233500031 ], [ 121.501994498000059, 31.287423458299994 ], [ 121.502048325000018, 31.287542763900031 ], [ 121.502468269000133, 31.287406539200102 ], [ 121.502414442000031, 31.287287233500031 ] ] ] } },
{ "type": "Feature", "properties": { "clean_id": 899, "Id": 0, "Floor": 2, "height": 6, "source_count": 3, "source_uids": "1147;1150;1149" }, "geometry": { "type": "Polygon", "coordinates": [ [ [ 121.502758987, 31.287444064500111 ], [ 121.50264054000003, 31.287507867200137 ], [ 121.502694368999983, 31.287608842600086 ], [ 121.50275896200003, 31.287746509800002 ], [ 121.503071229000071, 31.287609963500067 ], [ 121.50311430100011, 31.287591761599973 ], [ 121.503082004000021, 31.287527510500063 ], [ 121.502877415000043, 31.287609387099966 ], [ 121.502855879999984, 31.287609323099961 ], [ 121.502758987, 31.287444064500111 ] ] ] } },
{ "type": "Feature", "properties": { "clean_id": 900, "Id": 0, "Floor": 7, "height": 21, "source_count": 2, "source_uids": "1148;1151" }, "geometry": { "type": "Polygon", "coordinates": [ [ [ 121.502048324000029, 31.287561093900138 ], [ 121.502069854999959, 31.28760698309998 ], [ 121.502123679999968, 31.287753783500076 ], [ 121.502231351999967, 31.287781599200006 ], [ 121.502554386000057, 31.287672581000034 ], [ 121.502532857000119, 31.28760836189997 ], [ 121.502263662000132, 31.287699210400095 ], [ 121.502220599999987, 31.28760743210006 ], [ 121.502166770000144, 31.287515621700098 ], [ 121.502048324000029, 31.287561093900138 ] ] ] } },
{ "type": "Feature", "properties": { "clean_id": 901, "Id": 0, "Floor": 14, "height": 42, "source_count": 1, "source_uids": "1152" }, "geometry": { "type": "Polygon", "coordinates": [ [ [ 121.503372714000079, 31.287647519699984 ], [ 121.502683576000109, 31.287902090299955 ], [ 121.502769700000044, 31.28808564610005 ], [ 121.503458837000153, 31.287840240600019 ], [ 121.503372714000079, 31.287647519699984 ] ] ] } },
{ "type": "Feature", "properties": { "clean_id": 902, "Id": 0, "Floor": 5, "height": 15, "source_count": 1, "source_uids": "1153" }, "geometry": { "type": "Polygon", "coordinates": [ [ [ 121.50254358700009, 31.288048313300074 ], [ 121.502425171000155, 31.287736351400046 ], [ 121.502231351999967, 31.287790764199997 ], [ 121.502242113999969, 31.28784578620008 ], [ 121.502123668999957, 31.287882093300023 ], [ 121.502005220000129, 31.287955060300078 ], [ 121.502048281000157, 31.288056003300021 ], [ 121.502102105999938, 31.288211968100025 ], [ 121.50254358700009, 31.288048313300074 ] ] ] } },
{ "type": "Feature", "properties": { "clean_id": 903, "Id": 0, "Floor": 4, "height": 12, "source_count": 2, "source_uids": "1154;1168" }, "geometry": { "type": "Polygon", "coordinates": [ [ [ 121.503523280999957, 31.289737567600074 ], [ 121.503437155000142, 31.289572344800028 ], [ 121.503006443, 31.289754361099995 ], [ 121.503103332000137, 31.289956275099996 ], [ 121.503243286000057, 31.290231634900014 ], [ 121.503673999000057, 31.29004045390014 ], [ 121.503652467000038, 31.290003730799981 ], [ 121.503318665000165, 31.29014937580007 ], [ 121.503221774000053, 31.28995662720007 ], [ 121.503178711000047, 31.289883180699974 ], [ 121.503523280999957, 31.289737567600074 ] ] ] } },
{ "type": "Feature", "properties": { "clean_id": 904, "Id": 0, "Floor": 8, "height": 24, "source_count": 2, "source_uids": "1155;1156" }, "geometry": { "type": "Polygon", "coordinates": [ [ [ 121.501628347999926, 31.28806391680007 ], [ 121.501251473000139, 31.288191102300058 ], [ 121.501305301, 31.288301242300118 ], [ 121.501628337000042, 31.288192226200007 ], [ 121.501692943999956, 31.288164924 ], [ 121.501639115000103, 31.288063948900117 ], [ 121.501628347999926, 31.28806391680007 ] ] ] } },
{ "type": "Feature", "properties": { "clean_id": 905, "Id": 0, "Floor": 1, "height": 3, "source_count": 1, "source_uids": "1157" }, "geometry": { "type": "Polygon", "coordinates": [ [ [ 121.5009177190001, 31.28772269250004 ], [ 121.50087464700006, 31.287740893900086 ], [ 121.501283736, 31.288658610300047 ], [ 121.501326808000044, 31.288640409000031 ], [ 121.5009177190001, 31.28772269250004 ] ] ] } },
{ "type": "Feature", "properties": { "clean_id": 906, "Id": 0, "Floor": 10, "height": 30, "source_count": 2, "source_uids": "1158;1160" }, "geometry": { "type": "Polygon", "coordinates": [ [ [ 121.50162832599996, 31.28832053550008 ], [ 121.501326826000081, 31.288429615700061 ], [ 121.501380654000073, 31.288539755400048 ], [ 121.501628315000076, 31.288448844699932 ], [ 121.501919047000101, 31.288348896900061 ], [ 121.501875986000073, 31.288238789200019 ], [ 121.50162832599996, 31.28832053550008 ] ] ] } },
{ "type": "Feature", "properties": { "clean_id": 907, "Id": 0, "Floor": 16, "height": 48, "source_count": 1, "source_uids": "1159" }, "geometry": { "type": "Polygon", "coordinates": [ [ [ 121.500982285000077, 31.288181134100121 ], [ 121.500820766000174, 31.288253971600057 ], [ 121.500853061000043, 31.288336552600065 ], [ 121.500551560999966, 31.288436466699974 ], [ 121.500648449, 31.288665879199975 ], [ 121.50113300299995, 31.288511521900094 ], [ 121.500982285000077, 31.288181134100121 ] ] ] } },
{ "type": "Feature", "properties": { "clean_id": 908, "Id": 0, "Floor": 1, "height": 3, "source_count": 1, "source_uids": "1161" }, "geometry": { "type": "Polygon", "coordinates": [ [ [ 121.50146671600011, 31.289456500800032 ], [ 121.501359041, 31.289456179700093 ], [ 121.501359032000096, 31.289556993000023 ], [ 121.501466707999967, 31.289557314100129 ], [ 121.50146671600011, 31.289456500800032 ] ] ] } },
{ "type": "Feature", "properties": { "clean_id": 909, "Id": 0, "Floor": 8, "height": 24, "source_count": 3, "source_uids": "1162;1169;1166" }, "geometry": { "type": "Polygon", "coordinates": [ [ [ 121.502134260000062, 31.289953391099971 ], [ 121.502091189000012, 31.289971592399983 ], [ 121.501994280000076, 31.289989633200086 ], [ 121.501875836000082, 31.290007609900044 ], [ 121.50162817599994, 31.290089354799992 ], [ 121.501477425999951, 31.290134729300057 ], [ 121.501563549000025, 31.290345776 ], [ 121.501628156000152, 31.290318474300076 ], [ 121.501994264000032, 31.290172929 ], [ 121.502177313000075, 31.29015514480011 ], [ 121.502403438, 31.290064170299942 ], [ 121.502521885000064, 31.290009534100076 ], [ 121.502500354999938, 31.289954481200027 ], [ 121.502435762, 31.289816816799995 ], [ 121.502285011000041, 31.289889686400098 ], [ 121.502134260000062, 31.289953391099971 ] ] ] } },
{ "type": "Feature", "properties": { "clean_id": 910, "Id": 0, "Floor": 4, "height": 12, "source_count": 1, "source_uids": "1163" }, "geometry": { "type": "Polygon", "coordinates": [ [ [ 121.501563533999956, 31.29051990640005 ], [ 121.501445086000103, 31.290574541700035 ], [ 121.501450229805357, 31.290587693916347 ], [ 121.501554802207252, 31.290588917766144 ], [ 121.501585064, 31.290574959100017 ], [ 121.501563533999956, 31.29051990640005 ] ] ] } },
{ "type": "Feature", "properties": { "clean_id": 911, "Id": 0, "Floor": 1, "height": 3, "source_count": 1, "source_uids": "1164" }, "geometry": { "type": "Polygon", "coordinates": [ [ [ 121.501402018000022, 31.290556083799967 ], [ 121.501348180000036, 31.290555923200099 ], [ 121.501348177378688, 31.290586499558778 ], [ 121.501404622497475, 31.290587160157035 ], [ 121.501402018000022, 31.290556083799967 ] ] ] } },
{ "type": "Feature", "properties": { "clean_id": 912, "Id": 0, "Floor": 31, "height": 93, "source_count": 2, "source_uids": "1165;1167" }, "geometry": { "type": "Polygon", "coordinates": [ [ [ 121.503178711000047, 31.289883180699974 ], [ 121.503221774000053, 31.28995662720007 ], [ 121.503318665000165, 31.29014937580007 ], [ 121.503652467000038, 31.290003730799981 ], [ 121.50363093600015, 31.28995784280011 ], [ 121.503523280999957, 31.289737567600074 ], [ 121.503178711000047, 31.289883180699974 ] ] ] } },
{ "type": "Feature", "properties": { "clean_id": 913, "Id": 0, "Floor": 8, "height": 24, "source_count": 1, "source_uids": "1170" }, "geometry": { "type": "Polygon", "coordinates": [ [ [ 121.502898735000045, 31.290138962499952 ], [ 121.502446487000043, 31.290311747599965 ], [ 121.50248954900006, 31.290403523500117 ], [ 121.502941797999952, 31.290221573699963 ], [ 121.502898735000045, 31.290138962499952 ] ] ] } },
{ "type": "Feature", "properties": { "clean_id": 914, "Id": 0, "Floor": 8, "height": 24, "source_count": 1, "source_uids": "1171" }, "geometry": { "type": "Polygon", "coordinates": [ [ [ 121.502360343999953, 31.290348150200025 ], [ 121.502123452000092, 31.290439092300108 ], [ 121.502166514000123, 31.290530868200047 ], [ 121.502414175000027, 31.290430793400049 ], [ 121.502360343999953, 31.290348150200025 ] ] ] } },
{ "type": "Feature", "properties": { "clean_id": 915, "Id": 0, "Floor": 8, "height": 24, "source_count": 1, "source_uids": "1172" }, "geometry": { "type": "Polygon", "coordinates": [ [ [ 121.503070991000072, 31.290414418099996 ], [ 121.50260797600005, 31.290587171099961 ], [ 121.502614615342452, 31.29060132115416 ], [ 121.502847093958763, 31.290604041938039 ], [ 121.503103285999941, 31.290506161700073 ], [ 121.503070991000072, 31.290414418099996 ] ] ] } },
{ "type": "Feature", "properties": { "clean_id": 916, "Id": 0, "Floor": 8, "height": 24, "source_count": 1, "source_uids": "1173" }, "geometry": { "type": "Polygon", "coordinates": [ [ [ 121.50362012100004, 31.290516862199915 ], [ 121.50338713641132, 31.290610362256089 ], [ 121.5036717422458, 31.290613693104213 ], [ 121.50362012100004, 31.290516862199915 ] ] ] } },
{ "type": "Feature", "properties": { "clean_id": 917, "Id": 0, "Floor": 7, "height": 21, "source_count": 3, "source_uids": "1174;1175;1176" }, "geometry": { "type": "Polygon", "coordinates": [ [ [ 121.504190879000021, 31.289492098700126 ], [ 121.503867847000024, 31.289619447900126 ], [ 121.503943207000134, 31.289757144000127 ], [ 121.503770924000165, 31.289820786400124 ], [ 121.503846284000019, 31.289958482200117 ], [ 121.503921642000037, 31.290114507400006 ], [ 121.504309281, 31.289959855800024 ], [ 121.504384655000081, 31.28992342010001 ], [ 121.504416957999965, 31.289914351000114 ], [ 121.504384661000032, 31.289850101599999 ], [ 121.504190879000021, 31.289492098700126 ] ] ] } },
{ "type": "Feature", "properties": { "clean_id": 918, "Id": 0, "Floor": 1, "height": 3, "source_count": 1, "source_uids": "1177" }, "geometry": { "type": "Polygon", "coordinates": [ [ [ 121.503706287999989, 31.290187186400036 ], [ 121.503555539, 31.290250892199985 ], [ 121.503598602000125, 31.29033350309993 ], [ 121.50376011799996, 31.290278994099992 ], [ 121.503706287999989, 31.290187186400036 ] ] ] } },
{ "type": "Feature", "properties": { "clean_id": 919, "Id": 0, "Floor": 1, "height": 3, "source_count": 2, "source_uids": "1178;1251" }, "geometry": { "type": "Polygon", "coordinates": [ [ [ 121.504487781216824, 31.29018226592602 ], [ 121.504384630000132, 31.290225858200017 ], [ 121.50426618500002, 31.290271330900115 ], [ 121.504320014000101, 31.290363138200004 ], [ 121.50438462000011, 31.290335835500006 ], [ 121.504481529000046, 31.290299463600029 ], [ 121.50448576549303, 31.290309968371794 ], [ 121.504487781216824, 31.29018226592602 ] ] ] } },
{ "type": "Feature", "properties": { "clean_id": 920, "Id": 0, "Floor": 5, "height": 15, "source_count": 1, "source_uids": "1179" }, "geometry": { "type": "Polygon", "coordinates": [ [ [ 121.504083133, 31.290353270900141 ], [ 121.503695494000112, 31.290498756600066 ], [ 121.503749323999969, 31.290590563900135 ], [ 121.50412619500014, 31.290435881500109 ], [ 121.504083133, 31.290353270900141 ] ] ] } },
{ "type": "Feature", "properties": { "clean_id": 921, "Id": 0, "Floor": 6, "height": 18, "source_count": 1, "source_uids": "1180" }, "geometry": { "type": "Polygon", "coordinates": [ [ [ 121.504093890000036, 31.290472444700065 ], [ 121.503889302000189, 31.290563485199979 ], [ 121.50391621880452, 31.290616554304474 ], [ 121.504170246164222, 31.290619527281315 ], [ 121.504093890000036, 31.290472444700065 ] ] ] } },
{ "type": "Feature", "properties": { "clean_id": 922, "Id": 0, "Floor": 1, "height": 3, "source_count": 1, "source_uids": "1181" }, "geometry": { "type": "Polygon", "coordinates": [ [ [ 121.499690269999974, 31.287068308799974 ], [ 121.499636441000121, 31.286958167100117 ], [ 121.49956106500008, 31.286985437000052 ], [ 121.499614892999929, 31.287104743700006 ], [ 121.499636429000148, 31.287095643000104 ], [ 121.499690269999974, 31.287068308799974 ] ] ] } },
{ "type": "Feature", "properties": { "clean_id": 923, "Id": 0, "Floor": 3, "height": 9, "source_count": 1, "source_uids": "1182" }, "geometry": { "type": "Polygon", "coordinates": [ [ [ 121.500228656, 31.286996597300114 ], [ 121.500174827000023, 31.286886455700095 ], [ 121.499690269999974, 31.287068308799974 ], [ 121.499636429000148, 31.287095643000104 ], [ 121.499657961000139, 31.287132367600009 ], [ 121.499701026000025, 31.287205816700133 ], [ 121.500228656, 31.286996597300114 ] ] ] } },
{ "type": "Feature", "properties": { "clean_id": 924, "Id": 0, "Floor": 2, "height": 6, "source_count": 1, "source_uids": "1183" }, "geometry": { "type": "Polygon", "coordinates": [ [ [ 121.499657961000139, 31.287132367600009 ], [ 121.49952874600001, 31.28717780650009 ], [ 121.499561043000071, 31.287251223400062 ], [ 121.499701026000025, 31.287205816700133 ], [ 121.499657961000139, 31.287132367600009 ] ] ] } },
{ "type": "Feature", "properties": { "clean_id": 925, "Id": 0, "Floor": 8, "height": 24, "source_count": 1, "source_uids": "1186" }, "geometry": { "type": "Polygon", "coordinates": [ [ [ 121.500530120999983, 31.287318274500024 ], [ 121.500487056999987, 31.287244825600059 ], [ 121.500110178000128, 31.287399505300016 ], [ 121.500185537999982, 31.287555535800042 ], [ 121.500573184000018, 31.287400888400111 ], [ 121.500530120999983, 31.287318274500024 ] ] ] } },
{ "type": "Feature", "properties": { "clean_id": 926, "Id": 0, "Floor": 2, "height": 6, "source_count": 1, "source_uids": "1188" }, "geometry": { "type": "Polygon", "coordinates": [ [ [ 121.500110178000128, 31.287399505300016 ], [ 121.500024034000148, 31.287435908000077 ], [ 121.500099393000028, 31.287601103500037 ], [ 121.500185537999982, 31.287555535800042 ], [ 121.500110178000128, 31.287399505300016 ] ] ] } },
{ "type": "Feature", "properties": { "clean_id": 927, "Id": 0, "Floor": 6, "height": 18, "source_count": 3, "source_uids": "1189;1211;1190" }, "geometry": { "type": "Polygon", "coordinates": [ [ [ 121.499539479999953, 31.287571934800035 ], [ 121.49970099899997, 31.287517427700031 ], [ 121.499722530999989, 31.287554152100139 ], [ 121.49963638600002, 31.287599719600106 ], [ 121.499679451000134, 31.287673168400026 ], [ 121.499830202999988, 31.287600299000129 ], [ 121.499733311000114, 31.287407544000075 ], [ 121.499345665999968, 31.287543860200014 ], [ 121.499367196000094, 31.28759891469997 ], [ 121.499377962000167, 31.287617276900107 ], [ 121.49942103399998, 31.287599075700086 ], [ 121.499528714, 31.287553572600139 ], [ 121.499539479999953, 31.287571934800035 ] ] ] } },
{ "type": "Feature", "properties": { "clean_id": 928, "Id": 0, "Floor": 6, "height": 18, "source_count": 1, "source_uids": "1191" }, "geometry": { "type": "Polygon", "coordinates": [ [ [ 121.498107431000122, 31.287036077900037 ], [ 121.498139732000155, 31.287063669800034 ], [ 121.498236646, 31.286999804500116 ], [ 121.498344326000051, 31.286954301600019 ], [ 121.498441236999966, 31.286927096400113 ], [ 121.498441240000048, 31.28689043620011 ], [ 121.498430474999964, 31.286862908700016 ], [ 121.498408942000083, 31.286835349000057 ], [ 121.498387408000113, 31.286816954400081 ], [ 121.498301263000144, 31.286871687000016 ], [ 121.498268959000157, 31.28688075539992 ], [ 121.498247428000013, 31.286825700500117 ], [ 121.498182820000011, 31.28685300230001 ], [ 121.498215117999962, 31.286908089400082 ], [ 121.498193582000013, 31.28691719 ], [ 121.498075136000139, 31.286944330600139 ], [ 121.498075133000057, 31.286980990900023 ], [ 121.498085898000014, 31.287008518300127 ], [ 121.498107431000122, 31.287036077900037 ] ] ] } },
{ "type": "Feature", "properties": { "clean_id": 929, "Id": 0, "Floor": 5, "height": 15, "source_count": 1, "source_uids": "1192" }, "geometry": { "type": "Polygon", "coordinates": [ [ [ 121.498495072000082, 31.286963917800108 ], [ 121.498215103000121, 31.287091390600047 ], [ 121.498290467000061, 31.287201596799949 ], [ 121.498559668999988, 31.287074091899967 ], [ 121.498495072000082, 31.286963917800108 ] ] ] } },
{ "type": "Feature", "properties": { "clean_id": 930, "Id": 0, "Floor": 4, "height": 12, "source_count": 1, "source_uids": "1193" }, "geometry": { "type": "Polygon", "coordinates": [ [ [ 121.498032060000128, 31.287008357099964 ], [ 121.497935147000021, 31.287053892200099 ], [ 121.498032045000073, 31.287182493100033 ], [ 121.498118189000024, 31.28714609079999 ], [ 121.498032060000128, 31.287008357099964 ] ] ] } },
{ "type": "Feature", "properties": { "clean_id": 931, "Id": 0, "Floor": 5, "height": 15, "source_count": 1, "source_uids": "1194" }, "geometry": { "type": "Polygon", "coordinates": [ [ [ 121.498172029999978, 31.287118756800059 ], [ 121.498118189000024, 31.28714609079999 ], [ 121.498032045000073, 31.287182493100033 ], [ 121.497988973000034, 31.287200694200013 ], [ 121.497956675000069, 31.287145607199989 ], [ 121.497848994000037, 31.287191110000094 ], [ 121.497956656000156, 31.287365568099972 ], [ 121.498247394000032, 31.287228963000139 ], [ 121.498172029999978, 31.287118756800059 ] ] ] } },
{ "type": "Feature", "properties": { "clean_id": 932, "Id": 0, "Floor": 7, "height": 21, "source_count": 2, "source_uids": "1195;1196" }, "geometry": { "type": "Polygon", "coordinates": [ [ [ 121.498871843999936, 31.288092342200052 ], [ 121.498688788000109, 31.288165114200069 ], [ 121.498731850000127, 31.288256892600021 ], [ 121.498742615000083, 31.28829358460008 ], [ 121.498871829999985, 31.288248146499988 ], [ 121.499151798000071, 31.288139004600058 ], [ 121.499087203000158, 31.288010501799992 ], [ 121.498871843999936, 31.288092342200052 ] ] ] } },
{ "type": "Feature", "properties": { "clean_id": 933, "Id": 0, "Floor": 2, "height": 6, "source_count": 1, "source_uids": "1197" }, "geometry": { "type": "Polygon", "coordinates": [ [ [ 121.498688788000109, 31.288165114200069 ], [ 121.498548803999938, 31.288219685 ], [ 121.498591866000083, 31.288311463400017 ], [ 121.498731850000127, 31.288256892600021 ], [ 121.498688788000109, 31.288165114200069 ] ] ] } },
{ "type": "Feature", "properties": { "clean_id": 934, "Id": 0, "Floor": 6, "height": 18, "source_count": 1, "source_uids": "1198" }, "geometry": { "type": "Polygon", "coordinates": [ [ [ 121.497935019000025, 31.288556950399993 ], [ 121.498548793000182, 31.288347994300064 ], [ 121.498494964999963, 31.288228688800022 ], [ 121.497978102000147, 31.288410440500115 ], [ 121.497945804999986, 31.288346189200016 ], [ 121.497676606000041, 31.288437032500042 ], [ 121.497730435, 31.288547172800119 ], [ 121.497902723000053, 31.288483534200108 ], [ 121.497935019000025, 31.288556950399993 ] ] ] } },
{ "type": "Feature", "properties": { "clean_id": 935, "Id": 0, "Floor": 21, "height": 63, "source_count": 2, "source_uids": "1199;1200" }, "geometry": { "type": "Polygon", "coordinates": [ [ [ 121.498871805000036, 31.288550589400074 ], [ 121.498796429000109, 31.288577858700137 ], [ 121.498839491000027, 31.288678801600039 ], [ 121.498871794000152, 31.288669733400013 ], [ 121.499550173999978, 31.288442639299987 ], [ 121.49950711300005, 31.288332531299936 ], [ 121.498871805000036, 31.288550589400074 ] ] ] } },
{ "type": "Feature", "properties": { "clean_id": 936, "Id": 0, "Floor": 8, "height": 24, "source_count": 2, "source_uids": "1201;1204" }, "geometry": { "type": "Polygon", "coordinates": [ [ [ 121.497590555000116, 31.287373636799998 ], [ 121.497181365999964, 31.28759237170004 ], [ 121.497192133, 31.287592403900078 ], [ 121.497256729000014, 31.287711742500054 ], [ 121.497493628000029, 31.287593307000062 ], [ 121.497676686000091, 31.287502205099997 ], [ 121.497590555000116, 31.287373636799998 ] ] ] } },
{ "type": "Feature", "properties": { "clean_id": 937, "Id": 0, "Floor": 4, "height": 12, "source_count": 2, "source_uids": "1203;1205" }, "geometry": { "type": "Polygon", "coordinates": [ [ [ 121.496966016999977, 31.287536736499938 ], [ 121.49686910399997, 31.287591436199989 ], [ 121.496858336000173, 31.287591404 ], [ 121.496955231000115, 31.287756664299991 ], [ 121.497030608000031, 31.287720230099982 ], [ 121.49700907600004, 31.287674340599999 ], [ 121.497041381000145, 31.287656107399979 ], [ 121.496998316000031, 31.287591823299966 ], [ 121.496966016999977, 31.287536736499938 ] ] ] } },
{ "type": "Feature", "properties": { "clean_id": 938, "Id": 0, "Floor": 8, "height": 24, "source_count": 1, "source_uids": "1207" }, "geometry": { "type": "Polygon", "coordinates": [ [ [ 121.497784346000117, 31.287685827699988 ], [ 121.497364392000122, 31.287877034800086 ], [ 121.497418221000103, 31.287978010800078 ], [ 121.497848944000125, 31.287786836099997 ], [ 121.497784346000117, 31.287685827699988 ] ] ] } },
{ "type": "Feature", "properties": { "clean_id": 939, "Id": 0, "Floor": 8, "height": 24, "source_count": 1, "source_uids": "1208" }, "geometry": { "type": "Polygon", "coordinates": [ [ [ 121.497945839000067, 31.287942931000046 ], [ 121.497525885000087, 31.288134137800114 ], [ 121.49757971400004, 31.288235113500086 ], [ 121.498010437000062, 31.288043939100071 ], [ 121.497945839000067, 31.287942931000046 ] ] ] } },
{ "type": "Feature", "properties": { "clean_id": 940, "Id": 0, "Floor": 6, "height": 18, "source_count": 1, "source_uids": "1210" }, "geometry": { "type": "Polygon", "coordinates": [ [ [ 121.497558149000042, 31.288592481500011 ], [ 121.497568926, 31.288473369700107 ], [ 121.497159760000045, 31.288417154599976 ], [ 121.497181316000137, 31.288178930499949 ], [ 121.496707543999946, 31.288122521399998 ], [ 121.496685997999961, 31.28825076630006 ], [ 121.497030559, 31.288297623300085 ], [ 121.496998234999978, 31.288535814800067 ], [ 121.497558149000042, 31.288592481500011 ] ] ] } },
{ "type": "Feature", "properties": { "clean_id": 941, "Id": 0, "Floor": 12, "height": 36, "source_count": 1, "source_uids": "1213" }, "geometry": { "type": "Polygon", "coordinates": [ [ [ 121.499604075000093, 31.287700438099993 ], [ 121.499561013000061, 31.287599494199966 ], [ 121.499313350000079, 31.287699568700134 ], [ 121.499130294000011, 31.287772341099988 ], [ 121.499173356000028, 31.287864119900011 ], [ 121.499313339999958, 31.287809548600137 ], [ 121.499604075000093, 31.287700438099993 ] ] ] } },
{ "type": "Feature", "properties": { "clean_id": 942, "Id": 0, "Floor": 4, "height": 12, "source_count": 1, "source_uids": "1214" }, "geometry": { "type": "Polygon", "coordinates": [ [ [ 121.500034775000017, 31.287747550399946 ], [ 121.499991702999978, 31.287765751700015 ], [ 121.499948638999967, 31.287692303000092 ], [ 121.499711743000148, 31.287792409900074 ], [ 121.499787103000116, 31.287948439900052 ], [ 121.500077839000014, 31.287830164100058 ], [ 121.500034775000017, 31.287747550399946 ] ] ] } },
{ "type": "Feature", "properties": { "clean_id": 943, "Id": 0, "Floor": 4, "height": 12, "source_count": 1, "source_uids": "1215" }, "geometry": { "type": "Polygon", "coordinates": [ [ [ 121.49959328, 31.28802118030006 ], [ 121.4997548, 31.287957508399938 ], [ 121.499711736, 31.287874894800083 ], [ 121.499571753000069, 31.287929466200069 ], [ 121.499539455000104, 31.287865214699991 ], [ 121.499324096000137, 31.287947055600053 ], [ 121.4993779240001, 31.288066361199984 ], [ 121.499582516000146, 31.287984488200049 ], [ 121.49959328, 31.28802118030006 ] ] ] } },
{ "type": "Feature", "properties": { "clean_id": 944, "Id": 0, "Floor": 8, "height": 24, "source_count": 1, "source_uids": "1216" }, "geometry": { "type": "Polygon", "coordinates": [ [ [ 121.500853091999943, 31.287979119200038 ], [ 121.500562358000039, 31.288088230799989 ], [ 121.500626954000026, 31.28819840330004 ], [ 121.500917687999973, 31.288089291699968 ], [ 121.500853091999943, 31.287979119200038 ] ] ] } },
{ "type": "Feature", "properties": { "clean_id": 945, "Id": 0, "Floor": 22, "height": 66, "source_count": 1, "source_uids": "1217" }, "geometry": { "type": "Polygon", "coordinates": [ [ [ 121.50030393100009, 31.288142448799988 ], [ 121.499840910000103, 31.288315199299973 ], [ 121.499883970000042, 31.288434472199985 ], [ 121.500357759000053, 31.288261754000029 ], [ 121.50030393100009, 31.288142448799988 ] ] ] } },
{ "type": "Feature", "properties": { "clean_id": 946, "Id": 0, "Floor": 21, "height": 63, "source_count": 1, "source_uids": "1218" }, "geometry": { "type": "Polygon", "coordinates": [ [ [ 121.500303879000057, 31.288756499200009 ], [ 121.500217751000051, 31.28860960329996 ], [ 121.499776266000026, 31.288773252400119 ], [ 121.499334790000148, 31.28881775690013 ], [ 121.499356309999939, 31.288991954300062 ], [ 121.499830090000046, 31.288938381500028 ], [ 121.500303879000057, 31.288756499200009 ] ] ] } },
{ "type": "Feature", "properties": { "clean_id": 947, "Id": 0, "Floor": 4, "height": 12, "source_count": 1, "source_uids": "1219" }, "geometry": { "type": "Polygon", "coordinates": [ [ [ 121.50077760399995, 31.289326136700083 ], [ 121.500282277999986, 31.289535448999974 ], [ 121.500314573999958, 31.289618029000053 ], [ 121.500820666999985, 31.289408749000017 ], [ 121.50077760399995, 31.289326136700083 ] ] ] } },
{ "type": "Feature", "properties": { "clean_id": 948, "Id": 0, "Floor": 1, "height": 3, "source_count": 1, "source_uids": "1220" }, "geometry": { "type": "Polygon", "coordinates": [ [ [ 121.499323954000047, 31.289615068000106 ], [ 121.499173207999988, 31.289614617100138 ], [ 121.499173200000087, 31.289706265400127 ], [ 121.499323946000104, 31.289706716300081 ], [ 121.499323954000047, 31.289615068000106 ] ] ] } },
{ "type": "Feature", "properties": { "clean_id": 949, "Id": 0, "Floor": 5, "height": 15, "source_count": 2, "source_uids": "1222;1232" }, "geometry": { "type": "Polygon", "coordinates": [ [ [ 121.498225715000089, 31.288915252200127 ], [ 121.497805774000085, 31.288950654400033 ], [ 121.497816528000058, 31.289106489600098 ], [ 121.498710249000069, 31.289035845999933 ], [ 121.498699494000107, 31.288889175500053 ], [ 121.49831185700009, 31.288906345099978 ], [ 121.498128827000073, 31.28867667460014 ], [ 121.497407384, 31.288793657999978 ], [ 121.497407377000059, 31.288876142100094 ], [ 121.497708874999944, 31.288840385500073 ], [ 121.498096515000043, 31.288777391900052 ], [ 121.498225715000089, 31.288915252200127 ] ] ] } },
{ "type": "Feature", "properties": { "clean_id": 950, "Id": 0, "Floor": 5, "height": 15, "source_count": 1, "source_uids": "1223" }, "geometry": { "type": "Polygon", "coordinates": [ [ [ 121.496492132000057, 31.288809246000024 ], [ 121.496449049000134, 31.288955755199989 ], [ 121.496556724000143, 31.288974407599987 ], [ 121.496589040000131, 31.288827866100014 ], [ 121.496492132000057, 31.288809246000024 ] ] ] } },
{ "type": "Feature", "properties": { "clean_id": 951, "Id": 0, "Floor": 13, "height": 39, "source_count": 1, "source_uids": "1225" }, "geometry": { "type": "Polygon", "coordinates": [ [ [ 121.497708874999944, 31.288840385500073 ], [ 121.497407377000059, 31.288876142100094 ], [ 121.497267396999973, 31.288884887700071 ], [ 121.497288911000055, 31.289141568900103 ], [ 121.497730386000057, 31.289115396499994 ], [ 121.497708874999944, 31.288840385500073 ] ] ] } },
{ "type": "Feature", "properties": { "clean_id": 952, "Id": 0, "Floor": 27, "height": 81, "source_count": 1, "source_uids": "1226" }, "geometry": { "type": "Polygon", "coordinates": [ [ [ 121.497267396999973, 31.288884887700071 ], [ 121.496912061000117, 31.288920482900103 ], [ 121.496922808000036, 31.289167966899978 ], [ 121.497288911000055, 31.289141568900103 ], [ 121.497267396999973, 31.288884887700071 ] ] ] } },
{ "type": "Feature", "properties": { "clean_id": 953, "Id": 0, "Floor": 3, "height": 9, "source_count": 2, "source_uids": "1227;1284" }, "geometry": { "type": "Polygon", "coordinates": [ [ [ 121.495953719000013, 31.289165063300125 ], [ 121.49595371400018, 31.289220052500127 ], [ 121.496115228, 31.289238866200083 ], [ 121.496362880999968, 31.289276267700117 ], [ 121.496567466000101, 31.289276880700069 ], [ 121.496567475, 31.289166902299996 ], [ 121.496115233999959, 31.289165547299937 ], [ 121.495953719000013, 31.289165063300125 ] ] ] } },
{ "type": "Feature", "properties": { "clean_id": 954, "Id": 0, "Floor": 2, "height": 6, "source_count": 1, "source_uids": "1228" }, "geometry": { "type": "Polygon", "coordinates": [ [ [ 121.497579579000103, 31.289820638000034 ], [ 121.49757957400017, 31.289884791699986 ], [ 121.49760110800004, 31.289903185799911 ], [ 121.497676481000084, 31.289903411500113 ], [ 121.497676484000067, 31.289866752299989 ], [ 121.497676491999968, 31.289775104100045 ], [ 121.497482674000139, 31.289774523699915 ], [ 121.49748267200016, 31.28980201809992 ], [ 121.497493438, 31.289820380000041 ], [ 121.497579579000103, 31.289820638000034 ] ] ] } },
{ "type": "Feature", "properties": { "clean_id": 955, "Id": 0, "Floor": 4, "height": 12, "source_count": 2, "source_uids": "1229;1230" }, "geometry": { "type": "Polygon", "coordinates": [ [ [ 121.496481279000022, 31.289817347900115 ], [ 121.496513585000017, 31.289780785400076 ], [ 121.496459750000099, 31.289743964799982 ], [ 121.496265919000038, 31.289890021100007 ], [ 121.496319754000083, 31.289936006400072 ], [ 121.496395132999979, 31.289872078600123 ], [ 121.496470500999962, 31.289936458100044 ], [ 121.496588936999956, 31.290028461000126 ], [ 121.496664315999979, 31.289964533199971 ], [ 121.496632016000135, 31.289936942000111 ], [ 121.496481279000022, 31.289817347900115 ] ] ] } },
{ "type": "Feature", "properties": { "clean_id": 956, "Id": 0, "Floor": 4, "height": 12, "source_count": 1, "source_uids": "1231" }, "geometry": { "type": "Polygon", "coordinates": [ [ [ 121.499205588999985, 31.288689061800028 ], [ 121.498904086000152, 31.288807303600041 ], [ 121.49894714900006, 31.288889916599992 ], [ 121.499248653, 31.288762509900092 ], [ 121.499205588999985, 31.288689061800028 ] ] ] } },
{ "type": "Feature", "properties": { "clean_id": 957, "Id": 0, "Floor": 5, "height": 15, "source_count": 1, "source_uids": "1233" }, "geometry": { "type": "Polygon", "coordinates": [ [ [ 121.497762622000096, 31.289903669400132 ], [ 121.498204096, 31.28990499130003 ], [ 121.49820410700012, 31.289776683900126 ], [ 121.497676491999968, 31.289775104100045 ], [ 121.497676484000067, 31.289866752299989 ], [ 121.497762624999936, 31.289867010199998 ], [ 121.497762622000096, 31.289903669400132 ] ] ] } },
{ "type": "Feature", "properties": { "clean_id": 958, "Id": 0, "Floor": 3, "height": 9, "source_count": 2, "source_uids": "1234;1235" }, "geometry": { "type": "Polygon", "coordinates": [ [ [ 121.499043941999943, 31.290255766700064 ], [ 121.49887164900008, 31.290374393299999 ], [ 121.498839343999975, 31.290401790900088 ], [ 121.498871645, 31.290429381900147 ], [ 121.498914711000111, 31.290475334500108 ], [ 121.49911930899998, 31.290320145599942 ], [ 121.499043941999943, 31.290255766700064 ] ] ] } },
{ "type": "Feature", "properties": { "clean_id": 959, "Id": 0, "Floor": 4, "height": 12, "source_count": 1, "source_uids": "1236" }, "geometry": { "type": "Polygon", "coordinates": [ [ [ 121.497913318999963, 31.290490666700123 ], [ 121.497999468000103, 31.290408441800029 ], [ 121.497924098999988, 31.290353227600011 ], [ 121.497859487000156, 31.29042635220009 ], [ 121.497805652000011, 31.290380367200104 ], [ 121.497708737000167, 31.290462559800055 ], [ 121.497813907257708, 31.290545136678638 ], [ 121.497985160893677, 31.290547140923742 ], [ 121.497913318999963, 31.290490666700123 ] ] ] } },
{ "type": "Feature", "properties": { "clean_id": 960, "Id": 0, "Floor": 3, "height": 9, "source_count": 1, "source_uids": "1237" }, "geometry": { "type": "Polygon", "coordinates": [ [ [ 121.498742428999989, 31.29047481900011 ], [ 121.498636337301278, 31.290554761883875 ], [ 121.49878270722202, 31.290556474905596 ], [ 121.498817798000132, 31.290530033100023 ], [ 121.498742428999989, 31.29047481900011 ] ] ] } },
{ "type": "Feature", "properties": { "clean_id": 961, "Id": 0, "Floor": 1, "height": 3, "source_count": 1, "source_uids": "1238" }, "geometry": { "type": "Polygon", "coordinates": [ [ [ 121.499593143000098, 31.289634202599974 ], [ 121.49952853700006, 31.289634009400004 ], [ 121.499528523999956, 31.289789811400116 ], [ 121.49959313, 31.289790004600039 ], [ 121.499593143000098, 31.289634202599974 ] ] ] } },
{ "type": "Feature", "properties": { "clean_id": 962, "Id": 0, "Floor": 3, "height": 9, "source_count": 2, "source_uids": "1239;1242" }, "geometry": { "type": "Polygon", "coordinates": [ [ [ 121.499937702000025, 31.289681056699919 ], [ 121.499873093000133, 31.289726687800048 ], [ 121.49984079900014, 31.289625778100113 ], [ 121.499743894999952, 31.289570499500087 ], [ 121.499646985000027, 31.289588539400135 ], [ 121.499722337000094, 31.289836214899985 ], [ 121.499582349000107, 31.289945774099916 ], [ 121.499593117000032, 31.289945806300125 ], [ 121.499636182000032, 31.290000923900042 ], [ 121.499711560000037, 31.289946160400014 ], [ 121.499991535000177, 31.289745371399988 ], [ 121.499937702000025, 31.289681056699919 ] ] ] } },
{ "type": "Feature", "properties": { "clean_id": 963, "Id": 0, "Floor": 2, "height": 6, "source_count": 1, "source_uids": "1240" }, "geometry": { "type": "Polygon", "coordinates": [ [ [ 121.49950699700004, 31.289698098800105 ], [ 121.499367018000044, 31.289697680200042 ], [ 121.49936700700006, 31.289825987700112 ], [ 121.499506987000018, 31.289817241500085 ], [ 121.49950699700004, 31.289698098800105 ] ] ] } },
{ "type": "Feature", "properties": { "clean_id": 964, "Id": 0, "Floor": 2, "height": 6, "source_count": 1, "source_uids": "1241" }, "geometry": { "type": "Polygon", "coordinates": [ [ [ 121.499571589000084, 31.289854093899976 ], [ 121.499323933000042, 31.289862518099987 ], [ 121.499323928999971, 31.289908342100027 ], [ 121.499571584000151, 31.289909082699978 ], [ 121.499571589000084, 31.289854093899976 ] ] ] } },
{ "type": "Feature", "properties": { "clean_id": 965, "Id": 0, "Floor": 3, "height": 9, "source_count": 1, "source_uids": "1243" }, "geometry": { "type": "Polygon", "coordinates": [ [ [ 121.499410064000116, 31.289981918200109 ], [ 121.499119320999981, 31.290182674 ], [ 121.499194688000102, 31.290256217700001 ], [ 121.499485431000039, 31.290055461900128 ], [ 121.499410064000116, 31.289981918200109 ] ] ] } },
{ "type": "Feature", "properties": { "clean_id": 966, "Id": 0, "Floor": 8, "height": 24, "source_count": 1, "source_uids": "1244" }, "geometry": { "type": "Polygon", "coordinates": [ [ [ 121.501003627000046, 31.290454082899945 ], [ 121.500949803000026, 31.29029812120007 ], [ 121.500303733000024, 31.290479487399974 ], [ 121.500379099000057, 31.290562195300087 ], [ 121.500349249445037, 31.290574808732959 ], [ 121.500564594303754, 31.290577328994079 ], [ 121.501003627000046, 31.290454082899945 ] ] ] } },
{ "type": "Feature", "properties": { "clean_id": 967, "Id": 0, "Floor": 6, "height": 18, "source_count": 1, "source_uids": "1245" }, "geometry": { "type": "Polygon", "coordinates": [ [ [ 121.500152979000063, 31.290570684499986 ], [ 121.500131445999955, 31.290543125899934 ], [ 121.500109911, 31.290533896800007 ], [ 121.500056074000099, 31.290524571200137 ], [ 121.500034539000012, 31.290524506800136 ], [ 121.499991466000097, 31.290551872400048 ], [ 121.499980506603123, 31.290570493198082 ], [ 121.500152978800685, 31.290572511704465 ], [ 121.500152979000063, 31.290570684499986 ] ] ] } },
{ "type": "Feature", "properties": { "clean_id": 968, "Id": 0, "Floor": 7, "height": 21, "source_count": 1, "source_uids": "1246" }, "geometry": { "type": "Polygon", "coordinates": [ [ [ 121.496438158000046, 31.290403765200093 ], [ 121.496115150000151, 31.290155348400049 ], [ 121.496115135999972, 31.290320314400045 ], [ 121.496341240999982, 31.29049512240011 ], [ 121.496438158000046, 31.290403765200093 ] ] ] } },
{ "type": "Feature", "properties": { "clean_id": 969, "Id": 0, "Floor": 3, "height": 9, "source_count": 1, "source_uids": "1247" }, "geometry": { "type": "Polygon", "coordinates": [ [ [ 121.496535058000077, 31.290514032600129 ], [ 121.496481223000174, 31.290468047500102 ], [ 121.496414587881247, 31.290528759922573 ], [ 121.496517321707088, 31.290529962254801 ], [ 121.496535058000077, 31.290514032600129 ] ] ] } },
{ "type": "Feature", "properties": { "clean_id": 970, "Id": 0, "Floor": 9, "height": 27, "source_count": 1, "source_uids": "1250" }, "geometry": { "type": "Polygon", "coordinates": [ [ [ 121.504427867, 31.288246375100126 ], [ 121.504515610194389, 31.28841921263923 ], [ 121.504518894622663, 31.28821113377418 ], [ 121.504427867, 31.288246375100126 ] ] ] } },
{ "type": "Feature", "properties": { "clean_id": 971, "Id": 0, "Floor": 11, "height": 33, "source_count": 1, "source_uids": "1252" }, "geometry": { "type": "Polygon", "coordinates": [ [ [ 121.493606555000156, 31.287040924200141 ], [ 121.493552716000053, 31.287059093000092 ], [ 121.493466572, 31.287095495300093 ], [ 121.493541932000085, 31.287251526699997 ], [ 121.493692683000162, 31.287196988000058 ], [ 121.493606555000156, 31.287040924200141 ] ] ] } },
{ "type": "Feature", "properties": { "clean_id": 972, "Id": 0, "Floor": 5, "height": 15, "source_count": 1, "source_uids": "1253" }, "geometry": { "type": "Polygon", "coordinates": [ [ [ 121.494661778000022, 31.287089910600123 ], [ 121.494327968999983, 31.287235551200123 ], [ 121.494371033, 31.287318165500093 ], [ 121.494704842000047, 31.287172525000074 ], [ 121.494661778000022, 31.287089910600123 ] ] ] } },
{ "type": "Feature", "properties": { "clean_id": 973, "Id": 0, "Floor": 6, "height": 18, "source_count": 1, "source_uids": "1254" }, "geometry": { "type": "Polygon", "coordinates": [ [ [ 121.494263378000028, 31.28707038680011 ], [ 121.49415569700011, 31.287125054499981 ], [ 121.493811121000036, 31.287270663000015 ], [ 121.493886483000097, 31.287399199200024 ], [ 121.494349507000152, 31.287208120599924 ], [ 121.494263378000028, 31.28707038680011 ] ] ] } },
{ "type": "Feature", "properties": { "clean_id": 974, "Id": 0, "Floor": 2, "height": 6, "source_count": 1, "source_uids": "1255" }, "geometry": { "type": "Polygon", "coordinates": [ [ [ 121.49482327, 31.287356180600117 ], [ 121.494715591000059, 31.287392518100091 ], [ 121.494780183999964, 31.287539352000124 ], [ 121.494898632000059, 31.287493881800064 ], [ 121.49482327, 31.287356180600117 ] ] ] } },
{ "type": "Feature", "properties": { "clean_id": 975, "Id": 0, "Floor": 5, "height": 15, "source_count": 3, "source_uids": "1256;1265;1266" }, "geometry": { "type": "Polygon", "coordinates": [ [ [ 121.493638832000116, 31.287352632299989 ], [ 121.493358864000015, 31.287470939200084 ], [ 121.493294256000013, 31.287498240800005 ], [ 121.49335885500011, 31.287580919300126 ], [ 121.493358852000043, 31.287608414299996 ], [ 121.493369617999974, 31.287626776600117 ], [ 121.493466530999982, 31.287581241800012 ], [ 121.493714195000067, 31.287472003300021 ], [ 121.493638832000116, 31.287352632299989 ] ] ] } },
{ "type": "Feature", "properties": { "clean_id": 976, "Id": 0, "Floor": 4, "height": 12, "source_count": 1, "source_uids": "1257" }, "geometry": { "type": "Polygon", "coordinates": [ [ [ 121.494080288999953, 31.287528090100071 ], [ 121.494069516999957, 31.287583047899997 ], [ 121.494209496000053, 31.287583467200136 ], [ 121.494371016000059, 31.287519796000083 ], [ 121.494284889000141, 31.287354567600065 ], [ 121.4941126, 31.287427371600071 ], [ 121.494155665000108, 31.287500820799998 ], [ 121.494080288999953, 31.287528090100071 ] ] ] } },
{ "type": "Feature", "properties": { "clean_id": 977, "Id": 0, "Floor": 4, "height": 12, "source_count": 1, "source_uids": "1258" }, "geometry": { "type": "Polygon", "coordinates": [ [ [ 121.493681883000022, 31.287581886700131 ], [ 121.494069516999957, 31.287583047899997 ], [ 121.493628048000105, 31.28753590040003 ], [ 121.493617277, 31.287581693200025 ], [ 121.493681883000022, 31.287581886700131 ] ] ] } },
{ "type": "Feature", "properties": { "clean_id": 978, "Id": 0, "Floor": 4, "height": 12, "source_count": 1, "source_uids": "1259" }, "geometry": { "type": "Polygon", "coordinates": [ [ [ 121.49410181099995, 31.287683959699965 ], [ 121.494112583000074, 31.287638166900013 ], [ 121.494198722999954, 31.287638425000072 ], [ 121.494209496000053, 31.287583467200136 ], [ 121.493735721000235, 31.287582047987833 ], [ 121.493724948000136, 31.287646170799984 ], [ 121.49410181099995, 31.287683959699965 ] ] ] } },
{ "type": "Feature", "properties": { "clean_id": 979, "Id": 0, "Floor": 6, "height": 18, "source_count": 1, "source_uids": "1260" }, "geometry": { "type": "Polygon", "coordinates": [ [ [ 121.493735721, 31.287582048000097 ], [ 121.493681883000022, 31.287581886700131 ], [ 121.493617277, 31.287581693200025 ], [ 121.493584956000063, 31.287792391500034 ], [ 121.493703398999955, 31.28780191120012 ], [ 121.493724948000136, 31.287646170799984 ], [ 121.493735721, 31.287582048000097 ] ] ] } },
{ "type": "Feature", "properties": { "clean_id": 980, "Id": 0, "Floor": 8, "height": 24, "source_count": 1, "source_uids": "1261" }, "geometry": { "type": "Polygon", "coordinates": [ [ [ 121.495027808000017, 31.287915858800094 ], [ 121.495027816999951, 31.287805879000068 ], [ 121.494640184, 31.287786387600082 ], [ 121.494629398000143, 31.287997149899976 ], [ 121.494737074000014, 31.288006637400031 ], [ 121.494747849999953, 31.287905854999952 ], [ 121.495027808000017, 31.287915858800094 ] ] ] } },
{ "type": "Feature", "properties": { "clean_id": 981, "Id": 0, "Floor": 14, "height": 42, "source_count": 1, "source_uids": "1262" }, "geometry": { "type": "Polygon", "coordinates": [ [ [ 121.492497477000029, 31.287239234700056 ], [ 121.492497482, 31.287175079400132 ], [ 121.492368276000093, 31.287128867600071 ], [ 121.492282134999982, 31.28712860980005 ], [ 121.49228212300001, 31.287275250400008 ], [ 121.492368263000017, 31.287275508199983 ], [ 121.492497477000029, 31.287239234700056 ] ] ] } },
{ "type": "Feature", "properties": { "clean_id": 982, "Id": 0, "Floor": 4, "height": 12, "source_count": 2, "source_uids": "1263;1264" }, "geometry": { "type": "Polygon", "coordinates": [ [ [ 121.493283519000087, 31.287140772300063 ], [ 121.493035856000134, 31.287240846299994 ], [ 121.493132748999983, 31.287415271999969 ], [ 121.493358875999988, 31.287324298800005 ], [ 121.493380411999979, 31.287315198300067 ], [ 121.49335887999996, 31.287278473600004 ], [ 121.493283519000087, 31.287140772300063 ] ] ] } },
{ "type": "Feature", "properties": { "clean_id": 983, "Id": 0, "Floor": 7, "height": 21, "source_count": 1, "source_uids": "1267" }, "geometry": { "type": "Polygon", "coordinates": [ [ [ 121.492755810000062, 31.288275652200134 ], [ 121.492325108000045, 31.288274363200117 ], [ 121.492325101, 31.288356847700072 ], [ 121.492745035000112, 31.288367269399998 ], [ 121.492755810000062, 31.288275652200134 ] ] ] } },
{ "type": "Feature", "properties": { "clean_id": 984, "Id": 0, "Floor": 16, "height": 48, "source_count": 1, "source_uids": "1268" }, "geometry": { "type": "Polygon", "coordinates": [ [ [ 121.49314341700007, 31.2885792555 ], [ 121.493261856, 31.288634599600115 ], [ 121.493315701000029, 31.288561441500121 ], [ 121.493240330000162, 31.288533721100059 ], [ 121.493229575000115, 31.288377884999989 ], [ 121.492981920000034, 31.288386308400042 ], [ 121.492981908000047, 31.288532947300034 ], [ 121.492906531000131, 31.288569381400002 ], [ 121.492960364000055, 31.288633696999959 ], [ 121.493089579000085, 31.288579094300022 ], [ 121.49314341700007, 31.2885792555 ] ] ] } },
{ "type": "Feature", "properties": { "clean_id": 985, "Id": 0, "Floor": 7, "height": 21, "source_count": 1, "source_uids": "1269" }, "geometry": { "type": "Polygon", "coordinates": [ [ [ 121.492745018000051, 31.288568897900063 ], [ 121.492325082999969, 31.28855847620008 ], [ 121.492325077000046, 31.288631795500063 ], [ 121.492745011000125, 31.288642217199989 ], [ 121.492745018000051, 31.288568897900063 ] ] ] } },
{ "type": "Feature", "properties": { "clean_id": 986, "Id": 0, "Floor": 7, "height": 21, "source_count": 1, "source_uids": "1270" }, "geometry": { "type": "Polygon", "coordinates": [ [ [ 121.492841896000073, 31.28891745430013 ], [ 121.492217376000099, 31.288924750200017 ], [ 121.492217368000055, 31.289025563900005 ], [ 121.49284188699994, 31.289027433000047 ], [ 121.492841896000073, 31.28891745430013 ] ] ] } },
{ "type": "Feature", "properties": { "clean_id": 987, "Id": 0, "Floor": 7, "height": 21, "source_count": 1, "source_uids": "1271" }, "geometry": { "type": "Polygon", "coordinates": [ [ [ 121.492992619, 31.289192851999982 ], [ 121.493100294999977, 31.289193174300017 ], [ 121.493100310000159, 31.28901904169998 ], [ 121.492992632999972, 31.289027884300026 ], [ 121.492992628000039, 31.289082873500092 ], [ 121.492917254999966, 31.289082647900099 ], [ 121.492917249000143, 31.289155966800024 ], [ 121.492992622000088, 31.289156192500002 ], [ 121.492992619, 31.289192851999982 ] ] ] } },
{ "type": "Feature", "properties": { "clean_id": 988, "Id": 0, "Floor": 10, "height": 30, "source_count": 1, "source_uids": "1272" }, "geometry": { "type": "Polygon", "coordinates": [ [ [ 121.494231008000042, 31.287849316600038 ], [ 121.49383261000014, 31.287811463200001 ], [ 121.493811063000081, 31.287948873400005 ], [ 121.494123320999961, 31.287977303700075 ], [ 121.494209460999983, 31.287986726700069 ], [ 121.494231008000042, 31.287849316600038 ] ] ] } },
{ "type": "Feature", "properties": { "clean_id": 989, "Id": 0, "Floor": 4, "height": 12, "source_count": 1, "source_uids": "1273" }, "geometry": { "type": "Polygon", "coordinates": [ [ [ 121.494123320999961, 31.287977303700075 ], [ 121.494112544000018, 31.288087251100077 ], [ 121.494198684000025, 31.288096674100071 ], [ 121.494209460999983, 31.287986726700069 ], [ 121.494123320999961, 31.287977303700075 ] ] ] } },
{ "type": "Feature", "properties": { "clean_id": 990, "Id": 0, "Floor": 6, "height": 18, "source_count": 1, "source_uids": "1274" }, "geometry": { "type": "Polygon", "coordinates": [ [ [ 121.494198684000025, 31.288096674100071 ], [ 121.494112544000018, 31.288087251100077 ], [ 121.494090998000061, 31.288215496000134 ], [ 121.494360186999984, 31.288234632299972 ], [ 121.494381732999969, 31.288115552400029 ], [ 121.494198684000025, 31.288096674100071 ] ] ] } },
{ "type": "Feature", "properties": { "clean_id": 991, "Id": 0, "Floor": 7, "height": 21, "source_count": 1, "source_uids": "1275" }, "geometry": { "type": "Polygon", "coordinates": [ [ [ 121.494898560000038, 31.288337059800028 ], [ 121.494995468000084, 31.288346515100042 ], [ 121.495017015000144, 31.288209105500066 ], [ 121.49526466899998, 31.288237342400002 ], [ 121.495275446000164, 31.288127395200036 ], [ 121.494920117, 31.288089670600066 ], [ 121.494909340000049, 31.288190452900103 ], [ 121.494489405999957, 31.288143369900023 ], [ 121.494489402999989, 31.288189194700124 ], [ 121.494435565, 31.288179868400043 ], [ 121.494435558999939, 31.288253188000056 ], [ 121.49489856300012, 31.288300400000018 ], [ 121.494898560000038, 31.288337059800028 ] ] ] } },
{ "type": "Feature", "properties": { "clean_id": 992, "Id": 0, "Floor": 16, "height": 48, "source_count": 1, "source_uids": "1276" }, "geometry": { "type": "Polygon", "coordinates": [ [ [ 121.493595625000125, 31.288956370800005 ], [ 121.493724831, 31.289011747099995 ], [ 121.493767908000109, 31.288938556999987 ], [ 121.493692537000015, 31.288910836599996 ], [ 121.493692550000105, 31.288755033300109 ], [ 121.493444895000152, 31.288763456500021 ], [ 121.493444882000063, 31.288910094900135 ], [ 121.493369506000036, 31.28894652870008 ], [ 121.493423337999957, 31.289010844100005 ], [ 121.49354178700014, 31.288956209500103 ], [ 121.493595625000125, 31.288956370800005 ] ] ] } },
{ "type": "Feature", "properties": { "clean_id": 993, "Id": 0, "Floor": 16, "height": 48, "source_count": 1, "source_uids": "1277" }, "geometry": { "type": "Polygon", "coordinates": [ [ [ 121.494047833000096, 31.28932432020002 ], [ 121.494177038999965, 31.28938886129998 ], [ 121.494230884, 31.289306538900068 ], [ 121.494144745999961, 31.289278786199976 ], [ 121.494144758999937, 31.289122983500018 ], [ 121.493897103, 31.289131406500079 ], [ 121.493897090000146, 31.289287209200094 ], [ 121.493821714000092, 31.289314478000108 ], [ 121.493875546000154, 31.289387958099947 ], [ 121.494004763, 31.289324191200137 ], [ 121.494047833000096, 31.28932432020002 ] ] ] } },
{ "type": "Feature", "properties": { "clean_id": 994, "Id": 0, "Floor": 7, "height": 21, "source_count": 1, "source_uids": "1278" }, "geometry": { "type": "Polygon", "coordinates": [ [ [ 121.494812314, 31.289564896600087 ], [ 121.494618497000033, 31.289564315899948 ], [ 121.494618486000149, 31.289692623500066 ], [ 121.494812303000117, 31.289693204200034 ], [ 121.494812314, 31.289564896600087 ] ] ] } },
{ "type": "Feature", "properties": { "clean_id": 995, "Id": 0, "Floor": 7, "height": 21, "source_count": 1, "source_uids": "1279" }, "geometry": { "type": "Polygon", "coordinates": [ [ [ 121.493714016999988, 31.28956160630014 ], [ 121.493638638000121, 31.289625534400113 ], [ 121.493875509999967, 31.289809540300038 ], [ 121.493950889000061, 31.289745612400107 ], [ 121.493714016999988, 31.28956160630014 ] ] ] } },
{ "type": "Feature", "properties": { "clean_id": 996, "Id": 0, "Floor": 7, "height": 21, "source_count": 1, "source_uids": "1280" }, "geometry": { "type": "Polygon", "coordinates": [ [ [ 121.494575407999946, 31.289774977800004 ], [ 121.494381590999978, 31.289774397100075 ], [ 121.494381580000095, 31.289902704399932 ], [ 121.494575398000165, 31.289903285100074 ], [ 121.494575407999946, 31.289774977800004 ] ] ] } },
{ "type": "Feature", "properties": { "clean_id": 997, "Id": 0, "Floor": 7, "height": 21, "source_count": 1, "source_uids": "1281" }, "geometry": { "type": "Polygon", "coordinates": [ [ [ 121.494338504999973, 31.289957564200055 ], [ 121.494144688, 31.289956983600113 ], [ 121.494144677000122, 31.290085290700006 ], [ 121.49433849400009, 31.290085871300104 ], [ 121.494338504999973, 31.289957564200055 ] ] ] } },
{ "type": "Feature", "properties": { "clean_id": 998, "Id": 0, "Floor": 7, "height": 21, "source_count": 1, "source_uids": "1282" }, "geometry": { "type": "Polygon", "coordinates": [ [ [ 121.495576869000175, 31.288953141800043 ], [ 121.495587648999944, 31.288815700600075 ], [ 121.495856839, 31.288825672200009 ], [ 121.495867615000066, 31.288724890500021 ], [ 121.495490750000044, 31.288696266499983 ], [ 121.495479973999977, 31.288797048200131 ], [ 121.495060037000144, 31.288777460000059 ], [ 121.495060034000062, 31.28881411960003 ], [ 121.495016964000101, 31.288813990599976 ], [ 121.495006190000026, 31.28887811260012 ], [ 121.495479963999983, 31.288907026900066 ], [ 121.4954799610001, 31.288943686500026 ], [ 121.495576869000175, 31.288953141800043 ] ] ] } },
{ "type": "Feature", "properties": { "clean_id": 999, "Id": 0, "Floor": 4, "height": 12, "source_count": 1, "source_uids": "1285" }, "geometry": { "type": "Polygon", "coordinates": [ [ [ 121.495038438000066, 31.289528914800144 ], [ 121.495124586000088, 31.289446689399988 ], [ 121.494920014000058, 31.289290273900068 ], [ 121.494866172, 31.289335936799993 ], [ 121.494812337000099, 31.289299116100096 ], [ 121.4947369570001, 31.289372209100012 ], [ 121.494952297000154, 31.289528656700103 ], [ 121.494995370999959, 31.289492126400084 ], [ 121.495038438000066, 31.289528914800144 ] ] ] } },
{ "type": "Feature", "properties": { "clean_id": 1000, "Id": 0, "Floor": 7, "height": 21, "source_count": 1, "source_uids": "1286" }, "geometry": { "type": "Polygon", "coordinates": [ [ [ 121.495372233000026, 31.289557409600093 ], [ 121.495178415000169, 31.289556828800123 ], [ 121.495178403999944, 31.289685136400067 ], [ 121.495372222000142, 31.289685717200033 ], [ 121.495372233000026, 31.289557409600093 ] ] ] } },
{ "type": "Feature", "properties": { "clean_id": 1001, "Id": 0, "Floor": 7, "height": 21, "source_count": 1, "source_uids": "1287" }, "geometry": { "type": "Polygon", "coordinates": [ [ [ 121.49508149800009, 31.289648186700049 ], [ 121.494887681000151, 31.289647605899919 ], [ 121.49488767000004, 31.289775913400028 ], [ 121.495081486999979, 31.289776494199998 ], [ 121.49508149800009, 31.289648186700049 ] ] ] } },
{ "type": "Feature", "properties": { "clean_id": 1002, "Id": 0, "Floor": 7, "height": 21, "source_count": 1, "source_uids": "1288" }, "geometry": { "type": "Polygon", "coordinates": [ [ [ 121.495598338000036, 31.289741383700058 ], [ 121.49540451999998, 31.289740802900099 ], [ 121.495404509000082, 31.289869110300007 ], [ 121.495598327000152, 31.289869690999922 ], [ 121.495598338000036, 31.289741383700058 ] ] ] } },
{ "type": "Feature", "properties": { "clean_id": 1003, "Id": 0, "Floor": 7, "height": 21, "source_count": 2, "source_uids": "1289;1291" }, "geometry": { "type": "Polygon", "coordinates": [ [ [ 121.495135320000031, 31.289840809200022 ], [ 121.49513531200013, 31.289932457199988 ], [ 121.495135309000048, 31.289969116400126 ], [ 121.495329127, 31.289969697200032 ], [ 121.495329129999959, 31.289933038000136 ], [ 121.495329138, 31.289841389999985 ], [ 121.495135320000031, 31.289840809200022 ] ] ] } },
{ "type": "Feature", "properties": { "clean_id": 1004, "Id": 0, "Floor": 7, "height": 21, "source_count": 2, "source_uids": "1290;1302" }, "geometry": { "type": "Polygon", "coordinates": [ [ [ 121.495727540000075, 31.289851748600022 ], [ 121.495641392000053, 31.289933973699988 ], [ 121.495899797, 31.29014553830012 ], [ 121.495996713000082, 31.290063345600007 ], [ 121.49583520900002, 31.289934554500118 ], [ 121.495727540000075, 31.289851748600022 ] ] ] } },
{ "type": "Feature", "properties": { "clean_id": 1005, "Id": 0, "Floor": 7, "height": 21, "source_count": 1, "source_uids": "1292" }, "geometry": { "type": "Polygon", "coordinates": [ [ [ 121.492561916, 31.289191562700129 ], [ 121.492141982000021, 31.289181141299984 ], [ 121.492141974, 31.289272789899996 ], [ 121.492561909000088, 31.289274046499994 ], [ 121.492561916, 31.289191562700129 ] ] ] } },
{ "type": "Feature", "properties": { "clean_id": 1006, "Id": 0, "Floor": 5, "height": 15, "source_count": 1, "source_uids": "1293" }, "geometry": { "type": "Polygon", "coordinates": [ [ [ 121.492755727000144, 31.289247132000021 ], [ 121.492841868000028, 31.28924738990003 ], [ 121.492841872999989, 31.289183235800067 ], [ 121.492637289999948, 31.289182623399991 ], [ 121.492637281000043, 31.289283436900114 ], [ 121.492755724000176, 31.289283791400006 ], [ 121.492755727000144, 31.289247132000021 ] ] ] } },
{ "type": "Feature", "properties": { "clean_id": 1007, "Id": 0, "Floor": 7, "height": 21, "source_count": 1, "source_uids": "1294" }, "geometry": { "type": "Polygon", "coordinates": [ [ [ 121.493240255000046, 31.289404385199983 ], [ 121.493358699000069, 31.289404739800087 ], [ 121.493358713000134, 31.289239772500022 ], [ 121.49324027, 31.289239417800104 ], [ 121.493240265000068, 31.28929440690013 ], [ 121.493164891999982, 31.289294181300129 ], [ 121.49316488500007, 31.289367500100074 ], [ 121.493240259, 31.289367725800052 ], [ 121.493240255000046, 31.289404385199983 ] ] ] } },
{ "type": "Feature", "properties": { "clean_id": 1008, "Id": 0, "Floor": 7, "height": 21, "source_count": 1, "source_uids": "1295" }, "geometry": { "type": "Polygon", "coordinates": [ [ [ 121.492992592000078, 31.289504456900087 ], [ 121.493100268000148, 31.289504779299996 ], [ 121.493100283, 31.289330647200135 ], [ 121.492992607000033, 31.289330324900039 ], [ 121.492992602000072, 31.289385314000068 ], [ 121.492917229, 31.289385088300097 ], [ 121.492917222999949, 31.289458407100021 ], [ 121.492992596000022, 31.289458632700015 ], [ 121.492992592000078, 31.289504456900087 ] ] ] } },
{ "type": "Feature", "properties": { "clean_id": 1009, "Id": 0, "Floor": 7, "height": 21, "source_count": 1, "source_uids": "1296" }, "geometry": { "type": "Polygon", "coordinates": [ [ [ 121.493477128, 31.289579226500003 ], [ 121.493584804000079, 31.289579549000102 ], [ 121.493584819000162, 31.289405417000069 ], [ 121.493477143000064, 31.289405094500005 ], [ 121.493477137000141, 31.28946924849998 ], [ 121.493401764000168, 31.289469022699954 ], [ 121.493401758, 31.289542341400079 ], [ 121.493477130999963, 31.289542567200041 ], [ 121.493477128, 31.289579226500003 ] ] ] } },
{ "type": "Feature", "properties": { "clean_id": 1010, "Id": 0, "Floor": 7, "height": 21, "source_count": 1, "source_uids": "1297" }, "geometry": { "type": "Polygon", "coordinates": [ [ [ 121.492820303000158, 31.289595589500042 ], [ 121.492206552000098, 31.289593752699997 ], [ 121.492206546000048, 31.289667071400061 ], [ 121.492820296999966, 31.289668908100115 ], [ 121.492820303000158, 31.289595589500042 ] ] ] } },
{ "type": "Feature", "properties": { "clean_id": 1011, "Id": 0, "Floor": 7, "height": 21, "source_count": 1, "source_uids": "1298" }, "geometry": { "type": "Polygon", "coordinates": [ [ [ 121.493164853000053, 31.28974325830006 ], [ 121.493272529000023, 31.289743580700137 ], [ 121.493272543999979, 31.289569448999934 ], [ 121.493164868000136, 31.289569126600096 ], [ 121.493164863000075, 31.289633280400036 ], [ 121.493089490000102, 31.289633054700058 ], [ 121.493089483000048, 31.289706373300135 ], [ 121.493164857000025, 31.28970659900012 ], [ 121.493164853000053, 31.28974325830006 ] ] ] } },
{ "type": "Feature", "properties": { "clean_id": 1012, "Id": 0, "Floor": 7, "height": 21, "source_count": 1, "source_uids": "1299" }, "geometry": { "type": "Polygon", "coordinates": [ [ [ 121.492938718, 31.289925877500028 ], [ 121.493046394000103, 31.289926199800039 ], [ 121.493046408000069, 31.289761233300045 ], [ 121.492938732000098, 31.289760910899982 ], [ 121.492938728000027, 31.289815899799969 ], [ 121.492874121999989, 31.289815706400017 ], [ 121.492874116000067, 31.289889024900106 ], [ 121.492938722000076, 31.289889218300054 ], [ 121.492938718, 31.289925877500028 ] ] ] } },
{ "type": "Feature", "properties": { "clean_id": 1013, "Id": 0, "Floor": 7, "height": 21, "source_count": 2, "source_uids": "1300;1301" }, "geometry": { "type": "Polygon", "coordinates": [ [ [ 121.492131156000028, 31.289859307000135 ], [ 121.492131150999967, 31.289923460600111 ], [ 121.492131149000116, 31.289941790199972 ], [ 121.492755670000051, 31.289925329500125 ], [ 121.492755676, 31.289852011100098 ], [ 121.492131156000028, 31.289859307000135 ] ] ] } },
{ "type": "Feature", "properties": { "clean_id": 1014, "Id": 0, "Floor": 7, "height": 21, "source_count": 1, "source_uids": "1303" }, "geometry": { "type": "Polygon", "coordinates": [ [ [ 121.495512169000108, 31.290061893700116 ], [ 121.495436788, 31.290144150900066 ], [ 121.495705964999942, 31.290319088300112 ], [ 121.495781344999969, 31.290236831199937 ], [ 121.495512169000108, 31.290061893700116 ] ] ] } },
{ "type": "Feature", "properties": { "clean_id": 1015, "Id": 0, "Floor": 7, "height": 21, "source_count": 1, "source_uids": "1304" }, "geometry": { "type": "Polygon", "coordinates": [ [ [ 121.496050547999985, 31.2901001661001 ], [ 121.495953632000138, 31.290191523599958 ], [ 121.496115135999972, 31.290320314400045 ], [ 121.496115150000151, 31.290146183599965 ], [ 121.496050547999985, 31.2901001661001 ] ] ] } },
{ "type": "Feature", "properties": { "clean_id": 1016, "Id": 0, "Floor": 7, "height": 21, "source_count": 1, "source_uids": "1305" }, "geometry": { "type": "Polygon", "coordinates": [ [ [ 121.49530756500009, 31.290281235400069 ], [ 121.495242951000037, 31.290372689400044 ], [ 121.495530141558376, 31.290518408917695 ], [ 121.495534888850102, 31.29051846447701 ], [ 121.495598279000092, 31.290428742799978 ], [ 121.49530756500009, 31.290281235400069 ] ] ] } },
{ "type": "Feature", "properties": { "clean_id": 1017, "Id": 0, "Floor": 7, "height": 21, "source_count": 1, "source_uids": "1306" }, "geometry": { "type": "Polygon", "coordinates": [ [ [ 121.495932077000035, 31.290420578299972 ], [ 121.495867464000071, 31.290502867499978 ], [ 121.495900869311384, 31.290522747682719 ], [ 121.496105240563892, 31.290525139515644 ], [ 121.495932077000035, 31.290420578299972 ] ] ] } },
{ "type": "Feature", "properties": { "clean_id": 1018, "Id": 0, "Floor": 7, "height": 21, "source_count": 1, "source_uids": "1307" }, "geometry": { "type": "Polygon", "coordinates": [ [ [ 121.495102961000171, 31.290500576600042 ], [ 121.495095459637014, 31.290513321673195 ], [ 121.49513610505393, 31.290513797361648 ], [ 121.495102961000171, 31.290500576600042 ] ] ] } },
{ "type": "Feature", "properties": { "clean_id": 1019, "Id": 0, "Floor": 4, "height": 12, "source_count": 2, "source_uids": "1308;1309" }, "geometry": { "type": "Polygon", "coordinates": [ [ [ 121.492098826000074, 31.290189142900086 ], [ 121.492098814999963, 31.290308284899996 ], [ 121.493358621000098, 31.290321220599935 ], [ 121.493541670000013, 31.290321768700039 ], [ 121.493541655195514, 31.29049513692085 ], [ 121.493637131039748, 31.290496254310227 ], [ 121.493627816000071, 31.290257873300106 ], [ 121.493573978000086, 31.290266876900098 ], [ 121.493573984, 31.290193558700089 ], [ 121.493358631999982, 31.290192913700082 ], [ 121.492098826000074, 31.290189142900086 ] ] ] } },
{ "type": "Feature", "properties": { "clean_id": 1020, "Id": 0, "Floor": 16, "height": 48, "source_count": 1, "source_uids": "1310" }, "geometry": { "type": "Polygon", "coordinates": [ [ [ 121.492949443000157, 31.290429972600066 ], [ 121.492884837000148, 31.290429779200114 ], [ 121.492884845000148, 31.290338131600038 ], [ 121.492647959000124, 31.290337422500045 ], [ 121.492647951000109, 31.29042907010011 ], [ 121.492583345000071, 31.290428876699995 ], [ 121.492583340631967, 31.290483921408423 ], [ 121.492949437916891, 31.290488205981369 ], [ 121.492949443000157, 31.290429972600066 ] ] ] } },
{ "type": "Feature", "properties": { "clean_id": 1021, "Id": 0, "Floor": 16, "height": 48, "source_count": 2, "source_uids": "1311;1312" }, "geometry": { "type": "Polygon", "coordinates": [ [ [ 121.493390913999988, 31.290440459200109 ], [ 121.493390921000142, 31.29034881160004 ], [ 121.493358619000105, 31.290348714900116 ], [ 121.493154032999982, 31.290357266999926 ], [ 121.493154025999971, 31.290448914600073 ], [ 121.493078653, 31.29043952420011 ], [ 121.493078649016823, 31.290489718187018 ], [ 121.493358606255754, 31.290492994630888 ], [ 121.493444747234307, 31.290494002770863 ], [ 121.493444751999974, 31.29044062040003 ], [ 121.493390913999988, 31.290440459200109 ] ] ] } },
{ "type": "Feature", "properties": { "clean_id": 1022, "Id": 0, "Floor": 7, "height": 21, "source_count": 1, "source_uids": "1313" }, "geometry": { "type": "Polygon", "coordinates": [ [ [ 121.494596914999988, 31.29011413989998 ], [ 121.494403097000159, 31.290113559200048 ], [ 121.494403087000038, 31.290241866200116 ], [ 121.494596904000105, 31.290242446900027 ], [ 121.494596914999988, 31.29011413989998 ] ] ] } },
{ "type": "Feature", "properties": { "clean_id": 1023, "Id": 0, "Floor": 7, "height": 21, "source_count": 1, "source_uids": "1314" }, "geometry": { "type": "Polygon", "coordinates": [ [ [ 121.494155439000124, 31.290149476400131 ], [ 121.493961622000157, 31.290148895800026 ], [ 121.493961611000032, 31.290277202700054 ], [ 121.494155428000013, 31.290277783299985 ], [ 121.494155439000124, 31.290149476400131 ] ] ] } },
{ "type": "Feature", "properties": { "clean_id": 1024, "Id": 0, "Floor": 4, "height": 12, "source_count": 1, "source_uids": "1315" }, "geometry": { "type": "Polygon", "coordinates": [ [ [ 121.494855326, 31.290252385900082 ], [ 121.494801479999978, 31.290343872300017 ], [ 121.494952220999934, 31.290417642100063 ], [ 121.494995300000028, 31.290316958799959 ], [ 121.494855326, 31.290252385900082 ] ] ] } },
{ "type": "Feature", "properties": { "clean_id": 1025, "Id": 0, "Floor": 3, "height": 9, "source_count": 1, "source_uids": "1316" }, "geometry": { "type": "Polygon", "coordinates": [ [ [ 121.494823003999954, 31.290481408200041 ], [ 121.494789594448648, 31.290509742018926 ], [ 121.494874413377488, 31.290510734686467 ], [ 121.494823003999954, 31.290481408200041 ] ] ] } },
{ "type": "Feature", "properties": { "clean_id": 1026, "Id": 0, "Floor": 5, "height": 15, "source_count": 1, "source_uids": "1317" }, "geometry": { "type": "Polygon", "coordinates": [ [ [ 121.494101571999963, 31.290488411500014 ], [ 121.494015431000093, 31.290488153499997 ], [ 121.494015429889387, 31.290500681682623 ], [ 121.494101570822806, 31.290501689822065 ], [ 121.494101571999963, 31.290488411500014 ] ] ] } },
{ "type": "Feature", "properties": { "clean_id": 1027, "Id": 0, "Floor": 6, "height": 18, "source_count": 1, "source_uids": "1318" }, "geometry": { "type": "Polygon", "coordinates": [ [ [ 121.490031443850398, 31.290454055609533 ], [ 121.490289862251174, 31.29045707997636 ], [ 121.49028986899998, 31.290376196800075 ], [ 121.490376008999988, 31.290376454 ], [ 121.490376017000031, 31.290275641600033 ], [ 121.490419087000078, 31.290275770200079 ], [ 121.490419092000138, 31.290220781500068 ], [ 121.48995609200017, 31.290219399599948 ], [ 121.489956079000066, 31.290375200699998 ], [ 121.490031451000149, 31.290375425600068 ], [ 121.490031443850398, 31.290454055609533 ] ] ] } },
{ "type": "Feature", "properties": { "clean_id": 1028, "Id": 0, "Floor": 7, "height": 21, "source_count": 2, "source_uids": "1319;1320" }, "geometry": { "type": "Polygon", "coordinates": [ [ [ 121.490655965999977, 31.290340630900008 ], [ 121.490655960000026, 31.290404784200064 ], [ 121.490602123000031, 31.290404623500024 ], [ 121.490332935999959, 31.290403819699979 ], [ 121.490332931487316, 31.290457584031675 ], [ 121.490602118408177, 31.290460734426514 ], [ 121.490814250815248, 31.290463217091119 ], [ 121.490806710000015, 31.290341081200037 ], [ 121.490655965999977, 31.290340630900008 ] ] ] } }
]
}
